# NASA/JPL Horizons target 599 (jupiter), center 500@10, ECLIPTIC/ICRF, AU and AU/day
# State vectors 1977-08-21..2030-01-02 every 20d; retrieved 2026-09-24 by scripts/fetch_horizons.ps1
julian_date,x_au,y_au,z_au,vx_au_d,vy_au_d,vz_au_d
2443376.500000000,8.208515681434543E-01,5.025613360305336E+00,-3.905518868374855E-02,-7.544275399385783E-03,1.569142791022881E-03,1.625022660395036E-04
2443396.500000000,6.696371676882091E-01,5.054749254484038E+00,-3.578756000761679E-02,-7.576996819879798E-03,1.343353185324971E-03,1.641868262332860E-04
2443416.500000000,5.178248256111299E-01,5.079366847328445E+00,-3.248794820103049E-02,-7.603035929566386E-03,1.118825805440956E-03,1.657672044946351E-04
2443436.500000000,3.655503512371712E-01,5.099463458818376E+00,-2.915943052459577E-02,-7.622559480015915E-03,8.920911592952621E-04,1.671095364224612E-04
2443456.500000000,2.129509284382412E-01,5.115040395625893E+00,-2.580504750002118E-02,-7.635627731642721E-03,6.650251316562330E-04,1.682868741180302E-04
2443476.500000000,6.016390608026681E-02,5.126100741744311E+00,-2.242789552182638E-02,-7.642085910079478E-03,4.403234947000132E-04,1.693780944397790E-04
2443496.500000000,-9.267618078373956E-02,5.132652066209249E+00,-1.903106453622827E-02,-7.641803998402277E-03,2.152304197886914E-04,1.702788421654636E-04
2443516.500000000,-2.454347843423246E-01,5.134707505977748E+00,-1.561759445243877E-02,-7.633649586536249E-03,-9.459648766601927E-06,1.710355605492496E-04
2443536.500000000,-3.979793691449254E-01,5.132285440370756E+00,-1.219046980503069E-02,-7.618461004391314E-03,-2.322839445822045E-04,1.716778070557271E-04
2443556.500000000,-5.501797628727754E-01,5.125408050053777E+00,-8.752656174766752E-03,-7.599271869265751E-03,-4.549630557734757E-04,1.721029770302459E-04
2443576.500000000,-7.019050786577948E-01,5.114097487267821E+00,-5.307225063814181E-03,-7.573392966026503E-03,-6.765093269524527E-04,1.723779355252374E-04
2443596.500000000,-8.530259692298494E-01,5.098379488087354E+00,-1.857246923213278E-03,-7.538674939208932E-03,-8.955204013022553E-04,1.725659177500014E-04
2443616.500000000,-1.003415176251193E+00,5.078287739087179E+00,1.594338448510981E-03,-7.498715558614090E-03,-1.112718627089734E-03,1.725960859046902E-04
2443636.500000000,-1.152947657335899E+00,5.053859074695632E+00,5.044603299638885E-03,-7.452992585270079E-03,-1.329098202288987E-03,1.724365458842271E-04
2443656.500000000,-1.301500225226904E+00,5.025132589119226E+00,8.490611473730345E-03,-7.400578704144299E-03,-1.543795110986138E-03,1.721260952640360E-04
2443676.500000000,-1.448950220357745E+00,4.992150132459069E+00,1.192944471057943E-02,-7.343532510502714E-03,-1.754781134229128E-03,1.717084959310072E-04
2443696.500000000,-1.595177773411576E+00,4.954955197761137E+00,1.535812839871511E-02,-7.279710696072419E-03,-1.963752286472914E-03,1.711393159409159E-04
2443716.500000000,-1.740065625320660E+00,4.913597585109926E+00,1.877385862426623E-02,-7.208330311181068E-03,-2.171350256731336E-03,1.704131167272602E-04
2443736.500000000,-1.883497835401179E+00,4.868132027225279E+00,2.217395751054099E-02,-7.132439159972356E-03,-2.374882435617996E-03,1.695878536646182E-04
2443756.500000000,-2.025362466151187E+00,4.818613433311059E+00,2.555567150993343E-02,-7.052410140755859E-03,-2.576166507580324E-03,1.685821647501348E-04
2443776.500000000,-2.165548833573231E+00,4.765097489322699E+00,2.891621429668165E-02,-6.966417659213781E-03,-2.775533673211297E-03,1.674133623529191E-04
2443796.500000000,-2.303946538798274E+00,4.707642782357554E+00,3.225285183590947E-02,-6.873488440903307E-03,-2.969842267867126E-03,1.662027115696266E-04
2443816.500000000,-2.440449884353415E+00,4.646313371345888E+00,3.556298055360386E-02,-6.775473809395628E-03,-3.161483296367795E-03,1.648324843760033E-04
2443836.500000000,-2.574954980094356E+00,4.581177094943483E+00,3.884406928879618E-02,-6.673395430838594E-03,-3.351388855067093E-03,1.632681716344642E-04
2443856.500000000,-2.707359094132213E+00,4.512301527285770E+00,4.209352784730033E-02,-6.565798519686229E-03,-3.536483077852755E-03,1.616304922542572E-04
2443876.500000000,-2.837563024611894E+00,4.439756221854547E+00,4.530875963249760E-02,-6.453986326127036E-03,-3.717533050531217E-03,1.598679173917025E-04
2443896.500000000,-2.965469441543628E+00,4.363613386205154E+00,4.848725038656446E-02,-6.337278718029252E-03,-3.895661786663478E-03,1.579590600441546E-04
2443916.500000000,-3.090983504175783E+00,4.283948585450575E+00,5.162658617547105E-02,-6.213545876397929E-03,-4.069983092613181E-03,1.559587827550253E-04
2443936.500000000,-3.214013772985258E+00,4.200842781565969E+00,5.472451635369655E-02,-6.086855167489752E-03,-4.240030448054505E-03,1.538337358365711E-04
2443956.500000000,-3.334471311937935E+00,4.114376128469130E+00,5.777871984218709E-02,-5.957889141497317E-03,-4.406053466357602E-03,1.515684744718935E-04
2443976.500000000,-3.452270428853910E+00,4.024627566902866E+00,6.078683243441712E-02,-5.822712769793991E-03,-4.568424715816840E-03,1.491970297534215E-04
2443996.500000000,-3.567327314862283E+00,3.931680209059889E+00,6.374666190238523E-02,-5.682796090013954E-03,-4.725717446366217E-03,1.467576396053414E-04
2444016.500000000,-3.679560892180410E+00,3.835620156734831E+00,6.665609541274535E-02,-5.539570900685689E-03,-4.878668553180492E-03,1.442043504364742E-04
2444036.500000000,-3.788893723484460E+00,3.736535376865694E+00,6.951305407589102E-02,-5.392301173027868E-03,-5.029009561501689E-03,1.414840186392061E-04
2444056.500000000,-3.895249162983626E+00,3.634514881490477E+00,7.231548753681505E-02,-5.242062093879913E-03,-5.173493074143972E-03,1.387073104337839E-04
2444076.500000000,-3.998554504282100E+00,3.529646687742753E+00,7.506131345118176E-02,-5.088594044395465E-03,-5.312326018109138E-03,1.358617551121475E-04
2444096.500000000,-4.098740616897486E+00,3.422020906383252E+00,7.774851992601439E-02,-4.930653188477472E-03,-5.448662266457567E-03,1.328553470995398E-04
2444116.500000000,-4.195738388787345E+00,3.311731390691305E+00,8.037525240603136E-02,-4.768371561583000E-03,-5.579773240175770E-03,1.297938060258125E-04
2444136.500000000,-4.289482553107399E+00,3.198874294663399E+00,8.293971095288960E-02,-4.603913542077310E-03,-5.705183174525243E-03,1.266571935649145E-04
2444156.500000000,-4.379912019299424E+00,3.083546081777441E+00,8.544013484209496E-02,-4.438310132231810E-03,-5.826976150159899E-03,1.233679557763257E-04
2444176.500000000,-4.466967349608886E+00,2.965840934688043E+00,8.787473596369597E-02,-4.268284492310609E-03,-5.943211725858922E-03,1.200431991868672E-04
2444196.500000000,-4.550592730675226E+00,2.845855332035340E+00,9.024183032352830E-02,-4.094157992251692E-03,-6.054010735886837E-03,1.166679000544925E-04
2444216.500000000,-4.630734410512368E+00,2.723689704268054E+00,9.253988392785698E-02,-3.918931252250051E-03,-6.161019656832696E-03,1.131551672889433E-04
2444236.500000000,-4.707340356659866E+00,2.599444285488749E+00,9.476737492637374E-02,-3.740806814612265E-03,-6.263184425006185E-03,1.095695269449091E-04
2444256.500000000,-4.780362565839464E+00,2.473219671384039E+00,9.692283581072214E-02,-3.560435377245097E-03,-6.359317332463252E-03,1.059419957061483E-04
2444276.500000000,-4.849755863950628E+00,2.345115976987823E+00,9.900479533747344E-02,-3.379264722566918E-03,-6.449872575666551E-03,1.022457666692484E-04
2444296.500000000,-4.915477844751989E+00,2.215232632325848E+00,1.010117674500564E-01,-3.193980564798002E-03,-6.536685460754090E-03,9.845527760485722E-05
2444316.500000000,-4.977487104144926E+00,2.083673727160912E+00,1.029424563250248E-01,-3.005844940282029E-03,-6.618590426391974E-03,9.460192305557635E-05
2444336.500000000,-5.035744436311746E+00,1.950545364256070E+00,1.047956896092887E-01,-2.818155914772478E-03,-6.693836454772252E-03,9.071367523789571E-05
2444356.500000000,-5.090216164859828E+00,1.815950993807243E+00,1.065702208013160E-01,-2.629066204544374E-03,-6.764734632963005E-03,8.672733937687645E-05
2444376.500000000,-5.140870910269043E+00,1.679993783465886E+00,1.082648556766641E-01,-2.437285134137538E-03,-6.830450920563218E-03,8.270012723991044E-05
2444396.500000000,-5.187678958885908E+00,1.542777761722447E+00,1.098784673504538E-01,-2.243617812486371E-03,-6.889660504492737E-03,7.867109287841577E-05
2444416.500000000,-5.230614263219414E+00,1.404409487013267E+00,1.114100714019773E-01,-2.049098004777189E-03,-6.945455101352891E-03,7.451762002622679E-05
2444436.500000000,-5.269651871623434E+00,1.264996327877826E+00,1.128588045503670E-01,-1.853862434473753E-03,-6.996072618588872E-03,7.031564365046548E-05
2444456.500000000,-5.304770391323161E+00,1.124643402116876E+00,1.142237595208004E-01,-1.657636016695623E-03,-7.039128870567853E-03,6.615035596796166E-05
2444476.500000000,-5.335953473618963E+00,9.834551389442118E-01,1.155040199071462E-01,-1.461222073984586E-03,-7.077899895601415E-03,6.189309536466830E-05
2444496.500000000,-5.363184802509889E+00,8.415360373125229E-01,1.166987231345001E-01,-1.262921064873794E-03,-7.112537353263000E-03,5.757577091050928E-05
2444516.500000000,-5.386449470318182E+00,6.989925967165019E-01,1.178071607563648E-01,-1.062660205393580E-03,-7.141174806659835E-03,5.326342862424728E-05
2444536.500000000,-5.405735848082624E+00,5.559336602310840E-01,1.188287495985582E-01,-8.644156154983124E-04,-7.164297687518606E-03,4.889215658046686E-05
2444556.500000000,-5.421035414435443E+00,4.124646423168909E-01,1.197628182855522E-01,-6.662371665511787E-04,-7.182069785757285E-03,4.448887230677021E-05
2444576.500000000,-5.432343248411579E+00,2.686894939829524E-01,1.206086735692403E-01,-4.655554077732249E-04,-7.194403072150108E-03,4.008597558267487E-05
2444596.500000000,-5.439656064234476E+00,1.247151991774375E-01,1.213658274452038E-01,-2.655272834051673E-04,-7.201385198494491E-03,3.565326206550392E-05
2444616.500000000,-5.442972300804503E+00,-1.935142823987927E-02,1.220338694189036E-01,-6.582982234488684E-05,-7.203963199859969E-03,3.116629449472715E-05
2444636.500000000,-5.442293267925639E+00,-1.634032614565291E-01,1.226124745842265E-01,1.343210705440054E-04,-7.201467556139566E-03,2.665933779191100E-05
2444656.500000000,-5.437623010919086E+00,-3.073339913197462E-01,1.231013395226649E-01,3.328945589850564E-04,-7.191543950084458E-03,2.219991244282144E-05
2444676.500000000,-5.428970372072441E+00,-4.510401813290701E-01,1.235000902248586E-01,5.312265909637762E-04,-7.176945390566947E-03,1.770647381933257E-05
2444696.500000000,-5.416345917955321E+00,-5.944175620676483E-01,1.238084917569407E-01,7.305069980218006E-04,-7.159252546694196E-03,1.314562019118361E-05
2444716.500000000,-5.399759210991262E+00,-7.373603101986987E-01,1.240264581390344E-01,9.289970876798084E-04,-7.134848635368582E-03,8.636256956533882E-06
2444736.500000000,-5.379224159140118E+00,-8.797631532491209E-01,1.241539111366898E-01,1.125328019036027E-03,-7.104884618771224E-03,4.111574269568744E-06
2444756.500000000,-5.354758110727698E+00,-1.021522412378688E+00,1.241907498782885E-01,1.320443066822409E-03,-7.070567129930924E-03,-4.502694478571514E-07
2444776.500000000,-5.326380473944556E+00,-1.162536381690549E+00,1.241368984173546E-01,1.516167321856752E-03,-7.029795452865636E-03,-4.940053689364619E-06
2444796.500000000,-5.294114114015632E+00,-1.302702180291172E+00,1.239923985931510E-01,1.710629436843079E-03,-6.984699021372305E-03,-9.460860902650135E-06
2444816.500000000,-5.257982070480485E+00,-1.441916032831177E+00,1.237574295317825E-01,1.902769620212693E-03,-6.935929780121129E-03,-1.403526762234051E-05
2444836.500000000,-5.218008973778233E+00,-1.580076053135206E+00,1.234321722634000E-01,2.094528507242046E-03,-6.880632747513836E-03,-1.853375343362027E-05
2444856.500000000,-5.174224878546527E+00,-1.717080388555050E+00,1.230168798259234E-01,2.283912574522649E-03,-6.819229692644169E-03,-2.299649555333827E-05
2444876.500000000,-5.126663116699052E+00,-1.852829577813885E+00,1.225118186965313E-01,2.470977243140309E-03,-6.753699337596074E-03,-2.747887944782085E-05
2444896.500000000,-5.075358297964621E+00,-1.987225952994740E+00,1.219172874564541E-01,2.658635837352979E-03,-6.684456730742206E-03,-3.195559748536250E-05
2444916.500000000,-5.020345122588481E+00,-2.120169396059067E+00,1.212337738747958E-01,2.843702705120087E-03,-6.609784469064109E-03,-3.640191710185202E-05
2444936.500000000,-4.961660278805528E+00,-2.251561164333328E+00,1.204617690566180E-01,3.024877253963630E-03,-6.529233776065294E-03,-4.081004354806328E-05
2444956.500000000,-4.899345763148502E+00,-2.381305564160418E+00,1.196017277280569E-01,3.205284146773222E-03,-6.444509473700145E-03,-4.520292387390984E-05
2444976.500000000,-4.833445532057572E+00,-2.509306955503434E+00,1.186541943247808E-01,3.384012003951907E-03,-6.354507728434122E-03,-4.953989962795523E-05
2444996.500000000,-4.764004941147032E+00,-2.635470676922339E+00,1.176197546685159E-01,3.559880463107906E-03,-6.259915554444988E-03,-5.385502774618100E-05
2445016.500000000,-4.691070726072719E+00,-2.759702102802358E+00,1.164990690040593E-01,3.733481812205626E-03,-6.162600999067788E-03,-5.820906442543262E-05
2445036.500000000,-4.614690178604103E+00,-2.881906459393360E+00,1.152929387750114E-01,3.904433425640227E-03,-6.058846255423404E-03,-6.245698831438396E-05
2445056.500000000,-4.534916390953155E+00,-3.001991513317616E+00,1.140021464470786E-01,4.072360014331053E-03,-5.948774133926893E-03,-6.660859010804467E-05
2445076.500000000,-4.451807194936526E+00,-3.119866584504957E+00,1.126275059559902E-01,4.237383681300072E-03,-5.836517184614782E-03,-7.080582176232215E-05
2445096.500000000,-4.365419124204312E+00,-3.235442577761203E+00,1.111699032539657E-01,4.400677359282033E-03,-5.720180288079821E-03,-7.494737745438936E-05
2445116.500000000,-4.275809880315044E+00,-3.348630330619747E+00,1.096303357524962E-01,4.560839134692688E-03,-5.598433510119504E-03,-7.900522249482563E-05
2445136.500000000,-4.183040511151019E+00,-3.459341050432004E+00,1.080099067059385E-01,4.715883771263229E-03,-5.472599774089339E-03,-8.304754543676453E-05
2445156.500000000,-4.087175176038035E+00,-3.567490151965554E+00,1.063096493698076E-01,4.868934480920505E-03,-5.341903670042537E-03,-8.699336856216480E-05
2445176.500000000,-3.988281909247442E+00,-3.672994209867548E+00,1.045306305359656E-01,5.019802516111296E-03,-5.206928592722707E-03,-9.086791461757281E-05
2445196.500000000,-3.886428871308873E+00,-3.775769674059943E+00,1.026740186554041E-01,5.165466478210943E-03,-5.068971620796114E-03,-9.474442266190177E-05
2445216.500000000,-3.781684234392904E+00,-3.875735610339123E+00,1.007410286434193E-01,5.308288921544732E-03,-4.927540728653799E-03,-9.856615077238194E-05
2445236.500000000,-3.674118881711963E+00,-3.972811137144332E+00,9.873298885234270E-02,5.447973044688485E-03,-4.780871391735224E-03,-1.022741757380994E-04
2445256.500000000,-3.563807736968588E+00,-4.066916886681727E+00,9.665126081947771E-02,5.582361774388785E-03,-4.628883440147561E-03,-1.058813571929461E-04
2445276.500000000,-3.450829958114600E+00,-4.157977460074689E+00,9.449713177502357E-02,5.713914982435185E-03,-4.474929258960753E-03,-1.094729509874322E-04
2445296.500000000,-3.335264371313940E+00,-4.245917318125587E+00,9.227206659053737E-02,5.842327380793907E-03,-4.318372320089549E-03,-1.130172964905834E-04
2445316.500000000,-3.217189318693601E+00,-4.330662078404699E+00,8.997765788744323E-02,5.965355781988280E-03,-4.156399934325986E-03,-1.164305932473466E-04
2445336.500000000,-3.096687735206316E+00,-4.412140115838304E+00,8.761548712682499E-02,6.083848689399363E-03,-3.991235484724357E-03,-1.197870104111860E-04
2445356.500000000,-2.973845522889341E+00,-4.490281755777235E+00,8.518716982394238E-02,6.198865032203034E-03,-3.822664109919746E-03,-1.230527258913954E-04
2445376.500000000,-2.848750610103144E+00,-4.565019752184368E+00,8.269432574851994E-02,6.309957865455099E-03,-3.649648268794786E-03,-1.261835123834450E-04
2445396.500000000,-2.721493269649067E+00,-4.636288077823457E+00,8.013867083410975E-02,6.415626384096573E-03,-3.475495258436954E-03,-1.293192032479770E-04
2445416.500000000,-2.592162014041061E+00,-4.704022816617596E+00,7.752200626127836E-02,6.516637351021750E-03,-3.298632378199204E-03,-1.323770335660899E-04
2445436.500000000,-2.460847597774071E+00,-4.768162485710052E+00,7.484614751600455E-02,6.613950546816836E-03,-3.116203307356406E-03,-1.352395312213191E-04
2445456.500000000,-2.327646426005312E+00,-4.828646325603547E+00,7.211294413370878E-02,6.705369420402927E-03,-2.930980750968792E-03,-1.380370843447101E-04
2445476.500000000,-2.192656648729482E+00,-4.885416847966781E+00,6.932427832964996E-02,6.792136332126295E-03,-2.744385150543877E-03,-1.407812657098278E-04
2445496.500000000,-2.055976846894298E+00,-4.938419276283850E+00,6.648210607818159E-02,6.875425981807148E-03,-2.555338479488892E-03,-1.434121496859230E-04
2445516.500000000,-1.917705908583758E+00,-4.987599163496074E+00,6.358854183173175E-02,6.951757266791779E-03,-2.363094653019365E-03,-1.459449795770730E-04
2445536.500000000,-1.777944963200666E+00,-5.032906314002295E+00,6.064566063559107E-02,7.022658324299730E-03,-2.167858071290523E-03,-1.483564583851614E-04
2445556.500000000,-1.636799635359464E+00,-5.074293045591029E+00,5.765555870226406E-02,7.090339749566147E-03,-1.970331165316676E-03,-1.506386698726239E-04
2445576.500000000,-1.494377362581165E+00,-5.111712673294703E+00,5.462047085885917E-02,7.151651478584911E-03,-1.770334704751184E-03,-1.528119718954430E-04
2445596.500000000,-1.350786031737960E+00,-5.145123190026603E+00,5.154260362197993E-02,7.206823310581183E-03,-1.569499368457790E-03,-1.549223518079447E-04
2445616.500000000,-1.206133230804079E+00,-5.174485353933764E+00,4.842422007672576E-02,7.257426954328691E-03,-1.367584539139177E-03,-1.569403519497560E-04
2445636.500000000,-1.060526739808443E+00,-5.199761334596650E+00,4.526765782236456E-02,7.302221074254308E-03,-1.161148001784337E-03,-1.587459447666179E-04
2445656.500000000,-9.140800344056595E-01,-5.220916379963507E+00,4.207524285975048E-02,7.341190065933693E-03,-9.529784852276143E-04,-1.604371460253450E-04
2445676.500000000,-7.669087452582709E-01,-5.237918270733603E+00,3.884935733793490E-02,7.374861584908583E-03,-7.457972743972503E-04,-1.620946188303689E-04
2445696.500000000,-6.191260541718491E-01,-5.250738128416135E+00,3.559245110344079E-02,7.402992468082767E-03,-5.363625885190932E-04,-1.635853955217746E-04
2445716.500000000,-4.708464939948009E-01,-5.259350025972508E+00,3.230699329283436E-02,7.424465703817574E-03,-3.251843569519928E-04,-1.649492318778523E-04
2445736.500000000,-3.221865153833752E-01,-5.263730150332520E+00,2.899554273360979E-02,7.439714863654368E-03,-1.133371788077884E-04,-1.662080402136472E-04
2445756.500000000,-1.732652252965108E-01,-5.263858509493570E+00,2.566067963438357E-02,7.450783958501826E-03,1.007007685026670E-04,-1.672622461519616E-04
2445776.500000000,-2.420511355757551E-02,-5.259717181098409E+00,2.230504496090164E-02,7.455202900984160E-03,3.148904429654156E-04,-1.682186269321774E-04
2445796.500000000,1.248727764284712E-01,-5.251292450043269E+00,1.893130543694331E-02,7.451893340909971E-03,5.280554854093244E-04,-1.691189182616988E-04
2445816.500000000,2.738489401913588E-01,-5.238575945166281E+00,1.554209485381661E-02,7.444126977377533E-03,7.423084210352724E-04,-1.698334495824667E-04
2445836.500000000,4.226014504411081E-01,-5.221560106510154E+00,1.214018414190397E-02,7.430151649241214E-03,9.584010061434869E-04,-1.703621208562071E-04
2445856.500000000,5.710055497745855E-01,-5.200240679781873E+00,8.728343446700959E-03,7.408905998610931E-03,1.174543553931565E-03,-1.707676627532137E-04
2445876.500000000,7.189348552695474E-01,-5.174618518951457E+00,5.309284738996460E-03,7.382920435596618E-03,1.388764001081777E-03,-1.710784440930703E-04
2445896.500000000,8.662654287521230E-01,-5.144696728804989E+00,1.885812247814694E-03,7.350090085842348E-03,1.602858379164566E-03,-1.712522357518708E-04
2445916.500000000,1.012874312071481E+00,-5.110482811412733E+00,-1.539243719466997E-03,7.309665658864390E-03,1.817729415630129E-03,-1.712543177370896E-04
2445936.500000000,1.158635627801345E+00,-5.071988222834793E+00,-4.963050952069055E-03,7.264314669936490E-03,2.031284222867086E-03,-1.711248894006517E-04
2445956.500000000,1.303422489514285E+00,-5.029226037484666E+00,-8.382669080037887E-03,7.213282668281485E-03,2.244805253797544E-03,-1.708135428613156E-04
2445976.500000000,1.447106860879363E+00,-4.982213886095443E+00,-1.179519527726415E-02,7.154994718037664E-03,2.457520708586720E-03,-1.703582586206488E-04
2445996.500000000,1.589561226082256E+00,-4.930974087422590E+00,-1.519772343645373E-02,7.089681497313517E-03,2.666603683642241E-03,-1.698546762026633E-04
2446016.500000000,1.730661594032294E+00,-4.875533572944033E+00,-1.858727873278476E-02,7.018701971276616E-03,2.875484980148439E-03,-1.691453268139152E-04
2446036.500000000,1.870282276138084E+00,-4.815922786698388E+00,-2.196089474251569E-02,6.942005517581801E-03,3.084891486860802E-03,-1.682053751503946E-04
2446056.500000000,2.008294719483777E+00,-4.752174376102628E+00,-2.531558200827553E-02,6.858194031410933E-03,3.290866136446660E-03,-1.671951925153283E-04
2446076.500000000,2.144572726992784E+00,-4.684326168693741E+00,-2.864840052794133E-02,6.768706927582887E-03,3.494135116942177E-03,-1.660461028675552E-04
2446096.500000000,2.278991637225270E+00,-4.612420324249286E+00,-3.195639415687009E-02,6.673033623413841E-03,3.695748529979978E-03,-1.647276942020974E-04
2446116.500000000,2.411428362631129E+00,-4.536502520822856E+00,-3.523657055090518E-02,6.569417651536704E-03,3.894954958894065E-03,-1.632899382981337E-04
2446136.500000000,2.541760318848721E+00,-4.456623576738183E+00,-3.848599621017252E-02,6.461304378960688E-03,4.092052198663659E-03,-1.616613909231776E-04
2446156.500000000,2.669863372264075E+00,-4.372835956733019E+00,-4.170170460246331E-02,6.348358228918178E-03,4.286687151788018E-03,-1.598622429927808E-04
2446176.500000000,2.795614437817695E+00,-4.285194835883458E+00,-4.488066599678709E-02,6.226954448520126E-03,4.477922537402636E-03,-1.579607184540033E-04
2446196.500000000,2.918892514170420E+00,-4.193763075730617E+00,-4.801995511163797E-02,6.099649908879171E-03,4.664759894568110E-03,-1.559459379182848E-04
2446216.500000000,3.039579260250955E+00,-4.098607460143977E+00,-5.111661688629246E-02,5.967548916763325E-03,4.848765090677689E-03,-1.537513541061477E-04
2446236.500000000,3.157557649885474E+00,-3.999797537874557E+00,-5.416767571300639E-02,5.828971712865972E-03,5.031276651846069E-03,-1.513445792676107E-04
2446256.500000000,3.272709020408107E+00,-3.897406906431088E+00,-5.717024384686423E-02,5.685044614059588E-03,5.208550483250690E-03,-1.488394235012557E-04
2446276.500000000,3.384917286861182E+00,-3.791512446590653E+00,-6.012138417122163E-02,5.535578969161323E-03,5.380459532621610E-03,-1.462361172100826E-04
2446296.500000000,3.494071044188109E+00,-3.682196798037909E+00,-6.301822652285874E-02,5.379540546225262E-03,5.549781613172730E-03,-1.434385627554299E-04
2446316.500000000,3.600060079700886E+00,-3.569547812525334E+00,-6.585800698262177E-02,5.217791760548364E-03,5.714137496271619E-03,-1.405298447261060E-04
2446336.500000000,3.702777277472879E+00,-3.453655864965026E+00,-6.863796126711098E-02,5.051887194098747E-03,5.873768570833854E-03,-1.374755043722513E-04
2446356.500000000,3.802116866412193E+00,-3.334613618185258E+00,-7.135531652020642E-02,4.881664073197941E-03,6.030096124161537E-03,-1.342154318809188E-04
2446376.500000000,3.897973494785069E+00,-3.212516722749966E+00,-7.400732395339740E-02,4.704521949186079E-03,6.179914596331282E-03,-1.309050594955973E-04
2446396.500000000,3.990247353251312E+00,-3.087467067024072E+00,-7.659132120143813E-02,4.521773453248349E-03,6.323650099033287E-03,-1.274987230519753E-04
2446416.500000000,4.078842638686345E+00,-2.959571931483719E+00,-7.910475746785012E-02,4.336115033384240E-03,6.463756572609916E-03,-1.238740560729796E-04
2446436.500000000,4.163664735421969E+00,-2.828938825776938E+00,-8.154502665592539E-02,4.145210978148371E-03,6.598819567801536E-03,-1.201226310968647E-04
2446456.500000000,4.244621153224947E+00,-2.695678533719261E+00,-8.390955672590758E-02,3.949579970276250E-03,6.727238169095703E-03,-1.162790444755316E-04
2446476.500000000,4.321622501393635E+00,-2.559906337673854E+00,-8.619588374442365E-02,3.750667271969429E-03,6.849168739351199E-03,-1.123182582587629E-04
2446496.500000000,4.394584669613760E+00,-2.421740918291420E+00,-8.840159052768017E-02,3.545704082781854E-03,6.965741785033778E-03,-1.082448423008767E-04
2446516.500000000,4.463428132872364E+00,-2.281306756513310E+00,-9.052444887493147E-02,3.336722706073714E-03,7.076360632261253E-03,-1.040471998349634E-04
2446536.500000000,4.528075856025165E+00,-2.138729903947447E+00,-9.256224858701295E-02,3.126427328747254E-03,7.180137867223817E-03,-9.972923471212888E-05
2446556.500000000,4.588454751307210E+00,-1.994136016262252E+00,-9.451273197390789E-02,2.911894071156389E-03,7.278460732237279E-03,-9.527953587013304E-05
2446576.500000000,4.644494636840783E+00,-1.847655287515487E+00,-9.637381765641884E-02,2.692543046407946E-03,7.369450438557642E-03,-9.076825768913790E-05
2446596.500000000,4.696130559470298E+00,-1.699422505935334E+00,-9.814357553468794E-02,2.470279127138832E-03,7.452148482156781E-03,-8.621488176371108E-05
2446616.500000000,4.743304421179982E+00,-1.549575093562797E+00,-9.982010897438263E-02,2.245785781236500E-03,7.530190577067175E-03,-8.147717927206875E-05
2446636.500000000,4.785959665386939E+00,-1.398251742827609E+00,-1.014015865321131E-01,2.018921539933092E-03,7.601683046967823E-03,-7.663202007364736E-05
2446656.500000000,4.824042972653531E+00,-1.245591369428873E+00,-1.028861957297219E-01,1.789345126989624E-03,7.663987941041131E-03,-7.178345477107379E-05
2446676.500000000,4.857507600565500E+00,-1.091736525740332E+00,-1.042722586052273E-01,1.557633999671814E-03,7.719911510464740E-03,-6.681595492663687E-05
2446696.500000000,4.886311148823221E+00,-9.368331552294685E-01,-1.055582716300793E-01,1.322924480151319E-03,7.768977209312950E-03,-6.177227826135846E-05
2446716.500000000,4.910416782667927E+00,-7.810295965440666E-01,-1.067428097463055E-01,1.086064929069770E-03,7.809889185368939E-03,-5.669521989893539E-05
2446736.500000000,4.929793213643193E+00,-6.244757590453315E-01,-1.078245609050077E-01,8.502870309089576E-04,7.844100167146716E-03,-5.148774627168281E-05
2446756.500000000,4.944412428141839E+00,-4.673193748230915E-01,-1.088022365817443E-01,6.128523205222975E-04,7.870887035138722E-03,-4.623034497942803E-05
2446776.500000000,4.954252358752191E+00,-3.097099759571846E-01,-1.096747049042567E-01,3.719758515953870E-04,7.889214362059241E-03,-4.098453983914441E-05
2446796.500000000,4.959296993336785E+00,-1.518016944308837E-01,-1.104410612657341E-01,1.316737056565185E-04,7.899698892161511E-03,-3.567609220008644E-05
2446816.500000000,4.959535871512226E+00,6.251920950769877E-03,-1.111004423474757E-01,-1.084263385681163E-04,7.903640290752977E-03,-3.028602157465440E-05
2446836.500000000,4.954963415497674E+00,1.642982899461769E-01,-1.116520508797180E-01,-3.492683019557951E-04,7.900393647970348E-03,-2.485108026344479E-05
2446856.500000000,4.945577595694334E+00,3.221849846842805E-01,-1.120952335547516E-01,-5.889594148666160E-04,7.887766246303295E-03,-1.943230054011936E-05
2446876.500000000,4.931382959566299E+00,4.797605711150374E-01,-1.124293815839838E-01,-8.291239937754313E-04,7.867861246161251E-03,-1.398733557854006E-05
2446896.500000000,4.912389529538380E+00,6.368707151952406E-01,-1.126540785194675E-01,-1.070095565030311E-03,7.841601821374744E-03,-8.489684133930057E-06
2446916.500000000,4.888611349946896E+00,7.933597997781087E-01,-1.127690976695408E-01,-1.309054535805440E-03,7.806235075700143E-03,-3.019502302007182E-06
2446936.500000000,4.860069581737674E+00,9.490750285221298E-01,-1.127742275677316E-01,-1.545447578866267E-03,7.763741348448628E-03,2.489701820779087E-06
2446956.500000000,4.826790032532717E+00,1.103865881057853E+00,-1.126693767783089E-01,-1.780963900708705E-03,7.714656527687094E-03,8.030819902111285E-06
2446976.500000000,4.788802264858343E+00,1.257582501250567E+00,-1.124545866274474E-01,-2.016558442909053E-03,7.656121684662109E-03,1.347083875380988E-05
2446996.500000000,4.746143629945620E+00,1.410073072811919E+00,-1.121300929445983E-01,-2.249757409166615E-03,7.590652917253324E-03,1.892678847213379E-05
2447016.500000000,4.698856236593514E+00,1.561186546640077E+00,-1.116962987519651E-01,-2.479397528930060E-03,7.519296607619927E-03,2.443585568783436E-05
2447036.500000000,4.646986491420349E+00,1.710776627284841E+00,-1.111536467369318E-01,-2.707258793203124E-03,7.439409069675646E-03,2.985677925938615E-05
2447056.500000000,4.590586944992877E+00,1.858699425705035E+00,-1.105026559339744E-01,-2.931890450037323E-03,7.351810393522530E-03,3.524199129171584E-05
2447076.500000000,4.529714087794179E+00,2.004812663281269E+00,-1.097439695260769E-01,-3.153622361969298E-03,7.257803774219935E-03,4.061755097608320E-05
2447096.500000000,4.464429278366506E+00,2.148974997315433E+00,-1.088783701451359E-01,-3.374342639203001E-03,7.157053961520075E-03,4.592715578623297E-05
2447116.500000000,4.394799040625939E+00,2.291044405234687E+00,-1.079068701239167E-01,-3.589961095553651E-03,7.048968827753128E-03,5.119840623259971E-05
2447136.500000000,4.320894745433556E+00,2.430884508221395E+00,-1.068304990217025E-01,-3.799921685279643E-03,6.934012550745481E-03,5.643356557801666E-05
2447156.500000000,4.242792775930059E+00,2.568364627839567E+00,-1.056502588784712E-01,-4.008083872734780E-03,6.813135215800623E-03,6.160534155984202E-05
2447176.500000000,4.160572768940366E+00,2.703353837673469E+00,-1.043674104566175E-01,-4.212817226766060E-03,6.684857015065411E-03,6.667632703580508E-05
2447196.500000000,4.074319319021274E+00,2.835722717603458E+00,-1.029833785617428E-01,-4.412389896866599E-03,6.550121847307871E-03,7.167693109613187E-05
2447216.500000000,3.984122791749470E+00,2.965345115885031E+00,-1.014997071557111E-01,-4.607276231151028E-03,6.411067164589767E-03,7.666611289866371E-05
2447236.500000000,3.890075888603866E+00,3.092099887784979E+00,-9.991801401256777E-02,-4.796868031846042E-03,6.264632146019434E-03,8.152974043877357E-05
2447256.500000000,3.792276176897687E+00,3.215871875066681E+00,-9.823990590416758E-02,-4.981464178367003E-03,6.111335604890022E-03,8.626429064441949E-05
2447276.500000000,3.690825564444050E+00,3.336548271615661E+00,-9.646713128018215E-02,-5.161724093926915E-03,5.954549787321939E-03,9.097831699364102E-05
2447296.500000000,3.585827057176477E+00,3.454017927634955E+00,-9.460165589143625E-02,-5.337589880447719E-03,5.791837159090089E-03,9.556166732180846E-05
2447316.500000000,3.477388442473660E+00,3.568173260697278E+00,-9.264550976238770E-02,-5.506963276246085E-03,5.622976272852915E-03,1.000200821886798E-04
2447336.500000000,3.365621475611709E+00,3.678912064590848E+00,-9.060072755644358E-02,-5.668812479866793E-03,5.450194355973884E-03,1.044434967676907E-04
2447356.500000000,3.250639527635184E+00,3.786139205405251E+00,-8.846934205489604E-02,-5.826724495977976E-03,5.272091314446345E-03,1.087113946167000E-04
2447376.500000000,3.132559545862231E+00,3.889761277544224E+00,-8.625354920632455E-02,-5.980097083295282E-03,5.088904943085339E-03,1.128313040674883E-04
2447396.500000000,3.011501149605819E+00,3.989685927142468E+00,-8.395577383469274E-02,-6.125606241152983E-03,4.902247184039494E-03,1.168949395332962E-04
2447416.500000000,2.887586163683844E+00,4.085827197685835E+00,-8.157841993775508E-02,-6.265259651269810E-03,4.711671475505117E-03,1.208342254573692E-04
2447436.500000000,2.760939850334803E+00,4.178104160909275E+00,-7.912393663529893E-02,-6.398652825048977E-03,4.516245538547007E-03,1.246171079553611E-04
2447456.500000000,2.631689737718155E+00,4.266441437322247E+00,-7.659483105279795E-02,-6.524465036512427E-03,4.316494520380290E-03,1.282673711928697E-04
2447476.500000000,2.499965898870328E+00,4.350769019002819E+00,-7.399365925630691E-02,-6.645647542340724E-03,4.114754258050743E-03,1.318086084556877E-04
2447496.500000000,2.365898905736817E+00,4.431018234574386E+00,-7.132316335860275E-02,-6.760879143770978E-03,3.910028293120977E-03,1.352201975333772E-04
2447516.500000000,2.229620165113745E+00,4.507124831800451E+00,-6.858613351367834E-02,-6.867261331909334E-03,3.700668462842446E-03,1.384626700663073E-04
2447536.500000000,2.091265040759863E+00,4.579032426485466E+00,-6.578524826483403E-02,-6.966646462790034E-03,3.489529737603457E-03,1.416031056507925E-04
2447556.500000000,1.950969107939222E+00,4.646689735813693E+00,-6.292325323930004E-02,-7.060554747303479E-03,3.276048120374135E-03,1.445964849524137E-04
2447576.500000000,1.808868002115096E+00,4.710049195639753E+00,-6.000299145052439E-02,-7.148262033670420E-03,3.058995028208173E-03,1.473891234526700E-04
2447596.500000000,1.665099199145135E+00,4.769065682696339E+00,-5.702736981427264E-02,-7.228334305467351E-03,2.841622841250560E-03,1.501119310534052E-04
2447616.500000000,1.519799244880334E+00,4.823698579908013E+00,-5.399936811672568E-02,-7.301015969355775E-03,2.622455906316093E-03,1.526978523465910E-04
2447636.500000000,1.373106338543867E+00,4.873914189971666E+00,-5.092191150788341E-02,-7.367082709426097E-03,2.399534338503448E-03,1.550467453425728E-04
2447656.500000000,1.225161590618453E+00,4.919683570176848E+00,-4.779795879504509E-02,-7.425536407389198E-03,2.176232256328708E-03,1.572947117001310E-04
2447676.500000000,1.076104033814244E+00,4.960982618911109E+00,-4.463051150239504E-02,-7.478089696818703E-03,1.952928983643575E-03,1.594189325340845E-04
2447696.500000000,9.260717616255882E-01,4.997790065706555E+00,-4.142264403653215E-02,-7.524911593445303E-03,1.728074421241285E-03,1.613451894323670E-04
2447716.500000000,7.752034864862856E-01,5.030087374183396E+00,-3.817750661900732E-02,-7.562188874506008E-03,1.502091901758740E-03,1.631423462540179E-04
2447736.500000000,6.236384438864593E-01,5.057864231651635E+00,-3.489813537522157E-02,-7.592222706495099E-03,1.275683180017628E-03,1.647875714151266E-04
2447756.500000000,4.715163927207429E-01,5.081116186591731E+00,-3.158750106420626E-02,-7.617738584247461E-03,1.049247386435804E-03,1.662540957334471E-04
2447776.500000000,3.189745915139066E-01,5.099840023100558E+00,-2.824868898085566E-02,-7.635653657324091E-03,8.225510672052439E-04,1.675755030764406E-04
2447796.500000000,1.661488822059301E-01,5.114036535462099E+00,-2.488478455878869E-02,-7.646254052845745E-03,5.968148759137364E-04,1.687739899559715E-04
2447816.500000000,1.317474788948040E-02,5.123710231504470E+00,-2.149888234760988E-02,-7.650550774062214E-03,3.717422368983872E-04,1.698226283135682E-04
2447836.500000000,-1.398128328331543E-01,5.128870429639606E+00,-1.809408430252976E-02,-7.647105853538116E-03,1.450882858841815E-04,1.706558798533837E-04
2447856.500000000,-2.926776703897453E-01,5.129532970503441E+00,-1.467334338070909E-02,-7.637248570784471E-03,-8.004173820968170E-05,1.713565463359332E-04
2447876.500000000,-4.452860648148003E-01,5.125715986513453E+00,-1.123968883737670E-02,-7.622034187117299E-03,-3.020438681976061E-04,1.719692312271118E-04
2447896.500000000,-5.975086207681657E-01,5.117439687015305E+00,-7.796258877596752E-03,-7.600146844680983E-03,-5.245143533566872E-04,1.723684521598801E-04
2447916.500000000,-7.492146952427359E-01,5.104728459513590E+00,-4.346148160032710E-03,-7.570309687740116E-03,-7.460481598860014E-04,1.726150944962036E-04
2447936.500000000,-9.002739611328868E-01,5.087612447547207E+00,-8.923511541468066E-04,-7.533710269705889E-03,-9.650889205078191E-04,1.727561238412767E-04
2447956.500000000,-1.050558803329438E+00,5.066127370991448E+00,2.562230389018763E-03,-7.492699148665786E-03,-1.183384966409943E-03,1.726822241448209E-04
2447976.500000000,-1.199943162890135E+00,5.040310202389756E+00,6.014655972148689E-03,-7.445273391877122E-03,-1.399029412443089E-03,1.724902574721790E-04
2447996.500000000,-1.348305056058066E+00,5.010199801896961E+00,9.461920410515174E-03,-7.390423453358779E-03,-1.611416810666347E-03,1.722151805516427E-04
2448016.500000000,-1.495524559038867E+00,4.975840098005201E+00,1.290111123586134E-02,-7.330636520772068E-03,-1.822841928379214E-03,1.717274398896119E-04
2448036.500000000,-1.641481323533992E+00,4.937277827856428E+00,1.632939505570601E-02,-7.264219485369683E-03,-2.032829990988572E-03,1.710765876550113E-04
2448056.500000000,-1.786056829247476E+00,4.894564028602309E+00,1.974400367906373E-02,-7.191399295968372E-03,-2.239363950069957E-03,1.703294614894105E-04
2448076.500000000,-1.929135852362917E+00,4.847752946995040E+00,2.314219450823378E-02,-7.115137474516626E-03,-2.441831829676910E-03,1.694540506258107E-04
2448096.500000000,-2.070607020039079E+00,4.796898198533101E+00,2.652107534529816E-02,-7.032432761358441E-03,-2.642211904872096E-03,1.684264719677523E-04
2448116.500000000,-2.210360557493936E+00,4.742057681781666E+00,2.987786156864031E-02,-6.942382607672972E-03,-2.840749206814057E-03,1.672459505922166E-04
2448136.500000000,-2.348286044249924E+00,4.683294435325689E+00,3.320994202002591E-02,-6.848247211038735E-03,-3.035186377730371E-03,1.659465335523080E-04
2448156.500000000,-2.484276329500004E+00,4.620673384242098E+00,3.651468405271363E-02,-6.749521564611011E-03,-3.226716791808606E-03,1.644977134338400E-04
2448176.500000000,-2.618227675584878E+00,4.554261815589606E+00,3.978946451513831E-02,-6.645158739282020E-03,-3.414834409083031E-03,1.629208514261376E-04
2448196.500000000,-2.750039194419998E+00,4.484128810722132E+00,4.303169430305727E-02,-6.535618057724199E-03,-3.597561633549754E-03,1.612864998950435E-04
2448216.500000000,-2.879614401846777E+00,4.410345766175318E+00,4.623882951093682E-02,-6.421232020079101E-03,-3.778427704762950E-03,1.594659826280211E-04
2448236.500000000,-3.006856298805356E+00,4.332987638880515E+00,4.940847238442496E-02,-6.301982646684057E-03,-3.957067663304266E-03,1.574675949930152E-04
2448256.500000000,-3.131668779183168E+00,4.252131344759571E+00,5.253827916089835E-02,-6.177878424977568E-03,-4.129422021768812E-03,1.554458932271061E-04
2448276.500000000,-3.253961900928358E+00,4.167856006372149E+00,5.562587994581988E-02,-6.050501593720090E-03,-4.297450646877950E-03,1.533013313725154E-04
2448296.500000000,-3.373649057801863E+00,4.080241439882965E+00,5.866893599761003E-02,-5.918651322854689E-03,-4.462548953674173E-03,1.509977069014869E-04
2448316.500000000,-3.490645042677540E+00,3.989368557843425E+00,6.166513901698330E-02,-5.780513727000973E-03,-4.623440828719084E-03,1.486196076048460E-04
2448336.500000000,-3.604866100201752E+00,3.895322997060499E+00,6.461232988869524E-02,-5.639658042627218E-03,-4.780401955513345E-03,1.460986119861693E-04
2448356.500000000,-3.716229637132742E+00,3.798191525567772E+00,6.750836774132463E-02,-5.496048199454981E-03,-4.932883700884570E-03,1.434549479321498E-04
2448376.500000000,-3.824657899725061E+00,3.698061419928616E+00,7.035109281404851E-02,-5.346810350268983E-03,-5.080101447547031E-03,1.407671788085866E-04
2448396.500000000,-3.930077743535049E+00,3.595023014114299E+00,7.313846031072339E-02,-5.194497227377586E-03,-5.222302189509555E-03,1.379811530997575E-04
2448416.500000000,-4.032418164912972E+00,3.489166924025275E+00,7.586845676567615E-02,-5.039198961307946E-03,-5.361105540229072E-03,1.350475035418400E-04
2448436.500000000,-4.131609320587466E+00,3.380585211723042E+00,7.853913061752407E-02,-4.879170042177505E-03,-5.496663298966403E-03,1.319913167315604E-04
2448456.500000000,-4.227582138832120E+00,3.269373379196034E+00,8.114869233648393E-02,-4.716837938856813E-03,-5.625407796648084E-03,1.289011630146480E-04
2448476.500000000,-4.320273626902963E+00,3.155626472064588E+00,8.369533898775029E-02,-4.552185465533902E-03,-5.748318832341782E-03,1.257510998208539E-04
2448496.500000000,-4.409626053573700E+00,3.039439727299820E+00,8.617725971471159E-02,-4.383423347031249E-03,-5.868479582307479E-03,1.224550336721898E-04
2448516.500000000,-4.495581249167067E+00,2.920909962726062E+00,8.859276619428826E-02,-4.211386967357708E-03,-5.983417428673291E-03,1.190918763462319E-04
2448536.500000000,-4.578082538457714E+00,2.800135065150501E+00,9.094019606859703E-02,-4.037442324680970E-03,-6.093198160390577E-03,1.156495822674496E-04
2448556.500000000,-4.657075933930721E+00,2.677214808723047E+00,9.321798207274616E-02,-3.861579871465660E-03,-6.198922271023803E-03,1.120832820597346E-04
2448576.500000000,-4.732510353124463E+00,2.552248892847816E+00,9.542458959913440E-02,-3.682182537825400E-03,-6.297722473913668E-03,1.085239901773497E-04
2448596.500000000,-4.804340683309663E+00,2.425338043310850E+00,9.755848959900996E-02,-3.500328699277493E-03,-6.391251818462940E-03,1.049028973712608E-04
2448616.500000000,-4.872523416127182E+00,2.296584363910774E+00,9.961823170871581E-02,-3.317445158792780E-03,-6.482040444280275E-03,1.011039388901989E-04
2448636.500000000,-4.937014104271158E+00,2.166089739386235E+00,1.016024412424497E-01,-3.131343507667815E-03,-6.567446572466433E-03,9.726992884304688E-05
2448656.500000000,-4.997772074193954E+00,2.033958442439286E+00,1.035098726360194E-01,-2.943548317105844E-03,-6.646084323882316E-03,9.342897697580433E-05
2448676.500000000,-5.054761602160092E+00,1.900295412875697E+00,1.053393329584035E-01,-2.755550449736778E-03,-6.719190851235795E-03,8.950991405436619E-05
2448696.500000000,-5.107951355028039E+00,1.765203548989425E+00,1.070895746493057E-01,-2.564069446427640E-03,-6.788064416634888E-03,8.552848843487024E-05
2448716.500000000,-5.157311271547998E+00,1.628787926319561E+00,1.087594680042636E-01,-2.370866273863426E-03,-6.852199309193978E-03,8.147806511431794E-05
2448736.500000000,-5.202811373247459E+00,1.491154222368174E+00,1.103480142786712E-01,-2.178293012595671E-03,-6.910634216155415E-03,7.736272131612391E-05
2448756.500000000,-5.244425139887746E+00,1.352406767418268E+00,1.118541875491727E-01,-1.983565910648314E-03,-6.964090475212443E-03,7.320715657327871E-05
2448776.500000000,-5.282129825925107E+00,1.212651703736541E+00,1.132770528558892E-01,-1.787034510300433E-03,-7.011209436203422E-03,6.904732170166042E-05
2448796.500000000,-5.315906416751224E+00,1.071994985219291E+00,1.146156786132686E-01,-1.590299185533265E-03,-7.052303805326206E-03,6.485539545700491E-05
2448816.500000000,-5.345738870254016E+00,9.305422473484746E-01,1.158691611962831E-01,-1.392670496407439E-03,-7.090809055810330E-03,6.053133053309071E-05
2448836.500000000,-5.371609782474658E+00,7.883999122443590E-01,1.170367558924429E-01,-1.194115152893589E-03,-7.123857744285404E-03,5.617644240587883E-05
2448856.500000000,-5.393504406744511E+00,6.456743120833116E-01,1.181177701292637E-01,-9.951842606373289E-04,-7.148961061948522E-03,5.188085577928946E-05
2448876.500000000,-5.411414777865241E+00,5.024723572842438E-01,1.191115214847413E-01,-7.962511917690557E-04,-7.169720466362529E-03,4.750899582286339E-05
2448896.500000000,-5.425334984168108E+00,3.589005769400594E-01,1.200173949340327E-01,-5.962020453424006E-04,-7.185878405982620E-03,4.309111703745235E-05
2448916.500000000,-5.435260962275821E+00,2.150649625196176E-01,1.208348600277609E-01,-3.955584639146057E-04,-7.196326384549632E-03,3.867656362438511E-05
2448936.500000000,-5.441190142998828E+00,7.107206114667351E-02,1.215634800995384E-01,-1.967630900595469E-04,-7.202383082143094E-03,3.417991468430697E-05
2448956.500000000,-5.443120950688084E+00,-7.297337925557437E-02,1.222028381610793E-01,2.616178918994723E-06,-7.202506257767741E-03,2.969475604755247E-05
2448976.500000000,-5.441056726007071E+00,-2.169661625092810E-01,1.227525241420500E-01,2.034820878488852E-04,-7.196058586113189E-03,2.526458872303237E-05
2448996.500000000,-5.435004900651764E+00,-3.607992537309118E-01,1.232122546367628E-01,4.022940544805786E-04,-7.185004990387114E-03,2.076526319048583E-05
2449016.500000000,-5.424973704235358E+00,-5.043684500887997E-01,1.235817385374410E-01,6.006801296566281E-04,-7.170261841509893E-03,1.620298573276209E-05
2449036.500000000,-5.410971815432013E+00,-6.475697828128699E-01,1.238607474960351E-01,7.996063407027118E-04,-7.150204028725420E-03,1.165599790575754E-05
2449056.500000000,-5.393009581115173E+00,-7.902979930103206E-01,1.240491608756323E-01,9.965189473772481E-04,-7.122845810523715E-03,7.149093649219349E-06
2449076.500000000,-5.371103111597328E+00,-9.324489747209321E-01,1.241468444534498E-01,1.193116457026962E-03,-7.090602041577724E-03,2.636015954009263E-06
2449096.500000000,-5.345272517720243E+00,-1.073918052477004E+00,1.241537712507491E-01,1.389901116752207E-03,-7.054662674099483E-03,-1.913175784131039E-06
2449116.500000000,-5.315537784953919E+00,-1.214601118297949E+00,1.240700267556868E-01,1.584395834501721E-03,-7.012688035404065E-03,-6.445998121172924E-06
2449136.500000000,-5.281921255132062E+00,-1.354396636795125E+00,1.238956720953839E-01,1.777044036366134E-03,-6.966198745938438E-03,-1.099685293287472E-05
2449156.500000000,-5.244446930082316E+00,-1.493203044820417E+00,1.236308413236541E-01,1.969220638988807E-03,-6.914788036910128E-03,-1.553596085312628E-05
2449176.500000000,-5.203142217277263E+00,-1.630918597730505E+00,1.232757811020716E-01,2.160761470928372E-03,-6.856074102952942E-03,-1.997438940318730E-05
2449196.500000000,-5.158040290831954E+00,-1.767441896472501E+00,1.228307529333602E-01,2.349900380785616E-03,-6.793698084899554E-03,-2.445488429300671E-05
2449216.500000000,-5.109174103264075E+00,-1.902673249186906E+00,1.222960690366553E-01,2.536655484426808E-03,-6.728360317927545E-03,-2.900171587063092E-05
2449236.500000000,-5.056575633304067E+00,-2.036515593380975E+00,1.216720403929330E-01,2.722724537940775E-03,-6.656425803966943E-03,-3.345072058181651E-05
2449256.500000000,-5.000280898595007E+00,-2.168870519003237E+00,1.209590762546959E-01,2.906321809975332E-03,-6.578747565831246E-03,-3.785615110807869E-05
2449276.500000000,-4.940329720021968E+00,-2.299639813405171E+00,1.201576701980897E-01,3.087695807194167E-03,-6.496805211466132E-03,-4.226814473814367E-05
2449296.500000000,-4.876765139227319E+00,-2.428726872102399E+00,1.192683335789353E-01,3.268636652416149E-03,-6.410378595336460E-03,-4.663434330567673E-05
2449316.500000000,-4.809631585888874E+00,-2.556034885132306E+00,1.182916732711581E-01,3.445695497139987E-03,-6.319453219805838E-03,-5.100271724439631E-05
2449336.500000000,-4.738973516223308E+00,-2.681470001383317E+00,1.172283157741232E-01,3.619222404159780E-03,-6.223828763857990E-03,-5.535487111670874E-05
2449356.500000000,-4.664838725309316E+00,-2.804939948162009E+00,1.160789390397432E-01,3.792628094458084E-03,-6.123261898468765E-03,-5.962118527900846E-05
2449376.500000000,-4.587278687620993E+00,-2.926350255917571E+00,1.148443843841219E-01,3.963245861223119E-03,-6.016925396047045E-03,-6.381586284513586E-05
2449396.500000000,-4.506348511364386E+00,-3.045608571772887E+00,1.135254969242127E-01,4.129910531259356E-03,-5.906675064224448E-03,-6.800841529255136E-05
2449416.500000000,-4.422104642524699E+00,-3.162625422242805E+00,1.121230864229322E-01,4.294243928973819E-03,-5.794084852401098E-03,-7.221828620728014E-05
2449436.500000000,-4.334602223829449E+00,-3.277312242104326E+00,1.106380948510744E-01,4.455453253816027E-03,-5.675424050860399E-03,-7.632782181506996E-05
2449456.500000000,-4.243900106761350E+00,-3.389582110498064E+00,1.090714833213573E-01,4.613585816079567E-03,-5.550989885360729E-03,-8.033701793329253E-05
2449476.500000000,-4.150062082295454E+00,-3.499347679087920E+00,1.074242729823478E-01,4.769212871093857E-03,-5.424056288822704E-03,-8.435030502163287E-05
2449496.500000000,-4.053152630376911E+00,-3.606522482319782E+00,1.056975631301743E-01,4.921846355785720E-03,-5.292487961026540E-03,-8.829608525543742E-05
2449516.500000000,-3.953238449238651E+00,-3.711022376405293E+00,1.038924669908913E-01,5.070060945938822E-03,-5.156508093876611E-03,-9.218208516786705E-05
2449536.500000000,-3.850387761200184E+00,-3.812765338428750E+00,1.020101662195122E-01,5.213842511597806E-03,-5.017652279805454E-03,-9.606326460021793E-05
2449556.500000000,-3.744669728399700E+00,-3.911671616956100E+00,1.000519076900282E-01,5.355987638220236E-03,-4.873318326410551E-03,-9.980362330502583E-05
2449576.500000000,-3.636158825410168E+00,-4.007660568859268E+00,9.801903024227564E-02,5.494955076056023E-03,-4.724296034616308E-03,-1.034416347111631E-04
2449596.500000000,-3.524932229787607E+00,-4.100652148049728E+00,9.591294617824971E-02,5.627987114671572E-03,-4.573049525659029E-03,-1.071014791874917E-04
2449616.500000000,-3.411067310339128E+00,-4.190571424449706E+00,9.373506219207885E-02,5.757784189163395E-03,-4.418551464217092E-03,-1.106907478568691E-04
2449636.500000000,-3.294642690381526E+00,-4.277345275333913E+00,9.148683782051734E-02,5.883946656079623E-03,-4.259349704854636E-03,-1.141577504589409E-04
2449656.500000000,-3.175738961841291E+00,-4.360901417217206E+00,8.916981615864937E-02,6.005000364508663E-03,-4.095765702295513E-03,-1.175407485926385E-04
2449676.500000000,-3.054440460037615E+00,-4.441169535553912E+00,8.678552628835670E-02,6.123537456315055E-03,-3.929658931086695E-03,-1.208541925420839E-04
2449696.500000000,-2.930833485873369E+00,-4.518078671676099E+00,8.433563311631585E-02,6.237709503167960E-03,-3.760494594411957E-03,-1.240974653963548E-04
2449716.500000000,-2.805004820246837E+00,-4.591561258996693E+00,8.182184132452325E-02,6.345255852677537E-03,-3.587265946818564E-03,-1.272609293193031E-04
2449736.500000000,-2.677043586057580E+00,-4.661554411324097E+00,7.924579427446218E-02,6.449001204441446E-03,-3.411833078832868E-03,-1.303555343920015E-04
2449756.500000000,-2.547039877426777E+00,-4.727995304539179E+00,7.660925951346462E-02,6.549637304195419E-03,-3.232600729995814E-03,-1.333212146365553E-04
2449776.500000000,-2.415086833996879E+00,-4.790821103754497E+00,7.391412011481888E-02,6.645348754352148E-03,-3.048844317420296E-03,-1.361469693667385E-04
2449796.500000000,-2.281282363785586E+00,-4.849970897983177E+00,7.116230998220904E-02,6.735230602205052E-03,-2.864445201551632E-03,-1.389642786567062E-04
2449816.500000000,-2.145723491093197E+00,-4.905387895177739E+00,6.835580142483637E-02,6.819957430561172E-03,-2.677615579248351E-03,-1.416991257925784E-04
2449836.500000000,-2.008508156981919E+00,-4.957019706426756E+00,6.549655747643333E-02,6.900248539482015E-03,-2.486011106982182E-03,-1.442466044404944E-04
2449856.500000000,-1.869737874412630E+00,-5.004814647931187E+00,6.258658874519923E-02,6.975222401364743E-03,-2.292621536122249E-03,-1.467217442649153E-04
2449876.500000000,-1.729515418585745E+00,-5.048722077239905E+00,5.962803663288022E-02,7.045820424752927E-03,-2.097365005062563E-03,-1.491061196772298E-04
2449896.500000000,-1.587945996793064E+00,-5.088693792528921E+00,5.662308061237113E-02,7.111542285253958E-03,-1.899247942257811E-03,-1.513507099360937E-04
2449916.500000000,-1.445136305574836E+00,-5.124684523193911E+00,5.357391874253091E-02,7.169415352683014E-03,-1.699494250642131E-03,-1.535368670609750E-04
2449936.500000000,-1.301192735552034E+00,-5.156654984546738E+00,5.048268440586118E-02,7.222494664243644E-03,-1.497777047717300E-03,-1.556083147478827E-04
2449956.500000000,-1.156223794749144E+00,-5.184566942940283E+00,4.735159626672854E-02,7.272612921388509E-03,-1.293452039647212E-03,-1.575018429928385E-04
2449976.500000000,-1.010340584793634E+00,-5.208380729737666E+00,4.418308184946249E-02,7.315713752781458E-03,-1.086994199426922E-03,-1.592912955223665E-04
2449996.500000000,-8.636565084399587E-01,-5.228061316952177E+00,4.097955184353221E-02,7.352368306687687E-03,-8.800518151110995E-04,-1.610106261343537E-04
2450016.500000000,-7.162858843715135E-01,-5.243578358198730E+00,3.774339586973487E-02,7.383929137878303E-03,-6.721771051962676E-04,-1.626112454007887E-04
2450036.500000000,-5.683424204337488E-01,-5.254904741826325E+00,3.447705907579122E-02,7.408961526651703E-03,-4.610576519638337E-04,-1.640341224073304E-04
2450056.500000000,-4.199430253140732E-01,-5.262016650096116E+00,3.118302665148781E-02,7.428901946724066E-03,-2.491879379377585E-04,-1.653335819382585E-04
2450076.500000000,-2.712063785031595E-01,-5.264890687079595E+00,2.786390483474286E-02,7.443973066184358E-03,-3.773745715089539E-05,-1.665411021856216E-04
2450096.500000000,-1.222509229685671E-01,-5.263506235323772E+00,2.452236908145155E-02,7.452006543270320E-03,1.760317044483098E-04,-1.675843230981320E-04
2450116.500000000,2.680260689424181E-02,-5.257848577760224E+00,2.116097793046728E-02,7.452718633104091E-03,3.900438782748649E-04,-1.685234527095078E-04
2450136.500000000,1.758337368329547E-01,-5.247907086709259E+00,1.778231184319038E-02,7.447955550193869E-03,6.036538797028222E-04,-1.693560450382348E-04
2450156.500000000,3.247221502205871E-01,-5.233673661143649E+00,1.438904756770141E-02,7.439023971761254E-03,8.194443790593915E-04,-1.699673989757704E-04
2450176.500000000,4.733440797744347E-01,-5.215140256291344E+00,1.098395964601186E-02,7.423216156345014E-03,1.034923321709121E-03,-1.704676575526330E-04
2450196.500000000,6.215754985512433E-01,-5.192302384214273E+00,7.569845520364510E-03,7.399662209015315E-03,1.249006608321797E-03,-1.709068408829715E-04
2450216.500000000,7.692928156600188E-01,-5.165162288970713E+00,4.149436639107752E-03,7.370865870302893E-03,1.464058253614222E-03,-1.711486575446730E-04
2450236.500000000,9.163705792306625E-01,-5.133725299349432E+00,7.255274153965418E-04,7.335437565788869E-03,1.679406501806400E-03,-1.712273105596941E-04
2450256.500000000,1.062683143247056E+00,-5.097999954131249E+00,-2.699020120600860E-03,7.293694334420182E-03,1.893641167985046E-03,-1.711924595494677E-04
2450276.500000000,1.208104008915611E+00,-5.057997701244967E+00,-6.121298891574680E-03,7.247581352766469E-03,2.106696899997470E-03,-1.710011309363689E-04
2450296.500000000,1.352506529735419E+00,-5.013731708601439E+00,-9.538338870627511E-03,7.193418027082249E-03,2.319402093399248E-03,-1.706673070545410E-04
2450316.500000000,1.495764061332245E+00,-4.965222199979545E+00,-1.294723380310978E-02,7.131150039272767E-03,2.531277450773862E-03,-1.702041220934009E-04
2450336.500000000,1.637749336222435E+00,-4.912495734575827E+00,-1.634515806917371E-02,7.064715729432618E-03,2.740998871099257E-03,-1.695899361042105E-04
2450356.500000000,1.778336691534160E+00,-4.855579571198657E+00,-1.972915088177779E-02,6.992707082918056E-03,2.950199061135263E-03,-1.687897539361273E-04
2450376.500000000,1.917400200856035E+00,-4.794503490905754E+00,-2.309622314447843E-02,6.913457496728025E-03,3.157953184000294E-03,-1.678525531854142E-04
2450396.500000000,2.054813141696675E+00,-4.729301174553197E+00,-2.644341007828888E-02,6.827544749344792E-03,3.361982911843249E-03,-1.668331372027962E-04
2450416.500000000,2.190450978814273E+00,-4.660011762628590E+00,-2.976773701840713E-02,6.735143994587673E-03,3.565410452904950E-03,-1.656184990155390E-04
2450436.500000000,2.324188460608058E+00,-4.586680104009902E+00,-3.306629040013104E-02,6.636726209585790E-03,3.767685139618700E-03,-1.642111037786138E-04
2450456.500000000,2.455900173502185E+00,-4.509353252378643E+00,-3.633611142738004E-02,6.532643513092833E-03,3.965430711431831E-03,-1.627228917649627E-04
2450476.500000000,2.585463884963862E+00,-4.428080532551945E+00,-3.957415300828206E-02,6.423200321634196E-03,4.161059045552824E-03,-1.610615893196545E-04
2450496.500000000,2.712756483952534E+00,-4.342915058559427E+00,-4.277735726653265E-02,6.306600498544066E-03,4.354792928667902E-03,-1.592237300179934E-04
2450516.500000000,2.837655057659985E+00,-4.253915899764962E+00,-4.594275058204152E-02,6.182065310573976E-03,4.544521017191975E-03,-1.572955298410341E-04
2450536.500000000,2.960039305228403E+00,-4.161149322594166E+00,-4.906745486232465E-02,6.053582198650255E-03,4.731341163962081E-03,-1.551822881581963E-04
2450556.500000000,3.079790060610499E+00,-4.064683072675124E+00,-5.214855793998369E-02,5.920539494537155E-03,4.915087247645793E-03,-1.528872388584895E-04
2450576.500000000,3.196790250904985E+00,-3.964585651982084E+00,-5.518304292139693E-02,5.779602718087245E-03,5.094531893809848E-03,-1.505031118677709E-04
2450596.500000000,3.310924297068230E+00,-3.860932033531845E+00,-5.816799155611665E-02,5.633171146608677E-03,5.269751102900361E-03,-1.479828288861387E-04
2450616.500000000,3.422077839374753E+00,-3.753802014236054E+00,-6.110056243694471E-02,5.481325466904330E-03,5.441720550349179E-03,-1.452800617421355E-04
2450636.500000000,3.530138883340791E+00,-3.643280053851795E+00,-6.397796621702473E-02,5.323011863092290E-03,5.610179404359843E-03,-1.424299179729456E-04
2450656.500000000,3.634997152086514E+00,-3.529454495774529E+00,-6.679745277218990E-02,5.160986830777724E-03,5.772591683276793E-03,-1.394730144883798E-04
2450676.500000000,3.736545699221978E+00,-3.412413939500436E+00,-6.955613494942217E-02,4.994039643363226E-03,5.930179059254692E-03,-1.363755438916508E-04
2450696.500000000,3.834680067327817E+00,-3.292251389117750E+00,-7.225116271138569E-02,4.819812814838917E-03,6.084704997391460E-03,-1.331086910481458E-04
2450716.500000000,3.929295720061248E+00,-3.169067184871941E+00,-7.487988982025078E-02,4.640278601279040E-03,6.233091789502308E-03,-1.297441304543971E-04
2450736.500000000,4.020292558005267E+00,-3.042965894494252E+00,-7.743973180206430E-02,4.457254506981988E-03,6.375976795603666E-03,-1.262395222747274E-04
2450756.500000000,4.107574502447740E+00,-2.914054272858122E+00,-7.992805580802151E-02,4.270199625094191E-03,6.514726711808927E-03,-1.225533111455168E-04
2450776.500000000,4.191047320007543E+00,-2.782440489122916E+00,-8.234223590650248E-02,4.077409953151931E-03,6.646286454655471E-03,-1.188094588085521E-04
2450796.500000000,4.270621575556045E+00,-2.648237088341950E+00,-8.467973038708565E-02,3.879640708774828E-03,6.772045882910849E-03,-1.149536573430000E-04
2450816.500000000,4.346210596635224E+00,-2.511562694800235E+00,-8.693818879522662E-02,3.678307018613073E-03,6.893816320010261E-03,-1.108984487026831E-04
2450836.500000000,4.417729801164900E+00,-2.372538291301273E+00,-8.911532970868948E-02,3.472289699646845E-03,7.008579694587252E-03,-1.067672867449149E-04
2450856.500000000,4.485100293223353E+00,-2.231287529345188E+00,-9.120886863649613E-02,3.263345675652844E-03,7.115993018097385E-03,-1.025577107902025E-04
2450876.500000000,4.548247503895535E+00,-2.087935361911574E+00,-9.321652725053578E-02,3.051822570426554E-03,7.217633505961157E-03,-9.819720616580629E-05
2450896.500000000,4.607099820471598E+00,-1.942608370864856E+00,-9.513608337697491E-02,2.834167139940971E-03,7.313397684630712E-03,-9.374384796271007E-05
2450916.500000000,4.661588942651756E+00,-1.795439989717460E+00,-9.696554693695489E-02,2.613092747550689E-03,7.402372816149320E-03,-8.919964600269128E-05
2450936.500000000,4.711649908854926E+00,-1.646566902780463E+00,-9.870300469411644E-02,2.391392559905092E-03,7.484098789797588E-03,-8.453376478994779E-05
2450956.500000000,4.757223822514504E+00,-1.496125294160482E+00,-1.003464907439635E-01,2.166065720965556E-03,7.559327045416789E-03,-7.977392413378772E-05
2450976.500000000,4.798256485380265E+00,-1.344254066429922E+00,-1.018941408970047E-01,1.937415908447340E-03,7.626853568936940E-03,-7.496214449008914E-05
2450996.500000000,4.834697935595775E+00,-1.191094721547706E+00,-1.033442478678077E-01,1.706729038730403E-03,7.686825929722681E-03,-7.007013663460781E-05
2451016.500000000,4.866503240454561E+00,-1.036791705388973E+00,-1.046952175467393E-01,1.473249989158462E-03,7.741682705091058E-03,-6.503588510788297E-05
2451036.500000000,4.893630203665642E+00,-8.814930374854716E-01,-1.059456303097422E-01,1.238217297075796E-03,7.788367472378809E-03,-5.995522483630091E-05
2451056.500000000,4.916043195160402E+00,-7.253464558359487E-01,-1.070940988187538E-01,1.002545474392392E-03,7.825499456631101E-03,-5.486786026757604E-05
2451076.500000000,4.933714580529220E+00,-5.684997095710227E-01,-1.081392649775206E-01,7.654371910636920E-04,7.856927734559042E-03,-4.966128491428372E-05
2451096.500000000,4.946619161064890E+00,-4.111019122062987E-01,-1.090799336786033E-01,5.257144454068097E-04,7.881313485454147E-03,-4.439681871726146E-05
2451116.500000000,4.954735551194896E+00,-2.533048894867082E-01,-1.099150615645174E-01,2.847837725522815E-04,7.897132370078212E-03,-3.911982494552765E-05
2451136.500000000,4.958048406461297E+00,-9.526302855298480E-02,-1.106437365829737E-01,4.537190650717631E-05,7.906121808537472E-03,-3.374148854592741E-05
2451156.500000000,4.956547378458581E+00,6.287121450320214E-02,-1.112650759775397E-01,-1.947371632631039E-04,7.906838877736124E-03,-2.834629543314664E-05
2451176.500000000,4.950229511554263E+00,2.209458988752689E-01,-1.117782784651393E-01,-4.364418133787198E-04,7.899011074745360E-03,-2.297272806137828E-05
2451196.500000000,4.939096725508084E+00,3.788069191337978E-01,-1.121827064901666E-01,-6.768328859981375E-04,7.884614421996920E-03,-1.751202292915339E-05
2451216.500000000,4.923153920300646E+00,5.363002556608659E-01,-1.124778702162617E-01,-9.173411356426283E-04,7.863410998391980E-03,-1.200025147507178E-05
2451236.500000000,4.902411586103223E+00,6.932707883493152E-01,-1.126634451060824E-01,-1.157656770157977E-03,7.833665008687039E-03,-6.518706681902461E-06
2451256.500000000,4.876887048551382E+00,8.495637050327957E-01,-1.127392427078611E-01,-1.394866397751941E-03,7.794777393018043E-03,-1.050795357383374E-06
2451276.500000000,4.846605195073613E+00,1.005028498550737E+00,-1.127050596159470E-01,-1.631698315483145E-03,7.749302672337540E-03,4.447645009356856E-06
2451296.500000000,4.811594863959218E+00,1.159514179661897E+00,-1.125608561873813E-01,-1.868779768927784E-03,7.697542308405475E-03,9.958513018226794E-06
2451316.500000000,4.771887107791274E+00,1.312868440340265E+00,-1.123068387384887E-01,-2.102805346277950E-03,7.637019499465283E-03,1.543849451647436E-05
2451336.500000000,4.727519701718703E+00,1.464941115566077E+00,-1.119432824082699E-01,-2.333980093219514E-03,7.569358962846946E-03,2.092347158800712E-05
2451356.500000000,4.678536744939657E+00,1.615584110147667E+00,-1.114705478562285E-01,-2.563344695617979E-03,7.494492717624897E-03,2.638116808152193E-05
2451376.500000000,4.624987278418673E+00,1.764652099996693E+00,-1.108890545313508E-01,-2.790641581286754E-03,7.410681395030567E-03,3.175305497432542E-05
2451396.500000000,4.566926378609471E+00,1.912000876204307E+00,-1.101993421588506E-01,-3.015019731471017E-03,7.321444933863969E-03,3.715649497801185E-05
2451416.500000000,4.504410996059139E+00,2.057486480764981E+00,-1.094021657337108E-01,-3.236256377129781E-03,7.226432546955973E-03,4.256839675694982E-05
2451436.500000000,4.437502283711570E+00,2.200967356046909E+00,-1.084984372879360E-01,-3.454573385836660E-03,7.122010902134933E-03,4.784432836362192E-05
2451456.500000000,4.366270218562692E+00,2.342304483658580E+00,-1.074891164359195E-01,-3.668150906568626E-03,7.010421099489650E-03,5.307129262088714E-05
2451476.500000000,4.290789792529200E+00,2.481362939374706E+00,-1.063752225123181E-01,-3.878068997302630E-03,6.893375863631576E-03,5.828852233084915E-05
2451496.500000000,4.211139181553876E+00,2.618011107924997E+00,-1.051579163468926E-01,-4.086121925477485E-03,6.769878376375382E-03,6.341757501441197E-05
2451516.500000000,4.127399964953036E+00,2.752117155041455E+00,-1.038386080440596E-01,-4.288421451615422E-03,6.639955816970080E-03,6.849316326337319E-05
2451536.500000000,4.039657661584805E+00,2.883553825363091E+00,-1.024187839050286E-01,-4.485002182368887E-03,6.503500510445340E-03,7.350661152987016E-05
2451556.500000000,3.948004015997195E+00,3.012199191492646E+00,-1.008999100979982E-01,-4.678806700437047E-03,6.360509964671037E-03,7.839557312057614E-05
2451576.500000000,3.852535521134564E+00,3.137933322018498E+00,-9.928358709234027E-02,-4.867275922644613E-03,6.211209297187876E-03,8.319290182799706E-05
2451596.500000000,3.753351316866668E+00,3.260640763212243E+00,-9.757150788805026E-02,-5.050192124161291E-03,6.057293284604039E-03,8.795468398079967E-05
2451616.500000000,3.650552855916590E+00,3.380209165336348E+00,-9.576551514432972E-02,-5.229016695416405E-03,5.899206993792880E-03,9.264882038967615E-05
2451636.500000000,3.544243480554148E+00,3.496528508295727E+00,-9.386758630920214E-02,-5.401636252627301E-03,5.733542924031284E-03,9.717755782588324E-05
2451656.500000000,3.434533134390069E+00,3.609494290750566E+00,-9.187969344321148E-02,-5.568062264324811E-03,5.561792853487777E-03,1.015847486451559E-04
2451676.500000000,3.321537065615346E+00,3.719006420898989E+00,-8.980386545654363E-02,-5.729765967621296E-03,5.387415092484509E-03,1.059481824190089E-04
2451696.500000000,3.205370255151907E+00,3.824968205612901E+00,-8.764232633461430E-02,-5.886176101815510E-03,5.207906610550017E-03,1.101790470782909E-04
2451716.500000000,3.086150147353657E+00,3.927287032333669E+00,-8.539740321562714E-02,-6.035755991263499E-03,5.023432126781789E-03,1.142898322992974E-04
2451736.500000000,2.963997254083568E+00,4.025874249696311E+00,-8.307147694543870E-02,-6.178359244315951E-03,4.835460906507791E-03,1.183157251285123E-04
2451756.500000000,2.839034925820836E+00,4.120647094782989E+00,-8.066695788274554E-02,-6.316000282982442E-03,4.641785359656641E-03,1.221466135037524E-04
2451776.500000000,2.711391587352350E+00,4.211526903583476E+00,-7.818631489322644E-02,-6.447472564986939E-03,4.444269193066560E-03,1.258464977468359E-04
2451796.500000000,2.581196315165204E+00,4.298439065324589E+00,-7.563212382818074E-02,-6.571201420271646E-03,4.245336645797246E-03,1.295114201338857E-04
2451816.500000000,2.448576505793903E+00,4.381314937544352E+00,-7.300698640672146E-02,-6.689609371899162E-03,4.042742155687659E-03,1.330200412268997E-04
2451836.500000000,2.313662237188943E+00,4.460088573317560E+00,-7.031359321474337E-02,-6.801252369723711E-03,3.835376324778973E-03,1.363343339761950E-04
2451856.500000000,2.176587221876372E+00,4.534698474718377E+00,-6.755466380462757E-02,-6.904701510382169E-03,3.624747296176308E-03,1.395239963794668E-04
2451876.500000000,2.037488247516687E+00,4.605089894508604E+00,-6.473291507869255E-02,-7.003209639487732E-03,3.412763480596981E-03,1.425970502121162E-04
2451896.500000000,1.896501548097379E+00,4.671211123787872E+00,-6.185118055497649E-02,-7.095144879366058E-03,3.198798719480812E-03,1.455361409683221E-04
2451916.500000000,1.753761770822870E+00,4.733014858346146E+00,-5.891237228867618E-02,-7.178316190258495E-03,2.981777403176511E-03,1.483314848755376E-04
2451936.500000000,1.609406106750191E+00,4.790459871375049E+00,-5.591938293621730E-02,-7.255412155015699E-03,2.763137892343058E-03,1.509793921981199E-04
2451956.500000000,1.463573690551580E+00,4.843508287272736E+00,-5.287518964450890E-02,-7.326308276662845E-03,2.541887350463260E-03,1.534331721742212E-04
2451976.500000000,1.316405343813080E+00,4.892127772064643E+00,-4.978278105787394E-02,-7.389600768188998E-03,2.318514066523102E-03,1.557311579524457E-04
2451996.500000000,1.168041880942782E+00,4.936291526013805E+00,-4.664511364889379E-02,-7.445811545984739E-03,2.096587899928444E-03,1.579723155693772E-04
2452016.500000000,1.018619841091576E+00,4.975976744822351E+00,-4.346522604792618E-02,-7.495329138985229E-03,1.873277878399973E-03,1.600434864358784E-04
2452036.500000000,8.682761971522579E-01,5.011165174185773E+00,-4.024616610902627E-02,-7.537921800052106E-03,1.646514747511272E-03,1.618732037444412E-04
2452056.500000000,7.171519425829024E-01,5.041842229009784E+00,-3.699097745724510E-02,-7.572979041982571E-03,1.420260578596682E-03,1.635944006681220E-04
2452076.500000000,5.653866985005455E-01,5.067998654632337E+00,-3.370267127780838E-02,-7.601935036495672E-03,1.194549336304699E-03,1.651877934394022E-04
2452096.500000000,4.131181212533226E-01,5.089629673894053E+00,-3.038428133512404E-02,-7.624589809808485E-03,9.683054967952229E-04,1.666086222360557E-04
2452116.500000000,2.604821656024558E-01,5.106733322648530E+00,-2.703890479553114E-02,-7.638446108202324E-03,7.425992046127881E-04,1.679150690819607E-04
2452136.500000000,1.076137029597808E-01,5.119313206078305E+00,-2.366962875239302E-02,-7.646178695177734E-03,5.164925330441637E-04,1.690370661617114E-04
2452156.500000000,-4.535015820830702E-02,5.127376728551949E+00,-2.027952478374604E-02,-7.648840993299186E-03,2.899029293006151E-04,1.699481681802123E-04
2452176.500000000,-1.982724305963602E-01,5.130933866763798E+00,-1.687168334733498E-02,-7.642995409806432E-03,6.459295839592798E-05,1.707514990223635E-04
2452196.500000000,-3.510190951445368E-01,5.130001310330763E+00,-1.344913316919390E-02,-7.630500245528169E-03,-1.583117533204046E-04,1.714590380872580E-04
2452216.500000000,-5.034593173694536E-01,5.124599378971307E+00,-1.001493253126021E-02,-7.612524381366844E-03,-3.803115331757122E-04,1.719853085371897E-04
2452236.500000000,-6.554637261394586E-01,5.114750909287206E+00,-6.572177388724816E-03,-7.586831371617387E-03,-6.032807379559127E-04,1.722987348239172E-04
2452256.500000000,-8.069011704357862E-01,5.100483933392335E+00,-3.123823166434603E-03,-7.555123216417161E-03,-8.242091423594452E-04,1.724832780936022E-04
2452276.500000000,-9.576417700484038E-01,5.081829229298451E+00,3.271809410081901E-04,-7.518044451886047E-03,-1.041772986950358E-03,1.725628551552797E-04
2452296.500000000,-1.107560639928212E+00,5.058821134590491E+00,3.777863409299826E-03,-7.473729097897362E-03,-1.258573675655341E-03,1.724739497259770E-04
2452316.500000000,-1.256534397154619E+00,5.031498569922910E+00,7.225292678697755E-03,-7.422601615431237E-03,-1.473011694015474E-03,1.722592950270623E-04
2452336.500000000,-1.404441544474280E+00,4.999903270952811E+00,1.066656544057940E-02,-7.366151815668570E-03,-1.685109914424017E-03,1.718921870245315E-04
2452356.500000000,-1.551161631546663E+00,4.964079732559058E+00,1.409880058889186E-02,-7.304689078197574E-03,-1.896913224623231E-03,1.713041640590722E-04
2452376.500000000,-1.696573261220827E+00,4.924074958466325E+00,1.751914453610088E-02,-7.236360622694579E-03,-2.104830721537153E-03,1.706365073179470E-04
2452396.500000000,-1.840559815861289E+00,4.879940053731703E+00,2.092475504579510E-02,-7.161469969942593E-03,-2.308279387668738E-03,1.698984581280453E-04
2452416.500000000,-1.983009311558141E+00,4.831731099301178E+00,2.431283938045968E-02,-7.082243100125080E-03,-2.510659067488230E-03,1.689446492480704E-04
2452436.500000000,-2.123810056974260E+00,4.779505169277364E+00,2.768063774824311E-02,-6.996873089781909E-03,-2.711013891719822E-03,1.678270525133336E-04
2452456.500000000,-2.262851427896808E+00,4.723321917339748E+00,3.102544830977413E-02,-6.905747487756787E-03,-2.907597413906128E-03,1.666082517273126E-04
2452476.500000000,-2.400024766734325E+00,4.663244584227529E+00,3.434463818207383E-02,-6.810982205047765E-03,-3.100333066081440E-03,1.652600651246074E-04
2452496.500000000,-2.535225268852983E+00,4.599337815590177E+00,3.763554841495195E-02,-6.709465717615950E-03,-3.289670964683039E-03,1.637992721388310E-04
2452516.500000000,-2.668352685847341E+00,4.531670868197312E+00,4.089564560729670E-02,-6.601880512486035E-03,-3.475811610876448E-03,1.622194274945279E-04
2452536.500000000,-2.799308004034334E+00,4.460315396235055E+00,4.412246850311837E-02,-6.491683214672857E-03,-3.658444723129553E-03,1.604817755978509E-04
2452556.500000000,-2.927993572630504E+00,4.385341982098609E+00,4.731350016374891E-02,-6.376494936961034E-03,-3.838486866302206E-03,1.585848881433397E-04
2452576.500000000,-3.054312846934355E+00,4.306824284750789E+00,5.046627908134847E-02,-6.255344376867030E-03,-4.014107111519623E-03,1.566119626338752E-04
2452596.500000000,-3.178172478104225E+00,4.224839999609573E+00,5.357843893870162E-02,-6.130006642165719E-03,-4.183672191537630E-03,1.545866853456133E-04
2452616.500000000,-3.299485316782820E+00,4.139468870294617E+00,5.664763497040050E-02,-6.000318129226913E-03,-4.351098020927748E-03,1.523756233251565E-04
2452636.500000000,-3.418164679811305E+00,4.050792603729421E+00,5.967158501884912E-02,-5.866368780342491E-03,-4.515823011276207E-03,1.500062262742736E-04
2452656.500000000,-3.534123773608112E+00,3.958893243061328E+00,6.264802988562609E-02,-5.728569076009269E-03,-4.674384726305537E-03,1.475875756715265E-04
2452676.500000000,-3.647280101984901E+00,3.863855054682748E+00,6.557473729099836E-02,-5.587032051747879E-03,-4.828916878845350E-03,1.450494784131270E-04
2452696.500000000,-3.757554418948549E+00,3.765765547349654E+00,6.844960410141460E-02,-5.440714147135587E-03,-4.979372346642241E-03,1.424082144065164E-04
2452716.500000000,-3.864871505139548E+00,3.664714142541919E+00,7.127060101551970E-02,-5.289720106715070E-03,-5.124411801914684E-03,1.397061387375198E-04
2452736.500000000,-3.969159786361173E+00,3.560792099432851E+00,7.403575684425420E-02,-5.137197109478268E-03,-5.266226159294875E-03,1.368360065900338E-04
2452756.500000000,-4.070347265954401E+00,3.454089260383678E+00,7.674306995268956E-02,-4.981648037773352E-03,-5.404007829458071E-03,1.338439981995553E-04
2452776.500000000,-4.168364405577178E+00,3.344696305501351E+00,7.939059949006884E-02,-4.820494853988230E-03,-5.535619968872522E-03,1.308414883100150E-04
2452796.500000000,-4.263146579035607E+00,3.232708714769601E+00,8.197655742411336E-02,-4.656963869467508E-03,-5.661951379114755E-03,1.277594527824391E-04
2452816.500000000,-4.354632693347374E+00,3.118222447582285E+00,8.449916691629589E-02,-4.490958865855462E-03,-5.784657643915905E-03,1.245342299733832E-04
2452836.500000000,-4.442763693052443E+00,3.001333115293004E+00,8.695664487851139E-02,-4.321050240188353E-03,-5.903501303253847E-03,1.212019623081329E-04
2452856.500000000,-4.527480602464675E+00,2.882137946096915E+00,8.934729130297439E-02,-4.149794982460081E-03,-6.016189772141148E-03,1.178176669587731E-04
2452876.500000000,-4.608727849050313E+00,2.760733719265760E+00,9.166943149069327E-02,-3.975731308876298E-03,-6.123506705005015E-03,1.143653170437507E-04
2452896.500000000,-4.686454549270584E+00,2.637220003056660E+00,9.392149163528118E-02,-3.797190739915301E-03,-6.226808190404988E-03,1.108285407759630E-04
2452916.500000000,-4.760612125129008E+00,2.511699393858716E+00,9.610203601728369E-02,-3.617017098313956E-03,-6.324107409168610E-03,1.072413734020675E-04
2452936.500000000,-4.831155376871203E+00,2.384273066923386E+00,9.820959599345772E-02,-3.436055301100384E-03,-6.416946700720874E-03,1.035384056359425E-04
2452956.500000000,-4.898040738695956E+00,2.255041545058398E+00,1.002427549847947E-01,-3.252811157733594E-03,-6.506072204161582E-03,9.972900912562977E-05
2452976.500000000,-4.961225387369343E+00,2.124105811677730E+00,1.022001835759999E-01,-3.066336781600644E-03,-6.587790767955865E-03,9.595219085867726E-05
2452996.500000000,-5.020672354309266E+00,1.991569295185844E+00,1.040806366558171E-01,-2.877932177552043E-03,-6.664085129260925E-03,9.211954352148664E-05
2453016.500000000,-5.076347884531542E+00,1.857537200097104E+00,1.058829257070183E-01,-2.688743628134250E-03,-6.737352263358145E-03,8.813966883858730E-05
2453036.500000000,-5.128218393448454E+00,1.722113079833849E+00,1.076058734505622E-01,-2.497553532847572E-03,-6.804723913774842E-03,8.413148831813877E-05
2453056.500000000,-5.176253372515633E+00,1.585400283932692E+00,1.092483470511130E-01,-2.305546250027819E-03,-6.866181146340981E-03,8.008877689794858E-05
2453076.500000000,-5.220424466666287E+00,1.447502777375370E+00,1.108092629529554E-01,-2.112616891776786E-03,-6.922795876870889E-03,7.597653878486349E-05
2453096.500000000,-5.260706427334574E+00,1.308525306294855E+00,1.122875951247127E-01,-1.916077935715882E-03,-6.973886809941814E-03,7.184875074072211E-05
2453116.500000000,-5.297077951919035E+00,1.168576225147201E+00,1.136824587548931E-01,-1.719280058627200E-03,-7.019652482176638E-03,6.766827139176590E-05
2453136.500000000,-5.329519781064247E+00,1.027762588145315E+00,1.149930137541357E-01,-1.524046241161423E-03,-7.060585100015294E-03,6.339726337107448E-05
2453156.500000000,-5.358014929994595E+00,8.861878007768333E-01,1.162183730068736E-01,-1.326484580341659E-03,-7.096653046019454E-03,5.909207866429722E-05
2453176.500000000,-5.382548537531632E+00,7.439573666759742E-01,1.173577868951338E-01,-1.127402900325443E-03,-7.126244675305537E-03,5.481015607817677E-05
2453196.500000000,-5.403109049588670E+00,6.011783056756050E-01,1.184105854880447E-01,-9.285120387380912E-04,-7.149933008817856E-03,5.050005957759093E-05
2453216.500000000,-5.419689386926254E+00,4.579577883721632E-01,1.193761608793170E-01,-7.288638852675452E-04,-7.170408773711442E-03,4.608859078553339E-05
2453236.500000000,-5.432282939276493E+00,3.144024486362541E-01,1.202539788872218E-01,-5.296153887361607E-04,-7.185123234684926E-03,4.166563774434370E-05
2453256.500000000,-5.440885016977274E+00,1.706160965799078E-01,1.210434682222406E-01,-3.309556806727205E-04,-7.193002697596066E-03,3.726109537501060E-05
2453276.500000000,-5.445494694193566E+00,2.670244708771748E-02,1.217440720790932E-01,-1.313355320523990E-04,-7.197120324585721E-03,3.279166482358884E-05
2453296.500000000,-5.446111769122858E+00,-1.172321360483907E-01,1.223553842404881E-01,6.939422116723403E-05,-7.195584375826875E-03,2.833245185943439E-05
2453316.500000000,-5.442739935950052E+00,-2.610803902643175E-01,1.228771054238981E-01,2.692540198050587E-04,-7.187893056937850E-03,2.387409196074936E-05
2453336.500000000,-5.435386335911483E+00,-4.047362472098553E-01,1.233089439927212E-01,4.667254771456429E-04,-7.176610160109535E-03,1.932039089426750E-05
2453356.500000000,-5.424058141994776E+00,-5.480970934379217E-01,1.236505807256468E-01,6.646880235792785E-04,-7.159563015724811E-03,1.478912419720558E-05
2453376.500000000,-5.408765659314806E+00,-6.910598231837143E-01,1.239017679142711E-01,8.637571449918466E-04,-7.135954373688029E-03,1.031734195655072E-05
2453396.500000000,-5.389522983866831E+00,-8.335178350348936E-01,1.240624601369728E-01,1.060810992369034E-03,-7.108069007439384E-03,5.792424202445751E-06
2453416.500000000,-5.366346339748119E+00,-9.753661420627612E-01,1.241326460791804E-01,1.257169639885885E-03,-7.075701840539421E-03,1.239544317982716E-06
2453436.500000000,-5.339254703001846E+00,-1.116501439895941E+00,1.241123322155169E-01,1.452662758243327E-03,-7.037672120445834E-03,-3.288718528211819E-06
2453456.500000000,-5.308268587476331E+00,-1.256821990790662E+00,1.240015217863368E-01,1.645338083760498E-03,-6.993805817983087E-03,-7.806947192551055E-06
2453476.500000000,-5.273411032110030E+00,-1.396228058610153E+00,1.238002211598800E-01,1.838527081973641E-03,-6.945494098776196E-03,-1.232490603596909E-05
2453496.500000000,-5.234707734846175E+00,-1.534616959114033E+00,1.235086286971474E-01,2.031910342998641E-03,-6.892490716800506E-03,-1.682516846529995E-05
2453516.500000000,-5.192186159265625E+00,-1.671884940193475E+00,1.231270468818454E-01,2.221632314654478E-03,-6.833414252373552E-03,-2.130633203324754E-05
2453536.500000000,-5.145877536649646E+00,-1.807932479082610E+00,1.226556792950340E-01,2.409065757888258E-03,-6.770343824420348E-03,-2.582393473459375E-05
2453556.500000000,-5.095814216106875E+00,-1.942661654488574E+00,1.220947492248306E-01,2.595897405669063E-03,-6.702546775279298E-03,-3.031117747402291E-05
2453576.500000000,-5.042030078425718E+00,-2.075974271127749E+00,1.214446173739385E-01,2.781532449462185E-03,-6.627899333170230E-03,-3.470308561257416E-05
2453596.500000000,-4.984563794878444E+00,-2.207771007410605E+00,1.207057570256011E-01,2.965130055474345E-03,-6.549788185944797E-03,-3.913008132183282E-05
2453616.500000000,-4.923455444860931E+00,-2.337952447863012E+00,1.198787423249996E-01,3.146182302987623E-03,-6.467899759498377E-03,-4.357033150912725E-05
2453636.500000000,-4.858746583964274E+00,-2.466422738190895E+00,1.189641075563489E-01,3.324845692822881E-03,-6.379199186959463E-03,-4.791349113139150E-05
2453656.500000000,-4.790483058703456E+00,-2.593087963872617E+00,1.179624076360402E-01,3.500515415627173E-03,-6.286200343900648E-03,-5.224803543261098E-05
2453676.500000000,-4.718711636142606E+00,-2.717855211705265E+00,1.168742760039841E-01,3.674765566204028E-03,-6.189468589369898E-03,-5.656604891491907E-05
2453696.500000000,-4.643480698068525E+00,-2.840631041051036E+00,1.157004615878568E-01,3.848296148381001E-03,-6.087307366125733E-03,-6.079997970686394E-05
2453716.500000000,-4.564841911195240E+00,-2.961320611634744E+00,1.144418100349864E-01,4.016967355040916E-03,-5.980774729762589E-03,-6.503182720384574E-05
2453736.500000000,-4.482848374234359E+00,-3.079833180747829E+00,1.130990965689406E-01,4.181676329067148E-03,-5.870058421008066E-03,-6.924914512700992E-05
2453756.500000000,-4.397555886252082E+00,-3.196081495495906E+00,1.116730929518746E-01,4.345836405632470E-03,-5.754448033311960E-03,-7.337639567165353E-05
2453776.500000000,-4.309022229212006E+00,-3.309976417331474E+00,1.101647311710271E-01,4.506836389912628E-03,-5.633944981437444E-03,-7.743865623768580E-05
2453796.500000000,-4.217307194292116E+00,-3.421429153647461E+00,1.085750230124004E-01,4.664337955269024E-03,-5.509796589116434E-03,-8.148912100191326E-05
2453816.500000000,-4.122473311191010E+00,-3.530351783827386E+00,1.069050327925679E-01,4.819352965497829E-03,-5.382205391037264E-03,-8.550846125944700E-05
2453836.500000000,-4.024584904488775E+00,-3.636657874886562E+00,1.051559108016241E-01,4.969578789379149E-03,-5.248683465361943E-03,-8.942225092369516E-05
2453856.500000000,-3.923710122886492E+00,-3.740265756061888E+00,1.033287465827682E-01,5.116190864245441E-03,-5.110827437554553E-03,-9.327665308845771E-05
2453876.500000000,-3.819919545648451E+00,-3.841094503313986E+00,1.014247166909854E-01,5.261148319924434E-03,-4.970808964488295E-03,-9.711035378788946E-05
2453896.500000000,-3.713283121172085E+00,-3.939061951905987E+00,9.944515528283525E-02,5.402675323100315E-03,-4.825617228884649E-03,-1.008337779905221E-04
2453916.500000000,-3.603874506523620E+00,-4.034087295322917E+00,9.739143872094404E-02,5.538935047041250E-03,-4.676157684805213E-03,-1.045041584322086E-04
2453936.500000000,-3.491770539449166E+00,-4.126093138317662E+00,9.526493173384748E-02,5.670556499909404E-03,-4.524170389428109E-03,-1.081557691066273E-04
2453956.500000000,-3.377048550439092E+00,-4.215006100900517E+00,9.306697858230982E-02,5.799719428572062E-03,-4.366981468576201E-03,-1.116600816062097E-04
2453976.500000000,-3.259789091837878E+00,-4.300753016767755E+00,9.079900539968068E-02,5.925398005565238E-03,-4.206142298154187E-03,-1.150898052093503E-04
2453996.500000000,-3.140073553519428E+00,-4.383259587221280E+00,8.846257678634918E-02,6.045940393028803E-03,-4.043446421175735E-03,-1.185157795350464E-04
2454016.500000000,-3.017984440589398E+00,-4.462454090927979E+00,8.605932449748196E-02,6.162841967416993E-03,-3.876395860793140E-03,-1.218230461679006E-04
2454036.500000000,-2.893608580634541E+00,-4.538267229603225E+00,8.359090389527232E-02,6.274581018314485E-03,-3.704876148710426E-03,-1.250180787813668E-04
2454056.500000000,-2.767035217228551E+00,-4.610633249403129E+00,8.105896212909403E-02,6.380880903827607E-03,-3.530570717435792E-03,-1.281544415379263E-04
2454076.500000000,-2.638354722559830E+00,-4.679489401157016E+00,7.846516644514974E-02,6.485233578084804E-03,-3.353928320700588E-03,-1.312021639271239E-04
2454096.500000000,-2.507658501363086E+00,-4.744770660362065E+00,7.581142531124714E-02,6.584884077085998E-03,-3.173934991184936E-03,-1.341474380990475E-04
2454116.500000000,-2.375039814654470E+00,-4.806414162940941E+00,7.309969978633769E-02,6.677271963380068E-03,-2.990266595007362E-03,-1.370066455995066E-04
2454136.500000000,-2.240595832611440E+00,-4.864362938093386E+00,7.033184471673756E-02,6.765600140440020E-03,-2.804405051007081E-03,-1.397841774254964E-04
2454156.500000000,-2.104424960649311E+00,-4.918562162162561E+00,6.750975329151043E-02,6.849895518684642E-03,-2.615248117712459E-03,-1.424259068019692E-04
2454176.500000000,-1.966626393631105E+00,-4.968958412687890E+00,6.463539076556238E-02,6.928920846794520E-03,-2.422965583844890E-03,-1.449567687918209E-04
2454196.500000000,-1.827301622478951E+00,-5.015499106168931E+00,6.171084186698460E-02,7.003129851069023E-03,-2.230234081604257E-03,-1.474588741352333E-04
2454216.500000000,-1.686552127934291E+00,-5.058132963711269E+00,5.873828828709377E-02,7.071752525023393E-03,-2.034191782558962E-03,-1.498209272628289E-04
2454236.500000000,-1.544482919148368E+00,-5.096813465546728E+00,5.571985192841613E-02,7.134377388177128E-03,-1.833821583865572E-03,-1.520149696275015E-04
2454256.500000000,-1.401203005079113E+00,-5.131497571435833E+00,5.265763299394755E-02,7.191655783403013E-03,-1.633139920468942E-03,-1.541641006311010E-04
2454276.500000000,-1.256820386903363E+00,-5.162144028342991E+00,4.955387782250337E-02,7.244925785398302E-03,-1.430947524494988E-03,-1.561923077072609E-04
2454296.500000000,-1.111444144604515E+00,-5.188712657988797E+00,4.641096890878751E-02,7.292929438354297E-03,-1.225813332878583E-03,-1.580681116623514E-04
2454316.500000000,-9.651862348794158E-01,-5.211165016472684E+00,4.323135533761849E-02,7.332939190573753E-03,-1.019524686652827E-03,-1.598757239241136E-04
2454336.500000000,-8.181599784669360E-01,-5.229469166207105E+00,4.001737695831899E-02,7.367743360213880E-03,-8.112288802373568E-04,-1.615372995248417E-04
2454356.500000000,-6.704813651169191E-01,-5.243596703506527E+00,3.677139572925776E-02,7.398499460105198E-03,-6.008871251443426E-04,-1.630332782659778E-04
2454376.500000000,-5.222670010522065E-01,-5.253519800087457E+00,3.349592333447538E-02,7.422183095764635E-03,-3.901821527715648E-04,-1.644517206009541E-04
2454396.500000000,-3.736327227129241E-01,-5.259214187406403E+00,3.019350195579897E-02,7.440386732543585E-03,-1.791574810989726E-04,-1.657691042066555E-04
2454416.500000000,-2.246958318672227E-01,-5.260657823199648E+00,2.686672289981290E-02,7.453120776183300E-03,3.363138619233965E-05,-1.669255767058983E-04
2454436.500000000,-7.557559307669787E-02,-5.257831953855093E+00,2.351816534398132E-02,7.457984799345516E-03,2.487947645853590E-04,-1.679179597820321E-04
2454456.500000000,7.360560726977128E-02,-5.250723707932535E+00,2.015035915921317E-02,7.457761756156541E-03,4.634145881583230E-04,-1.688116642614946E-04
2454476.500000000,2.227257072023769E-01,-5.239321570897028E+00,1.676597494183195E-02,7.453059129562453E-03,6.772036908221988E-04,-1.695945652304366E-04
2454496.500000000,3.716643413445460E-01,-5.223615261365801E+00,1.336782125292935E-02,7.440977881478851E-03,8.928755067658600E-04,-1.702014274116690E-04
2454516.500000000,5.202981445665792E-01,-5.203599050785999E+00,9.958656073174046E-03,7.421766020055899E-03,1.108463298365243E-03,-1.706978799227997E-04
2454536.500000000,6.685018064706779E-01,-5.179271433228370E+00,6.541254450426173E-03,7.396802800582061E-03,1.323722211022870E-03,-1.710514875760252E-04
2454556.500000000,8.161493877531575E-01,-5.150635693855079E+00,3.118397722939479E-03,7.366346324353318E-03,1.540299294847113E-03,-1.711977533069542E-04
2454576.500000000,9.631135131450217E-01,-5.117697853342489E+00,-3.070773301143740E-04,7.329275786642745E-03,1.754790412891413E-03,-1.712720278933074E-04
2454596.500000000,1.109269489466024E+00,-5.080466540830559E+00,-3.732261629152389E-03,7.285592252410666E-03,1.967587559479951E-03,-1.712425543705720E-04
2454616.500000000,1.254492971957828E+00,-5.038954630933651E+00,-7.154256409558828E-03,7.236112331041278E-03,2.182007228013354E-03,-1.709783345921452E-04
2454636.500000000,1.398655446217578E+00,-4.993178597646235E+00,-1.057016219349878E-02,7.179124846539724E-03,2.395728598584687E-03,-1.705776833562986E-04
2454656.500000000,1.541628395871939E+00,-4.943160269073710E+00,-1.397712239302736E-02,7.115945012768955E-03,2.606965380767216E-03,-1.700715583235301E-04
2454676.500000000,1.683284943662001E+00,-4.888925450476024E+00,-1.737224536060302E-02,7.048570158014424E-03,2.816611927954394E-03,-1.694037719761871E-04
2454696.500000000,1.823499692832322E+00,-4.830500455212500E+00,-2.075250639908236E-02,6.973261131636257E-03,3.025082000684372E-03,-1.685984682213158E-04
2454716.500000000,1.962147108488063E+00,-4.767916617675747E+00,-2.411489058188790E-02,6.890316559094412E-03,3.232291862764916E-03,-1.676421862110251E-04
2454736.500000000,2.099099131352375E+00,-4.701211344619539E+00,-2.745645426805744E-02,6.802953626870785E-03,3.437683362788921E-03,-1.665089081454160E-04
2454756.500000000,2.234227892636913E+00,-4.630424822598369E+00,-3.077419383826081E-02,6.708919132070712E-03,3.641328121795574E-03,-1.652133510604658E-04
2454776.500000000,2.367407461225728E+00,-4.555602247036765E+00,-3.406513984333880E-02,6.608049459019926E-03,3.841668560705346E-03,-1.638129281825700E-04
2454796.500000000,2.498514046261680E+00,-4.476792098771771E+00,-3.732626671563091E-02,6.501858787429093E-03,4.038187141817476E-03,-1.622978040784988E-04
2454816.500000000,2.627425821146853E+00,-4.394045750807051E+00,-4.055449191435431E-02,6.388780692029422E-03,4.234329568497972E-03,-1.605526890966900E-04
2454836.500000000,2.754018518954818E+00,-4.307420643924966E+00,-4.374686847540826E-02,6.269051568026885E-03,4.428306085923091E-03,-1.586420221848945E-04
2454856.500000000,2.878167821369897E+00,-4.216978701746098E+00,-4.690049926796778E-02,6.144114948655766E-03,4.616620193408959E-03,-1.566627714076893E-04
2454876.500000000,2.999754945684293E+00,-4.122784969324393E+00,-5.001244352482739E-02,6.013876560913274E-03,4.802073763792217E-03,-1.545063690622610E-04
2454896.500000000,3.118662607395260E+00,-4.024907504038740E+00,-5.307971367122472E-02,5.876904804200394E-03,4.984670661970445E-03,-1.521962535712735E-04
2454916.500000000,3.234773980966516E+00,-3.923417969360532E+00,-5.609933790514465E-02,5.733074929662622E-03,5.162884962152948E-03,-1.497739167404273E-04
2454936.500000000,3.347973150547532E+00,-3.818393976151992E+00,-5.906844587797847E-02,5.584962658261957E-03,5.338500388926777E-03,-1.471365239715227E-04
2454956.500000000,3.458143939467422E+00,-3.709916667507618E+00,-6.198420233469330E-02,5.431457460077762E-03,5.509820600428920E-03,-1.443640797342167E-04
2454976.500000000,3.565174040269612E+00,-3.598070196227618E+00,-6.484371367568004E-02,5.270949438716859E-03,5.674903425256591E-03,-1.415311813566293E-04
2454996.500000000,3.668955853926291E+00,-3.482944271197041E+00,-6.764412765843703E-02,5.106230402532421E-03,5.835771026470809E-03,-1.385283863437681E-04
2455016.500000000,3.769382756417763E+00,-3.364631077846260E+00,-7.038259307788569E-02,4.936058023127426E-03,5.993528841873003E-03,-1.353327339984913E-04
2455036.500000000,3.866348741263672E+00,-3.243227332220997E+00,-7.305637806462539E-02,4.759258936824171E-03,6.146635980429346E-03,-1.320067709662601E-04
2455056.500000000,3.959749792289674E+00,-3.118835646283983E+00,-7.566288725538822E-02,4.579229065172312E-03,6.292952907104764E-03,-1.285851670581802E-04
2455076.500000000,4.049487171675530E+00,-2.991560205906369E+00,-7.819943884239909E-02,4.394536687664424E-03,6.433587793103118E-03,-1.250421039192161E-04
2455096.500000000,4.135467473398992E+00,-2.861508692220249E+00,-8.066339249309033E-02,4.203343102911517E-03,6.569905426259126E-03,-1.213497591710835E-04
2455116.500000000,4.217598332994187E+00,-2.728793585203260E+00,-8.305224935586882E-02,4.008314494642592E-03,6.700091768812765E-03,-1.175444755182648E-04
2455136.500000000,4.295789945157095E+00,-2.593529649530343E+00,-8.536356045243454E-02,3.809710043609342E-03,6.825088035942724E-03,-1.135807725046184E-04
2455156.500000000,4.369955227570683E+00,-2.455835258771268E+00,-8.759492794034456E-02,3.606426626160039E-03,6.944647930221654E-03,-1.094836932693292E-04
2455176.500000000,4.440010766333481E+00,-2.315832360921312E+00,-8.974400175218519E-02,3.398775190142469E-03,7.055465823068027E-03,-1.053705587125397E-04
2455196.500000000,4.505880690570184E+00,-2.173645814965648E+00,-9.180844612528895E-02,3.187582832894591E-03,7.160494370650976E-03,-1.011154753346401E-04
2455216.500000000,4.567491939582553E+00,-2.029403862256195E+00,-9.378605432243678E-02,2.972965351551919E-03,7.261664267422654E-03,-9.665927810726839E-05
2455236.500000000,4.624771539048946E+00,-1.883236755323170E+00,-9.567470476622648E-02,2.754148460410199E-03,7.354998700847892E-03,-9.215462883113141E-05
2455256.500000000,4.677651940452478E+00,-1.735278763905479E+00,-9.747237106968684E-02,2.532919548808603E-03,7.440495919341370E-03,-8.757212705674900E-05
2455276.500000000,4.726071669190800E+00,-1.585667025096302E+00,-9.917710398733057E-02,2.309370300195355E-03,7.519496994786164E-03,-8.287526750317918E-05
2455296.500000000,4.769974886814776E+00,-1.434539805062862E+00,-1.007870057518623E-01,2.081072041950869E-03,7.591351553389025E-03,-7.812003105585617E-05
2455316.500000000,4.809310623382372E+00,-1.282039069116336E+00,-1.023003623541335E-01,1.850988682472244E-03,7.656711937078640E-03,-7.324493683611280E-05
2455336.500000000,4.844029522982274E+00,-1.128308002385020E+00,-1.037155324484794E-01,1.620330239776142E-03,7.715449112683028E-03,-6.825088435920690E-05
2455356.500000000,4.874086690460506E+00,-9.734902890564280E-01,-1.050309178077852E-01,1.385841311706758E-03,7.766370548521331E-03,-6.322056664097287E-05
2455376.500000000,4.899443896769238E+00,-8.177339006581344E-01,-1.062450891056774E-01,1.149535185463836E-03,7.808483638712845E-03,-5.817014366044540E-05
2455396.500000000,4.920069617983239E+00,-6.611879175550548E-01,-1.073566908974342E-01,9.128014412218800E-04,7.843368644742183E-03,-5.303404546810034E-05
2455416.500000000,4.935937112519746E+00,-5.040011532714739E-01,-1.083644013884790E-01,6.737204928745793E-04,7.873143854368448E-03,-4.775963258781290E-05
2455436.500000000,4.947020653570110E+00,-3.463250835635867E-01,-1.092670908232670E-01,4.338900086456449E-04,7.894498545475675E-03,-4.245925386265135E-05
2455456.500000000,4.953299903770930E+00,-1.883119027407534E-01,-1.100637116966381E-01,1.940939940335078E-04,7.906307305993404E-03,-3.716694792163743E-05
2455476.500000000,4.954763558156644E+00,-3.011514048186418E-02,-1.107533269488099E-01,-4.696291545078035E-05,7.911682355831949E-03,-3.179240267336627E-05
2455496.500000000,4.951405444661598E+00,1.281103953423243E-01,-1.113351593054936E-01,-2.888938453910581E-04,7.909155587708791E-03,-2.640038814473317E-05
2455516.500000000,4.943224440472522E+00,2.862103878089045E-01,-1.118085094117128E-01,-5.301397909969776E-04,7.898714770052641E-03,-2.097357200898433E-05
2455536.500000000,4.930223778515077E+00,4.440304954121614E-01,-1.121728260909488E-01,-7.699795169795071E-04,7.882283933200564E-03,-1.544415778174351E-05
2455556.500000000,4.912409952576399E+00,6.014171252607680E-01,-1.124276853319774E-01,-1.010328972871308E-03,7.856690718643174E-03,-9.969715886898582E-06
2455576.500000000,4.889798273136645E+00,7.582161244278589E-01,-1.125727985211902E-01,-1.250635037122698E-03,7.821817198969660E-03,-4.546439106038587E-06
2455596.500000000,4.862411318566703E+00,9.142728053082593E-01,-1.126079912022143E-01,-1.488273300746524E-03,7.781042196387446E-03,9.679215489890851E-07
2455616.500000000,4.830274269040023E+00,1.069435618323019E+00,-1.125331404888203E-01,-1.725158865414528E-03,7.733667223192214E-03,6.507106848713674E-06
2455636.500000000,4.793415873852001E+00,1.223553735133593E+00,-1.123482746168032E-01,-1.960885438310722E-03,7.677927735843731E-03,1.200932886326525E-05
2455656.500000000,4.751870057104608E+00,1.376475978501229E+00,-1.120536058935789E-01,-2.193081304593808E-03,7.613763473473692E-03,1.748480976864557E-05
2455676.500000000,4.705678113758573E+00,1.528053871282872E+00,-1.116493721357299E-01,-2.424605631852373E-03,7.542399370160940E-03,2.293346068546121E-05
2455696.500000000,4.654887728565495E+00,1.678138512277244E+00,-1.111359809098594E-01,-2.654630563021656E-03,7.464183934057287E-03,2.836931458311237E-05
2455716.500000000,4.599549923180838E+00,1.826582563665418E+00,-1.105139984116780E-01,-2.879776681435909E-03,7.378540623619280E-03,3.379371519160576E-05
2455736.500000000,4.539720073748099E+00,1.973243301308528E+00,-1.097840447089857E-01,-3.102203278961969E-03,7.286677142924186E-03,3.921323176843464E-05
2455756.500000000,4.475458126841072E+00,2.117978979502575E+00,-1.089469388655016E-01,-3.322699513448546E-03,7.187124786532707E-03,4.455043557863431E-05
2455776.500000000,4.406829978335054E+00,2.260649075057200E+00,-1.080036126562060E-01,-3.539498835149150E-03,7.078571086331973E-03,4.976553976502937E-05
2455796.500000000,4.333909498280219E+00,2.401115801055515E+00,-1.069550730439355E-01,-3.752310505080130E-03,6.965253702243636E-03,5.501035331759118E-05
2455816.500000000,4.256772520388888E+00,2.539244521320631E+00,-1.058024717995113E-01,-3.961129683947301E-03,6.846665925865955E-03,6.024241678963868E-05
2455836.500000000,4.175496821364244E+00,2.674905036345314E+00,-1.045470605105938E-01,-4.165852685558908E-03,6.719463349533333E-03,6.532755262651621E-05
2455856.500000000,4.090166569721592E+00,2.807969673684082E+00,-1.031901668942507E-01,-4.365880817025096E-03,6.586107255295342E-03,7.036102844182329E-05
2455876.500000000,4.000870353574502E+00,2.938312813823049E+00,-1.017332370812986E-01,-4.562139703221478E-03,6.447033488345426E-03,7.532402442608039E-05
2455896.500000000,3.907701642515728E+00,3.065811916646954E+00,-1.001778190461595E-01,-4.754653606766618E-03,6.301250271541508E-03,8.016981626434774E-05
2455916.500000000,3.810758248489334E+00,3.190347215312509E+00,-9.852561930136716E-02,-4.940100044990976E-03,6.150742836771914E-03,8.499994406546429E-05
2455936.500000000,3.710139168024508E+00,3.311805412458122E+00,-9.677838459597446E-02,-5.120115770444076E-03,5.994948440482930E-03,8.974986622124204E-05
2455956.500000000,3.605947227929752E+00,3.430077233942803E+00,-9.493792806758464E-02,-5.297210819055017E-03,5.832352238501887E-03,9.432635607845957E-05
2455976.500000000,3.498290886532288E+00,3.545053657236255E+00,-9.300627781141331E-02,-5.467907770313619E-03,5.663928155610246E-03,9.879639231853444E-05
2455996.500000000,3.387282778879405E+00,3.656630760486225E+00,-9.098551434711744E-02,-5.632246107448373E-03,5.491674810067263E-03,1.032111274393839E-04
2456016.500000000,3.273038122459821E+00,3.764710475882196E+00,-8.887779256736501E-02,-5.791710447906328E-03,5.315696993870519E-03,1.075448798357669E-04
2456036.500000000,3.155672203261580E+00,3.869199076496396E+00,-8.668535963244905E-02,-5.944078111240621E-03,5.133574714548426E-03,1.117208131368041E-04
2456056.500000000,3.035303835275124E+00,3.970008255162912E+00,-8.441046150727979E-02,-6.090601896229510E-03,4.946606443062174E-03,1.157608636090761E-04
2456076.500000000,2.912056202618317E+00,4.067052100598481E+00,-8.205546383751858E-02,-6.232647688131618E-03,4.756704520180581E-03,1.197087795245887E-04
2456096.500000000,2.786053945257757E+00,4.160247317570321E+00,-7.962289357186464E-02,-6.367703913371176E-03,4.561907010590918E-03,1.235028541293599E-04
2456116.500000000,2.657424507566659E+00,4.249517478861808E+00,-7.711523775712704E-02,-6.494973825611899E-03,4.363932297633593E-03,1.272105649548494E-04
2456136.500000000,2.526295751421360E+00,4.334791813479540E+00,-7.453501332697948E-02,-6.615981265387331E-03,4.163719526780319E-03,1.308320290335464E-04
2456156.500000000,2.392795745158238E+00,4.416003590422396E+00,-7.188483177669468E-02,-6.731915634756391E-03,3.957969738507323E-03,1.342132653918266E-04
2456176.500000000,2.257057862633260E+00,4.493088247046637E+00,-6.916742033350999E-02,-6.841142272818747E-03,3.748992693575838E-03,1.374586509902571E-04
2456196.500000000,2.119217807234007E+00,4.565985092082122E+00,-6.638561162990091E-02,-6.942413748799497E-03,3.539336401237100E-03,1.406590448583587E-04
2456216.500000000,1.979410139786633E+00,4.634641184840469E+00,-6.354218581221291E-02,-7.037499312700494E-03,3.326496741056395E-03,1.436812344395972E-04
2456236.500000000,1.837770691303553E+00,4.699008615744207E+00,-6.063996495177894E-02,-7.125323714768694E-03,3.110501098349287E-03,1.465390452011405E-04
2456256.500000000,1.694436010550487E+00,4.759043594230340E+00,-5.768183444006135E-02,-7.205824065736430E-03,2.892658899499578E-03,1.492642071089906E-04
2456276.500000000,1.549544449688538E+00,4.814706767594109E+00,-5.467072147713441E-02,-7.281686130709236E-03,2.673020840281631E-03,1.518136296779358E-04
2456296.500000000,1.403235690295812E+00,4.865961107462483E+00,-5.160964371680420E-02,-7.349708310279699E-03,2.451775614152981E-03,1.542333895416883E-04
2456316.500000000,1.255648314021411E+00,4.912776234110471E+00,-4.850156665254886E-02,-7.408424717773529E-03,2.229396696920244E-03,1.565407484331407E-04
2456336.500000000,1.106920546009340E+00,4.955129513163325E+00,-4.534936716989296E-02,-7.461911623833598E-03,2.006383209522561E-03,1.586944556438051E-04
2456356.500000000,9.571901224843311E-01,4.992999894285968E+00,-4.215607915844442E-02,-7.509396200720424E-03,1.781211467722825E-03,1.606406648992688E-04
2456376.500000000,8.065960748040719E-01,5.026369382852878E+00,-3.892478368059795E-02,-7.549164781546444E-03,1.554707959776586E-03,1.624229566677041E-04
2456396.500000000,6.552788278624304E-01,5.055224711291840E+00,-3.565852842832121E-02,-7.582095220712736E-03,1.329933601260585E-03,1.641380701283789E-04
2456416.500000000,5.033759160101092E-01,5.079557653743342E+00,-3.236040164223188E-02,-7.607618142187250E-03,1.104324285028371E-03,1.656815551685899E-04
2456436.500000000,3.510240441356810E-01,5.099366554097756E+00,-2.903343117821467E-02,-7.625907474592681E-03,8.769750551997387E-04,1.670104658396993E-04
2456456.500000000,1.983612095573200E-01,5.114653272418122E+00,-2.568068420987196E-02,-7.638083381811839E-03,6.512879943441127E-04,1.682356820107257E-04
2456476.500000000,4.552315179649714E-02,5.125422092872004E+00,-2.230528205907970E-02,-7.644550628956965E-03,4.257109764298656E-04,1.692803605021656E-04
2456496.500000000,-1.073544337559567E-01,5.131680980866471E+00,-1.891032773171676E-02,-7.643645674422670E-03,1.998948114753559E-04,1.701531094840598E-04
2456516.500000000,-2.601365614498516E-01,5.133443024786057E+00,-1.549887685543137E-02,-7.633976270627643E-03,-2.365701753482206E-05,1.709588783261571E-04
2456536.500000000,-4.126918639285176E-01,5.130728232476954E+00,-1.207390765604178E-02,-7.618943224752387E-03,-2.467410225655791E-04,1.715683513847012E-04
2456556.500000000,-5.648893990676109E-01,5.123559178588076E+00,-8.638401912250878E-03,-7.599166846325331E-03,-4.698781256880867E-04,1.719636161534043E-04
2456576.500000000,-7.165987539486286E-01,5.111958464088490E+00,-5.195426324543637E-03,-7.571392539955076E-03,-6.908692905342135E-04,1.722651994007631E-04
2456596.500000000,-8.676914138634115E-01,5.095953813007517E+00,-1.747977201289848E-03,-7.537295331404739E-03,-9.095501243647653E-04,1.724418660741243E-04
2456616.500000000,-1.018040278261693E+00,5.075577502889444E+00,1.700975362143263E-03,-7.497134842012665E-03,-1.126999163116348E-03,1.724506423318678E-04
2456636.500000000,-1.167520438996168E+00,5.050866138876938E+00,5.148473267035871E-03,-7.449290303337335E-03,-1.343511568175641E-03,1.722947909658245E-04
2456656.500000000,-1.316008182503113E+00,5.021861056733297E+00,8.591666532504823E-03,-7.396974166892683E-03,-1.557224103152744E-03,1.719967014092541E-04
2456676.500000000,-1.463381450302363E+00,4.988603529823905E+00,1.202759734309264E-02,-7.339887157520885E-03,-1.768203753677686E-03,1.715608611354899E-04
2456696.500000000,-1.609520883730231E+00,4.951137177405747E+00,1.545328951216229E-02,-7.274688608630078E-03,-1.977989827845349E-03,1.709648561799314E-04
2456716.500000000,-1.754307554163312E+00,4.909512514344927E+00,1.886593416061979E-02,-7.202947848543099E-03,-2.184200223062294E-03,1.702731649929168E-04
2456736.500000000,-1.897626183002243E+00,4.863784427529577E+00,2.226279726131416E-02,-7.126720087359764E-03,-2.387383608897290E-03,1.694368923806633E-04
2456756.500000000,-2.039365115441671E+00,4.814009477567946E+00,2.564115160121254E-02,-7.045712798045764E-03,-2.589645093657458E-03,1.683798382012696E-04
2456776.500000000,-2.179412671371554E+00,4.760244672495706E+00,2.899826521890168E-02,-6.958808843473687E-03,-2.787482348413717E-03,1.672548406568307E-04
2456796.500000000,-2.317660643652019E+00,4.702549084532823E+00,3.233138659443481E-02,-6.865874473292067E-03,-2.981177431940946E-03,1.660413187287677E-04
2456816.500000000,-2.454003719280845E+00,4.640987307288292E+00,3.563790216115191E-02,-6.767811638125678E-03,-3.173575610700473E-03,1.646189191944625E-04
2456836.500000000,-2.588337399337377E+00,4.575627007980001E+00,3.891529513752032E-02,-6.664049635545975E-03,-3.362223311323846E-03,1.630953742279372E-04
2456856.500000000,-2.720560959755889E+00,4.506537595654862E+00,4.216103994338152E-02,-6.556186881973912E-03,-3.546483075381391E-03,1.614626735471672E-04
2456876.500000000,-2.850576155022951E+00,4.433789103870662E+00,4.537258458399195E-02,-6.445114525258950E-03,-3.727775789294192E-03,1.596586310550384E-04
2456896.500000000,-2.978285832516499E+00,4.357451875586909E+00,4.854732968389094E-02,-6.326877912380947E-03,-3.905313749088753E-03,1.577719244424354E-04
2456916.500000000,-3.103595937829903E+00,4.277602520132493E+00,5.168288745694218E-02,-6.202893425688021E-03,-4.078717192118249E-03,1.557843060482646E-04
2456936.500000000,-3.226414911340540E+00,4.194321980021416E+00,5.477700782899626E-02,-6.076892676214737E-03,-4.248331931088789E-03,1.536387057204583E-04
2456956.500000000,-3.346654573216401E+00,4.107689726436965E+00,5.782735217735537E-02,-5.946328159097440E-03,-4.414519767102242E-03,1.513637097331998E-04
2456976.500000000,-3.464229211305915E+00,4.017786308163715E+00,6.083160584304663E-02,-5.810880018141813E-03,-4.575913871077814E-03,1.490073276569557E-04
2456996.500000000,-3.579055183701684E+00,3.924694494118511E+00,6.378754162318427E-02,-5.671832644832708E-03,-4.732082619727710E-03,1.465756277523119E-04
2457016.500000000,-3.691052791973835E+00,3.828499449027432E+00,6.669300950489285E-02,-5.527641490690621E-03,-4.885719768125052E-03,1.439876729044314E-04
2457036.500000000,-3.800143670094429E+00,3.729290504863812E+00,6.954602736919765E-02,-5.379662939294973E-03,-5.035109854619955E-03,1.412881464572972E-04
2457056.500000000,-3.906252010024120E+00,3.627156782225280E+00,7.234457655130638E-02,-5.229635573206258E-03,-5.178088786302470E-03,1.385395295822993E-04
2457076.500000000,-4.009306758052781E+00,3.522186347932930E+00,7.508654878031745E-02,-5.076182142427231E-03,-5.317761603334707E-03,1.356435314504583E-04
2457096.500000000,-4.109237747816191E+00,3.414469235046127E+00,7.776996182100893E-02,-4.917724639270224E-03,-5.453234277233900E-03,1.326607843420281E-04
2457116.500000000,-4.205976733859010E+00,3.304098762210020E+00,8.039294741561175E-02,-4.755156685955290E-03,-5.582742011077034E-03,1.296431399600877E-04
2457136.500000000,-4.299459801322947E+00,3.191171742147264E+00,8.295374155258643E-02,-4.591246450093244E-03,-5.708793214693579E-03,1.264542260796223E-04
2457156.500000000,-4.389624522914963E+00,3.075784024680369E+00,8.545055232462091E-02,-4.424814684311761E-03,-5.830046542412649E-03,1.231752492341907E-04
2457176.500000000,-4.476412194271504E+00,2.958030459296873E+00,8.788157774676411E-02,-4.254170638590453E-03,-5.944883365600607E-03,1.198903386823661E-04
2457196.500000000,-4.559768039294166E+00,2.838008610908636E+00,9.024515405901137E-02,-4.081444226473836E-03,-6.055542205389747E-03,1.164830189879351E-04
2457216.500000000,-4.639638344525558E+00,2.715817363942713E+00,9.253971359605789E-02,-3.905518126189307E-03,-6.162270706243956E-03,1.129734792753259E-04
2457236.500000000,-4.715972088057232E+00,2.591557459732281E+00,9.476376451532771E-02,-3.726301713576366E-03,-6.263577992530901E-03,1.094118089717642E-04
2457256.500000000,-4.788721467057267E+00,2.465330901779680E+00,9.691588751531210E-02,-3.547290820117700E-03,-6.358829870228774E-03,1.057777895945875E-04
2457276.500000000,-4.857842472928787E+00,2.337236258153205E+00,9.899457380393209E-02,-3.365870947676861E-03,-6.449374281819284E-03,1.020727627136043E-04
2457296.500000000,-4.923293663210500E+00,2.207373132841110E+00,1.009983845888909E-01,-3.179931392259651E-03,-6.535738385876610E-03,9.829871472147012E-05
2457316.500000000,-4.985033897782626E+00,2.075845207404220E+00,1.029260769522959E-01,-2.992885636244890E-03,-6.616108782086501E-03,9.447656080015556E-05
2457336.500000000,-5.043025200642459E+00,1.942756460675083E+00,1.047763954606965E-01,-2.805093784173549E-03,-6.691764105226560E-03,9.056226552151453E-05
2457356.500000000,-5.097233166782141E+00,1.808210778950674E+00,1.065481343155884E-01,-2.615449720367317E-03,-6.762820738197111E-03,8.656775258401114E-05
2457376.500000000,-5.147625500254524E+00,1.672311136180654E+00,1.082401110037617E-01,-2.424170773530487E-03,-6.826623667258691E-03,8.259750530720974E-05
2457396.500000000,-5.194174381596199E+00,1.535160710388280E+00,1.098511640298358E-01,-2.231130821395987E-03,-6.886127391017242E-03,7.854422404591313E-05
2457416.500000000,-5.236852857223774E+00,1.396865404623942E+00,1.113802923112987E-01,-2.036426272061461E-03,-6.942309736129729E-03,7.437072552283623E-05
2457436.500000000,-5.275634731436257E+00,1.257532231724214E+00,1.128266135796711E-01,-1.840567707830444E-03,-6.991287413422603E-03,7.022564314993049E-05
2457456.500000000,-5.310499919659025E+00,1.117267567630269E+00,1.141892502813204E-01,-1.645170163738253E-03,-7.034468185271722E-03,6.603311403741349E-05
2457476.500000000,-5.341431471973709E+00,9.761758564009254E-01,1.154673158512738E-01,-1.449147456647159E-03,-7.073458182754654E-03,6.175937844356872E-05
2457496.500000000,-5.368413618502602E+00,8.343605411373498E-01,1.166599393149209E-01,-1.249905389011299E-03,-7.106807527395820E-03,5.749920706684096E-05
2457516.500000000,-5.391432670813582E+00,6.919288999805732E-01,1.177664262939701E-01,-1.050717084760367E-03,-7.135112580892694E-03,5.317677560431089E-05
2457536.500000000,-5.410476556960778E+00,5.489887138088312E-01,1.187861860128088E-01,-8.529343135290881E-04,-7.158474200854814E-03,4.878450355046480E-05
2457556.500000000,-5.425536961218388E+00,4.056448536609600E-01,1.197185460148213E-01,-6.534741610968825E-04,-7.175895713341963E-03,4.440861630876579E-05
2457576.500000000,-5.436609376229357E+00,2.620026495199759E-01,1.205628936876383E-01,-4.539893617734411E-04,-7.187293128258191E-03,4.002332877805963E-05
2457596.500000000,-5.443690945636221E+00,1.181669463275281E-01,1.213186431372440E-01,-2.548276456303350E-04,-7.194104594247187E-03,3.558499943985764E-05
2457616.500000000,-5.446780555088972E+00,-2.575648538117952E-02,1.219853306895583E-01,-5.406137348239134E-05,-7.197205000288814E-03,3.109016204948240E-05
2457636.500000000,-5.445878236837240E+00,-1.696594826717984E-01,1.225626893236698E-01,1.455490684397412E-04,-7.193608234698101E-03,2.661009729865818E-05
2457656.500000000,-5.440988628717450E+00,-3.134364848973523E-01,1.230503954254326E-01,3.433874689095950E-04,-7.183398981272299E-03,2.214965801294840E-05
2457676.500000000,-5.432121324842138E+00,-4.569844296390864E-01,1.234480663921852E-01,5.420082489396598E-04,-7.169749225100362E-03,1.762648657670620E-05
2457696.500000000,-5.419285559861569E+00,-6.001991864876118E-01,1.237554774089562E-01,7.411090515291045E-04,-7.150634350994686E-03,1.311694641139622E-05
2457716.500000000,-5.402492364832826E+00,-7.429759321273686E-01,1.239725181721150E-01,9.390201825653750E-04,-7.125829965967113E-03,8.613594205081923E-06
2457736.500000000,-5.381755735609346E+00,-8.852094927775667E-01,1.240991468717746E-01,1.135076472239147E-03,-7.097202775757363E-03,4.037314542986306E-06
2457756.500000000,-5.357091380774651E+00,-1.026796941061454E+00,1.241353041786759E-01,1.330722137912994E-03,-7.061872172703204E-03,-4.744346931003644E-07
2457776.500000000,-5.328519681061050E+00,-1.167636792655002E+00,1.240808798490510E-01,1.525908564112365E-03,-7.020498889510586E-03,-4.944197214837667E-06
2457796.500000000,-5.296063383173759E+00,-1.307626455699463E+00,1.239359087314415E-01,1.719256929717554E-03,-6.976254916589722E-03,-9.505866177811118E-06
2457816.500000000,-5.259744266947185E+00,-1.446663951441949E+00,1.237005200252357E-01,1.912468757571053E-03,-6.927096063384560E-03,-1.404729385680570E-05
2457836.500000000,-5.219587143417605E+00,-1.584646335368485E+00,1.233749343624275E-01,2.104136968482856E-03,-6.871450098498781E-03,-1.853394188033916E-05
2457856.500000000,-5.175621057674295E+00,-1.721471524704445E+00,1.229593881869465E-01,2.292181077955040E-03,-6.810396088381707E-03,-2.302719495740842E-05
2457876.500000000,-5.127878743649699E+00,-1.857041172490792E+00,1.224540647098494E-01,2.480312995844995E-03,-6.744976319977902E-03,-2.749559631163218E-05
2457896.500000000,-5.076395024751855E+00,-1.991255970293470E+00,1.218593084832222E-01,2.667943658178912E-03,-6.675117551249948E-03,-3.195089556000577E-05
2457916.500000000,-5.021204653552114E+00,-2.124015752773095E+00,1.211756214167395E-01,2.851749579381463E-03,-6.600074217972819E-03,-3.640195620203963E-05
2457936.500000000,-4.962345195353334E+00,-2.255223030402411E+00,1.204034595861470E-01,3.033810491996657E-03,-6.520544108419599E-03,-4.083604418870555E-05
2457956.500000000,-4.899857505740594E+00,-2.384780750413086E+00,1.195433241858631E-01,3.214382825669344E-03,-6.435389281381034E-03,-4.521059580046073E-05
2457976.500000000,-4.833785712946921E+00,-2.512593488809983E+00,1.185957597335749E-01,3.392107334388695E-03,-6.344255559882860E-03,-4.951639091056150E-05
2457996.500000000,-4.764176995310975E+00,-2.638567562948952E+00,1.175613157848505E-01,3.568045859739916E-03,-6.250821231162781E-03,-5.386917921898919E-05
2458016.500000000,-4.691077094427501E+00,-2.762608475524376E+00,1.164407062028243E-01,3.741971942814324E-03,-6.153344513926897E-03,-5.821021331326012E-05
2458036.500000000,-4.614532884862643E+00,-2.884622529688241E+00,1.152346772524193E-01,3.912717821734397E-03,-6.048590640472557E-03,-6.242431136463931E-05
2458056.500000000,-4.534597786074357E+00,-3.004517292640379E+00,1.139439812473948E-01,4.080042362102166E-03,-5.939809240155717E-03,-6.663040533753058E-05
2458076.500000000,-4.451327600822672E+00,-3.122202401681517E+00,1.125694266863399E-01,4.245463014754884E-03,-5.827379926485727E-03,-7.081261033210963E-05
2458096.500000000,-4.364779223588829E+00,-3.237588829448924E+00,1.111118907937012E-01,4.409142401053642E-03,-5.709916730017450E-03,-7.490664884053806E-05
2458116.500000000,-4.275011135823773E+00,-3.350586812307315E+00,1.095723767044213E-01,4.568183194139519E-03,-5.589080816448925E-03,-7.901796404452726E-05
2458136.500000000,-4.182082371099281E+00,-3.461108591497262E+00,1.079519381728249E-01,4.723816739325730E-03,-5.463610154424802E-03,-8.306788604751270E-05
2458156.500000000,-4.086056786966639E+00,-3.569068745518794E+00,1.062516279604401E-01,4.877785850517256E-03,-5.332287048239740E-03,-8.697997528704255E-05
2458176.500000000,-3.987002523246808E+00,-3.674382099146986E+00,1.044725766474266E-01,5.027209370366488E-03,-5.197150494738280E-03,-9.086969636025031E-05
2458196.500000000,-3.884988077009604E+00,-3.776966630254815E+00,1.026159180377889E-01,5.173272930653714E-03,-5.059512301929340E-03,-9.475269517717048E-05
2458216.500000000,-3.780081795355537E+00,-3.876741135501054E+00,1.006828505834487E-01,5.317191164460363E-03,-4.918113174821896E-03,-9.856597673581408E-05
2458236.500000000,-3.672353477631618E+00,-3.973623538078165E+00,9.867474206504777E-02,5.455739500532615E-03,-4.770799495299328E-03,-1.022724679205362E-04
2458256.500000000,-3.561878147295706E+00,-4.067535516452435E+00,9.659288437010316E-02,5.590330007797240E-03,-4.619369529429670E-03,-1.059003778836520E-04
2458276.500000000,-3.448734776794524E+00,-4.158400539792497E+00,9.443859725207740E-02,5.722745755120931E-03,-4.465649054070104E-03,-1.094927620567337E-04
2458296.500000000,-3.333001528182849E+00,-4.246142517785434E+00,9.221333575230098E-02,5.850602506533620E-03,-4.307586391453285E-03,-1.129998238153876E-04
2458316.500000000,-3.214758127809380E+00,-4.330687531683218E+00,8.991860669033187E-02,5.973528096869726E-03,-4.146290034600045E-03,-1.164519742567179E-04
2458336.500000000,-3.094086599415237E+00,-4.411963018033108E+00,8.755601566394494E-02,6.092558142569779E-03,-3.981926493042283E-03,-1.198427922762086E-04
2458356.500000000,-2.971071704473098E+00,-4.489898669706392E+00,8.512720838845497E-02,6.207818096033511E-03,-3.811696832709835E-03,-1.230533408346431E-04
2458376.500000000,-2.845803664561479E+00,-4.564426706403787E+00,8.263380322145229E-02,6.318361129778405E-03,-3.638856851929386E-03,-1.262088856486701E-04
2458396.500000000,-2.718372521561654E+00,-4.635481067279827E+00,8.007750832078245E-02,6.424020529682166E-03,-3.465261738498201E-03,-1.293772063745134E-04
2458416.500000000,-2.588866617293404E+00,-4.702998439659447E+00,7.746012343130135E-02,6.526012270720735E-03,-3.287211544471427E-03,-1.323895737521573E-04
2458436.500000000,-2.457377866846064E+00,-4.766916328371556E+00,7.478350137548098E-02,6.622521229920645E-03,-3.104915779805709E-03,-1.352792075175005E-04
2458456.500000000,-2.324001820599420E+00,-4.827174517910622E+00,7.204950940844394E-02,6.713500967026939E-03,-2.920132568053753E-03,-1.381053777295664E-04
2458476.500000000,-2.188836354422616E+00,-4.883716533339530E+00,6.925996628452166E-02,6.801695579885004E-03,-2.732773126315849E-03,-1.408104170631529E-04
2458496.500000000,-2.051980464713794E+00,-4.936485805315873E+00,6.641685995470761E-02,6.884189849353205E-03,-2.543154521322220E-03,-1.434464806769113E-04
2458516.500000000,-1.913532607384991E+00,-4.985428577999239E+00,6.352226297659146E-02,6.959928481491891E-03,-2.351141258056725E-03,-1.460109664619707E-04
2458536.500000000,-1.773593721945222E+00,-5.030494802414660E+00,6.057822969680005E-02,7.032278018698690E-03,-2.156225862672804E-03,-1.484267550554550E-04
2458556.500000000,-1.632268483721766E+00,-5.071634693198120E+00,5.758691463734312E-02,7.099423492080156E-03,-1.957644096432219E-03,-1.506940723701344E-04
2458576.500000000,-1.489664635241629E+00,-5.108801657102810E+00,5.455049245162966E-02,7.160149243031618E-03,-1.757114534804308E-03,-1.528725972528147E-04
2458596.500000000,-1.345891372322950E+00,-5.141953059764425E+00,5.147116970827795E-02,7.216318048204904E-03,-1.556944559260313E-03,-1.550125321109698E-04
2458616.500000000,-1.201055697774873E+00,-5.171047995879715E+00,4.835129484110778E-02,7.266781232824752E-03,-1.353759033779927E-03,-1.570049484800961E-04
2458636.500000000,-1.055266892021497E+00,-5.196049006394349E+00,4.519320024181688E-02,7.311000707592797E-03,-1.146746188687580E-03,-1.588127638238304E-04
2458656.500000000,-9.086391502688730E-01,-5.216921090006029E+00,4.199919192570169E-02,7.350100303302789E-03,-9.395287326890833E-04,-1.605517325826167E-04
2458676.500000000,-7.612871593113768E-01,-5.233631554409745E+00,3.877168839291011E-02,7.384161080962104E-03,-7.307801878465152E-04,-1.621614574125571E-04
2458696.500000000,-6.133263366739762E-01,-5.246151321233768E+00,3.551313026749359E-02,7.411911383142543E-03,-5.203695406697790E-04,-1.636390938295055E-04
2458716.500000000,-4.648724128975383E-01,-5.254454102393477E+00,3.222601627111286E-02,7.432586977161408E-03,-3.101703118206176E-04,-1.650659586874887E-04
2458736.500000000,-3.160406275977536E-01,-5.258517442709215E+00,2.891285995269111E-02,7.448579593734353E-03,-9.744043636658798E-05,-1.662957867516388E-04
2458756.500000000,-1.669509183577260E-01,-5.258320507388601E+00,2.557622859569365E-02,7.459440088310198E-03,1.175896451199677E-04,-1.673312435911707E-04
2458776.500000000,-1.772627108787669E-02,-5.253844554690679E+00,2.221879007568508E-02,7.462526684722037E-03,3.316702210701128E-04,-1.683265305658461E-04
2458796.500000000,1.315118622355410E-01,-5.245076916818623E+00,1.884319800136080E-02,7.460173223421090E-03,5.453503960914275E-04,-1.692081213891712E-04
2458816.500000000,2.806425143926041E-01,-5.232008105985192E+00,1.545215069177550E-02,7.452252481701580E-03,7.603497969389479E-04,-1.699125096283498E-04
2458836.500000000,4.295439055572929E-01,-5.214630655895720E+00,1.204841883189117E-02,7.436585066436165E-03,9.767885633010303E-04,-1.704633721755578E-04
2458856.500000000,5.780907363622996E-01,-5.192941766299127E+00,8.634738489800653E-03,7.416061642741702E-03,1.192783773398873E-03,-1.708702042026063E-04
2458876.500000000,7.261562318319844E-01,-5.166940765032416E+00,5.213914197476683E-03,7.390092125886746E-03,1.407935819141632E-03,-1.711549722605379E-04
2458896.500000000,8.736154953536810E-01,-5.136630808623204E+00,1.788801320591353E-03,7.355801314298365E-03,1.623236307054342E-03,-1.713126458370262E-04
2458916.500000000,1.020343857767506E+00,-5.102020991458296E+00,-1.637842787528508E-03,7.315436850422106E-03,1.837233717934683E-03,-1.713514477129010E-04
2458936.500000000,1.166216609326607E+00,-5.063122175130258E+00,-5.063147602503949E-03,7.270006685155485E-03,2.051241770407270E-03,-1.712104163680742E-04
2458956.500000000,1.311107008505045E+00,-5.019947679146921E+00,-8.484180191954412E-03,7.218059767615513E-03,2.266414495551943E-03,-1.708540365320716E-04
2458976.500000000,1.454884919262557E+00,-4.972514908479667E+00,-1.189803839199436E-02,7.159189422170776E-03,2.478416107467410E-03,-1.704363788879116E-04
2458996.500000000,1.597423168061928E+00,-4.920845944628897E+00,-1.530178012518320E-02,7.093838984084781E-03,2.687944476317232E-03,-1.699231074584159E-04
2459016.500000000,1.738596917694337E+00,-4.864967940282530E+00,-1.869245366767991E-02,7.022440296041576E-03,2.898330900450711E-03,-1.691676243943082E-04
2459036.500000000,1.878278609893109E+00,-4.804910862089172E+00,-2.206707003667403E-02,6.944205106810132E-03,3.107033467969408E-03,-1.682743848074598E-04
2459056.500000000,2.016340279361769E+00,-4.740708188282309E+00,-2.542260944227729E-02,6.860194598668431E-03,3.313309516456470E-03,-1.672497533639155E-04
2459076.500000000,2.152653895004629E+00,-4.672398021983367E+00,-2.875608508051222E-02,6.770871923808096E-03,3.517978096786061E-03,-1.660408637543729E-04
2459096.500000000,2.287092783924780E+00,-4.600022000605106E+00,-3.206450096200718E-02,6.673137140899986E-03,3.719566152642224E-03,-1.647475935667572E-04
2459116.500000000,2.419533492481439E+00,-4.523628077454674E+00,-3.534488463578686E-02,6.568943652845933E-03,3.918565956169377E-03,-1.633122132501116E-04
2459136.500000000,2.549852634193392E+00,-4.443268138121277E+00,-3.859429089516789E-02,6.461002456098878E-03,4.116100836040393E-03,-1.616464635715785E-04
2459156.500000000,2.677925855892572E+00,-4.358994491010204E+00,-4.180967754640045E-02,6.345875466584463E-03,4.311384548052116E-03,-1.598344256244210E-04
2459176.500000000,2.803629399865524E+00,-4.270864994545454E+00,-4.498808912316463E-02,6.223844832877710E-03,4.502356866125502E-03,-1.579315228537066E-04
2459196.500000000,2.926841855030322E+00,-4.178942687817409E+00,-4.812659272717951E-02,6.096709798061221E-03,4.688973988752758E-03,-1.559036483273123E-04
2459216.500000000,3.047445448839062E+00,-4.083294187128793E+00,-5.122218080089076E-02,5.962680876651737E-03,4.873997253050160E-03,-1.536773768217723E-04
2459236.500000000,3.165322077615877E+00,-3.983991071124376E+00,-5.427192401285796E-02,5.822992503651102E-03,5.055868480597047E-03,-1.512794283354722E-04
2459256.500000000,3.280353198671446E+00,-3.881107312026406E+00,-5.727289318798305E-02,5.678863375488804E-03,5.232417335447641E-03,-1.487741697336730E-04
2459276.500000000,3.392423609446883E+00,-3.774719985326909E+00,-6.022212390026251E-02,5.528385872355434E-03,5.405840076335788E-03,-1.461021396897799E-04
2459296.500000000,3.501419558985587E+00,-3.664912366577166E+00,-6.311674510036454E-02,5.370985496511876E-03,5.574595975010965E-03,-1.433142084252495E-04
2459316.500000000,3.607230799726152E+00,-3.551772822824203E+00,-6.595394319113289E-02,5.208265855087441E-03,5.737774657323775E-03,-1.404258140930719E-04
2459336.500000000,3.709750758383722E+00,-3.435393415773230E+00,-6.873092653389890E-02,5.041876172642113E-03,5.898471784161337E-03,-1.372956832897095E-04
2459356.500000000,3.808872146408934E+00,-3.315867637831642E+00,-7.144494830159831E-02,4.870035828637866E-03,6.054386527380660E-03,-1.340317322919067E-04
2459376.500000000,3.904490180438656E+00,-3.193292066015636E+00,-7.409325272893846E-02,4.691633848667842E-03,6.203198708224463E-03,-1.307354774324777E-04
2459396.500000000,3.996505214032634E+00,-3.067770138477327E+00,-7.667319333505263E-02,4.509111787354040E-03,6.347373692998447E-03,-1.272669391509511E-04
2459416.500000000,4.084820278278966E+00,-2.939408701578964E+00,-7.918217316850847E-02,4.321513007365429E-03,6.487127633175236E-03,-1.236361264887864E-04
2459436.500000000,4.169341349551644E+00,-2.808317509505046E+00,-8.161763091806086E-02,4.128791942103627E-03,6.621192192454764E-03,-1.198966271735169E-04
2459456.500000000,4.249976417704441E+00,-2.674609401596042E+00,-8.397706274622355E-02,3.933680153726762E-03,6.749159996584625E-03,-1.160106669543959E-04
2459476.500000000,4.326636094640089E+00,-2.538398571806230E+00,-8.625792213491386E-02,3.733237746748510E-03,6.871190039689052E-03,-1.120210484109280E-04
2459496.500000000,4.399235979273174E+00,-2.399805220996229E+00,-8.845778844895556E-02,3.526449316578837E-03,6.987117818013523E-03,-1.079447818182050E-04
2459516.500000000,4.467695682978930E+00,-2.258955835707386E+00,-9.057443943453627E-02,3.317490563896037E-03,7.096164711611889E-03,-1.037444923661969E-04
2459536.500000000,4.531939663745638E+00,-2.115977067985591E+00,-9.260563694114109E-02,3.105802442618915E-03,7.200005086739452E-03,-9.938294329589496E-05
2459556.500000000,4.591895031000511E+00,-1.970996841199925E+00,-9.454916154716637E-02,2.889713393272232E-03,7.297916523025811E-03,-9.490720432131047E-05
2459576.500000000,4.647491441818414E+00,-1.824146566751720E+00,-9.640293427420547E-02,2.670111528517586E-03,7.386785041574300E-03,-9.041532206869087E-05
2459596.500000000,4.698665927340073E+00,-1.675561414412457E+00,-9.816495530302688E-02,2.447124953569015E-03,7.469473547819738E-03,-8.581007474397073E-05
2459616.500000000,4.745360320024761E+00,-1.525380752481925E+00,-9.983340355812299E-02,2.221242931356405E-03,7.547007085654269E-03,-8.104499403375904E-05
2459636.500000000,4.787519001692190E+00,-1.373744367399836E+00,-1.014065059256378E-01,1.993244434415392E-03,7.616010856900008E-03,-7.624040739241782E-05
2459656.500000000,4.825091754592924E+00,-1.220792383840115E+00,-1.028824668575297E-01,1.763751393009146E-03,7.678042309188060E-03,-7.133731495714263E-05
2459676.500000000,4.858031798118590E+00,-1.066667085824872E+00,-1.042596049469278E-01,1.531444425586123E-03,7.733577652386327E-03,-6.633221833482005E-05
2459696.500000000,4.886296989728141E+00,-9.115141095879919E-01,-1.055363948701203E-01,1.295101070774416E-03,7.780494134256363E-03,-6.133217053293386E-05
2459716.500000000,4.909852487157898E+00,-7.554836287806845E-01,-1.067114841275735E-01,1.058523214753437E-03,7.820486249283115E-03,-5.622121152820958E-05
2459736.500000000,4.928667133584701E+00,-5.987253825871950E-01,-1.077835589075841E-01,8.223197064000573E-04,7.854054997487009E-03,-5.097894855385852E-05
2459756.500000000,4.942713895888376E+00,-4.413871906092247E-01,-1.087513102340607E-01,5.831086163097870E-04,7.879406579117417E-03,-4.573799126614518E-05
2459776.500000000,4.951971305594403E+00,-2.836204758391133E-01,-1.096136327956787E-01,3.429432645064046E-04,7.896223826531599E-03,-4.047559206567547E-05
2459796.500000000,4.956423911386287E+00,-1.255788182412357E-01,-1.103696102098366E-01,1.025628737357354E-04,7.905789132226514E-03,-3.514350692905085E-05
2459816.500000000,4.956062583200483E+00,3.258362720893467E-02,-1.110184023445232E-01,-1.393961425746898E-04,7.908864467964297E-03,-2.975015234182692E-05
2459836.500000000,4.950882271250183E+00,1.907117159552485E-01,-1.115593230534480E-01,-3.799012746625345E-04,7.903372792436606E-03,-2.432772786297525E-05
2459856.500000000,4.940883084734782E+00,3.486534468669626E-01,-1.119916891863904E-01,-6.192675682462061E-04,7.889569930856254E-03,-1.888904511872768E-05
2459876.500000000,4.926071289560187E+00,5.062569795762921E-01,-1.123149187285586E-01,-8.602821405829021E-04,7.869387352324906E-03,-1.341527566563757E-05
2459896.500000000,4.906457117179399E+00,6.633673327068081E-01,-1.125286867866714E-01,-1.101242696984379E-03,7.840524985657744E-03,-7.960901896044342E-06
2459916.500000000,4.882057278815904E+00,8.198293322449037E-01,-1.126327541707277E-01,-1.339945347248316E-03,7.803689284147271E-03,-2.488714715752935E-06
2459936.500000000,4.852894575761459E+00,9.754896254504394E-01,-1.126269409254179E-01,-1.576475221236935E-03,7.761123905839381E-03,3.069300668318926E-06
2459956.500000000,4.818994663178139E+00,1.130197750211133E+00,-1.125111718959069E-01,-1.812303210926231E-03,7.709549907025925E-03,8.562874810121570E-06
2459976.500000000,4.780390071767244E+00,1.283803886540514E+00,-1.122855031128331E-01,-2.047182170272242E-03,7.649431373531545E-03,1.399613326290650E-05
2459996.500000000,4.737119365578867E+00,1.436156604565808E+00,-1.119501832395652E-01,-2.279565646614238E-03,7.583717500794135E-03,1.949641514453118E-05
2460016.500000000,4.689224817820524E+00,1.587106001642709E+00,-1.115056162904080E-01,-2.510171289441685E-03,7.510334972484814E-03,2.496007603024783E-05
2460036.500000000,4.636755126425959E+00,1.736504611420599E+00,-1.109522876165441E-01,-2.737453944711051E-03,7.428749151121271E-03,3.036980249147185E-05
2460056.500000000,4.579764219771894E+00,1.884208388594083E+00,-1.102907851771071E-01,-2.960392470828130E-03,7.340436911996270E-03,3.578663300553018E-05
2460076.500000000,4.518310075320878E+00,2.030077408347445E+00,-1.095217460514776E-01,-3.182767639235203E-03,7.245184352764244E-03,4.113076564561426E-05
2460096.500000000,4.452455686413384E+00,2.173970043026645E+00,-1.086460257806810E-01,-3.402813720773744E-03,7.142740558271811E-03,4.641170643881149E-05
2460116.500000000,4.382268406340553E+00,2.315745408739073E+00,-1.076646608300687E-01,-3.616755715612492E-03,7.033403079777604E-03,5.168638062834413E-05
2460136.500000000,4.307820962084913E+00,2.455268765620799E+00,-1.065786663310569E-01,-3.827189233306261E-03,6.918073628652489E-03,5.691930692314405E-05
2460156.500000000,4.229190352046511E+00,2.592408741563220E+00,-1.053891579918411E-01,-4.034532440599989E-03,6.795611326630600E-03,6.205820148968847E-05
2460176.500000000,4.146457064951798E+00,2.727036231820463E+00,-1.040973754328192E-01,-4.237408503638402E-03,6.665597704976098E-03,6.709953514692451E-05
2460196.500000000,4.059707315543936E+00,2.859023811828395E+00,-1.027046868692184E-01,-4.436755387856977E-03,6.531151013985877E-03,7.212025334147365E-05
2460216.500000000,3.969030276466078E+00,2.988245074138109E+00,-1.012126804847096E-01,-4.631298536594795E-03,6.390703579402372E-03,7.707554604230626E-05
2460236.500000000,3.874519593489177E+00,3.114579044362041E+00,-9.962301615064502E-02,-4.819656881199381E-03,6.242297592447046E-03,8.189193431269354E-05
2460256.500000000,3.776275167221204E+00,3.237910936525309E+00,-9.793731130176268E-02,-5.002911372524209E-03,6.089445609918912E-03,8.666152337054463E-05
2460276.500000000,3.674398419411197E+00,3.358129088501215E+00,-9.615734005472650E-02,-5.182578626790457E-03,5.931476458944255E-03,9.133591166194203E-05
2460296.500000000,3.568993815823751E+00,3.475123673873395E+00,-9.428505198848375E-02,-5.357677768849788E-03,5.766901454064574E-03,9.585661695595751E-05
2460316.500000000,3.460170897893994E+00,3.588786990634003E+00,-9.232253728447662E-02,-5.525141862279578E-03,5.598313443927770E-03,1.003460409300865E-04
2460336.500000000,3.348041325182868E+00,3.699018608363235E+00,-9.027188172628114E-02,-5.686528951079770E-03,5.424822878191395E-03,1.047383017635155E-04
2460356.500000000,3.232720088597930E+00,3.805724485245795E+00,-8.813513228795841E-02,-5.843767024613820E-03,5.245307442352578E-03,1.089435836813056E-04
2460376.500000000,3.114325266804935E+00,3.908812264105094E+00,-8.591449484657868E-02,-5.994398851482604E-03,5.061854192471469E-03,1.130700752006581E-04
2460396.500000000,2.992976122562569E+00,4.008193057873625E+00,-8.361231544234178E-02,-6.139368275136084E-03,4.875063976247624E-03,1.171112609002058E-04
2460416.500000000,2.868794923551414E+00,4.103781468884630E+00,-8.123105065269548E-02,-6.278849986595958E-03,4.683870145601220E-03,1.210059117590164E-04
2460436.500000000,2.741906580754092E+00,4.195496716616847E+00,-7.877320017698079E-02,-6.409672621088476E-03,4.487612555541001E-03,1.247705290125997E-04
2460456.500000000,2.612439178325372E+00,4.283266257574421E+00,-7.624119447973132E-02,-6.534484453985333E-03,4.288183578863822E-03,1.284127388085328E-04
2460476.500000000,2.480522516651817E+00,4.367020947591728E+00,-7.363757616670072E-02,-6.655187791728273E-03,4.086395483282554E-03,1.319236580852103E-04
2460496.500000000,2.346286286913797E+00,4.446692690870790E+00,-7.096513842694253E-02,-6.768395751382550E-03,3.880339043325232E-03,1.352812291579498E-04
2460516.500000000,2.209863162419117E+00,4.522219239055732E+00,-6.822665149693939E-02,-6.873712880203078E-03,3.671736511470320E-03,1.385298864927914E-04
2460536.500000000,2.071387658068790E+00,4.593544405036803E+00,-6.542485075207329E-02,-6.972467454048447E-03,3.461125745445020E-03,1.416600126307810E-04
2460556.500000000,1.930994447006172E+00,4.660618064859610E+00,-6.256248807923454E-02,-7.064924590585668E-03,3.246107484336002E-03,1.445749419682992E-04
2460576.500000000,1.788820659877791E+00,4.723394125413080E+00,-5.964235530525114E-02,-7.150886709077774E-03,3.029777245331584E-03,1.473696369177060E-04
2460596.500000000,1.645002723945977E+00,4.781828722316707E+00,-5.666739140796050E-02,-7.230038924289659E-03,2.813263044124052E-03,1.500908889607724E-04
2460616.500000000,1.499675954454789E+00,4.835882739055182E+00,-5.364056008378173E-02,-7.302429310469808E-03,2.593051902363786E-03,1.525990348066851E-04
2460636.500000000,1.352979269568005E+00,4.885522278800876E+00,-5.056477958152619E-02,-7.366561853795568E-03,2.370762344985085E-03,1.549542453144739E-04
2460656.500000000,1.205052236312663E+00,4.930719634894103E+00,-4.744295735537650E-02,-7.423597314634441E-03,2.148257526211429E-03,1.572044106766035E-04
2460676.500000000,1.056033545576702E+00,4.971452162023883E+00,-4.427806378454757E-02,-7.476272400979211E-03,1.924466075080766E-03,1.592575331437652E-04
2460696.500000000,9.060617369650902E-01,5.007698118198160E+00,-4.107319908601268E-02,-7.521137681505679E-03,1.699862872731696E-03,1.611751203588457E-04
2460716.500000000,7.552745253871452E-01,5.039440578513115E+00,-3.783148284034386E-02,-7.557072521855608E-03,1.474751770206915E-03,1.629792645773071E-04
2460736.500000000,6.038107650482112E-01,5.066670264528861E+00,-3.455591646562784E-02,-7.587536848541236E-03,1.248844426489771E-03,1.645889068130918E-04
2460756.500000000,4.518096814174110E-01,5.089381592274198E+00,-3.124954267574547E-02,-7.611073111420752E-03,1.022075359381691E-03,1.660201003454286E-04
2460776.500000000,2.994089839611290E-01,5.107573825074144E+00,-2.791540910104567E-02,-7.627369068205993E-03,7.959411176179907E-04,1.673294863742262E-04
2460796.500000000,1.467445551057633E-01,5.121249519547056E+00,-2.455656352480050E-02,-7.638209484060797E-03,5.716585193794454E-04,1.685230229804780E-04
2460816.500000000,-6.050274313399033E-03,5.130413179697353E+00,-2.117614050054598E-02,-7.641339403931639E-03,3.462522508150036E-04,1.695288547649489E-04
2460836.500000000,-1.588410799419185E-01,5.135075590871816E+00,-1.777716960669982E-02,-7.636526644998771E-03,1.201284151137187E-04,1.703492874666333E-04
2460856.500000000,-3.114920880622351E-01,5.135253052153399E+00,-1.436259929509456E-02,-7.626195081366745E-03,-1.031446707185526E-04,1.710682610537152E-04
2460876.500000000,-4.638719696073210E-01,5.130964475709005E+00,-1.093544575928578E-02,-7.610413400684193E-03,-3.256522750509800E-04,1.716185236960787E-04
2460896.500000000,-6.158512284301674E-01,5.122231025041814E+00,-7.498775062816386E-03,-7.587535877758790E-03,-5.476225080998970E-04,1.720020230599662E-04
2460916.500000000,-7.673006825330700E-01,5.109076905180783E+00,-4.055647843226082E-03,-7.556889104119334E-03,-7.670060748542866E-04,1.722966778565124E-04
2460936.500000000,-9.180927547573401E-01,5.091532218783068E+00,-6.090743099909182E-04,-7.520557187558098E-03,-9.862140666099407E-04,1.723835252315502E-04
2460956.500000000,-1.068099083580620E+00,5.069631874189459E+00,2.838038945519091E-03,-7.478658031089398E-03,-1.204345255653625E-03,1.722804390446083E-04
2460976.500000000,-1.217193898101639E+00,5.043412828334453E+00,6.282762672933599E-03,-7.429700553145735E-03,-1.418451307488954E-03,1.721212455614044E-04
2460996.500000000,-1.365256497659550E+00,5.012915649168125E+00,9.722154579107056E-03,-7.375667698449015E-03,-1.630327624615234E-03,1.718119691389351E-04
2461016.500000000,-1.512167253046118E+00,4.978182867544158E+00,1.315327531658782E-02,-7.315473470247080E-03,-1.841368016766941E-03,1.713050372245429E-04
2461036.500000000,-1.657806658181295E+00,4.939260902302945E+00,1.657325917843641E-02,-7.247343743998754E-03,-2.050416068923533E-03,1.706734078127579E-04
2461056.500000000,-1.802056512491593E+00,4.896202498017518E+00,1.997942361521328E-02,-7.175225186341197E-03,-2.255925224951777E-03,1.699089269446087E-04
2461076.500000000,-1.944802040441965E+00,4.849061038958247E+00,2.336902607945505E-02,-7.098675817552596E-03,-2.458140475904264E-03,1.690077677646692E-04
2461096.500000000,-2.085933032942147E+00,4.797890704991483E+00,2.673923603278222E-02,-7.014577203250194E-03,-2.658154588934776E-03,1.679819493686715E-04
2461116.500000000,-2.225339889450582E+00,4.742750200389025E+00,3.008731732927292E-02,-6.925133222141455E-03,-2.854762564453868E-03,1.668296878148103E-04
2461136.500000000,-2.362914148354622E+00,4.683701149766199E+00,3.341061372869127E-02,-6.831026023219609E-03,-3.048840927576331E-03,1.655118515500466E-04
2461156.500000000,-2.498549242162078E+00,4.620808583081519E+00,3.670652698882467E-02,-6.731302041469838E-03,-3.240776412514414E-03,1.640302837233011E-04
2461176.500000000,-2.632140463269490E+00,4.554140343648018E+00,3.997251272968567E-02,-6.626838220867427E-03,-3.426881360727606E-03,1.624968864765334E-04
2461196.500000000,-2.763589027761462E+00,4.483764937030258E+00,4.320594092662820E-02,-6.517647671238569E-03,-3.609022478815877E-03,1.608529372819712E-04
2461216.500000000,-2.892798840370245E+00,4.409753844014742E+00,4.640424989357961E-02,-6.403150190064846E-03,-3.790192977582598E-03,1.589971429202788E-04
2461236.500000000,-3.019672558395486E+00,4.332181440417281E+00,4.956504837671737E-02,-6.283121877913308E-03,-3.966931421400551E-03,1.570505712622216E-04
2461256.500000000,-3.144116155157003E+00,4.251125176458306E+00,5.268601479106008E-02,-6.159419165588559E-03,-4.138750095417169E-03,1.550156381285880E-04
2461276.500000000,-3.266039865206475E+00,4.166664190583379E+00,5.576483186039075E-02,-6.032560572434320E-03,-4.307108006602668E-03,1.528263571961845E-04
2461296.500000000,-3.385356953239266E+00,4.078877072826245E+00,5.879913201335192E-02,-5.899551950791113E-03,-4.470740740995761E-03,1.505734943263652E-04
2461316.500000000,-3.501984280342602E+00,3.987845701049034E+00,6.178665914484944E-02,-5.762063194778922E-03,-4.630588480660157E-03,1.482079321859775E-04
2461336.500000000,-3.615838816911217E+00,3.893654651494061E+00,6.472527716381168E-02,-5.622226552911592E-03,-4.787451725944132E-03,1.456588638818194E-04
2461356.500000000,-3.726838615813280E+00,3.796388716540408E+00,6.761285269467616E-02,-5.477276770001732E-03,-4.939641732259097E-03,1.430328846624260E-04
2461376.500000000,-3.834905924991098E+00,3.696135829104659E+00,7.044728359935808E-02,-5.328550974821098E-03,-5.085884306252491E-03,1.403610209429142E-04
2461396.500000000,-3.939967347092129E+00,3.592985153550925E+00,7.322649964263606E-02,-5.177426683010000E-03,-5.227393520096538E-03,1.375747605387501E-04
2461416.500000000,-4.041952765993879E+00,3.487025760339751E+00,7.594843912027895E-02,-5.021160716620657E-03,-5.366467863549515E-03,1.346408246545684E-04
2461436.500000000,-4.140791657408824E+00,3.378350571361660E+00,7.861122064515018E-02,-4.861354883000114E-03,-5.500934254049362E-03,1.316122270805823E-04
2461456.500000000,-4.236415116004975E+00,3.267053898641618E+00,8.121303166275201E-02,-4.699873910207651E-03,-5.628878528662538E-03,1.285279126874826E-04
2461476.500000000,-4.328760334197305E+00,3.153230339776501E+00,8.375201839137460E-02,-4.534851054516651E-03,-5.752781994954140E-03,1.253403568242200E-04
2461496.500000000,-4.417767949731877E+00,3.036976068263332E+00,8.622643091162750E-02,-4.365976258806596E-03,-5.871673094015784E-03,1.220856697605026E-04
2461516.500000000,-4.503381096007375E+00,2.918387686024890E+00,8.863457896888188E-02,-4.194455651267378E-03,-5.985212141380028E-03,1.187623758822178E-04
2461536.500000000,-4.585544995539626E+00,2.797563111466354E+00,9.097483249766192E-02,-4.021031072149212E-03,-6.096042909528956E-03,1.152710633729658E-04
2461556.500000000,-4.664204236124315E+00,2.674601125298992E+00,9.324562803145009E-02,-3.844697958880326E-03,-6.201043894797234E-03,1.117314681752953E-04
2461576.500000000,-4.739308439299533E+00,2.549601354482299E+00,9.544543659522618E-02,-3.665397347015840E-03,-6.298688627682116E-03,1.082122726709524E-04
2461596.500000000,-4.810813340259392E+00,2.422664926820611E+00,9.757275784684613E-02,-3.484866358586348E-03,-6.392708749237234E-03,1.045570795149792E-04
2461616.500000000,-4.878675071936624E+00,2.293892232620808E+00,9.962613360795032E-02,-3.301385949858953E-03,-6.482923978975426E-03,1.007918202330971E-04
2461636.500000000,-4.942850422808705E+00,2.163384783566895E+00,1.016041792371892E-01,-3.115055208422569E-03,-6.567517749146601E-03,9.699214482080773E-05
2461656.500000000,-5.003298316249774E+00,2.031246857919219E+00,1.035056400139562E-01,-2.928928525137666E-03,-6.646327634550675E-03,9.311941535123595E-05
2461676.500000000,-5.059982164023744E+00,1.897581371770531E+00,1.053292624123020E-01,-2.740319107248795E-03,-6.719612803354559E-03,8.920581665613240E-05
2461696.500000000,-5.112870604321547E+00,1.762492134682764E+00,1.070738368975828E-01,-2.548433831394220E-03,-6.787844651125662E-03,8.526062062411672E-05
2461716.500000000,-5.161933719052966E+00,1.626084428288500E+00,1.087382752997827E-01,-2.356796943630863E-03,-6.851079048966208E-03,8.122359883656992E-05
2461736.500000000,-5.207142371142303E+00,1.488461811390380E+00,1.103214878753631E-01,-2.163899152253452E-03,-6.910220614749594E-03,7.709104441119836E-05
2461756.500000000,-5.248469214040696E+00,1.349729185584234E+00,1.118225005454172E-01,-1.968765096167892E-03,-6.963767077264388E-03,7.294215677192030E-05
2461776.500000000,-5.285890354750904E+00,1.209992596808318E+00,1.132404161254218E-01,-1.773255813854851E-03,-7.009564449063867E-03,6.882166963173615E-05
2461796.500000000,-5.319388213758258E+00,1.069357033110993E+00,1.145742877530537E-01,-1.576706929150730E-03,-7.051413520465863E-03,6.461322321907128E-05
2461816.500000000,-5.348945913478243E+00,9.279280374438929E-01,1.158232267711305E-01,-1.378777723900271E-03,-7.090031058335328E-03,6.029806274284729E-05
2461836.500000000,-5.374545353310696E+00,7.858114236370458E-01,1.169864713237613E-01,-1.180429340356623E-03,-7.121653291181522E-03,5.599687910047745E-05
2461856.500000000,-5.396172734067259E+00,6.431132920335620E-01,1.180632972991716E-01,-9.822274965413651E-04,-7.147790927043771E-03,5.166030886324426E-05
2461876.500000000,-5.413817951700277E+00,4.999403856683056E-01,1.190530336552690E-01,-7.831833727550822E-04,-7.168959708183225E-03,4.728309260106215E-05
2461896.500000000,-5.427474526718878E+00,3.563988856130267E-01,1.199550404475103E-01,-5.824837535854148E-04,-7.183699735734093E-03,4.293309047374568E-05
2461916.500000000,-5.437139432133492E+00,2.125960357749008E-01,1.207687610784128E-01,-3.829159731304452E-04,-7.194451873164151E-03,3.849565038277680E-05
2461936.500000000,-5.442809228313713E+00,6.863785755341044E-02,1.214937419536017E-01,-1.842032715989263E-04,-7.200974824201319E-03,3.398025935926085E-05
2461956.500000000,-5.444482244393893E+00,-7.537109920357378E-02,1.221295590969848E-01,1.628061726623757E-05,-7.200554779913074E-03,2.953365249797125E-05
2461976.500000000,-5.442162154305624E+00,-2.193240581022090E-01,1.226758753034634E-01,2.158448697958325E-04,-7.193880832040623E-03,2.509795450891897E-05
2461996.500000000,-5.435856143179937E+00,-3.631154404060066E-01,1.231323457271570E-01,4.144105975575142E-04,-7.182982823255199E-03,2.059420463734591E-05
2462016.500000000,-5.425573171947796E+00,-5.066411679163790E-01,1.234986725737330E-01,6.140442011620812E-04,-7.168206388340415E-03,1.605692047203846E-05
2462036.500000000,-5.411321809834797E+00,-6.497961732140094E-01,1.237746949316577E-01,8.118541492714831E-04,-7.147385579688244E-03,1.152309956753316E-05
2462056.500000000,-5.393112789096790E+00,-7.924771087065807E-01,1.239602514344873E-01,1.008270593922022E-03,-7.120444031078085E-03,7.000026666342184E-06
2462076.500000000,-5.370961810384331E+00,-9.345806320584609E-01,1.240551752015243E-01,1.205764166452298E-03,-7.089025546806235E-03,2.478463503522770E-06
2462096.500000000,-5.344886957507967E+00,-1.076001440578410E+00,1.240594451137842E-01,1.402135927430346E-03,-7.051703845252133E-03,-2.023034225073093E-06
2462116.500000000,-5.314909139400603E+00,-1.216636115411462E+00,1.239730868133198E-01,1.596251330164082E-03,-7.009779209075565E-03,-6.561280628034693E-06
2462136.500000000,-5.281050415099526E+00,-1.356382670441027E+00,1.237961664964737E-01,1.789227083550812E-03,-6.964554326380122E-03,-1.115240990360265E-05
2462156.500000000,-5.243332850323023E+00,-1.495139611955591E+00,1.235288413418903E-01,1.981675958238289E-03,-6.911989948713275E-03,-1.564761416454966E-05
2462176.500000000,-5.201784312649709E+00,-1.632805135643718E+00,1.231712945928641E-01,2.172818723897911E-03,-6.853210499402409E-03,-2.008824358775785E-05
2462196.500000000,-5.156437330689990E+00,-1.769276940720219E+00,1.227238024842329E-01,2.361765357199089E-03,-6.791768086932218E-03,-2.460571673592863E-05
2462216.500000000,-5.107323942341028E+00,-1.904455382992301E+00,1.221866890023427E-01,2.549634079567398E-03,-6.725314163721369E-03,-2.910015610825431E-05
2462236.500000000,-5.054477834457120E+00,-2.038242054534804E+00,1.215603136113725E-01,2.735270091445907E-03,-6.653157996638698E-03,-3.354993880709691E-05
2462256.500000000,-4.997934516147318E+00,-2.170538887126833E+00,1.208450640536112E-01,2.917980777059187E-03,-6.576285489545251E-03,-3.800152069178185E-05
2462276.500000000,-4.937732691967449E+00,-2.301248860238906E+00,1.200413721720967E-01,3.100798294026987E-03,-6.493963921498757E-03,-4.238041787559999E-05
2462296.500000000,-4.873915741770432E+00,-2.430273472479064E+00,1.191497857749746E-01,3.281580237134544E-03,-6.406850190867822E-03,-4.672743096015704E-05
2462316.500000000,-4.806528090222883E+00,-2.557515632959859E+00,1.181709130007243E-01,3.457679866184161E-03,-6.315873479675768E-03,-5.111619646281863E-05
2462336.500000000,-4.735614801508162E+00,-2.682882574639071E+00,1.171053186491005E-01,3.632533638683887E-03,-6.220734952286818E-03,-5.547598968486759E-05
2462356.500000000,-4.661222745816627E+00,-2.806280480967148E+00,1.159536855782493E-01,3.805819527865533E-03,-6.119570688429427E-03,-5.973267233724602E-05
2462376.500000000,-4.583402927125801E+00,-2.927615062879268E+00,1.147168234673780E-01,3.975574644312672E-03,-6.012599045869568E-03,-6.392728397830288E-05
2462396.500000000,-4.502211394604703E+00,-3.046794056264248E+00,1.133955454428748E-01,4.143238991907620E-03,-5.903160360362310E-03,-6.814271266805699E-05
2462416.500000000,-4.417704121719273E+00,-3.163726317908139E+00,1.119907548327871E-01,4.307862496091650E-03,-5.789680008769543E-03,-7.232929682163181E-05
2462436.500000000,-4.329937010461313E+00,-3.278323760359710E+00,1.105033582712348E-01,4.468489259088774E-03,-5.670052156090175E-03,-7.642703166661348E-05
2462456.500000000,-4.238969940667430E+00,-3.390499703801849E+00,1.089342910573372E-01,4.626609839018153E-03,-5.546946001148202E-03,-8.049259496872327E-05
2462476.500000000,-4.144864773667651E+00,-3.500166803917927E+00,1.072846082644146E-01,4.782783709527045E-03,-5.419260598275119E-03,-8.447944747107535E-05
2462496.500000000,-4.047686695581044E+00,-3.607238508883281E+00,1.055554228365510E-01,4.935535955069615E-03,-5.286377941950115E-03,-8.838419804564752E-05
