# NASA/JPL Horizons target 199 (mercury), center 500@10, ECLIPTIC/ICRF, AU and AU/day
# State vectors 1977-08-21..2030-01-02 every 4d; retrieved 2026-09-24 by scripts/fetch_horizons.ps1
julian_date,x_au,y_au,z_au,vx_au_d,vy_au_d,vz_au_d
2443376.500000000,1.483758220191675E-01,-4.208906570551233E-01,-4.799692986477908E-02,2.089747797964783E-02,1.078471223805728E-02,-1.038610102686862E-03
2443380.500000000,2.272185294055275E-01,-3.668394218666250E-01,-5.082427153405100E-02,1.830118866751124E-02,1.620530139412490E-02,-3.575159033209512E-04
2443384.500000000,2.928839401568392E-01,-2.917117680633044E-01,-5.072027885359005E-02,1.427813687026242E-02,2.127340942673192E-02,4.258328217517752E-04
2443388.500000000,3.392934795258791E-01,-1.976246203959323E-01,-4.729954554822224E-02,8.644131544284325E-03,2.560451665154070E-02,1.296952775651515E-03
2443392.500000000,3.597162641492456E-01,-8.866272578300943E-02,-4.027744809040219E-02,1.277135075106090E-03,2.858503727518333E-02,2.216946748633364E-03
2443396.500000000,3.473415129838597E-01,2.805670117120707E-02,-2.960965640470965E-02,-7.697515429727380E-03,2.930766610808271E-02,3.100212902796164E-03
2443400.500000000,2.968967540373900E-01,1.412882783617587E-01,-1.573022866694253E-02,-1.756814953368850E-02,2.665425706210072E-02,3.790081886531025E-03
2443404.500000000,2.077738487475804E-01,2.356132526585985E-01,1.575955768571488E-04,-2.667466191869099E-02,1.978513452515862E-02,4.065517543126075E-03
2443408.500000000,8.776723194730161E-02,2.943982486369046E-01,1.597967654835854E-02,-3.259695509561315E-02,9.106510396026385E-03,3.737422886450787E-03
2443412.500000000,-4.615944268914051E-02,3.063065835698593E-01,2.925227556713590E-02,-3.346244783649221E-02,-3.162377651541902E-03,2.815037398585096E-03
2443416.500000000,-1.732430641529996E-01,2.709818257150466E-01,3.803934604980400E-02,-2.937291704539544E-02,-1.406240949323788E-02,1.549349606599240E-03
2443420.500000000,-2.769211463615618E-01,1.982273140042486E-01,4.162028345801335E-02,-2.212095253103653E-02,-2.170568058447156E-02,2.591620537331009E-04
2443424.500000000,-3.487226516181854E-01,1.021192777948006E-01,4.036654877821525E-02,-1.372706410155213E-02,-2.579109056604737E-02,-8.453680254092299E-04
2443428.500000000,-3.870585393853841E-01,-4.150509259621410E-03,3.520944031888901E-02,-5.549811812898157E-03,-2.691780722315725E-02,-1.688394792296774E-03
2443432.500000000,-3.943149616312896E-01,-1.103379905552074E-01,2.720463808936521E-02,1.746063563711947E-03,-2.587544269453585E-02,-2.273346472842635E-03
2443436.500000000,-3.745875598713054E-01,-2.091551148602510E-01,1.732343849495113E-02,7.925168228986413E-03,-2.332736835242340E-02,-2.632774844756893E-03
2443440.500000000,-3.324477494752488E-01,-2.955923840145600E-01,6.394767422583024E-03,1.295588443514481E-02,-1.975068799975655E-02,-2.802736389056072E-03
2443444.500000000,-2.724153565389131E-01,-3.662236060777931E-01,-4.886480270942955E-03,1.688067015926987E-02,-1.546768231315745E-02,-2.813448033267388E-03
2443448.500000000,-1.988053876391661E-01,-4.186806296005215E-01,-1.593062062360130E-02,1.975253499395259E-02,-1.069252642752202E-02,-2.687267897856475E-03
2443452.500000000,-1.157514526631188E-01,-4.513036719773356E-01,-2.622247519323410E-02,2.160603366914401E-02,-5.571027474546869E-03,-2.439276238147821E-03
2443456.500000000,-2.730962700226388E-02,-4.629317821748852E-01,-3.529472131095914E-02,2.244383916505863E-02,-2.113174846605897E-04,-2.078548669667205E-03
2443460.500000000,6.239835710083590E-02,-4.528037461948169E-01,-4.270664900796280E-02,2.222949242222403E-02,5.290843208208132E-03,-1.609556561238447E-03
2443464.500000000,1.490182289179502E-01,-4.205577203232160E-01,-4.802880428482596E-02,2.088250968902382E-02,1.082710441501501E-02,-1.033756043295825E-03
2443468.500000000,2.277809156111685E-01,-3.663396189525545E-01,-5.083510056196095E-02,1.827592639160688E-02,1.624604673627366E-02,-3.518513746780473E-04
2443472.500000000,2.933223384608938E-01,-2.910559070061701E-01,-5.070691138266344E-02,1.424115805133229E-02,2.131021007649545E-02,4.322495721975756E-04
2443476.500000000,3.395582070368713E-01,-1.968353653018894E-01,-4.725927895352072E-02,8.594093977126349E-03,2.563363437138892E-02,1.303938394430955E-03
2443480.500000000,3.597538358545773E-01,-8.778168052424810E-02,-4.020878265967460E-02,1.213709882152407E-03,2.860064143929753E-02,2.224053948824870E-03
2443484.500000000,3.471022847959204E-01,2.895990253967054E-02,-2.951373936922142E-02,-7.771632124228277E-03,2.930164151665404E-02,3.106530146935085E-03
2443488.500000000,2.963530575511116E-01,1.421094407918516E-01,-1.561305214682203E-02,-1.764412227571989E-02,2.661804059004700E-02,3.794097554716674E-03
2443492.500000000,2.069493309073377E-01,2.362222392211958E-01,2.832060053961507E-04,-2.673579638639563E-02,1.971567972396328E-02,4.065449548716466E-03
2443496.500000000,8.676033160372973E-02,2.946775405091017E-01,1.609505912876610E-02,-3.262436886040361E-02,9.014137494881088E-03,3.732381182131810E-03
2443500.500000000,-4.719251364782507E-02,3.062073189150933E-01,2.933907808095771E-02,-3.344831234796547E-02,-3.255186380593259E-03,2.806141925523990E-03
2443504.500000000,-1.741494073003161E-01,2.705465338512408E-01,3.808699732992099E-02,-2.932623376702619E-02,-1.413513628087382E-02,1.539106111541857E-03
2443508.500000000,-2.776033474392499E-01,1.975566795168961E-01,4.162806940188572E-02,-2.205827805798559E-02,-2.175036182382703E-02,2.497438233610000E-04
2443512.500000000,-3.491456893687381E-01,1.013231190609784E-01,4.034023762655602E-02,-1.366189155063145E-02,-2.581004249483284E-02,-8.529101334635575E-04
2443516.500000000,-3.872292656330713E-01,-4.980966356488316E-03,3.515712871091956E-02,-5.489640451965169E-03,-2.691705764835840E-02,-1.693864418910700E-03
2443520.500000000,-3.942606657331339E-01,-1.111359233585775E-01,2.713430550597943E-02,1.798132716013525E-03,-2.586078736799923E-02,-2.276932578231825E-03
2443524.500000000,-3.743427299504529E-01,-2.098741672392133E-01,1.724205215598834E-02,7.968343269859542E-03,-2.330319059325229E-02,-2.634763190632877E-03
2443528.500000000,-3.320478033386912E-01,-2.962008984913819E-01,6.308177467555126E-03,1.299033080664131E-02,-1.972000350698249E-02,-2.803388961091865E-03
2443532.500000000,-2.718943740560638E-01,-3.666998380231873E-01,-4.973358098904566E-03,1.690681401263528E-02,-1.543249435775311E-02,-2.812968044476161E-03
2443536.500000000,-1.981958008030716E-01,-4.190094089385787E-01,-1.601356067470327E-02,1.977073923835144E-02,-1.065417027335341E-02,-2.685798166295496E-03
2443540.500000000,-1.150846288750544E-01,-4.514742943988703E-01,-2.629771601650522E-02,2.161645159358640E-02,-5.530439778142012E-03,-2.436907757486094E-03
2443544.500000000,-2.661686584265162E-02,-4.629368501108726E-01,-3.535877941259318E-02,2.244634253222103E-02,-1.692469726067447E-04,-2.075331229020126E-03
2443548.500000000,6.308460351518654E-02,-4.526387938730955E-01,-4.275617619024150E-02,2.222362691700420E-02,5.333647807910977E-03,-1.605510023505100E-03
2443552.500000000,1.496629847989397E-01,-4.202216141195190E-01,-4.806049455054357E-02,2.086746414191311E-02,1.086968714270847E-02,-1.028884469054640E-03
2443556.500000000,2.283452364106961E-01,-3.658359062861401E-01,-5.084566780987561E-02,1.825053247064687E-02,1.628696828048145E-02,-3.461655768043343E-04
2443560.500000000,2.937620226371291E-01,-2.903955033111955E-01,-5.069319093638665E-02,1.420398605086316E-02,2.134714510489500E-02,4.386903029662244E-04
2443564.500000000,3.398233316418395E-01,-1.960411837047762E-01,-4.721856361278338E-02,8.543808277537993E-03,2.566280098436377E-02,1.310946987316944E-03
2443568.500000000,3.597907591302244E-01,-8.689577797069634E-02,-4.013959113053901E-02,1.150020585817219E-03,2.861615239506795E-02,2.231175085002877E-03
2443572.500000000,3.468614681806923E-01,2.986722326489476E-02,-2.941727920010968E-02,-7.845933071721996E-03,2.929533783363822E-02,3.112839624093844E-03
2443576.500000000,2.958074467872603E-01,1.429332735719179E-01,-1.549542795975307E-02,-1.772004616921535E-02,2.658139686887553E-02,3.798072089466075E-03
2443580.500000000,2.061237821191349E-01,2.368321943010170E-01,4.090361756291387E-04,-2.679653135991028E-02,1.964584826905588E-02,4.065311878383919E-03
2443584.500000000,8.575457617479762E-02,2.949568914391292E-01,1.621037704126545E-02,-3.265113675236504E-02,8.921728520184457E-03,3.727274273567352E-03
2443588.500000000,-4.822191838185093E-02,3.061088733814585E-01,2.942563311332700E-02,-3.343362420490783E-02,-3.347591387206644E-03,2.797224920952488E-03
2443592.500000000,-1.750505557671398E-01,2.701142376361454E-01,3.813442162017237E-02,-2.927936219471288E-02,-1.420722918310350E-02,1.528892375806208E-03
2443596.500000000,-2.782803770031840E-01,1.968915458349284E-01,4.163581438200872E-02,-2.199578584663688E-02,-2.179446370007155E-02,2.403840758551871E-04
2443600.500000000,-3.495647868439938E-01,1.005343845889295E-01,4.031413244560230E-02,-1.359712459496427E-02,-2.582862501168135E-02,-8.603907778387808E-04
2443604.500000000,-3.873978659539585E-01,-5.802995150253350E-03,3.510524788631315E-02,-5.429950198309672E-03,-2.691617207997629E-02,-1.699284647351823E-03
2443608.500000000,-3.942061543602473E-01,-1.119252885691882E-01,2.706456757073575E-02,1.849738643046420E-03,-2.584618956599013E-02,-2.280486393804001E-03
2443612.500000000,-3.740994223226142E-01,-2.105851788414790E-01,1.716135581882679E-02,8.011116834000799E-03,-2.327921003351185E-02,-2.636735793262789E-03
2443616.500000000,-3.316508367954543E-01,-2.968023611135300E-01,6.222311881594144E-03,1.302445052982784E-02,-1.968960966086112E-02,-2.804039566732029E-03
2443620.500000000,-2.713775304113376E-01,-3.671703109479169E-01,-5.059526071559755E-03,1.693270384764312E-02,-1.539765790456284E-02,-2.812496803199221E-03
2443624.500000000,-1.975912361069782E-01,-4.193339227577715E-01,-1.609584307105550E-02,1.978875448142330E-02,-1.061620712678791E-02,-2.684345457939817E-03
2443628.500000000,-1.144234656773139E-01,-4.516422905286702E-01,-2.637238123868034E-02,2.162673834498289E-02,-5.490277996936369E-03,-2.434563130151633E-03
2443632.500000000,-2.593018045249786E-02,-4.629410589372933E-01,-3.542237022586167E-02,2.244876946005778E-02,-1.276344980638338E-04,-2.072144126426891E-03
2443636.500000000,6.376458272084422E-02,-4.524748849687945E-01,-4.280537148170244E-02,2.221774346124047E-02,5.375958310314553E-03,-1.601501060580276E-03
2443640.500000000,1.503015386699988E-01,-4.198886084208927E-01,-4.809202049547767E-02,2.085247223507627E-02,1.091173475925084E-02,-1.024059476165146E-03
2443644.500000000,2.289037520232284E-01,-3.653375190685044E-01,-5.085627924254763E-02,1.822528850072129E-02,1.632731312726191E-02,-3.405379159809717E-04
2443648.500000000,2.941967543254464E-01,-2.897427975228840E-01,-5.067977491469477E-02,1.416709765816893E-02,2.138347445121750E-02,4.450586521948320E-04
2443652.500000000,3.400849824681656E-01,-1.952571206709418E-01,-4.717847337368457E-02,8.493986289165058E-03,2.569137286116194E-02,1.317867658127630E-03
2443656.500000000,3.598264948367699E-01,-8.602221669285905E-02,-4.007140332602970E-02,1.087015282310211E-03,2.863116602185454E-02,2.238195986464428E-03
2443660.500000000,3.466226468189632E-01,3.076064209775792E-02,-2.932222946002344E-02,-7.919334202827758E-03,2.928877992269433E-02,3.119049114085128E-03
2443664.500000000,2.952676990937276E-01,1.437429685262466E-01,-1.537957355117914E-02,-1.779496728234677E-02,2.654491584703090E-02,3.801972083765575E-03
2443668.500000000,2.053078979792823E-01,2.374296660723158E-01,5.329021216769543E-04,-2.685642193869528E-02,1.957667790232656E-02,4.065156173617067E-03
2443672.500000000,8.476102187489941E-02,2.952271716863160E-01,1.632380057793464E-02,-3.267752122704040E-02,8.830313491514146E-03,3.722219716490270E-03
2443676.500000000,-4.923871374915106E-02,3.060053816551803E-01,2.951061064264547E-02,-3.341910186143207E-02,-3.439043518334066E-03,2.788407242481800E-03
2443680.500000000,-1.759405362496371E-01,2.696800983430297E-01,3.818068571548973E-02,-2.923299518563232E-02,-1.427870011802173E-02,1.518781053661120E-03
2443684.500000000,-2.789484424620021E-01,1.962263107742719E-01,4.164276220573958E-02,-2.193385081385066E-02,-2.183830263398080E-02,2.311008725874984E-04
2443688.500000000,-3.499769581471446E-01,9.974609058080351E-02,4.028747447504336E-02,-1.353280526799257E-02,-2.584717417178128E-02,-8.678249610344635E-04
2443692.500000000,-3.875610469588843E-01,-6.624675780577619E-03,3.505295376144772E-02,-5.370568240817786E-03,-2.691534746654790E-02,-1.704679758675220E-03
2443696.500000000,-3.941472325639017E-01,-1.127145924906811E-01,2.699449198695222E-02,1.901140223209081E-03,-2.583166537423925E-02,-2.284025911808514E-03
2443700.500000000,-3.738523988240738E-01,-2.112963903025074E-01,1.708037116505816E-02,8.053739149614925E-03,-2.325528438769967E-02,-2.638696968703608E-03
2443704.500000000,-3.312507296615571E-01,-2.974042020557809E-01,6.136206580506731E-03,1.305842743364585E-02,-1.965925171781475E-02,-2.804676710447378E-03
2443708.500000000,-2.708581549147981E-01,-3.676412911368646E-01,-5.145871619803698E-03,1.695842826409302E-02,-1.536285319187928E-02,-2.812007774714439E-03
2443712.500000000,-1.969848743060067E-01,-4.196590970321313E-01,-1.617822299711017E-02,1.980656658886324E-02,-1.057829258248025E-02,-2.682870712853095E-03
2443716.500000000,-1.137613949782427E-01,-4.518112132049762E-01,-2.644705064652483E-02,2.163678473564989E-02,-5.450204430059532E-03,-2.432194375666386E-03
2443720.500000000,-2.524360143759010E-02,-4.629466625819494E-01,-3.548587052433327E-02,2.245093329687870E-02,-8.617122661032425E-05,-2.068934514270839E-03
2443724.500000000,6.444340042235566E-02,-4.523131186558678E-01,-4.285439707970091E-02,2.221160092408027E-02,5.418041937023099E-03,-1.597475834341013E-03
2443728.500000000,1.509379633921234E-01,-4.195588234496233E-01,-4.812333245810785E-02,2.083726259725453E-02,1.095346981357455E-02,-1.019229426036101E-03
2443732.500000000,2.294594254657158E-01,-3.648437677287348E-01,-5.086668680673497E-02,1.819991390772700E-02,1.636726534288285E-02,-3.349210907127050E-04
2443736.500000000,2.946283789394906E-01,-2.890964198467618E-01,-5.066623647501824E-02,1.413021577506395E-02,2.141935658947165E-02,4.513966529771725E-04
2443740.500000000,3.403439049190117E-01,-1.944812016283939E-01,-4.713842390933009E-02,8.444353695624034E-03,2.571949529774831E-02,1.324737137813245E-03
2443744.500000000,3.598606730608626E-01,-8.515846730226388E-02,-4.000349900015323E-02,1.024407143525467E-03,2.864581162557874E-02,2.245147657111788E-03
2443748.500000000,3.463842442319245E-01,3.164311848353652E-02,-2.922776221910164E-02,-7.992154246626831E-03,2.928204368300301E-02,3.125180475188146E-03
2443752.500000000,2.947309026365127E-01,1.445415617120268E-01,-1.526460551493796E-02,-1.786922877625420E-02,2.650854628476505E-02,3.805801534753548E-03
2443756.500000000,2.044974520696699E-01,2.380171180192032E-01,6.556478572588108E-04,-2.691576471569414E-02,1.950792883650040E-02,4.064957012231592E-03
2443760.500000000,8.377453988984673E-02,2.954895371909407E-01,1.643600321768909E-02,-3.270365946478064E-02,8.739493146098046E-03,3.717158126582247E-03
2443764.500000000,-5.024814547003516E-02,3.058962848211872E-01,2.959439462886159E-02,-3.340466642664212E-02,-3.529976832134558E-03,2.779606546268213E-03
2443768.500000000,-1.768239134493048E-01,2.692419645743869E-01,3.822583180969415E-02,-2.918688531305748E-02,-1.434989670346146E-02,1.508686900896355E-03
2443772.500000000,-2.796109334711840E-01,1.955576960175101E-01,4.164863580325939E-02,-2.187214715198684E-02,-2.188209259618369E-02,2.218216307184661E-04
2443776.500000000,-3.503842522986307E-01,9.895436124843267E-02,4.025973366419257E-02,-1.346859720503698E-02,-2.586577826690050E-02,-8.752661620607821E-04
2443780.500000000,-3.877195495147250E-01,-7.450023809213716E-03,3.499954151097125E-02,-5.311179653841099E-03,-2.691456896102105E-02,-1.710083958329400E-03
2443784.500000000,-3.940834368890506E-01,-1.135076142379876E-01,2.692327114479676E-02,1.952625444744018E-03,-2.581711327750036E-02,-2.287568956223777E-03
2443788.500000000,-3.736000804837004E-01,-2.120110129476241E-01,1.699824481398552E-02,8.096482962915508E-03,-2.323123148015654E-02,-2.640652611225252E-03
2443792.500000000,-3.308448085359246E-01,-2.980087398111926E-01,6.048999823759513E-03,1.309253962373034E-02,-1.962866453341088E-02,-2.805299537435281E-03
2443796.500000000,-2.703324186059421E-01,-3.681138581589101E-01,-5.233247213941925E-03,1.698428917182377E-02,-1.532772415205192E-02,-2.811497722375454E-03
2443800.500000000,-1.963716201443245E-01,-4.199843838965207E-01,-1.626153827875161E-02,1.982450597165657E-02,-1.053996625867385E-02,-2.681369756168507E-03
2443804.500000000,-1.130919659952764E-01,-4.519784333403717E-01,-2.652253979358232E-02,2.164693351149681E-02,-5.409635277153518E-03,-2.429793759875473E-03
2443808.500000000,-2.454934420056589E-02,-4.629484133137828E-01,-3.555004780717174E-02,2.245314963605367E-02,-4.412808243764435E-05,-2.065684799588327E-03
2443812.500000000,6.512994748880847E-02,-4.521450094178707E-01,-4.290391595033512E-02,2.220542423708774E-02,5.460790551431702E-03,-1.593398051487309E-03
2443816.500000000,1.515817258996841E-01,-4.192198726624200E-01,-4.815489401983983E-02,2.082188169151361E-02,1.099594939169074E-02,-1.014329191285871E-03
2443820.500000000,2.300213713472783E-01,-3.643377461082705E-01,-5.087701900843346E-02,1.817416590909320E-02,1.640801948912511E-02,-3.292111266591982E-04
2443824.500000000,2.950642511039459E-01,-2.884345319891193E-01,-5.065219693532906E-02,1.409268147303798E-02,2.145604400450308E-02,4.578548503403251E-04
2443828.500000000,3.406037774143231E-01,-1.936867132415440E-01,-4.709733716138685E-02,8.393713491139342E-03,2.574831808099732E-02,1.331753957119404E-03
2443832.500000000,3.598909815477709E-01,-8.427385434669360E-02,-3.993392686493281E-02,9.603964559412773E-04,2.866086526517171E-02,2.252264526661739E-03
2443836.500000000,3.461356646372267E-01,3.254706702305002E-02,-2.913097104557213E-02,-8.066697658513460E-03,2.927515455031725E-02,3.131468481528001E-03
2443840.500000000,2.941768449862899E-01,1.453594332814157E-01,-1.514678052705220E-02,-1.794523593992540E-02,2.647119979231805E-02,3.809731533272148E-03
2443844.500000000,2.036636025232513E-01,2.386181888088172E-01,7.814499311291041E-04,-2.697633109366095E-02,1.943736050005733E-02,4.064750002484355E-03
2443848.500000000,8.276170647965821E-02,2.957572471102287E-01,1.655098153954931E-02,-3.272999399096908E-02,8.646469602959780E-03,3.711967630919941E-03
2443852.500000000,-5.128253302318168E-02,3.057841878414659E-01,2.968027674673882E-02,-3.338938656516346E-02,-3.622765005579610E-03,2.770608935737199E-03
2443856.500000000,-1.777275553804642E-01,2.687949488180665E-01,3.827228339997216E-02,-2.913937326639598E-02,-1.442214706255976E-02,1.498404481600343E-03
2443860.500000000,-2.802878823713793E-01,1.948776025309688E-01,4.165516053069592E-02,-2.180901325825462E-02,-2.192616122930023E-02,2.124070274648151E-04
2443864.500000000,-3.508007491094491E-01,9.815115310634991E-02,4.023221997930152E-02,-1.340321750546985E-02,-2.588415297089948E-02,-8.827855954081991E-04
2443868.500000000,-3.878832148900336E-01,-8.285372167140072E-03,3.494613365026717E-02,-5.250940793988633E-03,-2.691331806156642E-02,-1.715524346386855E-03
2443872.500000000,-3.940219751275544E-01,-1.143085700186398E-01,2.685196447447322E-02,2.004686782624190E-03,-2.580202198185702E-02,-2.291123520456803E-03
2443876.500000000,-3.733482139043887E-01,-2.127314430626451E-01,1.691601373104139E-02,8.139604190167665E-03,-2.320666411015766E-02,-2.642607806186304E-03
2443880.500000000,-3.304381124763320E-01,-2.986171402656433E-01,5.961701572821874E-03,1.312689741172667E-02,-1.959762170943827E-02,-2.805916936696061E-03
2443884.500000000,-2.698051047933008E-01,-3.685885878691108E-01,-5.320687550995965E-03,1.701031229514068E-02,-1.529219910533514E-02,-2.810979904740106E-03
2443888.500000000,-1.957562520357169E-01,-4.203103442481523E-01,-1.634488313388599E-02,1.984255526139508E-02,-1.050128804994750E-02,-2.679858893318316E-03
2443892.500000000,-1.124200581237317E-01,-4.521449728714815E-01,-2.659801320321523E-02,2.165715654057274E-02,-5.368737406735969E-03,-2.427380190448212E-03
2443896.500000000,-2.385237362913968E-02,-4.629481810009400E-01,-3.561414909898587E-02,2.245540862078431E-02,-1.759424051684400E-06,-2.062417636676095E-03
2443900.500000000,6.581930428385714E-02,-4.519735955506797E-01,-4.295327708586164E-02,2.219925086281716E-02,5.503876278531581E-03,-1.589296523763734E-03
2443904.500000000,1.522282030803246E-01,-4.188762343529580E-01,-4.818618704665343E-02,2.080644594167820E-02,1.103878317419306E-02,-1.009396994582706E-03
2443908.500000000,2.305856503987089E-01,-3.638255986358091E-01,-5.088693578188545E-02,1.814827671196826E-02,1.644913534821092E-02,-3.234595239826449E-04
2443912.500000000,2.955016647178413E-01,-2.877651061757315E-01,-5.063755591823522E-02,1.405488731478525E-02,2.149306786176323E-02,4.643641695697776E-04
2443916.500000000,3.408638725724635E-01,-1.928834939928561E-01,-4.705543109093880E-02,8.342671967248838E-03,2.577738697239300E-02,1.338827471656202E-03
2443920.500000000,3.599196393689358E-01,-8.337986882202562E-02,-3.986331352090314E-02,8.958584107861578E-04,2.867597465060805E-02,2.259433206987087E-03
2443924.500000000,3.458832186488375E-01,3.346004146155027E-02,-2.903297143606405E-02,-8.141795697953022E-03,2.926802038379668E-02,3.137784495766544E-03
2443928.500000000,2.936169854548786E-01,1.461846624579130E-01,-1.502772150709160E-02,-1.802161287332862E-02,2.643327154842102E-02,3.813642943725687E-03
2443932.500000000,2.028232664419952E-01,2.392238541513359E-01,9.082996186736223E-04,-2.703683818983390E-02,1.936604157936477E-02,4.064469658454297E-03
2443936.500000000,8.174359861418959E-02,2.960268087145567E-01,1.666664536112989E-02,-3.275580635894040E-02,8.552888628515219E-03,3.706677202375577E-03
2443940.500000000,-5.231964286689329E-02,3.056725742720925E-01,2.976647606166830E-02,-3.337341966094344E-02,-3.715666000108089E-03,2.761534628998215E-03
2443944.500000000,-1.786314571534912E-01,2.683487526291614E-01,3.831884126232109E-02,-2.909135938779827E-02,-1.449415455157060E-02,1.488094001042327E-03
2443948.500000000,-2.809636916549129E-01,1.941995865095445E-01,4.166176201437162E-02,-2.174568029133918E-02,-2.196988399472286E-02,2.030020944702764E-04
2443952.500000000,-3.512158092373035E-01,9.735129306895329E-02,4.020485900449570E-02,-1.333786918448496E-02,-2.590225677644381E-02,-8.902802109339655E-04
2443956.500000000,-3.880458370067125E-01,-9.116549329283349E-03,3.489297949910401E-02,-5.190849987837691E-03,-2.691192844453774E-02,-1.720940925801969E-03
2443960.500000000,-3.939601503930731E-01,-1.151050495800524E-01,2.678099164563703E-02,2.056566358146717E-03,-2.578691198679008E-02,-2.294662416107796E-03
2443964.500000000,-3.730966999321966E-01,-2.134475059776149E-01,1.683416011356009E-02,8.182554093104959E-03,-2.318216397777871E-02,-2.644556775248622E-03
2443968.500000000,-3.300324013576733E-01,-2.992215583762171E-01,5.874788876571752E-03,1.316111174230641E-02,-1.956669924986156E-02,-2.806536184102675E-03
2443972.500000000,-2.692792876576350E-01,-3.690598810557005E-01,-5.407762290392825E-03,1.703622278794252E-02,-1.525682336740706E-02,-2.810469848718109E-03
2443976.500000000,-1.951427745599862E-01,-4.206334966438371E-01,-1.642790175132865E-02,1.986051941449128E-02,-1.046277296725942E-02,-2.678359633426695E-03
2443980.500000000,-1.117503346333825E-01,-4.523093705356101E-01,-2.667321163039335E-02,2.166731705239883E-02,-5.328008645994453E-03,-2.424980411032708E-03
2443984.500000000,-2.315779893760427E-02,-4.629464902476195E-01,-3.567803293144612E-02,2.245762392357089E-02,4.043672012261866E-05,-2.059165293883487E-03
2443988.500000000,6.650612561342308E-02,-4.518014212582689E-01,-4.300248090840143E-02,2.219305145293113E-02,5.546785134033161E-03,-1.585210176952742E-03
2443992.500000000,1.528720793004705E-01,-4.185325568580412E-01,-4.821738379869789E-02,2.079100423803313E-02,1.108143254711559E-02,-1.004480143707955E-03
2443996.500000000,2.311473557257245E-01,-3.633141719808709E-01,-5.089681842912392E-02,1.812240871650612E-02,1.649005481289375E-02,-3.177237523930437E-04
2444000.500000000,2.959366643670305E-01,-2.870972187547681E-01,-5.062294659279690E-02,1.401715462059322E-02,2.152987858451595E-02,4.708561736775161E-04
2444004.500000000,3.411219139239224E-01,-1.920827046313486E-01,-4.701363202119913E-02,8.291753419293351E-03,2.580622321476992E-02,1.345880226346621E-03
2444008.500000000,3.599469096283520E-01,-8.248927474648211E-02,-3.979290195334577E-02,8.315368305340645E-04,2.869083859446131E-02,2.266574716371082E-03
2444012.500000000,3.456305070307391E-01,3.436866786657682E-02,-2.893529983829552E-02,-8.216542011278310E-03,2.926066308744400E-02,3.144064343096600E-03
2444016.500000000,2.930585953993251E-01,1.470048367943923E-01,-1.490915092559129E-02,-1.809747268957600E-02,2.639523411050072E-02,3.817511452470314E-03
2444020.500000000,2.019867425111768E-01,2.398244999448296E-01,1.034496170022405E-03,-2.709671011396386E-02,1.929487554780208E-02,4.064153264051499E-03
2444024.500000000,8.073178634677969E-02,2.962926859814210E-01,1.678156438204417E-02,-3.278105394578038E-02,8.459826758477474E-03,3.701380850038878E-03
2444028.500000000,-5.334875242649832E-02,3.055599726958435E-01,2.985199385962015E-02,-3.335719740335523E-02,-3.807771281260636E-03,2.752498143453564E-03
2444032.500000000,-1.795271370765729E-01,2.679048992658822E-01,3.836494175648240E-02,-2.904348621489448E-02,-1.456533543963356E-02,1.477854297968182E-03
2444036.500000000,-2.816324883201260E-01,1.935269187805045E-01,4.166821688161312E-02,-2.168278589749419E-02,-2.201295388106250E-02,1.936780612533283E-04
2444040.500000000,-3.516259439298373E-01,9.655890083347629E-02,4.017766435905948E-02,-1.327310120131580E-02,-2.591995691817057E-02,-8.977013376965918E-04
2444044.500000000,-3.882059240080845E-01,-9.939129316551807E-03,3.484025601417157E-02,-5.131357712590282E-03,-2.691037166513806E-02,-1.726299534983113E-03
2444048.500000000,-3.938980902683444E-01,-1.158926623415152E-01,2.671064653408813E-02,2.107903344039055E-03,-2.577182595856821E-02,-2.298160754738777E-03
2444052.500000000,-3.728469437151541E-01,-2.141550974812904E-01,1.675306302088303E-02,8.225053707144809E-03,-2.315782975098019E-02,-2.646481604808044E-03
2444056.500000000,-3.296300410829058E-01,-2.998183795666275E-01,5.788699846663119E-03,1.319498046981511E-02,-1.953604168010888E-02,-2.807145609398145E-03
2444060.500000000,-2.687579955838582E-01,-3.695247764671274E-01,-5.493998719021660E-03,1.706189071093120E-02,-1.522177739848323E-02,-2.809961894415622E-03
2444064.500000000,-1.945346010017586E-01,-4.209516570830964E-01,-1.651011048541701E-02,1.987833478237735E-02,-1.042462763040553E-02,-2.676872135445622E-03
2444068.500000000,-1.110863434008562E-01,-4.524703070852265E-01,-2.674766337555484E-02,2.167740998127714E-02,-5.287673609758820E-03,-2.422600212067720E-03
2444072.500000000,-2.246908591563006E-02,-4.629429471519280E-01,-3.574126195622829E-02,2.245984012510594E-02,8.222282755938978E-05,-2.055939182481383E-03
2444076.500000000,6.718720851441314E-02,-4.516290658253240E-01,-4.305114756505599E-02,2.218691151173140E-02,5.589267940837542E-03,-1.581156469718226E-03
2444080.500000000,1.535105643709005E-01,-4.181904423981583E-01,-4.824818808671154E-02,2.077567678707755E-02,1.112363475070247E-02,-9.996032662285346E-04
2444084.500000000,2.317042449896651E-01,-3.628061503117203E-01,-5.090648666496495E-02,1.809671617481537E-02,1.653049968114273E-02,-3.120375050420046E-04
2444088.500000000,2.963677045591729E-01,-2.864346905388988E-01,-5.060834529366420E-02,1.397967974146648E-02,2.156618822027289E-02,4.772859234094309E-04
2444092.500000000,3.413772532695430E-01,-1.912892996028513E-01,-4.697212040247657E-02,8.241213532741312E-03,2.583455456643863E-02,1.352855224514792E-03
2444096.500000000,3.599733162067418E-01,-8.160799492030937E-02,-3.972311989401092E-02,7.677636506609819E-04,2.870525746509996E-02,2.273623544688775E-03
2444100.500000000,3.453795213778705E-01,3.526650802709194E-02,-2.883864631622124E-02,-8.290541843528093E-03,2.925303921943946E-02,3.150244859618488E-03
2444104.500000000,2.925052422518577E-01,1.478137792267294E-01,-1.479197772956685E-02,-1.817244390142414E-02,2.635726702823604E-02,3.821294038824917E-03
2444108.500000000,2.011587837186306E-01,2.404150794906923E-01,1.159027689750102E-03,-2.715575228039458E-02,1.922422884374740E-02,4.063794067484507E-03
2444112.500000000,7.973124790498277E-02,2.965513759759564E-01,1.689477383552350E-02,-3.280582272141321E-02,8.367648554042947E-03,3.696106493455651E-03
2444116.500000000,-5.436568466833233E-02,3.054439441571852E-01,2.993600872344914E-02,-3.334100471237553E-02,-3.898941753911557E-03,2.743538220911316E-03
2444120.500000000,-1.804116057052601E-01,2.674609121503788E-01,3.840989407987418E-02,-2.899602711911833E-02,-1.463584066099585E-02,1.467708702527175E-03
2444124.500000000,-2.822920715198040E-01,1.928561089939158E-01,4.167387813039586E-02,-2.162043633185359E-02,-2.205570003600842E-02,1.844335580837948E-04
2444128.500000000,-3.520289874416742E-01,9.576908354780665E-02,4.014994344386984E-02,-1.320883100553297E-02,-2.593760126496275E-02,-9.050685672504952E-04
2444132.500000000,-3.883607104143493E-01,-1.075923395386424E-02,3.478717582894325E-02,-5.072262133304395E-03,-2.690890110127793E-02,-1.731625933407284E-03
2444136.500000000,-3.938321441330874E-01,-1.166782645654057E-01,2.664004500624141E-02,2.158922840755527E-03,-2.575687446522468E-02,-2.301639629226543E-03
2444140.500000000,-3.725944888187669E-01,-2.148612269951710E-01,1.667177586111191E-02,8.267269497599971E-03,-2.313363081001931E-02,-2.648391596715347E-03
2444144.500000000,-3.292261185109782E-01,-3.004142586390203E-01,5.702479803342156E-03,1.322855951778179E-02,-1.950550926121100E-02,-2.807739803775947E-03
2444148.500000000,-2.682363524171538E-01,-3.699892273800862E-01,-5.580301251279359E-03,1.708724051176353E-02,-1.518685823093906E-02,-2.809436703689148E-03
2444152.500000000,-1.939274155870718E-01,-4.212699192916639E-01,-1.659231388934943E-02,1.989579941741325E-02,-1.038663252877354E-02,-2.675366523638840E-03
2444156.500000000,-1.104247903102974E-01,-4.526320306585773E-01,-2.682204024549301E-02,2.168713193975915E-02,-5.247534234560673E-03,-2.420203939544641E-03
2444160.500000000,-2.178429397121864E-02,-4.629410912501113E-01,-3.580436212699896E-02,2.246169112279098E-02,1.237529363759399E-04,-2.052702805515401E-03
2444164.500000000,6.786297987041157E-02,-4.514595483379696E-01,-4.309966217247606E-02,2.218044813954043E-02,5.631432377326598E-03,-1.577101982496582E-03
2444168.500000000,1.541425957643769E-01,-4.178525412383108E-01,-4.827886069091167E-02,2.076010854570800E-02,1.116547198359846E-02,-9.947376080721630E-04
2444172.500000000,2.322539468193417E-01,-3.623038367764840E-01,-5.091609273078020E-02,1.807090285390851E-02,1.657057018482433E-02,-3.063745202290304E-04
2444176.500000000,2.967913524378645E-01,-2.857792918493124E-01,-5.059379332365845E-02,1.394222409197546E-02,2.160217287015698E-02,4.836842215886162E-04
2444180.500000000,3.416255361210022E-01,-1.905041056198820E-01,-4.693078650532578E-02,8.190814886476492E-03,2.586268223191222E-02,1.359799363266177E-03
2444184.500000000,3.599933561472959E-01,-8.073539258242374E-02,-3.965361630805738E-02,7.041752406892326E-04,2.871965335818124E-02,2.280655273746752E-03
2444188.500000000,3.451227653069632E-01,3.615595024387542E-02,-2.874228919015350E-02,-8.364455673593367E-03,2.924556830321516E-02,3.156435264335930E-03
2444192.500000000,2.919460066835773E-01,1.486150901605809E-01,-1.467499975029670E-02,-1.824757553425999E-02,2.631949507831053E-02,3.825116093019537E-03
2444196.500000000,2.003237519526089E-01,2.409984679375553E-01,1.283550502913498E-03,-2.721521067915096E-02,1.915356019962568E-02,4.063482936648048E-03
2444200.500000000,7.872182447675534E-02,2.968019738388573E-01,1.700811740078187E-02,-3.283102320180524E-02,8.275027237280718E-03,3.690848680526704E-03
2444204.500000000,-5.539266570556819E-02,3.053172947283754E-01,3.002011039723271E-02,-3.332491303250584E-02,-3.990892033587214E-03,2.734536692771595E-03
2444208.500000000,-1.813055606334340E-01,2.670030448425689E-01,3.845466365885297E-02,-2.894818557993052E-02,-1.470713570159731E-02,1.457474667708941E-03
2444212.500000000,-2.829588065695726E-01,1.921687593516115E-01,4.167896568211141E-02,-2.155733601657572E-02,-2.209895149536896E-02,1.750879871879755E-04
2444216.500000000,-3.524358111811475E-01,9.496148729228490E-02,4.012127107704427E-02,-1.314366142580398E-02,-2.595535670286203E-02,-9.125199602841460E-04
2444220.500000000,-3.885156877378926E-01,-1.159682303501634E-02,3.473286652634471E-02,-5.012293030355384E-03,-2.690718606938566E-02,-1.737006037849553E-03
2444224.500000000,-3.937631059977378E-01,-1.174798240259441E-01,2.656806247440244E-02,2.210702073933030E-03,-2.574142145110234E-02,-2.305141442754196E-03
2444228.500000000,-3.723361765893208E-01,-2.155809603034922E-01,1.658906741147226E-02,8.310107821687725E-03,-2.310877111812912E-02,-2.650300065852020E-03
2444232.500000000,-3.288141121985779E-01,-3.010209037934506E-01,5.614880967996410E-03,1.326263174673082E-02,-1.947422792220077E-02,-2.808315393495526E-03
2444236.500000000,-2.677048843697189E-01,-3.704613444065039E-01,-5.667883541557416E-03,1.711297032632827E-02,-1.515114249797444E-02,-2.808881283025892E-03
2444240.500000000,-1.933090897785746E-01,-4.215925971780328E-01,-1.667565783716569E-02,1.991354310945661E-02,-1.034781013987804E-02,-2.673821761188493E-03
2444244.500000000,-1.097511770933697E-01,-4.527948056484629E-01,-2.689738390524442E-02,2.169703399208953E-02,-5.206539856943956E-03,-2.417759793573216E-03
2444248.500000000,-2.108693593310955E-02,-4.629368083490258E-01,-3.586821752547201E-02,2.246361192089974E-02,1.661674740131770E-04,-2.049408109159185E-03
2444252.500000000,6.855133516481415E-02,-4.512840093399129E-01,-4.314867306399497E-02,2.217391834092312E-02,5.674508494160310E-03,-1.572975796494916E-03
2444256.500000000,1.547866082503243E-01,-4.175049393486880E-01,-4.830971056658045E-02,2.074429756245898E-02,1.120823300773076E-02,-9.897836406769726E-04
2444260.500000000,2.328142225881611E-01,-3.617881626795378E-01,-5.092548560009462E-02,1.804461973560557E-02,1.661153768923610E-02,-3.006044289992963E-04
2444264.500000000,2.972231535399643E-01,-2.851071168101110E-01,-5.057856290239785E-02,1.390402019689845E-02,2.163895196427620E-02,4.902074712245997E-04
2444268.500000000,3.418783661277142E-01,-1.896993630614519E-01,-4.688824930830531E-02,8.139360388167639E-03,2.589137593364102E-02,1.366879021407995E-03
2444272.500000000,3.600131493312858E-01,-7.984172493848771E-02,-3.958237365765092E-02,6.392608532402041E-04,2.873420842191925E-02,2.287815307057128E-03
2444276.500000000,3.448601737391104E-01,3.706595140355767E-02,-2.864374414174279E-02,-8.439794623566725E-03,2.923765652268486E-02,3.162715539793859E-03
2444280.500000000,2.913755951976952E-01,1.494338185565642E-01,-1.455561654175982E-02,-1.832388034729377E-02,2.628059898206494E-02,3.828950840235619E-03
2444284.500000000,1.994740867275350E-01,2.415937128255396E-01,1.410332801719567E-03,-2.727516221161654E-02,1.908130455742098E-02,4.063086172513563E-03
2444288.500000000,7.769752478151946E-02,2.970580423764971E-01,1.712321958998238E-02,-3.285586329308539E-02,8.180903089804010E-03,3.685435466805277E-03
2444292.500000000,-5.643181775969376E-02,3.051911532809798E-01,3.010532142040850E-02,-3.330791097580799E-02,-4.083770727053528E-03,2.725377447800517E-03
2444296.500000000,-1.822077894268660E-01,2.665432929850584E-01,3.849999767097924E-02,-2.889937851653728E-02,-1.477872431585448E-02,1.447130337907144E-03
2444300.500000000,-2.836303753723006E-01,1.914792245485779E-01,4.168428644076890E-02,-2.149350503240167E-02,-2.214210850687301E-02,1.656851427302871E-04
2444304.500000000,-3.528451083059593E-01,9.415241823024717E-02,4.009267975100002E-02,-1.307803534438908E-02,-2.597288403263564E-02,-9.199936881608029E-04
2444308.500000000,-3.886717479139511E-01,-1.243495952415354E-02,3.467858658035176E-02,-4.952070786775961E-03,-2.690525072995534E-02,-1.742392189821293E-03
2444312.500000000,-3.936944085028524E-01,-1.182811549542213E-01,2.649609775774663E-02,2.262610921257557E-03,-2.572580342882032E-02,-2.308644204820612E-03
2444316.500000000,-3.720778345794486E-01,-2.162999188884019E-01,1.650637480917032E-02,8.353009125535195E-03,-2.308380121897618E-02,-2.652208933825321E-03
2444320.500000000,-3.284018975990473E-01,-3.016264157587976E-01,5.527295708816922E-03,1.329673438885995E-02,-1.944287439714540E-02,-2.808891693923543E-03
2444324.500000000,-2.671731193841428E-01,-3.709320849460400E-01,-5.755454837506911E-03,1.713871606676546E-02,-1.511537452802254E-02,-2.808326293641124E-03
2444328.500000000,-1.926904180693104E-01,-4.219137045163070E-01,-1.675899034475775E-02,1.993129601473553E-02,-1.030894087234809E-02,-2.672276175190713E-03
2444332.500000000,-1.090771918287387E-01,-4.529558150820354E-01,-2.697270864891042E-02,2.170693966280688E-02,-5.165493411302817E-03,-2.415312571200989E-03
2444336.500000000,-2.038920778328801E-02,-4.629305291639051E-01,-3.593203562190556E-02,2.246552721880040E-02,2.086461659463022E-04,-2.046107145855019E-03
2444340.500000000,6.924000882706884E-02,-4.511061871375399E-01,-4.319761375721946E-02,2.216736667518037E-02,5.717664134336328E-03,-1.568839294810154E-03
2444344.500000000,1.554308017827377E-01,-4.171547064943986E-01,-4.834043965363011E-02,2.072843776498812E-02,1.125108772386761E-02,-9.848145944072900E-04
2444348.500000000,2.333744084130803E-01,-3.612694661431390E-01,-5.093468713554961E-02,1.801824757122587E-02,1.665260520273243E-02,-2.948141329181966E-04
2444352.500000000,2.976544046836084E-01,-2.844315348453064E-01,-5.056305065517751E-02,1.386567324181327E-02,2.167581912876737E-02,4.967555688672253E-04
2444356.500000000,3.421299505448580E-01,-1.888909379764434E-01,-4.684532498845345E-02,8.087700912728389E-03,2.592011229587276E-02,1.373985872040729E-03
2444360.500000000,3.600307683632666E-01,-7.894437723993061E-02,-3.951063906381930E-02,5.740921536155340E-04,2.874870994223148E-02,2.294999258229685E-03
2444364.500000000,3.445943777872207E-01,3.797913065064160E-02,-2.854463421169937E-02,-8.515379628135372E-03,2.922953948598072E-02,3.169006325777620E-03
2444368.500000000,2.908012021753401E-01,1.502545646903657E-01,-1.443567404462905E-02,-1.840030353373076E-02,2.624133370209528E-02,3.832770511941955E-03
2444372.500000000,1.986204524813747E-01,2.421893235594406E-01,1.537554224819511E-03,-2.733497339091104E-02,1.900862209367648E-02,4.062645438544191E-03
2444376.500000000,7.667036567408760E-02,2.973130090899034E-01,1.723855384530539E-02,-3.288030790890958E-02,8.086508211865120E-03,3.679967434320331E-03
2444380.500000000,-5.747204597365603E-02,3.050633974385588E-01,3.019057296221038E-02,-3.329045358384340E-02,-4.176630188564118E-03,2.716181327464270E-03
2444384.500000000,-1.831095114061607E-01,2.660824909557201E-01,3.854528522301444E-02,-2.885025768764432E-02,-1.485007492241270E-02,1.436779369187546E-03
2444388.500000000,-2.843005774508234E-01,1.907897617164221E-01,4.168958298253099E-02,-2.142955466307670E-02,-2.218496700162347E-02,1.562978036196407E-04
2444392.500000000,-3.532528669899030E-01,9.334454087335670E-02,4.006414757934287E-02,-1.301243004674729E-02,-2.599016174905094E-02,-9.274432895827974E-04
2444396.500000000,-3.888265064464399E-01,-1.327107769323904E-02,3.462446247375647E-02,-4.891934797803323E-03,-2.690315373149884E-02,-1.747755302572614E-03
2444400.500000000,-3.936247881874178E-01,-1.190799955248637E-01,2.642437015777470E-02,2.314423780363946E-03,-2.571010851701913E-02,-2.312129835697545E-03
2444404.500000000,-3.718189170296607E-01,-2.170162165306399E-01,1.642397329450939E-02,8.395836278558614E-03,-2.305881901538905E-02,-2.654107977591883E-03
2444408.500000000,-3.279893363787643E-01,-3.022293077109440E-01,5.440027004726712E-03,1.333079769045467E-02,-1.941154994175616E-02,-2.809464875426722E-03
2444412.500000000,-2.666410928272705E-01,-3.714003707564806E-01,-5.842707895359676E-03,1.716445800328341E-02,-1.507965733154203E-02,-2.807773261753557E-03
2444416.500000000,-1.920714392358680E-01,-4.222325803020280E-01,-1.684201923967828E-02,1.994907396672846E-02,-1.027013082853628E-02,-2.670735599314032E-03
2444420.500000000,-1.084027588989933E-01,-4.531148362559727E-01,-2.704775259128586E-02,2.171688861285014E-02,-5.124509180763164E-03,-2.412871441736721E-03
2444424.500000000,-1.969084199150496E-02,-4.629225205313561E-01,-3.599559682541773E-02,2.246749234170035E-02,2.510563292979420E-04,-2.042811857422590E-03
2444428.500000000,6.992951574905987E-02,-4.509269423279250E-01,-4.324631833143217E-02,2.216086177094434E-02,5.760731834559333E-03,-1.564707536703959E-03
2444432.500000000,1.560760026939187E-01,-4.168034792516180E-01,-4.837095136343757E-02,2.071261863012398E-02,1.129381144696051E-02,-9.798505690769741E-04
2444436.500000000,2.339357664971843E-01,-3.607504397157531E-01,-5.094369788727914E-02,1.799192060854387E-02,1.669346525796005E-02,-2.890330475991241E-04
2444440.500000000,2.980870712357318E-01,-2.837566687129529E-01,-5.054740486071409E-02,1.382741135803223E-02,2.171236500073548E-02,5.032826451921307E-04
2444444.500000000,3.423834870293152E-01,-1.880847866545575E-01,-4.680239347246377E-02,8.036241268483693E-03,2.594838980181921E-02,1.381048401676280E-03
2444448.500000000,3.600515688631963E-01,-7.805138100184252E-02,-3.943914288941124E-02,5.093630723413572E-04,2.876264369487911E-02,2.302102800548651E-03
2444452.500000000,3.443342582547903E-01,3.888568496673061E-02,-2.844616890255124E-02,-8.590133178283207E-03,2.922089142728814E-02,3.175174756207844E-03
2444456.500000000,2.902367438438930E-01,1.510671399683772E-01,-1.431692714819057E-02,-1.847543496117309E-02,2.620189390514350E-02,3.836442728918224E-03
2444460.500000000,1.977825389445282E-01,2.427774803425947E-01,1.663022965507833E-03,-2.739325458727833E-02,1.893653417576815E-02,4.062085272269898E-03
2444464.500000000,7.566457260564449E-02,2.975647862693501E-01,1.735183271863221E-02,-3.290357658824682E-02,7.993631664395451E-03,3.674477318929784E-03
2444468.500000000,-5.848794882117965E-02,3.049397630563041E-01,3.027392980674814E-02,-3.327275542203546E-02,-4.267464723772357E-03,2.707085361908099E-03
2444472.500000000,-1.839880243244794E-01,2.656337246630334E-01,3.858925562333172E-02,-2.880189737184558E-02,-1.491960258686759E-02,1.426605576797684E-03
2444476.500000000,-2.849519976237969E-01,1.901183951536768E-01,4.169430933109784E-02,-2.136697652846770E-02,-2.222665761223612E-02,1.470967071547391E-04
2444480.500000000,-3.536477897546977E-01,9.255797282326896E-02,4.003573000446042E-02,-1.294836217799914E-02,-2.600698635994239E-02,-9.347411713368093E-04
2444484.500000000,-3.889744034478986E-01,-1.408526333724011E-02,3.457096499561186E-02,-4.833216504812666E-03,-2.690116579443049E-02,-1.753014434183055E-03
2444488.500000000,-3.935535160183825E-01,-1.198581396373382E-01,2.635359509934490E-02,2.365059188957161E-03,-2.569489239329083E-02,-2.315555044243416E-03
2444492.500000000,-3.715625336983603E-01,-2.177142021407443E-01,1.634269542681377E-02,8.437745933304205E-03,-2.303452830005326E-02,-2.655980117517405E-03
2444496.500000000,-3.275825009236436E-01,-3.028168928978098E-01,5.353939374599696E-03,1.336417625322143E-02,-1.938102269473565E-02,-2.810034762877639E-03
2444500.500000000,-2.661171352545265E-01,-3.718566365843443E-01,-5.928800924565498E-03,1.718970583842006E-02,-1.504477842530412E-02,-2.807233036426489E-03
2444504.500000000,-1.914621934549671E-01,-4.225428101069492E-01,-1.692396337975884E-02,1.996650784513670E-02,-1.023216562857418E-02,-2.669219322119086E-03
2444508.500000000,-1.077391892672284E-01,-4.532685757561015E-01,-2.712182835707267E-02,2.172661233735403E-02,-5.084360701958284E-03,-2.410464182152803E-03
2444512.500000000,-1.900403526613966E-02,-4.629125439108044E-01,-3.605834457753677E-02,2.246933296991643E-02,2.926461316609253E-04,-2.039560241612153E-03
2444516.500000000,7.060715833659446E-02,-4.507489717030524E-01,-4.329440624872232E-02,2.215432926466905E-02,5.803000120893330E-03,-1.560630817522278E-03
2444520.500000000,1.567094364910872E-01,-4.164566618822486E-01,-4.840109222636265E-02,2.069687822776437E-02,1.133577008502852E-02,-9.749546086015893E-04
2444524.500000000,2.344859150354482E-01,-3.602387687280320E-01,-5.095263653502597E-02,1.796579707871332E-02,1.673362436214131E-02,-2.833329980685026E-04
2444528.500000000,2.985096214208684E-01,-2.830917498830468E-01,-5.053203112965189E-02,1.378949438200420E-02,2.174832667522175E-02,5.097198260655148E-04
2444532.500000000,3.426285670719161E-01,-1.872905650469147E-01,-4.676009524471172E-02,7.985262297643498E-03,2.597627377244729E-02,1.388022530175535E-03
2444536.500000000,3.600660211398363E-01,-7.717137630486910E-02,-3.936860304648843E-02,4.451916017979139E-04,2.877645103408353E-02,2.309136539756354E-03
2444540.500000000,3.440699644839104E-01,3.977934336482940E-02,-2.834886770411244E-02,-8.664385313021267E-03,2.921241521766671E-02,3.181312335195430E-03
2444544.500000000,2.896697104851881E-01,1.518679845011964E-01,-1.419936513563241E-02,-1.855029533234276E-02,2.616283715073823E-02,3.840136154776984E-03
2444548.500000000,1.969424921247160E-01,2.433554882763925E-01,1.787484936860797E-03,-2.745158511738869E-02,1.886480704815334E-02,4.061588931894864E-03
2444552.500000000,7.465598266823326E-02,2.978073754256905E-01,1.746438961816981E-02,-3.292708757293406E-02,7.900845006811283E-03,3.669058824539403E-03
2444556.500000000,-5.950754005075722E-02,3.048066424435247E-01,3.035680413418287E-02,-3.325521498447171E-02,-4.358521641959745E-03,2.698033372013554E-03
2444560.500000000,-1.848703470973398E-01,2.651742581616374E-01,3.863284443984915E-02,-2.875342765868661E-02,-1.498947284053642E-02,1.416439366958542E-03
2444564.500000000,-2.856062727059888E-01,1.894351142422093E-01,4.169863514479122E-02,-2.130404907140629E-02,-2.226858187265033E-02,1.378820149233226E-04
2444568.500000000,-3.540439266906286E-01,9.175899021411484E-02,4.000684865751937E-02,-1.288384983471883E-02,-2.602381917715971E-02,-9.420542771353931E-04
2444572.500000000,-3.891217897491609E-01,-1.491143238354299E-02,3.451696145095578E-02,-4.774099625164215E-03,-2.689896109780900E-02,-1.758278226394854E-03
2444576.500000000,-3.934803825524382E-01,-1.206470502869097E-01,2.628232380383445E-02,2.415962214587273E-03,-2.567929751929294E-02,-2.318970626712873E-03
2444580.500000000,-3.713035369615444E-01,-2.184212478306214E-01,1.626098583159134E-02,8.479762928386104E-03,-2.300977604753280E-02,-2.657830244286608E-03
2444584.500000000,-3.271729322668158E-01,-3.034116464903528E-01,5.267525471844908E-03,1.339751120130196E-02,-1.935002145648585E-02,-2.810574786510586E-03
2444588.500000000,-2.655908709104990E-01,-3.723182396549926E-01,-6.015093599155326E-03,1.721479041793020E-02,-1.500946485996796E-02,-2.806660178504275E-03
2444592.500000000,-1.908514652010155E-01,-4.228567731883641E-01,-1.700597863217488E-02,1.998370004799873E-02,-1.019383677610581E-02,-2.667672048337256E-03
2444596.500000000,-1.070751887558802E-01,-4.534247609043137E-01,-2.719585991662097E-02,2.173605891331982E-02,-5.043932891581296E-03,-2.408030642723618E-03
2444600.500000000,-1.831791119994352E-02,-4.629040627689052E-01,-3.612095512833592E-02,2.247089986613630E-02,3.344331998438769E-04,-2.036288502894365E-03
2444604.500000000,7.128308234433009E-02,-4.505718488685403E-01,-4.334228855825218E-02,2.214755659314652E-02,5.845398283970867E-03,-1.556539820829178E-03
2444608.500000000,1.573402891000994E-01,-4.161102696263371E-01,-4.843097899877937E-02,2.068094816437980E-02,1.137781455655308E-02,-9.700482239626565E-04
2444612.500000000,2.350328266521730E-01,-3.597272227225761E-01,-5.096128166538957E-02,1.793953345143122E-02,1.677385211176028E-02,-2.776230114170313E-04
2444616.500000000,2.989284390599838E-01,-2.824266762408515E-01,-5.051631829549652E-02,1.375146389651749E-02,2.178436249626611E-02,5.161705582905186E-04
2444620.500000000,3.428694410999002E-01,-1.864958654446076E-01,-4.671739002512822E-02,7.934150928919068E-03,2.600424415656836E-02,1.395017560848104E-03
2444624.500000000,3.600756028104108E-01,-7.629055983948035E-02,-3.929755483512040E-02,3.808106295030339E-04,2.879033061585826E-02,2.316199949867106E-03
2444628.500000000,3.437997309209377E-01,4.067395512696807E-02,-2.825092779833471E-02,-8.738965457149491E-03,2.920392025744506E-02,3.187483960323619E-03
2444632.500000000,2.890952198714703E-01,1.526693305883177E-01,-1.408104114552653E-02,-1.862557217305794E-02,2.612355310310054E-02,3.843853968623007E-03
2444636.500000000,1.960933715718779E-01,2.439325173780618E-01,1.912751600174072E-03,-2.751027399295246E-02,1.879256337097282E-02,4.061086033023144E-03
2444640.500000000,7.363735003443840E-02,2.980464285781799E-01,1.757763711160433E-02,-3.295069434522682E-02,7.807323830263513E-03,3.663589260195377E-03
2444644.500000000,-6.053683501464876E-02,3.046669673834538E-01,3.044008686476930E-02,-3.323740819290443E-02,-4.450312081067755E-03,2.688894721187198E-03
2444648.500000000,-1.857606863307480E-01,2.647056715806301E-01,3.867646468774880E-02,-2.870440392889386E-02,-1.505986666810236E-02,1.406175789553235E-03
2444652.500000000,-2.862660323906724E-01,1.887412014620711E-01,4.170262111847461E-02,-2.124043583318947E-02,-2.231073551044453E-02,1.285819714510471E-04
2444656.500000000,-3.544427700210189E-01,9.094901230365017E-02,3.997733089372584E-02,-1.281865108913699E-02,-2.604061493662517E-02,-9.494294246452405E-04
2444660.500000000,-3.892692640651535E-01,-1.574804006876113E-02,3.446212291531545E-02,-4.714367306390066E-03,-2.689652859308295E-02,-1.763579677588485E-03
2444664.500000000,-3.934050643839714E-01,-1.214452319750610E-01,2.621010914846786E-02,2.467384626168005E-03,-2.566335712153473E-02,-2.322403591585019E-03
2444668.500000000,-3.710404731963038E-01,-2.191360348578877E-01,1.617829539858617E-02,8.522202696820736E-03,-2.298461080450077E-02,-2.659682504347899E-03
2444672.500000000,-3.267577855295801E-01,-3.040124042215777E-01,5.180145890386209E-03,1.343118041558566E-02,-1.931856779000186E-02,-2.811105623159809E-03
2444676.500000000,-2.650578547807340E-01,-3.727839815379952E-01,-6.102296791936089E-03,1.724012859706448E-02,-1.497367233100505E-02,-2.806069203500998E-03
2444680.500000000,-1.902331254763399E-01,-4.231729144673300E-01,-1.708881599531154E-02,2.000106858068060E-02,-1.015500691414121E-02,-2.666098765190627E-03
2444684.500000000,-1.064030293525369E-01,-4.535810780498745E-01,-2.727059392001098E-02,2.174560188619042E-02,-5.002983094173245E-03,-2.405563212611001E-03
2444688.500000000,-1.762341677256054E-02,-4.628935856874355E-01,-3.618411571981558E-02,2.247247401202672E-02,3.767618024928015E-04,-2.032974293825464E-03
2444692.500000000,7.196720217210648E-02,-4.503905325417721E-01,-4.339053207068470E-02,2.214068623379443E-02,5.888352311574680E-03,-1.552396677588481E-03
2444696.500000000,1.579787012547200E-01,-4.157574515411587E-01,-4.846099712599781E-02,2.066479353684891E-02,1.142041627827680E-02,-9.650789000756001E-04
2444700.500000000,2.355861020540486E-01,-3.592070595652552E-01,-5.096978370708408E-02,1.791289188221024E-02,1.681461249298028E-02,-2.718387425881165E-04
2444704.500000000,2.993517570152063E-01,-2.817509772782843E-01,-5.050014387640604E-02,1.371287568629468E-02,2.182085984463306E-02,5.227058682850907E-04
2444708.500000000,3.431121966964696E-01,-1.856889573603954E-01,-4.667387090998376E-02,7.882287569221842E-03,2.603252906624515E-02,1.402103008035796E-03
2444712.500000000,3.600836978899302E-01,-7.539674941656653E-02,-3.922533577067147E-02,3.155067062324290E-04,2.880426747163322E-02,2.323348958909972E-03
2444716.500000000,3.435241340645948E-01,4.158106093529135E-02,-2.815151535823531E-02,-8.814533695679498E-03,2.919509823907272E-02,3.193716781932781E-03
2444720.500000000,2.885116462341903E-01,1.534809558639788E-01,-1.396109251330709E-02,-1.870167211997739E-02,2.608348909988003E-02,3.847582258367822E-03
2444724.500000000,1.952327184823708E-01,2.445159663725583E-01,2.039550240629056E-03,-2.756931771571968E-02,1.871921372704193E-02,4.060525621412673E-03
2444728.500000000,7.260700552334094E-02,2.982874135910091E-01,1.769207089999752E-02,-3.297403859658298E-02,7.712736496628506E-03,3.658010505011410E-03
2444732.500000000,-6.157582721726403E-02,3.045256749812755E-01,3.052409268685863E-02,-3.321891262361110E-02,-4.542771543576086E-03,2.679642025412154E-03
2444736.500000000,-1.866577131995036E-01,2.642337498989647E-01,3.872041027119609E-02,-2.865461813991227E-02,-1.513046501725906E-02,1.395831084481036E-03
2444740.500000000,-2.869296943473389E-01,1.880438073303928E-01,4.170668957596774E-02,-2.117621253296136E-02,-2.235279185332225E-02,1.192406198154985E-04
2444744.500000000,-3.548434770160701E-01,9.013622899402182E-02,3.994779182041178E-02,-1.275304037520524E-02,-2.605719519054664E-02,-9.568176061626063E-04
2444748.500000000,-3.894172844219302E-01,-1.658655046275696E-02,3.440724420167400E-02,-4.654378191163704E-03,-2.689387202924538E-02,-1.768879493065774E-03
2444752.500000000,-3.933294755072352E-01,-1.222444824219359E-01,2.613787395877351E-02,2.518967799719387E-03,-2.564722710263757E-02,-2.325829501008528E-03
2444756.500000000,-3.707766074141653E-01,-2.198512156756289E-01,1.609561489648981E-02,8.564753545441955E-03,-2.295929712279497E-02,-2.661527094679896E-03
2444760.500000000,-3.263414420034290E-01,-3.046130320784913E-01,5.092804750727760E-03,1.346493922224567E-02,-1.928699888171360E-02,-2.811630004304607E-03
2444764.500000000,-2.645233030631677E-01,-3.732491798520184E-01,-6.189438527011308E-03,1.726554764954490E-02,-1.493778636316112E-02,-2.805473103330181E-03
2444768.500000000,-1.896129401083885E-01,-4.234881659575196E-01,-1.717157291762711E-02,2.001851079472116E-02,-1.011609620409239E-02,-2.664520959292850E-03
2444772.500000000,-1.057287529228468E-01,-4.537361992385649E-01,-2.734522900312008E-02,2.175520545417299E-02,-4.961960891313635E-03,-2.403090919552673E-03
2444776.500000000,-1.692660515601213E-02,-4.628816430171470E-01,-3.624715612552080E-02,2.247408588124896E-02,4.191517445331788E-04,-2.029654268630376E-03
2444780.500000000,7.265372750321863E-02,-4.502075436800115E-01,-4.343863045425871E-02,2.213382090333608E-02,5.931345978095490E-03,-1.548247023892361E-03
2444784.500000000,1.586194638909240E-01,-4.154028767795193E-01,-4.849084520475347E-02,2.064860625742556E-02,1.146301642023221E-02,-9.601040554476493E-04
2444788.500000000,2.361415299844396E-01,-3.586852742155189E-01,-5.097810130343063E-02,1.788618646457983E-02,1.685530189488553E-02,-2.660535961018056E-04
2444792.500000000,2.997769502794285E-01,-2.810741344761926E-01,-5.048380048469331E-02,1.367421953747049E-02,2.185718340147546E-02,5.292313360064007E-04
2444796.500000000,3.433566396919241E-01,-1.848818552450465E-01,-4.663025747787691E-02,7.830411314099514E-03,2.606050984409522E-02,1.409159393512424E-03
2444800.500000000,3.600936982684219E-01,-7.450422399450526E-02,-3.915319290555589E-02,2.503445028798682E-04,2.881777466277355E-02,2.330440349921491E-03
2444804.500000000,3.432515294292051E-01,4.248503455149331E-02,-2.805247624489154E-02,-8.889679719840437E-03,2.918580638174799E-02,3.199858808906614E-03
2444808.500000000,2.879334623395614E-01,1.542878261628332E-01,-1.384193138947992E-02,-1.877699514691107E-02,2.604313083772723E-02,3.851198344340499E-03
2444812.500000000,1.943810987956569E-01,2.450943417110515E-01,2.165130524966123E-03,-2.762736440765790E-02,1.864604562511775E-02,4.059870631285241E-03
2444816.500000000,7.158946399360869E-02,2.985252842111248E-01,1.780503118941373E-02,-3.299657726519609E-02,7.618936960759174E-03,3.652405868946126E-03
2444820.500000000,-6.259989882503403E-02,3.043852303548046E-01,3.060669573580792E-02,-3.320020550574176E-02,-4.634113966053848E-03,2.670448389092004E-03
2444824.500000000,-1.875402733954927E-01,2.637670002668325E-01,3.876330525706009E-02,-2.860524032271853E-02,-1.520008846480290E-02,1.385594879200382E-03
2444828.500000000,-2.875813081138728E-01,1.873546979443469E-01,4.171015720949738E-02,-2.111273505106771E-02,-2.239428579861358E-02,1.100088904752664E-04
2444832.500000000,-3.552352904747114E-01,8.933312780106598E-02,3.991804281609838E-02,-1.268822254666115E-02,-2.607362346924433E-02,-9.641223629105834E-04
2444836.500000000,-3.895593865437645E-01,-1.741538628334742E-02,3.435242575883628E-02,-4.595068061601606E-03,-2.689134744159027E-02,-1.774127238951911E-03
2444840.500000000,-3.932503635912048E-01,-1.230349300406546E-01,2.606585353127127E-02,2.570033861601527E-03,-2.563138183996572E-02,-2.329228873019720E-03
2444844.500000000,-3.705109779804616E-01,-2.205588754439179E-01,1.601321835034298E-02,8.606937158063717E-03,-2.293432752704462E-02,-2.663362253889837E-03
2444848.500000000,-3.259245590527381E-01,-3.052075382944447E-01,5.005763627826859E-03,1.349844700208518E-02,-1.925577939827726E-02,-2.812154734176275E-03
2444852.500000000,-2.639890435558507E-01,-3.737096205299624E-01,-6.276292161744846E-03,1.729079640907181E-02,-1.490223083697241E-02,-2.804881926317724E-03
2444856.500000000,-1.889936161687172E-01,-4.237999337654831E-01,-1.725406503485491E-02,2.003583465079229E-02,-1.007749254228017E-02,-2.662949507587996E-03
2444860.500000000,-1.050557412842472E-01,-4.538890307728747E-01,-2.741962491329467E-02,2.176472331713645E-02,-4.921230897154764E-03,-2.400624971163679E-03
2444864.500000000,-1.623135311050103E-02,-4.628685772156977E-01,-3.630998243320796E-02,2.247563530820655E-02,4.612472605200516E-04,-2.026340539910717E-03
2444868.500000000,7.333848890141434E-02,-4.500246503741522E-01,-4.348654181998089E-02,2.212691672095957E-02,5.974020771200490E-03,-1.544104968906495E-03
2444872.500000000,1.592583708840810E-01,-4.150497616073697E-01,-4.852054407173190E-02,2.063241491139340E-02,1.150524961937296E-02,-9.551411997035311E-04
2444876.500000000,2.366951959996353E-01,-3.581665463875748E-01,-5.098633473755586E-02,1.785953790895410E-02,1.689555674276502E-02,-2.602900315874335E-04
2444880.500000000,3.002008058660372E-01,-2.804022373574942E-01,-5.046749005946354E-02,1.363572865922517E-02,2.189299804298757E-02,5.357185287859262E-04
2444884.500000000,3.436007406706586E-01,-1.840818543788867E-01,-4.658687643585475E-02,7.778881871897947E-03,2.608792893546619E-02,1.416153146639086E-03
2444888.500000000,3.601052591710242E-01,-7.362103716765929E-02,-3.908159105793518E-02,1.858023133738465E-04,2.883074408497035E-02,2.337439717154348E-03
2444892.500000000,3.429836444226598E-01,4.337782536550511E-02,-2.795440081872633E-02,-8.963859416212703E-03,2.917616675538067E-02,3.205883434207697E-03
2444896.500000000,2.873645270888339E-01,1.550829309156611E-01,-1.372422075586097E-02,-1.885104221666512E-02,2.600287811764622E-02,3.854694182962152E-03
2444900.500000000,1.935440473768694E-01,2.456627323689241E-01,2.288845963327430E-03,-2.768409547481955E-02,1.857369198422603E-02,4.059137490678880E-03
2444904.500000000,7.059102898449829E-02,2.987578996136721E-01,1.791597975197219E-02,-3.301824858488192E-02,7.526649751840412E-03,3.646811446089447E-03
2444908.500000000,-6.360298577252618E-02,3.042463182969303E-01,3.068752345743614E-02,-3.318145782447144E-02,-4.723670706842387E-03,2.661358817834890E-03
2444912.500000000,-1.884033293816768E-01,2.633085258922636E-01,3.880496089878519E-02,-2.855659981118201E-02,-1.526820397385645E-02,1.375513187233275E-03
2444916.500000000,-2.882173506452017E-01,1.866787910945327E-01,4.171301493134575E-02,-2.105042100890095E-02,-2.243484450063793E-02,1.009302089890035E-04
2444920.500000000,-3.556164415418773E-01,8.854579560266709E-02,3.988823998915616E-02,-1.262464915514932E-02,-2.608968674844548E-02,-9.713048040468608E-04
2444924.500000000,-3.896956045301412E-01,-1.822790729889189E-02,3.429796760148406E-02,-4.536880936329254E-03,-2.688888808062678E-02,-1.779290069623766E-03
2444928.500000000,-3.931694726539202E-01,-1.238099244663604E-01,2.599446538310857E-02,2.620175800274782E-03,-2.561587889881420E-02,-2.332575922168848E-03
2444932.500000000,-3.702468509956065E-01,-2.212527998085948E-01,1.593161144935834E-02,8.648401662441076E-03,-2.290985803362845E-02,-2.665169721476183E-03
2444936.500000000,-3.255116843204305E-01,-3.057904855336656E-01,4.919585968327625E-03,1.353141562131308E-02,-1.922513753143922E-02,-2.812669204128009E-03
2444940.500000000,-2.634606455114841E-01,-3.741608812420908E-01,-6.362267262763715E-03,1.731565200353087E-02,-1.486728097317414E-02,-2.804292818778488E-03
2444944.500000000,-1.883814884131684E-01,-4.241049498757917E-01,-1.733570652879057E-02,2.005287951884075E-02,-1.003949377707722E-02,-2.661389658854969E-03
2444948.500000000,-1.043908556176716E-01,-4.540374991128694E-01,-2.749323413463703E-02,2.177405200156180E-02,-4.881087991873442E-03,-2.398179405078642E-03
2444952.500000000,-1.554482971244237E-02,-4.628534400173790E-01,-3.637212210845774E-02,2.247707112109254E-02,5.027859850195594E-04,-2.023056634420575E-03
2444956.500000000,7.401421101490860E-02,-4.498418305617995E-01,-4.353390640342559E-02,2.211997111251080E-02,6.016182412734360E-03,-1.540003110332661E-03
2444960.500000000,1.598882246632461E-01,-4.146986569582781E-01,-4.854987733063477E-02,2.061625918406632E-02,1.154703082366066E-02,-9.502284460630961E-04
2444964.500000000,2.372401147723986E-01,-3.576514771115423E-01,-5.099441762424359E-02,1.783300686615591E-02,1.693544392324010E-02,-2.545830152400244E-04
2444968.500000000,3.006165374054249E-01,-2.797352542205124E-01,-5.045125687213310E-02,1.359742846677746E-02,2.192855756857887E-02,5.421498681489091E-04
2444972.500000000,3.438375708786039E-01,-1.832875165469990E-01,-4.654377771392113E-02,7.727579178426256E-03,2.611523216052264E-02,1.423102160194423E-03
2444976.500000000,3.601104105028137E-01,-7.274368226468257E-02,-3.901040820109371E-02,1.214485885603018E-04,2.884374239800221E-02,2.344417441083481E-03
2444980.500000000,3.427098611733955E-01,4.426511819583939E-02,-2.785676835174507E-02,-9.037988475641823E-03,2.916664995692098E-02,3.211918600978195E-03
2444984.500000000,2.867894919927954E-01,1.558730025896509E-01,-1.360684719029580E-02,-1.892524434202703E-02,2.596270530800921E-02,3.858230637504325E-03
2444988.500000000,1.926999352426033E-01,2.462260116207504E-01,2.412415922888364E-03,-2.774112712651517E-02,1.850119135940204E-02,4.058454694150684E-03
2444992.500000000,6.958438609238801E-02,2.989841889404894E-01,1.802695196032777E-02,-3.304014932937956E-02,7.433905865922000E-03,3.641246518699298E-03
2444996.500000000,-6.461466363192757E-02,3.040988281457772E-01,3.076841855425077E-02,-3.316264692118913E-02,-4.813857679706310E-03,2.652261034457988E-03
2445000.500000000,-1.892740330772038E-01,2.628390391623353E-01,3.884658719425729E-02,-2.850756203081476E-02,-1.533686408171962E-02,1.365394554119835E-03
2445004.500000000,-2.888589929514370E-01,1.859902061616036E-01,4.171567470678613E-02,-2.098751073582138E-02,-2.247567200917949E-02,9.180788037344558E-05
2445008.500000000,-3.560007155905459E-01,8.774535648156308E-02,3.985808284109839E-02,-1.256046114495459E-02,-2.610569929598584E-02,-9.785196339434029E-04
2445012.500000000,-3.898326799254712E-01,-1.905278560020543E-02,3.424306240562624E-02,-4.478191226291394E-03,-2.688611980131486E-02,-1.784466422544345E-03
2445016.500000000,-3.930877616082361E-01,-1.245956881716480E-01,2.592261355426809E-02,2.670649428515476E-03,-2.559990768337430E-02,-2.335918363957518E-03
2445020.500000000,-3.699809317220232E-01,-2.219554592368673E-01,1.584958764162561E-02,8.690023290745570E-03,-2.288485336094052E-02,-2.666959389261203E-03
2445024.500000000,-3.250966937048928E-01,-3.063800121423174E-01,4.833079066596742E-03,1.356439528145221E-02,-1.919396217052323E-02,-2.813158592197440E-03
2445028.500000000,-2.629303096638095E-01,-3.746166650098811E-01,-6.448465361463476E-03,1.734041505364182E-02,-1.483184138316401E-02,-2.803676378695664E-03
2445032.500000000,-1.877679255113300E-01,-4.244126524276750E-01,-1.741746296420180E-02,2.006977271654882E-02,-1.000106788091988E-02,-2.659803485804455E-03
2445036.500000000,-1.037251938676682E-01,-4.541870737709922E-01,-2.756685727861176E-02,2.178320843687348E-02,-4.840580945333138E-03,-2.395709662643282E-03
2445040.500000000,-1.485821303109839E-02,-4.628380583190971E-01,-3.643418199891599E-02,2.247834104704343E-02,5.446390697450241E-04,-2.019749724781012E-03
2445044.500000000,7.468939646517189E-02,-4.496575723036717E-01,-4.358109715946434E-02,2.211287661001642E-02,6.058630890165535E-03,-1.535876653284980E-03
2445048.500000000,1.605169680005093E-01,-4.143449775737873E-01,-4.857892871271097E-02,2.059996204611986E-02,1.158909777895764E-02,-9.452855444307681E-04
2445052.500000000,2.377833229720472E-01,-3.571326514306656E-01,-5.100207950372726E-02,1.780630991907410E-02,1.697563933340433E-02,-2.488358242993128E-04
2445056.500000000,3.010297584655858E-01,-2.790632184944742E-01,-5.043441460980671E-02,1.355888341019681E-02,2.196445613786966E-02,5.486357162522946E-04
2445060.500000000,3.440706351873709E-01,-1.824867449839966E-01,-4.649981823752345E-02,7.675880967631840E-03,2.614287802484667E-02,1.430122654460151E-03
2445064.500000000,3.601097943531196E-01,-7.185865240594666E-02,-3.893804780555751E-02,5.648085171883443E-05,2.885699710169986E-02,2.351480852033853E-03
2445068.500000000,3.424273848007998E-01,4.516066798728206E-02,-2.775760890221545E-02,-9.112957959196082E-03,2.915713352253807E-02,3.218038985452764E-03
2445072.500000000,2.862021574492880E-01,1.566704719064523E-01,-1.348765676733318E-02,-1.900036732603493E-02,2.592207266234429E-02,3.861820297839938E-03
2445076.500000000,1.918402287613896E-01,2.467937694619552E-01,2.537886011793364E-03,-2.779881712955425E-02,1.842770411203815E-02,4.057754985837507E-03
2445080.500000000,6.856066569141253E-02,2.992103358721906E-01,1.813958931773162E-02,-3.306209298436514E-02,7.339909194818120E-03,3.635583194343467E-03
2445084.500000000,-6.564223162944097E-02,3.039464350216053E-01,3.085047632870530E-02,-3.314322825586063E-02,-4.905098815081505E-03,2.643019403737315E-03
2445088.500000000,-1.901573637608683E-01,2.623613664483280E-01,3.888880100867543E-02,-2.845756203378743E-02,-1.540609182531106E-02,1.355139927348370E-03
2445092.500000000,-2.895092737602979E-01,1.852921366347973E-01,4.171845006949636E-02,-2.092361210091300E-02,-2.251660394479326E-02,8.258799328910311E-05
2445096.500000000,-3.563899407823549E-01,8.693566017109086E-02,3.982773529429157E-02,-1.249543323566033E-02,-2.612152421409031E-02,-9.857910786245550E-04
2445100.500000000,-3.899717205928218E-01,-1.988585953402524E-02,3.418780501567015E-02,-4.418847290399242E-03,-2.688302955915655E-02,-1.789669180482754E-03
2445104.500000000,-3.930057303053642E-01,-1.253882589627941E-01,2.585034411753020E-02,2.721618125947128E-03,-2.558357494508859E-02,-2.339268845436539E-03
2445108.500000000,-3.697129636193472E-01,-2.226634784510234E-01,1.576713608777897E-02,8.732020339832952E-03,-2.285949064558466E-02,-2.668747159239675E-03
2445112.500000000,-3.246783378704849E-01,-3.069734986961150E-01,4.746163497854425E-03,1.359766178112160E-02,-1.916244569983806E-02,-2.813640863329732E-03
2445116.500000000,-2.623956069086109E-01,-3.750750799082092E-01,-6.535036894278840E-03,1.736539395242998E-02,-1.479607810388936E-02,-2.803049607740214E-03
2445120.500000000,-1.871492631834194E-01,-4.247217217806986E-01,-1.749954590754123E-02,2.008681646274857E-02,-9.962333167812741E-03,-2.658204164925936E-03
2445124.500000000,-1.030539644120563E-01,-4.543368087509873E-01,-2.764074827005482E-02,2.179244756581962E-02,-4.799779846963154E-03,-2.393223677092063E-03
2445128.500000000,-1.416584450273314E-02,-4.628216981255766E-01,-3.649643814592467E-02,2.247961910175635E-02,5.867660432665907E-04,-2.016423265894766E-03
2445132.500000000,7.537020545532787E-02,-4.494713001707146E-01,-4.362839992544204E-02,2.210570891686737E-02,6.101320376526132E-03,-1.531727773118480E-03
2445136.500000000,1.611508741697869E-01,-4.139884195625720E-01,-4.860799899202891E-02,2.058350795256365E-02,1.163135191408912E-02,-9.403188784551867E-04
2445140.500000000,2.383309082587614E-01,-3.566103530555753E-01,-5.100966731315785E-02,1.777937937628678E-02,1.701593920839710E-02,-2.430665665163695E-04
2445144.500000000,3.014463047582854E-01,-2.783875142910696E-01,-5.041742124249658E-02,1.352005179699277E-02,2.200034229334553E-02,5.551370279544271E-04
2445148.500000000,3.443058492553721E-01,-1.816826430764273E-01,-4.645567020026453E-02,7.623892395488924E-03,2.617036288389752E-02,1.437145115725298E-03
2445152.500000000,3.601102910268001E-01,-7.097125883135140E-02,-3.886553149934619E-02,-8.698208912158513E-06,2.886993079265564E-02,2.358524631862775E-03
2445156.500000000,3.421455193724762E-01,4.605703440224580E-02,-2.765842644716559E-02,-9.187947218344860E-03,2.914717842209977E-02,3.224112012532164E-03
2445160.500000000,2.856159127116751E-01,1.574669779312848E-01,-1.336868532942843E-02,-1.907522105931389E-02,2.588102063436294E-02,3.865338223491753E-03
2445164.500000000,1.909832565414446E-01,2.473592912918879E-01,2.662834737519447E-03,-2.785597589002888E-02,1.835403823835017E-02,4.056981218088126E-03
2445168.500000000,6.754196399515885E-02,2.994343052133472E-01,1.825146421382137E-02,-3.308347889531364E-02,7.246127371069553E-03,3.629879034828446E-03
2445172.500000000,-6.666301227794331E-02,3.037933783672797E-01,3.093171237083142E-02,-3.312352070088323E-02,-4.995837752744783E-03,2.633789134205144E-03
2445176.500000000,-1.910334813259391E-01,2.618851517871222E-01,3.893032157807046E-02,-2.840763005425139E-02,-1.547480575935080E-02,1.344933555828133E-03
2445180.500000000,-2.901531337730290E-01,1.845972629973964E-01,4.172075088546729E-02,-2.086001251451021E-02,-2.255719686460220E-02,7.342498618527357E-05
2445184.500000000,-3.567741256033625E-01,8.613010610328155E-02,3.979712585613211E-02,-1.243077385158368E-02,-2.613720938351810E-02,-9.930147736534219E-04
2445188.500000000,-3.901071583806646E-01,-2.071454198332008E-02,3.413244930585493E-02,-4.359843252290735E-03,-2.687994308437345E-02,-1.794837905829459E-03
2445192.500000000,-3.929213316523667E-01,-1.261766313757162E-01,2.577808803535396E-02,2.772311245576008E-03,-2.556732550549847E-02,-2.342596942446474E-03
2445196.500000000,-3.694435956868871E-01,-2.233677101026198E-01,1.568477023224398E-02,8.773808026445824E-03,-2.283424388073045E-02,-2.670520552024964E-03
2445200.500000000,-3.242593039186715E-01,-3.075636766277458E-01,4.659380374745876E-03,1.363077471993529E-02,-1.913104925037779E-02,-2.814113723077976E-03
2445204.500000000,-2.618607490521357E-01,-3.755306470090471E-01,-6.621444886731911E-03,1.739026302169889E-02,-1.476042344636623E-02,-2.802416470908049E-03
2445208.500000000,-1.865308147086186E-01,-4.250283419558509E-01,-1.758144421058993E-02,2.010378410703472E-02,-9.923688425010173E-03,-2.656600558483514E-03
2445212.500000000,-1.023831989897613E-01,-4.544844128030046E-01,-2.771444089898617E-02,2.180163653141157E-02,-4.759047842375703E-03,-2.390735068764488E-03
2445216.500000000,-1.347410025938247E-02,-4.628034429940603E-01,-3.655848831386403E-02,2.248086603904925E-02,6.288436992789375E-04,-2.013095571970588E-03
2445220.500000000,7.605029169812066E-02,-4.492832968520939E-01,-4.367549397941919E-02,2.209852180516292E-02,6.143976396860820E-03,-1.527578696068919E-03
2445224.500000000,1.617839897129784E-01,-4.136302441841213E-01,-4.863686122584250E-02,2.056703793413707E-02,1.167358098947223E-02,-9.353526971409985E-04
2445228.500000000,2.388776328662906E-01,-3.560865409216661E-01,-5.101705024841369E-02,1.775242862893484E-02,1.705620963515394E-02,-2.372984661249862E-04
2445232.500000000,3.018618939461382E-01,-2.777104554545367E-01,-5.040023032909426E-02,1.348119233234209E-02,2.203617421896411E-02,5.616355511448784E-04
2445236.500000000,3.445399913950478E-01,-1.808774992312723E-01,-4.641134320606222E-02,7.571877430490879E-03,2.619774045736831E-02,1.444160427310967E-03
2445240.500000000,3.601096642029067E-01,-7.008340781772916E-02,-3.879288158596449E-02,-7.386822733543534E-05,2.888267581980776E-02,2.365551876259077E-03
2445244.500000000,3.418627458731201E-01,4.695292937219863E-02,-2.755920554586700E-02,-9.262823855161225E-03,2.913695205487026E-02,3.230153141741699E-03
2445248.500000000,2.850295579427864E-01,1.582618705727289E-01,-1.324983728036853E-02,-1.914977723146457E-02,2.583969051644178E-02,3.868807902743155E-03
2445252.500000000,1.901277727600944E-01,2.479223537354675E-01,2.787453777072835E-03,-2.791264441499026E-02,1.828026107020950E-02,4.056156291528645E-03
2445256.500000000,6.652685453186762E-02,2.996559881314195E-01,1.836284353874054E-02,-3.310434371156400E-02,7.152556044723902E-03,3.624147713201023E-03
2445260.500000000,-6.767847370794733E-02,3.036394773745568E-01,3.101242560785116E-02,-3.310350508698134E-02,-5.086094721395319E-03,2.624573083563956E-03
2445264.500000000,-1.919036765564127E-01,2.614101987726573E-01,3.897144659033275E-02,-2.835770284184057E-02,-1.554298822010435E-02,1.334773115190430E-03
2445268.500000000,-2.907915928459757E-01,1.839055493686347E-01,4.172286472544488E-02,-2.079664617437385E-02,-2.259739167907092E-02,6.431663603925821E-05
2445272.500000000,-3.571540680479533E-01,8.532892743943338E-02,3.976653528494551E-02,-1.236643972009627E-02,-2.615268529522946E-02,-1.000192111031529E-03
2445276.500000000,-3.902396670730637E-01,-2.153835366820223E-02,3.407726890337526E-02,-4.301159004783074E-03,-2.687681074529108E-02,-1.799975160714067E-03
2445280.500000000,-3.928351887096334E-01,-1.269601966586281E-01,2.570610301722948E-02,2.822735857690585E-03,-2.555114589711528E-02,-2.345908262451062E-03
2445284.500000000,-3.691734336526923E-01,-2.240675750424627E-01,1.560271820171014E-02,8.815388840489453E-03,-2.280914193621943E-02,-2.672288702040612E-03
2445288.500000000,-3.238401930039617E-01,-3.081501727094443E-01,4.572915647936986E-03,1.366373350158577E-02,-1.909984764008079E-02,-2.814588861019388E-03
2445292.500000000,-2.613263541871836E-01,-3.759833943808459E-01,-6.707552071450473E-03,1.741501298550049E-02,-1.472500476435261E-02,-2.801789247120395E-03
2445296.500000000,-1.859132685568948E-01,-4.253331746862716E-01,-1.766306726644946E-02,2.012064805346083E-02,-9.885325635889423E-03,-2.655003413536652E-03
2445300.500000000,-1.017137474554299E-01,-4.546314734146163E-01,-2.778788251279323E-02,2.181072144897126E-02,-4.718659156182498E-03,-2.388252085798396E-03
2445304.500000000,-1.278409782611488E-02,-4.627861774002179E-01,-3.662031010743833E-02,2.248200351558019E-02,6.704939468146633E-04,-2.009774096804940E-03
2445308.500000000,7.672820588698154E-02,-4.490982052987944E-01,-4.372239342748061E-02,2.209123321665677E-02,6.186094125721034E-03,-1.523441422419975E-03
2445312.500000000,1.624146039430291E-01,-4.132773992592695E-01,-4.866560085887904E-02,2.055051387482165E-02,1.171513529613524E-02,-9.304123850366052E-04
2445316.500000000,2.394218487540760E-01,-3.555710577305616E-01,-5.102446041925249E-02,1.772554314392468E-02,1.709565520349799E-02,-2.315814110246928E-04
2445320.500000000,3.022756470466003E-01,-2.770453026431019E-01,-5.038334127528045E-02,1.344262457893422E-02,2.207104976293003E-02,5.680458932402250E-04
2445324.500000000,3.447741392016279E-01,-1.800882259744268E-01,-4.636776144581198E-02,7.520515061817151E-03,2.622411368920079E-02,1.451041240482464E-03
2445328.500000000,3.601125933687842E-01,-6.921524405375604E-02,-3.872160912396545E-02,-1.378992550313841E-04,2.889455986154470E-02,2.372398990858327E-03
2445332.500000000,3.415891303721323E-01,4.782650203533533E-02,-2.746214245644515E-02,-9.336050273592363E-03,2.912633342787021E-02,3.235990252237280E-03
2445336.500000000,2.844596621815005E-01,1.590344704436498E-01,-1.313392872426966E-02,-1.922240055799416E-02,2.579882725736449E-02,3.872101987990062E-03
2445340.500000000,1.892961309411402E-01,2.484671015500797E-01,2.908607799721957E-03,-2.796767384879636E-02,1.820800054301430E-02,4.055255535379105E-03
2445344.500000000,6.554038348798105E-02,2.998670428793444E-01,1.847073329070718E-02,-3.312454046794249E-02,7.061201583418034E-03,3.618480739280663E-03
2445348.500000000,-6.866504444115785E-02,3.034838970493026E-01,3.109013779316947E-02,-3.308400704974819E-02,-5.174233964581252E-03,2.615524723736716E-03
2445352.500000000,-1.927487885604394E-01,2.609407024080846E-01,3.901030959304523E-02,-2.830905914532646E-02,-1.560978155034646E-02,1.324801032526467E-03
2445356.500000000,-2.914106126841776E-01,1.832231515567896E-01,4.172340487284792E-02,-2.073473126219468E-02,-2.263702360187575E-02,5.535827549665332E-05
2445360.500000000,-3.575200399543110E-01,8.453804315488782E-02,3.973486506658652E-02,-1.230335080391460E-02,-2.616818421171946E-02,-1.007271823707751E-03
2445364.500000000,-3.903625535585574E-01,-2.235264489121275E-02,3.402131254120952E-02,-4.243400686234972E-03,-2.687399966473203E-02,-1.805055307817501E-03
2445368.500000000,-3.927425290273991E-01,-1.277357612489159E-01,2.563351889109200E-02,2.872522360850459E-03,-2.553537847682814E-02,-2.349185521837105E-03
2445372.500000000,-3.688988604083633E-01,-2.247610614538034E-01,1.552018109718832E-02,8.856541319735785E-03,-2.278442537918951E-02,-2.674032093372897E-03
2445376.500000000,-3.234180932848455E-01,-3.087316779984763E-01,4.486060283391314E-03,1.369639830158401E-02,-1.906894876486728E-02,-2.815040712608869E-03
2445380.500000000,-2.607899735955784E-01,-3.764321568954891E-01,-6.793954659193828E-03,1.743954814550422E-02,-1.468978438637151E-02,-2.801137615936560E-03
2445384.500000000,-1.852944953497472E-01,-4.256345948126835E-01,-1.774488702289842E-02,2.013734369642754E-02,-9.847050206190901E-03,-2.653381650298611E-03
2445388.500000000,-1.010436769421662E-01,-4.547752461113300E-01,-2.786142538259800E-02,2.181966897499894E-02,-4.678245275538141E-03,-2.385746279169693E-03
2445392.500000000,-1.209397844774480E-02,-4.627652952593725E-01,-3.668214668284213E-02,2.248302585310327E-02,7.122838266139974E-04,-2.006432030491906E-03
2445396.500000000,7.740579967174917E-02,-4.489087022987891E-01,-4.376922544567236E-02,2.208383764466224E-02,6.228470778987040E-03,-1.519282814173617E-03
2445400.500000000,1.630444380776610E-01,-4.129188563548988E-01,-4.869417560218831E-02,2.053385979109843E-02,1.175707511732865E-02,-9.254432790044728E-04
2445404.500000000,2.399646273689791E-01,-3.550480750342035E-01,-5.103155992916404E-02,1.769844688113284E-02,1.713561523923543E-02,-2.258184976955444E-04
2445408.500000000,3.026868140362292E-01,-2.763703624487195E-01,-5.036590599082087E-02,1.340367555860858E-02,2.210654789735960E-02,5.745299063702542E-04
2445412.500000000,3.450036430625891E-01,-1.792865722539441E-01,-4.632326812821757E-02,7.468484555589986E-03,2.625114126667792E-02,1.458031957536448E-03
2445416.500000000,3.601074427348660E-01,-6.833229063644800E-02,-3.864891185640470E-02,-2.029937127036641E-04,2.890695441110860E-02,2.379391357859370E-03
2445420.500000000,3.413023462235250E-01,4.871613490592205E-02,-2.736303378843141E-02,-9.410742794991031E-03,2.911578022277185E-02,3.241986584355161E-03
2445424.500000000,2.838702807570455E-01,1.598219039673508E-01,-1.301538948662787E-02,-1.929664665933564E-02,2.575723452066726E-02,3.875518743376681E-03
2445428.500000000,1.884391078476974E-01,2.490218964015782E-01,3.032700328711429E-03,-2.802391559083954E-02,1.813409571761558E-02,4.054376541198094E-03
2445432.500000000,6.452554353713656E-02,3.000803401287704E-01,1.858139078859191E-02,-3.314494949515890E-02,6.967704473610097E-03,3.612708420758116E-03
2445436.500000000,-6.967858243350179E-02,3.033222831438766E-01,3.117001115790529E-02,-3.306363874700066E-02,-5.264243595006414E-03,2.606291227662231E-03
2445440.500000000,-1.936159614850785E-01,2.604591906761312E-01,3.905056768716239E-02,-2.825893382819050E-02,-1.567765238843320E-02,1.314642965886555E-03
2445444.500000000,-2.920455051485022E-01,1.825261172010821E-01,4.172468474125464E-02,-2.067128115901810E-02,-2.267691751902441E-02,4.626267113136182E-05
2445448.500000000,-3.578962223505396E-01,8.373269727763562E-02,3.970350253407195E-02,-1.223899756203512E-02,-2.618338336983306E-02,-1.014431351317899E-03
2445452.500000000,-3.904913122676185E-01,-2.317954943065597E-02,3.396543910119441E-02,-4.184738612310601E-03,-2.687060514580951E-02,-1.810170960888347E-03
2445456.500000000,-3.926527955677505E-01,-1.285213862599044E-01,2.556093450259229E-02,2.922889884269527E-03,-2.551894375598947E-02,-2.352471660726932E-03
2445460.500000000,-3.686254015690760E-01,-2.254619753063960E-01,1.543763665668924E-02,8.898032960534425E-03,-2.275907292897225E-02,-2.675772101700583E-03
2445464.500000000,-3.229960982464618E-01,-3.093182273441376E-01,4.399219687137776E-03,1.372924108783767E-02,-1.903749929449108E-02,-2.815485963036949E-03
2445468.500000000,-2.602531983983115E-01,-3.768839627579870E-01,-6.880317231309481E-03,1.746416385634269E-02,-1.465411476670620E-02,-2.800480301544584E-03
2445472.500000000,-1.846751252195481E-01,-4.259374579277503E-01,-1.782664710299931E-02,2.015406542538491E-02,-9.808421873667881E-03,-2.651755593670732E-03
2445476.500000000,-1.003729712644390E-01,-4.549192177506255E-01,-2.793489166397590E-02,2.182861217490494E-02,-4.637559148658081E-03,-2.383235954658403E-03
2445480.500000000,-1.140328444479720E-02,-4.627436513999381E-01,-3.674388455302986E-02,2.248402284700209E-02,7.542851906508277E-04,-2.003083093232313E-03
2445484.500000000,7.808382488194021E-02,-4.487176805118521E-01,-4.381592375589163E-02,2.207639508517181E-02,6.271017403818885E-03,-1.515113374715472E-03
2445488.500000000,1.636744612784346E-01,-4.125581726537819E-01,-4.872256390498852E-02,2.051712989823380E-02,1.179915775448802E-02,-9.204585614443715E-04
2445492.500000000,2.405072154326859E-01,-3.545224232225989E-01,-5.103840065912271E-02,1.767123442713731E-02,1.717569666475467E-02,-2.200350600048478E-04
2445496.500000000,3.030972222000620E-01,-2.756923189934345E-01,-5.034812092609549E-02,1.336455634986142E-02,2.214213935700594E-02,5.810386937126681E-04
2445500.500000000,3.452315803922132E-01,-1.784815337053399E-01,-4.627832060930877E-02,7.416219396450874E-03,2.627821080997498E-02,1.465049573847869E-03
2445504.500000000,3.600996615420049E-01,-6.744595552856340E-02,-3.857565608753952E-02,-2.683823991096404E-04,2.891929677738191E-02,2.386407838781846E-03
2445508.500000000,3.410116973274814E-01,4.960866129746459E-02,-2.726329012554212E-02,-9.485746514024486E-03,2.910502652147151E-02,3.247995176686921E-03
2445512.500000000,2.832759149504572E-01,1.606110754294153E-01,-1.289620992903761E-02,-1.937111979869672E-02,2.571526577258692E-02,3.878923993731860E-03
2445516.500000000,1.875765831704368E-01,2.495766658595359E-01,3.157326781852246E-03,-2.808017000321727E-02,1.805970718610338E-02,4.053455992886886E-03
2445520.500000000,6.350568205277865E-02,3.002917416979753E-01,1.869237075924152E-02,-3.316511192486594E-02,6.873787525838871E-03,3.606875292031561E-03
2445524.500000000,-7.069580184989166E-02,3.031574765857298E-01,3.124996380646238E-02,-3.304287428740656E-02,-5.354470316855012E-03,2.597000697913669E-03
2445528.500000000,-1.944851988718350E-01,2.599740337119581E-01,3.909071249813952E-02,-2.820841724954058E-02,-1.574554398775265E-02,1.304446808299729E-03
2445532.500000000,-2.926810519765459E-01,1.818256041983921E-01,4.172573912917033E-02,-2.060752259854274E-02,-2.271672215035496E-02,3.714825632884923E-05
2445536.500000000,-3.582720042495339E-01,8.292432726839882E-02,3.967186762517014E-02,-1.217442254860939E-02,-2.619845264161465E-02,-1.021596619379382E-03
2445540.500000000,-3.906189204067167E-01,-2.400893370518801E-02,3.390928674911147E-02,-4.125919224639245E-03,-2.686707091885266E-02,-1.815284878573584E-03
2445544.500000000,-3.925613740734324E-01,-1.293089265494431E-01,2.548808722328912E-02,2.973371903796344E-03,-2.550236659393966E-02,-2.355751916618286E-03
2445548.500000000,-3.683498559486933E-01,-2.261642258259389E-01,1.535485810649945E-02,8.939611521792219E-03,-2.273357286219593E-02,-2.677503802904196E-03
2445552.500000000,-3.225717066187528E-01,-3.099055040875586E-01,4.312181477534292E-03,1.376215315580031E-02,-1.900589189211142E-02,-2.815921378471125E-03
2445556.500000000,-2.597137743748551E-01,-3.773358346106269E-01,-6.966835807453472E-03,1.748883704793664E-02,-1.461827150082463E-02,-2.799812054280560E-03
2445560.500000000,-1.840528963959044E-01,-4.262396525896028E-01,-1.790851730124927E-02,2.017083449815702E-02,-9.769599174630111E-03,-2.650117476953083E-03
2445564.500000000,-9.969924237132516E-02,-4.550616945987822E-01,-2.800841664984029E-02,2.183758928439285E-02,-4.596653569790477E-03,-2.380711826661536E-03
2445568.500000000,-1.070947247351970E-02,-4.627195793941409E-01,-3.680562043628267E-02,2.248503130179429E-02,7.965340906208575E-04,-1.999717355464615E-03
2445572.500000000,7.876494484752611E-02,-4.485231837638116E-01,-4.386254400332579E-02,2.206892643456990E-02,6.313839449782350E-03,-1.510922376601438E-03
2445576.500000000,1.643073657949222E-01,-4.121928662184676E-01,-4.875077516235492E-02,2.050031547313054E-02,1.184153693747641E-02,-9.154456061084287E-04
2445580.500000000,2.410521886712677E-01,-3.539909485450916E-01,-5.104493547246009E-02,1.764385417693482E-02,1.721607716796427E-02,-2.142152796276523E-04
2445584.500000000,3.035091378293025E-01,-2.750073100599282E-01,-5.032986831644859E-02,1.332516289475997E-02,2.217799474198352E-02,5.875916813978092E-04
2445588.500000000,3.454596970021753E-01,-1.776686464688954E-01,-4.623271865038974E-02,7.363565486146116E-03,2.630544487056564E-02,1.472115343197460E-03
2445592.500000000,3.600903212513425E-01,-6.655146045567226E-02,-3.850156110878852E-02,-3.342403641094311E-04,2.893161387545740E-02,2.393466187448598E-03
2445596.500000000,3.407176245918912E-01,5.050871559206645E-02,-2.716258112869883E-02,-9.561185899558051E-03,2.909397184297859E-02,3.254021488047399E-03
2445600.500000000,2.826767832375063E-01,1.614060048675894E-01,-1.277607591198994E-02,-1.944578942705907E-02,2.567272937627160E-02,3.882303638922520E-03
2445604.500000000,1.867093263909955E-01,2.501347116740428E-01,3.282711378890125E-03,-2.813619323200921E-02,1.798470014056976E-02,4.052465502214081E-03
2445608.500000000,6.248282912741687E-02,3.005044440525417E-01,1.880379106451528E-02,-3.318467425737112E-02,6.779556280238622E-03,3.600961112082138E-03
2445612.500000000,-7.171342682475487E-02,3.029936713791199E-01,3.133008830365874E-02,-3.302148319100448E-02,-5.444533797111535E-03,2.587662873368013E-03
2445616.500000000,-1.953528405832423E-01,2.594912582876162E-01,3.913093995785100E-02,-2.815755889579159E-02,-1.581295404108531E-02,1.294252673889293E-03
2445620.500000000,-2.933143479877337E-01,1.811295687997801E-01,4.172695917246348E-02,-2.054376971258542E-02,-2.275600150210779E-02,2.806938269260814E-05
2445624.500000000,-3.586460893789337E-01,8.212229958518186E-02,3.964056836107365E-02,-1.211009585894600E-02,-2.621313373347939E-02,-1.028715867660510E-03
2445628.500000000,-3.907460838316378E-01,-2.483081207695496E-02,3.385364690078294E-02,-4.067457348803186E-03,-2.686334543312665E-02,-1.820358271651257E-03
2445632.500000000,-3.924709832093483E-01,-1.300885770078506E-01,2.541589004127693E-02,3.023486627196678E-03,-2.548578351784601E-02,-2.359004559439469E-03
2445636.500000000,-3.680767281966241E-01,-2.268588704890748E-01,1.527281088983922E-02,8.980870228169093E-03,-2.270821350286329E-02,-2.679222451744596E-03
2445640.500000000,-3.221508717320112E-01,-3.104859602005542E-01,4.225899703947798E-03,1.379481776062738E-02,-1.897452978194563E-02,-2.816356922427384E-03
2445644.500000000,-2.591787424134447E-01,-3.777820157922025E-01,-7.052620603767876E-03,1.751333961643377E-02,-1.458274284529066E-02,-2.799154547559572E-03
2445648.500000000,-1.834355983935470E-01,-4.265375099840799E-01,-1.798971347023727E-02,2.018750319370670E-02,-9.731135277010772E-03,-2.648498097763780E-03
2445652.500000000,-9.903072306541913E-02,-4.552013319678220E-01,-2.808135513793674E-02,2.184652554942548E-02,-4.556136544749946E-03,-2.378212483808353E-03
2445656.500000000,-1.002093118512757E-02,-4.626942726956344E-01,-3.686687943440746E-02,2.248604875616817E-02,8.383691284396853E-04,-1.996381606414449E-03
2445660.500000000,7.944092124988639E-02,-4.483291638102946E-01,-4.390881836272067E-02,2.206151229147668E-02,6.356218386828036E-03,-1.506767100881308E-03
2445664.500000000,1.649354426350241E-01,-4.118298826796800E-01,-4.877879804877525E-02,2.048360643304118E-02,1.188343440222861E-02,-9.104761575793750E-04
2445668.500000000,2.415928876089830E-01,-3.534638171646485E-01,-5.105147716832810E-02,1.761664997814670E-02,1.725592811233087E-02,-2.084503116240138E-04
2445672.500000000,3.039176853169716E-01,-2.743288594417433E-01,-5.031187181734322E-02,1.328605452766682E-02,2.221327412633839E-02,5.940741183973377E-04
2445676.500000000,3.456858961085563E-01,-1.768646710237291E-01,-4.618769293060723E-02,7.311362353655198E-03,2.633208706425062E-02,1.479091240211313E-03
2445680.500000000,3.600813013189481E-01,-6.566814407735143E-02,-3.842843984189755E-02,-3.994216192485859E-04,2.894341006522803E-02,2.400416603779481E-03
2445684.500000000,3.404270759515790E-01,5.139591134366874E-02,-2.706329532253364E-02,-9.635704683673453E-03,2.908263187550331E-02,3.259934404668317E-03
2445688.500000000,2.820851963236686E-01,1.621877608912053E-01,-1.265778381174566E-02,-1.951940259069571E-02,2.563035401039009E-02,3.885593452792492E-03
2445692.500000000,1.858536501205642E-01,2.506813454409915E-01,3.406006238739082E-03,-2.819131669586401E-02,1.791041132469742E-02,4.051446788130074E-03
2445696.500000000,6.147423567635570E-02,3.007094780074463E-01,1.891317020675721E-02,-3.320384378415941E-02,6.686420825112013E-03,3.595099156739021E-03
2445700.500000000,-7.271647228098142E-02,3.028266396398884E-01,3.140850680410101E-02,-3.300031006308555E-02,-5.533545603952261E-03,2.578432982815297E-03
2445704.500000000,-1.962076437907105E-01,2.590087854263760E-01,3.916992295855706E-02,-2.810729799594747E-02,-1.587968141178822E-02,1.284173686868174E-03
2445708.500000000,-2.939374164295785E-01,1.804357244230546E-01,4.172735013633261E-02,-2.048068062614678E-02,-2.279500549394921E-02,1.907994538165207E-05
2445712.500000000,-3.590124041845835E-01,8.132296258769393E-02,3.960873174090605E-02,-1.204631723882434E-02,-2.622781360361447E-02,-1.035778182725586E-03
2445716.500000000,-3.908673535495287E-01,-2.565029212269038E-02,3.379764403162586E-02,-4.009387203474445E-03,-2.685974662208394E-02,-1.825399679565150E-03
2445720.500000000,-3.923760031370466E-01,-1.308664237626462E-01,2.534342571289497E-02,3.073332252226842E-03,-2.546936004578805E-02,-2.362239563303925E-03
2445724.500000000,-3.677999348469905E-01,-2.275523376185887E-01,1.519055358521057E-02,9.021926774772012E-03,-2.268300402268894E-02,-2.680928965229994E-03
2445728.500000000,-3.217271346035001E-01,-3.110658028305962E-01,4.139455913203216E-03,1.382729520840866E-02,-1.894330068957200E-02,-2.816779798996195E-03
2445732.500000000,-2.586415920267615E-01,-3.782281012293796E-01,-7.138509938362556E-03,1.753763272930920E-02,-1.454734325456506E-02,-2.798480687280937E-03
2445736.500000000,-1.828170982909623E-01,-4.268358171991704E-01,-1.807094054423829E-02,2.020392177901879E-02,-9.692819386515183E-03,-2.646858459935697E-03
2445740.500000000,-9.836208445668752E-02,-4.553420934668644E-01,-2.815423946917988E-02,2.185517231886487E-02,-4.515813170603211E-03,-2.375691485007839E-03
2445744.500000000,-9.333477574409556E-03,-4.626709992527612E-01,-3.692800225315911E-02,2.248675690391272E-02,8.799393782918207E-04,-1.993027397498591E-03
2445748.500000000,8.011459051161965E-02,-4.481384117847861E-01,-4.395489869890197E-02,2.205380496517792E-02,6.398242485217295E-03,-1.502602391335221E-03
2445752.500000000,1.655601531358371E-01,-4.114717795398498E-01,-4.880661755559342E-02,2.046667032194928E-02,1.192488090074128E-02,-9.055124706334011E-04
2445756.500000000,2.421295436104773E-01,-3.529435428529391E-01,-5.105787829702985E-02,1.758934516868850E-02,1.729524619786287E-02,-2.027117777394746E-04
2445760.500000000,3.043221466398536E-01,-2.736594949143075E-01,-5.029388802282113E-02,1.324703533064996E-02,2.224798193085487E-02,6.005060557856680E-04
2445764.500000000,3.459088354239799E-01,-1.760720186590165E-01,-4.614292987718777E-02,7.259489627870957E-03,2.635819901590759E-02,1.485993230387386E-03
2445768.500000000,3.600708573900712E-01,-6.479799768955542E-02,-3.835591305218555E-02,-4.640183987113872E-04,2.895483530424700E-02,2.407276896868360E-03
2445772.500000000,3.401378588814774E-01,5.226900035117805E-02,-2.696497210443942E-02,-9.709449548489362E-03,2.907121625317917E-02,3.265756760322469E-03
2445776.500000000,2.814981440015500E-01,1.629558721951906E-01,-1.254077949862592E-02,-1.959222624589056E-02,2.558829258632711E-02,3.888815339159782E-03
2445780.500000000,1.850052788504287E-01,2.512163262484294E-01,3.527823535117305E-03,-2.824588679971880E-02,1.783678013627545E-02,4.050403446847418E-03
2445784.500000000,6.047435206086914E-02,3.009058018512222E-01,1.902106612300121E-02,-3.322287795479356E-02,6.594046444719741E-03,3.589256755788618E-03
2445788.500000000,-7.371105530343862E-02,3.026536254030945E-01,3.148557002537813E-02,-3.297936540444220E-02,-5.621996941658890E-03,2.569242065706193E-03
2445792.500000000,-1.970552294709707E-01,2.585219068030097E-01,3.920769436402365E-02,-2.805738669215971E-02,-1.594618204040114E-02,1.274123867093901E-03
2445796.500000000,-2.945545304731196E-01,1.797378330506873E-01,4.172660473509363E-02,-2.041784942802854E-02,-2.283403116142959E-02,1.009893543237288E-05
2445800.500000000,-3.593734717647705E-01,8.051926907120684E-02,3.957576030318741E-02,-1.198263322808068E-02,-2.624260057844119E-02,-1.042846268883954E-03
2445804.500000000,-3.909834690867531E-01,-2.647450820497268E-02,3.374047464957102E-02,-3.951278327461128E-03,-2.685621507086895E-02,-1.830449310357168E-03
2445808.500000000,-3.922755486152066E-01,-1.316490830356392E-01,2.526977260957354E-02,3.123289308543625E-03,-2.545290168385809E-02,-2.365476432473748E-03
2445812.500000000,-3.675171635930288E-01,-2.282502399139286E-01,1.510711966674157E-02,9.063116977459340E-03,-2.265764043023351E-02,-2.682627334953782E-03
2445816.500000000,-3.212968922035292E-01,-3.116492341965642E-01,4.051887567668595E-03,1.385989950004140E-02,-1.891180462032582E-02,-2.817185140408153E-03
2445820.500000000,-2.580974655306639E-01,-3.786765064349408E-01,-7.225439201289063E-03,1.756203308083078E-02,-1.451157884153993E-02,-2.797782506285666E-03
2445824.500000000,-1.821912441069931E-01,-4.271348143379530E-01,-1.815310041206431E-02,2.022042088016336E-02,-9.654055488224870E-03,-2.645189766274106E-03
2445828.500000000,-9.768583887618640E-02,-4.554816033213539E-01,-2.822793120909007E-02,2.186386277129446E-02,-4.474968081604915E-03,-2.373136636756052E-03
2445832.500000000,-8.638344599765896E-03,-4.626442471356385E-01,-3.698978386802660E-02,2.248745366173375E-02,9.221010784059681E-04,-1.989632162961481E-03
2445836.500000000,8.079573622672405E-02,-4.479416792217887E-01,-4.400145260594983E-02,2.204600154016064E-02,6.440925499363526E-03,-1.498385279194330E-03
2445840.500000000,1.661917161972202E-01,-4.111049362598648E-01,-4.883466953571680E-02,2.044950984401711E-02,1.196704602866784E-02,-9.004797083108758E-04
2445844.500000000,2.426718028444436E-01,-3.524115704429638E-01,-5.106419310576246E-02,1.756162909057087E-02,1.733531849078609E-02,-1.968820832351008E-04
2445848.500000000,3.047300758166118E-01,-2.729754310306238E-01,-5.027540217294155E-02,1.320734748432930E-02,2.228342294578781E-02,6.070550685274527E-04
2445852.500000000,3.461319370970786E-01,-1.752619491522965E-01,-4.609714494972423E-02,7.206623370329780E-03,2.638491240872645E-02,1.493037238649784E-03
2445856.500000000,3.600558968290931E-01,-6.390858810415702E-02,-3.828176280819907E-02,-5.299580797831520E-04,2.896654448334045E-02,2.414292835191550E-03
2445860.500000000,3.398381869578127E-01,5.316143868715584E-02,-2.686441984131079E-02,-9.784788435647241E-03,2.905951574942368E-02,3.271719786773245E-03
2445864.500000000,2.808942458372206E-01,1.637406731967670E-01,-1.242108977268372E-02,-1.966657755814581E-02,2.554516521683062E-02,3.892116012158432E-03
2445868.500000000,1.841349303146426E-01,2.517622021222669E-01,3.652438475079617E-03,-2.830140540529506E-02,1.776136436966409E-02,4.049332377502699E-03
2445872.500000000,5.945057886867830E-02,3.011052130812226E-01,1.913142400136843E-02,-3.324188868262516E-02,6.499664293294935E-03,3.583279528044419E-03
2445876.500000000,-7.472755904236476E-02,3.024763368581276E-01,3.156442965067866E-02,-3.295751890609780E-02,-5.712029135709226E-03,2.559865339454562E-03
2445880.500000000,-1.979201427675525E-01,2.580259062235215E-01,3.924653232450816E-02,-2.800616826091895E-02,-1.601351030304841E-02,1.263903920380665E-03
2445884.500000000,-2.951837074968954E-01,1.790289268012927E-01,4.172633941994332E-02,-2.035374899103014E-02,-2.287321108892515E-02,9.971759372418582E-07
2445888.500000000,-3.597419972888952E-01,7.970487951270400E-02,3.954288957031008E-02,-1.191793347341971E-02,-2.625711694817595E-02,-1.049984903192820E-03
2445892.500000000,-3.911035603910590E-01,-2.730787826920558E-02,3.368320236990906E-02,-3.892439806560618E-03,-2.685221442766382E-02,-1.835532798503295E-03
2445896.500000000,-3.921766421674164E-01,-1.324388797106770E-01,2.519592963424753E-02,3.173742295877322E-03,-2.543592180162000E-02,-2.368725103675398E-03
2445900.500000000,-3.672343034132874E-01,-2.289532218972709E-01,1.502347425422292E-02,9.104641403515332E-03,-2.263177711585743E-02,-2.684326070517784E-03
2445904.500000000,-3.208654413094787E-01,-3.122358382040044E-01,3.964118699704940E-03,1.389273814566950E-02,-1.887985603812821E-02,-2.817585241930674E-03
2445908.500000000,-2.575513181904763E-01,-3.791263653882679E-01,-7.312540688258222E-03,1.758661077362840E-02,-1.447540520674289E-02,-2.797075519053953E-03
2445912.500000000,-1.815627304824797E-01,-4.274336842545620E-01,-1.823538992068280E-02,2.023706455796144E-02,-9.614906420112384E-03,-2.643508413495946E-03
2445916.500000000,-9.700640533252734E-02,-4.556194524226361E-01,-2.830169185453612E-02,2.187267296029443E-02,-4.433737243048922E-03,-2.370563757141635E-03
2445920.500000000,-7.939603635568299E-03,-4.626142507918781E-01,-3.705154785905514E-02,2.248823832448432E-02,9.646721891330381E-04,-1.986211271001575E-03
2445924.500000000,8.148074470101319E-02,-4.477399889803623E-01,-4.404786648435487E-02,2.203823287406914E-02,6.484057620837859E-03,-1.494132139521322E-03
2445928.500000000,1.668271186705878E-01,-4.107312516170805E-01,-4.886241185128509E-02,2.043229606303532E-02,1.200970289299208E-02,-8.953977107287837E-04
2445932.500000000,2.432174367517506E-01,-3.518707307067679E-01,-5.106997118775249E-02,1.753372563307167E-02,1.737590657517198E-02,-1.909878891758545E-04
2445936.500000000,3.051402787072099E-01,-2.722804677241171E-01,-5.025609112030967E-02,1.316728879585844E-02,2.231935214864022E-02,6.136834037684133E-04
2445940.500000000,3.463554006763514E-01,-1.744392362606619E-01,-4.605019636612859E-02,7.153169615325931E-03,2.641198910936362E-02,1.500169513726584E-03
2445944.500000000,3.600385385491331E-01,-6.300556768540735E-02,-3.820610147413030E-02,-5.966782940992704E-04,2.897834684783279E-02,2.421390687032832E-03
2445948.500000000,3.395328200946738E-01,5.406705340089833E-02,-2.676208504520141E-02,-9.860958561676408E-03,2.904748296712244E-02,3.277731233379820E-03
2445952.500000000,2.802816998582977E-01,1.645363585993066E-01,-1.229954525571289E-02,-1.974151450324219E-02,2.550123570787972E-02,3.895399771194879E-03
2445956.500000000,1.832546555951838E-01,2.523151508251697E-01,3.778684716269814E-03,-2.835693614969245E-02,1.768491185651051E-02,4.048168295901061E-03
2445960.500000000,5.841812324710180E-02,3.013078721919286E-01,1.924294299350804E-02,-3.326029751173147E-02,6.404487787145557E-03,3.577170250806773E-03
2445964.500000000,-7.574969117650875E-02,3.023002059017965E-01,3.164395142919520E-02,-3.293482938056031E-02,-5.802294341283224E-03,2.550380612664280E-03
2445968.500000000,-1.987875825295035E-01,2.575311428330790E-01,3.928571187882269E-02,-2.795429432322136E-02,-1.608061004665999E-02,1.253633043527622E-03
2445972.500000000,-2.958134732958538E-01,1.783225941847719E-01,4.172631419736223E-02,-2.028933718882792E-02,-2.291199988536346E-02,-8.108236217125686E-06
2445976.500000000,-3.601104588714999E-01,7.889455648407281E-02,3.951029695984049E-02,-1.185319807994912E-02,-2.627130304898302E-02,-1.057104905436183E-03
2445980.500000000,-3.912237792269102E-01,-2.813614574803467E-02,3.362629307832599E-02,-3.833712022391122E-03,-2.684803135057653E-02,-1.840594902312881E-03
2445984.500000000,-3.920784197968311E-01,-1.332231476654815E-01,2.512252281506806E-02,3.224041195770328E-03,-2.541890707369500E-02,-2.371959528408377E-03
2445988.500000000,-3.669527247062339E-01,-2.296507740443202E-01,1.494030214933498E-02,9.146027846389121E-03,-2.260599111818645E-02,-2.686020548346234E-03
2445992.500000000,-3.204357455714943E-01,-3.128174764437633E-01,3.876821433781567E-03,1.392547995816946E-02,-1.884805563075576E-02,-2.817990111110532E-03
2445996.500000000,-2.570072225259419E-01,-3.795719334754615E-01,-7.399203598941907E-03,1.761113646912483E-02,-1.443941589385483E-02,-2.796379810405197E-03
2446000.500000000,-1.809363982773380E-01,-4.277290306388324E-01,-1.831729437616117E-02,2.025369357976517E-02,-9.575953560966003E-03,-2.641842112382865E-03
2446004.500000000,-9.632915682959262E-02,-4.557545621223211E-01,-2.837513129810169E-02,2.188149388724247E-02,-4.392700798645856E-03,-2.368007433226705E-03
2446008.500000000,-7.242974381418938E-03,-4.625822802398927E-01,-3.711305727214808E-02,2.248904707471389E-02,1.007055148966671E-03,-1.982806965721920E-03
2446012.500000000,8.216374871467266E-02,-4.475370688521252E-01,-4.409409115407303E-02,2.203049264672829E-02,6.527004663517281E-03,-1.489895095204574E-03
2446016.500000000,1.674606326357050E-01,-4.103570854299519E-01,-4.889002904097859E-02,2.041511194466021E-02,1.205216879614398E-02,-8.903318363219394E-04
2446020.500000000,2.437613111988428E-01,-3.513302056289813E-01,-5.107569121254825E-02,1.750585896552911E-02,1.741628527903869E-02,-1.851114716784606E-04
2446024.500000000,3.055489122322308E-01,-2.715867152145432E-01,-5.023680082708595E-02,1.312729278300032E-02,2.235504077463485E-02,6.202895579877499E-04
2446028.500000000,3.465776535220182E-01,-1.736187720539341E-01,-4.600337216679286E-02,7.099839984571354E-03,2.643878741129383E-02,1.507271480921656E-03
2446032.500000000,3.600206757613064E-01,-6.210596859363907E-02,-3.813070861328461E-02,-6.631592916909921E-04,2.898984638491072E-02,2.428446254446175E-03
2446036.500000000,3.392282399695580E-01,5.496807496997381E-02,-2.666021464575514E-02,-9.936712896801153E-03,2.903518269616983E-02,3.283687332173056E-03
2446040.500000000,2.796720147747840E-01,1.653266618645848E-01,-1.217870181179612E-02,-1.981583303697256E-02,2.545720783637006E-02,3.898623013036936E-03
2446044.500000000,1.823799880428210E-01,2.528629651036354E-01,3.904012912015235E-03,-2.841174329139902E-02,1.760870879419428E-02,4.046961155588035E-03
2446048.500000000,5.739396334018051E-02,3.015072488706598E-01,1.935345605259356E-02,-3.327813674824269E-02,6.309980338793065E-03,3.571064009648664E-03
2446052.500000000,-7.676200847356943E-02,3.021240532179686E-01,3.172259114450562E-02,-3.291197702193714E-02,-5.891645654881742E-03,2.540953396635681E-03
2446056.500000000,-1.996454620549711E-01,2.570399976993777E-01,3.932431633071536E-02,-2.790269507916260E-02,-1.614684975580520E-02,1.243453139229356E-03
2446060.500000000,-2.964354054862690E-01,1.776228586586529E-01,4.172609524806713E-02,-2.022548182963207E-02,-2.295017746472924E-02,-1.711814367611341E-05
2446064.500000000,-3.604735701333686E-01,7.809269195057823E-02,3.947786867220265E-02,-1.178912221477987E-02,-2.628516683444259E-02,-1.064143346089958E-03
2446068.500000000,-3.913412816866895E-01,-2.895517640610321E-02,3.356983399954701E-02,-3.775627352281994E-03,-2.684377112220822E-02,-1.845596000445391E-03
2446072.500000000,-3.919799134494699E-01,-1.339982535783860E-01,2.504976874367506E-02,3.273773140626708E-03,-2.540199644407591E-02,-2.375153358400640E-03
2446076.500000000,-3.666729368464676E-01,-2.303398466600571E-01,1.485790875873727E-02,9.186945417048384E-03,-2.258043401479125E-02,-2.687692101736660E-03
2446080.500000000,-3.200095142121555E-01,-3.133917274223024E-01,3.790364621244470E-03,1.395785330054242E-02,-1.881656658069421E-02,-2.818386519837897E-03
2446084.500000000,-2.564678741968217E-01,-3.800114741166491E-01,-7.485016363758735E-03,1.763538773954546E-02,-1.440379122584469E-02,-2.795687302775767E-03
2446088.500000000,-1.803157381237283E-01,-4.280198820921989E-01,-1.839838117657629E-02,2.027013312060628E-02,-9.537399926797202E-03,-2.640188568350992E-03
2446092.500000000,-9.565818303500911E-02,-4.558868238701718E-01,-2.844782087493984E-02,2.189020169932054E-02,-4.352087359721928E-03,-2.365472089515013E-03
2446096.500000000,-6.552930150671252E-03,-4.625491921655528E-01,-3.717391613910994E-02,2.248981309138956E-02,1.048996364983618E-03,-1.979431314115278E-03
2446100.500000000,8.284013381217865E-02,-4.473348330570327E-01,-4.413979549105136E-02,2.202277836969818E-02,6.569492555622042E-03,-1.485694605345818E-03
2446104.500000000,1.680877748414366E-01,-4.099854748128806E-01,-4.891728940539976E-02,2.039802676672343E-02,1.209415836046105E-02,-8.853113755336940E-04
2446108.500000000,2.442993742550386E-01,-3.507941714797468E-01,-5.108125623076771E-02,1.747817627289246E-02,1.745617378093588E-02,-1.792908217337731E-04
2446112.500000000,3.059526736422712E-01,-2.708994220543380E-01,-5.021760182082913E-02,1.308758662293499E-02,2.239023910050660E-02,6.268281574445611E-04
2446116.500000000,3.467964512813484E-01,-1.728066743478186E-01,-4.595693345445334E-02,7.046933894428977E-03,2.646513089385587E-02,1.514294149737260E-03
2446120.500000000,3.600013629332224E-01,-6.121637460641453E-02,-3.805603622091718E-02,-7.290586778884123E-04,2.900099633025809E-02,2.435414789952773E-03
2446124.500000000,3.389248497053725E-01,5.585807564923272E-02,-2.655941149143997E-02,-1.001173522445301E-02,2.902274398113056E-02,3.289559603099952E-03
2446128.500000000,2.790666214927375E-01,1.661060075383253E-01,-1.205922359856680E-02,-1.988935610162338E-02,2.541336623510787E-02,3.901784893168101E-03
2446132.500000000,1.815126142951358E-01,2.534013079012783E-01,4.027813892017051E-03,-2.846588394687789E-02,1.753305704079379E-02,4.045737735672127E-03
2446136.500000000,5.637912472420955E-02,3.016998989981204E-01,1.946248770661070E-02,-3.329565798720886E-02,6.216255175637432E-03,3.564996472136681E-03
2446140.500000000,-7.776457674046325E-02,3.019443055577727E-01,3.179998930477384E-02,-3.288921903404968E-02,-5.980261479149907E-03,2.531602351578817E-03
2446144.500000000,-2.004945633987661E-01,2.565477213209346E-01,3.936200321559612E-02,-2.785145054879627E-02,-1.621261250646806E-02,1.233353775046863E-03
2446148.500000000,-2.970501440342236E-01,1.769233217224883E-01,4.172524844222915E-02,-2.016203508405771E-02,-2.298815672129301E-02,-2.606588796317140E-05
2446152.500000000,-3.608310188785149E-01,7.729141661125750E-02,3.944501459313125E-02,-1.172539374627151E-02,-2.629901453542396E-02,-1.071142482600236E-03
2446156.500000000,-3.914543528519914E-01,-2.977373994424217E-02,3.351306986986307E-02,-3.717814339856203E-03,-2.683957353262206E-02,-1.850574654934377E-03
2446160.500000000,-3.918779685957649E-01,-1.347731853293094E-01,2.497677973778168E-02,3.323272543760168E-03,-2.538516253728879E-02,-2.378333249250950E-03
2446164.500000000,-3.663906395094977E-01,-2.310290342757075E-01,1.477533079472297E-02,9.227624145452024E-03,-2.255494354821408E-02,-2.689351539681513E-03
2446168.500000000,-3.195817986037938E-01,-3.139663442321604E-01,3.703774597979825E-03,1.398994904807296E-02,-1.878513883266779E-02,-2.818769035131716E-03
2446172.500000000,-2.559282542027688E-01,-3.804516489048005E-01,-7.570901921925052E-03,1.765930983500215E-02,-1.436824371328575E-02,-2.794978623245014E-03
2446176.500000000,-1.796962186531676E-01,-4.283117528604316E-01,-1.847947437227993E-02,2.028619815739429E-02,-9.498966204434843E-03,-2.638518461761444E-03
2446180.500000000,-9.498990344872281E-02,-4.560207116713429E-01,-2.852045524316305E-02,2.189851218511552E-02,-4.311660838489243E-03,-2.362923136550938E-03
2446184.500000000,-5.867157877311344E-03,-4.625186392424706E-01,-3.723467776507244E-02,2.249019433327053E-02,1.090668459783823E-03,-1.976048906447464E-03
2446188.500000000,8.351080578480023E-02,-4.471363776420273E-01,-4.418539539759946E-02,2.201473615709413E-02,6.611628265505081E-03,-1.481497801822730E-03
2446192.500000000,1.687080857048749E-01,-4.096191926281164E-01,-4.894448518929016E-02,2.038071829442227E-02,1.213573095527463E-02,-8.803073837321110E-04
2446196.500000000,2.448299955692984E-01,-3.502651983167238E-01,-5.108684859712014E-02,1.745041778107561E-02,1.749562194756635E-02,-1.734993995349358E-04
2446200.500000000,3.063490304460799E-01,-2.702208920889748E-01,-5.019856721527036E-02,1.304797630682734E-02,2.242503947390794E-02,6.333284418650932E-04
2446204.500000000,3.470085547817942E-01,-1.720047093052321E-01,-4.591081737554029E-02,6.994279961416045E-03,2.649120200196775E-02,1.521277847430410E-03
2446208.500000000,3.599765579258172E-01,-6.033761880857768E-02,-3.798182243139584E-02,-7.946286687722891E-04,2.901207573032336E-02,2.442356764870815E-03
2446212.500000000,3.386171973548692E-01,5.673740530857595E-02,-2.645912436213740E-02,-1.008650161013601E-02,2.901045340297031E-02,3.295431694797329E-03
2446216.500000000,2.784575506833929E-01,1.668755507562918E-01,-1.194019868687775E-02,-1.996286621577077E-02,2.536977850032082E-02,3.904977493003937E-03
2446220.500000000,1.806410137416588E-01,2.539306682579690E-01,4.151320210628887E-03,-2.852030054340421E-02,1.745751403649590E-02,4.044557649013411E-03
2446224.500000000,5.535867339240615E-02,3.018833087993085E-01,1.957136033747549E-02,-3.331354404121353E-02,6.122272337169068E-03,3.558946791361293E-03
2446228.500000000,-7.877384010625151E-02,3.017535689550456E-01,3.187719806417982E-02,-3.286658856321013E-02,-6.069461172004552E-03,2.522216482776729E-03
2446232.500000000,-2.013500674294611E-01,2.560419195163819E-01,3.939926406939565E-02,-2.779992649789754E-02,-1.627900594686057E-02,1.223175022021922E-03
2446236.500000000,-2.976694489156814E-01,1.762081201313535E-01,4.172361970306764E-02,-2.009797651250200E-02,-2.302654128374574E-02,-3.510663217747886E-05
2446240.500000000,-3.611902243155845E-01,7.647352471653975E-02,3.941102852441174E-02,-1.166090271814481E-02,-2.631292729929877E-02,-1.078220058771640E-03
2446244.500000000,-3.915660926045929E-01,-3.060852001909316E-02,3.345491462026169E-02,-3.659238879254284E-03,-2.683512147712013E-02,-1.855603344356166E-03
2446248.500000000,-3.917717830208821E-01,-1.355628070980645E-01,2.490225974731350E-02,3.373456868576265E-03,-2.536783465556831E-02,-2.381533591104364E-03
2446252.500000000,-3.661015585303681E-01,-2.317305986891342E-01,1.469119050420681E-02,9.268888827559168E-03,-2.252880280790068E-02,-2.691007354094973E-03
2446256.500000000,-3.191451478275368E-01,-3.145505292381649E-01,3.615673473284242E-03,1.402253619258218E-02,-1.875296465990501E-02,-2.819130576579904E-03
2446260.500000000,-2.553779069244410E-01,-3.808982714614497E-01,-7.658188413309315E-03,1.768363776243036E-02,-1.433188564177289E-02,-2.794236391273543E-03
2446264.500000000,-1.790645141524758E-01,-4.286067203946540E-01,-1.856181273633173E-02,2.030258568655242E-02,-9.459667910238679E-03,-2.636804100395739E-03
2446268.500000000,-9.430833016845536E-02,-4.561541276257449E-01,-2.859413544910799E-02,2.190705158662236E-02,-4.270313782446143E-03,-2.360318456489379E-03
2446272.500000000,-5.167403234451015E-03,-4.624838129132195E-01,-3.729623503847924E-02,2.249068538903431E-02,1.133321151190004E-03,-1.972596548818214E-03
2446276.500000000,8.419559411908882E-02,-4.469296098741877E-01,-4.423147630690048E-02,2.200664279893933E-02,6.654801077180903E-03,-1.477212934944619E-03
2446280.500000000,1.693418932692930E-01,-4.092403690890433E-01,-4.897176682007872E-02,2.036314048417433E-02,1.217837506522877E-02,-8.751932995488592E-04
2446284.500000000,2.453724876882366E-01,-3.497194119219302E-01,-5.109203811415353E-02,1.742210403452084E-02,1.753612206091827E-02,-1.675736099114158E-04
2446288.500000000,3.067543543250876E-01,-2.695215405250331E-01,-5.017854619245593E-02,1.300746010327689E-02,2.246077016715350E-02,6.399852234088883E-04
2446292.500000000,3.472252381077784E-01,-1.711787088257883E-01,-4.586306048846908E-02,6.940338538774939E-03,2.651791643281114E-02,1.528429472950280E-03
2446296.500000000,3.599504980989051E-01,-5.943319992287482E-02,-3.790531127034774E-02,-8.618062325312999E-04,2.902328431643810E-02,2.449453613638619E-03
2446300.500000000,3.383015783743661E-01,5.764148939644209E-02,-2.635601249653065E-02,-1.016295787476340E-02,2.899754770317357E-02,3.301404580136943E-03
2446304.500000000,2.778343212117280E-01,1.676657402869983E-01,-1.181813483304249E-02,-2.003769210584471E-02,2.532476865613467E-02,3.908169433785478E-03
2446308.500000000,1.797516171839750E-01,2.544738530909656E-01,4.277618313800750E-03,-2.857515275065670E-02,1.738007750301567E-02,4.043256249855199E-03
2446312.500000000,5.432076210639795E-02,3.020731690306213E-01,1.968236270923830E-02,-3.333085704233632E-02,6.026618152691397E-03,3.552700286247009E-03
2446316.500000000,-7.979693109628343E-02,3.015640164284336E-01,3.195574146739859E-02,-3.284282062915556E-02,-6.159577850852632E-03,2.512643444017637E-03
2446320.500000000,-2.022147474260896E-01,2.555351992593992E-01,3.943723096617453E-02,-2.774729537111522E-02,-1.634557621775970E-02,1.212873271843715E-03
2446324.500000000,-2.982941246369057E-01,1.754922182244824E-01,4.172234064927004E-02,-2.003314282432106E-02,-2.306470149300708E-02,-4.420569193603350E-05
2446328.500000000,-3.615524026161087E-01,7.565609326552698E-02,3.937724758702781E-02,-1.159597393678777E-02,-2.632652317024204E-02,-1.085316129934222E-03
2446332.500000000,-3.916795496320518E-01,-3.144167425194597E-02,3.339692952746522E-02,-3.600453221399823E-03,-2.683041840446562E-02,-1.860634150985013E-03
2446336.500000000,-3.916667439533019E-01,-1.363500136491584E-01,2.482790999930514E-02,3.423731497346722E-03,-2.535036373943260E-02,-2.384733212682011E-03
2446340.500000000,-3.658133776255504E-01,-2.324293705206987E-01,1.460721956955265E-02,9.310195214074070E-03,-2.250261148531942E-02,-2.692664669245189E-03
2446344.500000000,-3.187092597751640E-01,-3.151318491167482E-01,3.527730287605055E-03,1.405515443357691E-02,-1.872079902649851E-02,-2.819496161305570E-03
2446348.500000000,-2.548281909718560E-01,-3.813421270565689E-01,-7.745335827584566E-03,1.770800145312148E-02,-1.429556339476811E-02,-2.793499242596544E-03
2446352.500000000,-1.784332847759602E-01,-4.288990774929828E-01,-1.864403139537639E-02,2.031901496173711E-02,-9.420408804155534E-03,-2.635094056480948E-03
2446356.500000000,-9.362706331388808E-02,-4.562850697207785E-01,-2.866770911526515E-02,2.191563204066388E-02,-4.228993935505038E-03,-2.357715832158699E-03
2446360.500000000,-4.467809841113014E-03,-4.624465834608846E-01,-3.735768773991805E-02,2.249120597453603E-02,1.175966420419718E-03,-1.969143001675349E-03
2446364.500000000,8.488029551716374E-02,-4.467204258503519E-01,-4.427744058932390E-02,2.199855494418472E-02,6.697987600814101E-03,-1.472923204218957E-03
2446368.500000000,1.699755670402074E-01,-4.088590389202684E-01,-4.899890510997511E-02,2.034553177871437E-02,1.222104936171556E-02,-8.700707824690279E-04
2446372.500000000,2.459146316452196E-01,-3.491709826913525E-01,-5.109704436563078E-02,1.739371252660196E-02,1.757665758543270E-02,-1.616364396460485E-04
2446376.500000000,3.071589141691964E-01,-2.688194252765971E-01,-5.015829244179052E-02,1.296681332095128E-02,2.249652171774944E-02,6.466550731727435E-04
2446380.500000000,3.474405332928393E-01,-1.703499399476454E-01,-4.581501897312287E-02,6.886217572461227E-03,2.654460616933640E-02,1.535593429555918E-03
2446384.500000000,3.599222702939859E-01,-5.852627105293316E-02,-3.782847486207070E-02,-9.291873458596180E-04,2.903438097086820E-02,2.456557425978924E-03
2446388.500000000,3.379830275645717E-01,5.854739485729811E-02,-2.625257033103163E-02,-1.023957775587516E-02,2.898440570644284E-02,3.307371615100513E-03
2446392.500000000,2.772077607935005E-01,1.684565641750185E-01,-1.169580258203775E-02,-2.011253412254579E-02,2.527941159447126E-02,3.911335536021957E-03
2446396.500000000,1.788592851353403E-01,2.550162424907240E-01,4.404043570104157E-03,-2.862978476666665E-02,1.730230239273566E-02,4.041912055225369E-03
2446400.500000000,5.328120819637028E-02,3.022612034792993E-01,1.979331887890135E-02,-3.334776888766314E-02,5.930813047812835E-03,3.546414254052097E-03
2446404.500000000,-8.082001983198042E-02,3.013725483455255E-01,3.203412615092294E-02,-3.281866605015529E-02,-6.249594467728448E-03,2.503056004783528E-03
2446408.500000000,-2.030781765360463E-01,2.550273068732941E-01,3.947503937363388E-02,-2.769443879598919E-02,-1.641189954105151E-02,1.202584709949172E-03
2446412.500000000,-2.989170015513041E-01,1.747761929073940E-01,4.172099106611088E-02,-1.996825337092050E-02,-2.310260226532813E-02,-5.327638813241718E-05
2446416.500000000,-3.619127999611818E-01,7.483947142510529E-02,3.934351800675029E-02,-1.153109853288772E-02,-2.633991808885661E-02,-1.092381297537637E-03
2446420.500000000,-3.917915541842757E-01,-3.227336222329271E-02,3.333911163594617E-02,-3.541770101709551E-03,-2.682558747913677E-02,-1.865638693026001E-03
2446424.500000000,-3.915606926045436E-01,-1.371353729139767E-01,2.475381825520416E-02,3.473893322027341E-03,-2.533282754518865E-02,-2.387913884057929E-03
2446428.500000000,-3.655246193605716E-01,-2.331261315023644E-01,1.452356721502710E-02,9.351399259945912E-03,-2.247640090864365E-02,-2.694310559639936E-03
2446432.500000000,-3.182731659618441E-01,-3.157111474807095E-01,3.440137740579457E-03,1.408769011530474E-02,-1.868864507172188E-02,-2.819856940431329E-03
2446436.500000000,-2.542785544310646E-01,-3.817840498104934E-01,-7.832124408987036E-03,1.773230523637540E-02,-1.425927219950838E-02,-2.792762561061762E-03
2446440.500000000,-1.778023298415226E-01,-4.291896512256707E-01,-1.872590117983444E-02,2.033540632655724E-02,-9.381192427074180E-03,-2.633388277680699E-03
2446444.500000000,-9.294618254289151E-02,-4.564144158706238E-01,-2.874095614731497E-02,2.192419407660858E-02,-4.187724810801510E-03,-2.355119834215148E-03
2446448.500000000,-3.768642524100564E-03,-4.624079775554860E-01,-3.741884291537689E-02,2.249172445897480E-02,1.218552083515963E-03,-1.965697203749881E-03
2446452.500000000,8.556459058946732E-02,-4.465101315114227E-01,-4.432313918030289E-02,2.199047880127003E-02,6.741098991106950E-03,-1.468641573476358E-03
2446456.500000000,1.706089088228019E-01,-4.084769519955139E-01,-4.902581090056916E-02,2.032794903066990E-02,1.226361898015100E-02,-8.649569149471793E-04
2446460.500000000,2.464565868797406E-01,-3.486223105162177E-01,-5.110185677326753E-02,1.736536894677244E-02,1.761703649228791E-02,-1.557104967236063E-04
2446464.500000000,3.075635558950129E-01,-2.681178441841720E-01,-5.013790260201251E-02,1.292625973725550E-02,2.253203661216460E-02,6.533061468310115E-04
2446468.500000000,3.476564545725733E-01,-1.695228511190534E-01,-4.576694524681454E-02,6.832287530770533E-03,2.657095791107627E-02,1.542722537316888E-03
2446472.500000000,3.598957783584024E-01,-5.762256027410605E-02,-3.775179532623590E-02,-9.961851027985346E-04,2.904505526565683E-02,2.463599899290132E-03
2446476.500000000,3.376683374359682E-01,5.944838786598398E-02,-2.614959474674645E-02,-1.031549897320715E-02,2.897086914258399E-02,3.313245244897407E-03
2446480.500000000,2.765886116823594E-01,1.692413644606854E-01,-1.157435766154916E-02,-2.018630445702086E-02,2.523394954182715E-02,3.914389296616233E-03
2446484.500000000,1.779791390913938E-01,2.555533511335829E-01,4.529162766462624E-03,-2.868316207883308E-02,1.722505419008494E-02,4.040480487092908E-03
2446488.500000000,5.225842094455339E-02,3.024475987119153E-01,1.990276643168403E-02,-3.336374165313929E-02,5.836282294508470E-03,3.540121981000979E-03
2446492.500000000,-8.182405137194647E-02,3.011854988712285E-01,3.211117805714526E-02,-3.279435241932995E-02,-6.337949918681975E-03,2.493560167725198E-03
2446496.500000000,-2.039235995541066E-01,2.545302792642787E-01,3.951201699774570E-02,-2.764223266294836E-02,-1.647674659391545E-02,1.192446126749947E-03
2446500.500000000,-2.995255807467275E-01,1.740759298806308E-01,4.171943440790049E-02,-1.990450335977704E-02,-2.313955988746912E-02,-6.219305670755687E-05
2446504.500000000,-3.622638325330885E-01,7.404121238039975E-02,3.931014500795050E-02,-1.146750086752809E-02,-2.635294442314831E-02,-1.099322052395769E-03
2446508.500000000,-3.918991872723221E-01,-3.308617670869516E-02,3.328206902245612E-02,-3.484280628558236E-03,-2.682084506948639E-02,-1.870558549276722E-03
2446512.500000000,-3.914546984322299E-01,-1.379028797816766E-01,2.468076513058345E-02,3.523042822719188E-03,-2.531569035878972E-02,-2.391046476913621E-03
2446516.500000000,-3.652395621143029E-01,-2.338070504749947E-01,1.444108514967312E-02,9.391793242968030E-03,-2.245077964910497E-02,-2.695937334679958E-03
2446520.500000000,-3.178436308035251E-01,-3.162771980330008E-01,3.353747003324287E-03,1.411960303839102E-02,-1.865718805148168E-02,-2.820219919205717E-03
2446524.500000000,-2.537376372961712E-01,-3.822156389066885E-01,-7.917752412957859E-03,1.775614672395091E-02,-1.422373489868037E-02,-2.792043491029926E-03
2446528.500000000,-1.771816670884416E-01,-4.294729718194902E-01,-1.880670506611973E-02,2.035146968395193E-02,-9.342759257849824E-03,-2.631711781782159E-03
2446532.500000000,-9.227667105366477E-02,-4.565396768124483E-01,-2.881327461619830E-02,2.193254312830857E-02,-4.147255047401682E-03,-2.352563092283146E-03
2446536.500000000,-3.081483684928641E-03,-4.623685053466544E-01,-3.747924626189495E-02,2.249213571096728E-02,1.260328518753359E-03,-1.962300633397964E-03
2446540.500000000,8.623666133398122E-02,-4.463022169424147E-01,-4.436830460443383E-02,2.198240328785356E-02,6.783398196340369E-03,-1.464420294810624E-03
2446544.500000000,1.712302650891409E-01,-4.081004755417816E-01,-4.905244961834629E-02,2.031048813528324E-02,1.230538930195498E-02,-8.599159279573885E-04
2446548.500000000,2.469873219506045E-01,-3.480823674920453E-01,-5.110671930576475E-02,1.733729017179219E-02,1.765666302419174E-02,-1.498700686890199E-04
2446552.500000000,3.079583594147717E-01,-2.674278124003130E-01,-5.011792523439831E-02,1.288613487523041E-02,2.256690623814451E-02,6.598625927474132E-04
2446556.500000000,3.478645857860968E-01,-1.687095368734265E-01,-4.571966582450170E-02,6.778949152568783E-03,2.659685852477069E-02,1.549757584929590E-03
2446560.500000000,3.598641064502591E-01,-5.673387658934982E-02,-3.767625796853834E-02,-1.062485737146331E-03,2.905556938201674E-02,2.470565885074098E-03
2446564.500000000,3.373512426400847E-01,6.033440441838615E-02,-2.604799622758357E-02,-1.039076069944711E-02,2.895751998592427E-02,3.319081469092294E-03
2446568.500000000,2.759692826161598E-01,1.700125508014313E-01,-1.145433266344739E-02,-2.025965529188212E-02,2.518895568287360E-02,3.917460221356536E-03
2446572.500000000,1.770997610770991E-01,2.560789091301474E-01,4.653032831936940E-03,-2.873649091369021E-02,1.714831930439808E-02,4.039113342163302E-03
2446576.500000000,5.123597210247517E-02,3.026240982280630E-01,2.001126159893277E-02,-3.337994041971314E-02,5.742028432902503E-03,3.533906452610411E-03
2446580.500000000,-8.282873870178316E-02,3.009889935342249E-01,3.218754278081956E-02,-3.277026126459966E-02,-6.426353114772138E-03,2.484115570604758E-03
2446584.500000000,-2.047701766834401E-01,2.540231954012956E-01,3.954843720156168E-02,-2.759003483607700E-02,-1.654180772885159E-02,1.182321927645374E-03
2446588.500000000,-3.001348749796310E-01,1.733647975651468E-01,4.171732516231137E-02,-1.984053850795115E-02,-2.317667908230824E-02,-7.111833545121217E-05
2446592.500000000,-3.626144600814358E-01,7.323176889004426E-02,3.927617220466154E-02,-1.140358065663566E-02,-2.636595652015891E-02,-1.106274946042081E-03
2446596.500000000,-3.920051220349683E-01,-3.390973110176392E-02,3.322439374123947E-02,-3.426484504660668E-03,-2.681589912785288E-02,-1.875481323449753E-03
2446600.500000000,-3.913459506264941E-01,-1.386800088822939E-01,2.460709456663057E-02,3.572404579913585E-03,-2.529820838363573E-02,-2.394168381451904E-03
2446604.500000000,-3.649511484535932E-01,-2.344960397555733E-01,1.435805405138566E-02,9.432274585105467E-03,-2.242473809845437E-02,-2.697541114464260E-03
2446608.500000000,-3.174106380015736E-01,-3.168495879240552E-01,3.266917403323541E-03,1.415148178548068E-02,-1.862529453572774E-02,-2.820551565215398E-03
2446612.500000000,-2.531936062512158E-01,-3.826518644970191E-01,-8.003684884562287E-03,1.777985532718122E-02,-1.418778848024737E-02,-2.791289285359674E-03
2446616.500000000,-1.765585672365098E-01,-4.297593939373573E-01,-1.888767197482027E-02,2.036733310920924E-02,-9.303970756919874E-03,-2.630000262285634E-03
2446620.500000000,-9.160560059366131E-02,-4.566667460143893E-01,-2.888562097850373E-02,2.194065841947192E-02,-4.106494644486424E-03,-2.349974141240060E-03
2446624.500000000,-2.393718218039179E-03,-4.623298068730938E-01,-3.753955658958679E-02,2.249230894408841E-02,1.302332801334138E-03,-1.958875889896417E-03
2446628.500000000,8.690841592863090E-02,-4.460942723095551E-01,-4.441327209634464E-02,2.197410713447668E-02,6.825873986834752E-03,-1.460174552902550E-03
2446632.500000000,1.718504758714728E-01,-4.077233369701760E-01,-4.907879728205201E-02,2.029283359879410E-02,1.234730214518989E-02,-8.548524548982721E-04
2446636.500000000,2.475161834033485E-01,-3.475412307495238E-01,-5.111120038511376E-02,1.730903839990030E-02,1.769641536244447E-02,-1.440064361489957E-04
2446640.500000000,3.083506002176392E-01,-2.667360989026329E-01,-5.009746739630451E-02,1.284583278152924E-02,2.260189443508943E-02,6.664457511388380E-04
2446644.500000000,3.480693707810668E-01,-1.678940927797490E-01,-4.567178917367238E-02,6.725388722448651E-03,2.662286063834271E-02,1.556824339095969E-03
2446648.500000000,3.598280391876696E-01,-5.584275670975128E-02,-3.759998901033382E-02,-1.129094234702460E-03,2.906612441563043E-02,2.477566568151401E-03
2446652.500000000,3.370283282860933E-01,6.122276427730225E-02,-2.594553428534644E-02,-1.046642205244287E-02,2.894406657499325E-02,3.324946757693716E-03
2446656.500000000,2.753424657222080E-01,1.707852072724590E-01,-1.133336623751804E-02,-2.033341830314335E-02,2.514361675250220E-02,3.920537779248232E-03
2446660.500000000,1.762115034922775E-01,2.566040273394355E-01,4.777794831435510E-03,-2.879007041466627E-02,1.707098517634995E-02,4.037712654434425E-03
2446664.500000000,5.020424929623560E-02,3.027974749518569E-01,2.012042717469627E-02,-3.339606996980093E-02,5.647068647912452E-03,3.527615480370919E-03
2446668.500000000,-8.384175435500001E-02,3.007867069294778E-01,3.226422392404473E-02,-3.274578159806874E-02,-6.515346196894613E-03,2.474573961044989E-03
2446672.500000000,-2.056231075978198E-01,2.535084481317073E-01,3.958478708835779E-02,-2.753726498991207E-02,-1.660720979680004E-02,1.172105099496269E-03
2446676.500000000,-3.007481143936226E-01,1.726451588688062E-01,4.171481235602341E-02,-1.977596077091720E-02,-2.321388597104761E-02,-8.011607780496348E-05
2446680.500000000,-3.629666485692690E-01,7.241387351092597E-02,3.924155433194192E-02,-1.133908981623735E-02,-2.637886624560646E-02,-1.113276233193843E-03
2446684.500000000,-3.921104749627306E-01,-3.474106963059997E-02,3.316592341640610E-02,-3.368189506225989E-03,-2.681073237917520E-02,-1.880431501911033E-03
2446688.500000000,-3.912347749324240E-01,-1.394638923420711E-01,2.453255270206522E-02,3.622191198615478E-03,-2.528043877692409E-02,-2.397301852168487E-03
2446692.500000000,-3.646587458523681E-01,-2.351905482400422E-01,1.427412958262840E-02,9.473112644674937E-03,-2.239836946920769E-02,-2.699144947686794E-03
2446696.500000000,-3.169723571766812E-01,-3.174261290482984E-01,3.179212531784992E-03,1.418365379514946E-02,-1.859304491116342E-02,-2.820874421201580E-03
2446700.500000000,-2.526432401823002E-01,-3.830907625784263E-01,-8.090442066351931E-03,1.780379371024848E-02,-1.415145873128060E-02,-2.790518708660847E-03
2446704.500000000,-1.759283483392556E-01,-4.300468991514144E-01,-1.896938363425175E-02,2.038335744168269E-02,-9.264770695099360E-03,-2.628265140232092E-03
2446708.500000000,-9.092692147020785E-02,-4.567931946476951E-01,-2.895860301781870E-02,2.194885556245035E-02,-4.065294090848486E-03,-2.347354205412806E-03
2446712.500000000,-1.698197716413220E-03,-4.622886735514252E-01,-3.760036327251301E-02,2.249247088188396E-02,1.344803315463643E-03,-1.955412395808842E-03
2446716.500000000,8.758766586328860E-02,-4.458819869756764E-01,-4.445856461922140E-02,2.196568933778391E-02,6.868834712027901E-03,-1.455881815520670E-03
2446720.500000000,1.724774422663414E-01,-4.073399038690907E-01,-4.910526466981061E-02,2.027492738678813E-02,1.238970363457867E-02,-8.497332466926431E-04
2446724.500000000,2.480504982770724E-01,-3.469918798855834E-01,-5.111556019540139E-02,1.728038361291070E-02,1.773663301835458E-02,-1.380780370006536E-04
2446728.500000000,3.087463454162690E-01,-2.660344291745840E-01,-5.007661193127139E-02,1.280495629613077E-02,2.263727868139249E-02,6.731020657020517E-04
2446732.500000000,3.482750007596009E-01,-1.670673640477010E-01,-4.562321024833867E-02,6.671073317944987E-03,2.664911587569187E-02,1.563969356398490E-03
2446736.500000000,3.597894689519499E-01,-5.493979851713474E-02,-3.752270793988913E-02,-1.196612433369953E-03,2.907668287480229E-02,2.484641788399836E-03
2446740.500000000,3.366991193742285E-01,6.212226941659204E-02,-2.584179696744794E-02,-1.054304254117178E-02,2.893024425730744E-02,3.330865483279847E-03
2446744.500000000,2.747057748353154E-01,1.715666610067124E-01,-1.121099276342571E-02,-2.040796469184639E-02,2.509747434457552E-02,3.923623770941366E-03
2446748.500000000,1.753110794615593E-01,2.571340350526730E-01,4.903878431118160E-03,-2.884396966204578E-02,1.699254406302196E-02,4.036260389332467E-03
2446752.500000000,4.916027374474704E-02,3.029712726963600E-01,2.023060869599225E-02,-3.341192811853256E-02,5.551048452828832E-03,3.521228904472815E-03
2446756.500000000,-8.486502377072383E-02,3.005812718514133E-01,3.234151866142677E-02,-3.272062546695846E-02,-6.605028759210704E-03,2.464933862489105E-03
2446760.500000000,-2.064833165707108E-01,2.529886845738412E-01,3.962140721328360E-02,-2.748373193814448E-02,-1.667286778510233E-02,1.161818026740010E-03
2446764.500000000,-3.013657779918579E-01,1.719201415265776E-01,4.171235767283440E-02,-1.971073972334554E-02,-2.325104575541809E-02,-8.915043451279086E-05
2446768.500000000,-3.633210430168355E-01,7.159113282883325E-02,3.920690120844537E-02,-1.127413417836425E-02,-2.639157802947254E-02,-1.120289485891007E-03
2446772.500000000,-3.922165052609321E-01,-3.557633622872363E-02,3.310740113900828E-02,-3.309588752013365E-03,-2.680531693214569E-02,-1.885379627286695E-03
2446776.500000000,-3.911233022661722E-01,-1.402506984029938E-01,2.445798186696826E-02,3.672166451397260E-03,-2.526242060242564E-02,-2.400426872238130E-03
2446780.500000000,-3.643654580165755E-01,-2.358870240686845E-01,1.419021474861000E-02,9.514062162965688E-03,-2.237177372420136E-02,-2.700738480043495E-03
2446784.500000000,-3.165328468131333E-01,-3.180037832308048E-01,3.091557940786014E-03,1.421589075524735E-02,-1.856059540972221E-02,-2.821187517239284E-03
2446788.500000000,-2.520914417268087E-01,-3.835300262890826E-01,-8.177112805535697E-03,1.782777124009941E-02,-1.411495446658878E-02,-2.789739882484354E-03
2446792.500000000,-1.752965709473432E-01,-4.303341145937968E-01,-1.905097905029261E-02,2.039940699955520E-02,-9.225416552646902E-03,-2.626523315445092E-03
2446796.500000000,-9.024660231745654E-02,-4.569187697353412E-01,-2.903144426026299E-02,2.195706843276950E-02,-4.023955080023962E-03,-2.344728575036622E-03
2446800.500000000,-1.000995215592834E-03,-4.622461399256763E-01,-3.766100709795543E-02,2.249263736668778E-02,1.387398735072756E-03,-1.951943435090809E-03
2446804.500000000,8.826858395733711E-02,-4.456678330265446E-01,-4.450367175950212E-02,2.195725881197657E-02,6.911903572558534E-03,-1.451583218037900E-03
2446808.500000000,1.731059783416554E-01,-4.069542200826456E-01,-4.913152240214623E-02,2.025698347121191E-02,1.243218538218480E-02,-8.446078718525314E-04
2446812.500000000,2.485861737907380E-01,-3.464400466627234E-01,-5.111968729474201E-02,1.725166202847783E-02,1.777688178387083E-02,-1.321446980562847E-04
2446816.500000000,3.091431367322049E-01,-2.653303025926881E-01,-5.005551238481969E-02,1.276399250668929E-02,2.267261300898190E-02,6.797582476466615E-04
2446820.500000000,3.484813392779511E-01,-1.662386023086472E-01,-4.557440880784914E-02,6.616685432808501E-03,2.667520330023281E-02,1.571102324828165E-03
2446824.500000000,3.597514683877830E-01,-5.403575615899289E-02,-3.744529177848446E-02,-1.264110579616837E-03,2.908693457103286E-02,2.491683719549715E-03
2446828.500000000,3.363709407981580E-01,6.302140649033221E-02,-2.573811397853397E-02,-1.061943127187023E-02,2.891601842424330E-02,3.336722161854897E-03
2446832.500000000,2.740716453746027E-01,1.723461936471581E-01,-1.108897402205595E-02,-2.048196999644110E-02,2.505099893368979E-02,3.926624401050120E-03
2446836.500000000,1.744159184924377E-01,2.576613840732944E-01,5.029266079379150E-03,-2.889709484522845E-02,1.691411218273057E-02,4.034730087871382E-03
2446840.500000000,4.812459727484240E-02,3.031434350591909E-01,2.033987190910550E-02,-3.342711094871741E-02,5.455528588692110E-03,3.514815437981798E-03
2446844.500000000,-8.587810069169922E-02,3.003769084551752E-01,3.241792373291241E-02,-3.269523446628938E-02,-6.693916579096923E-03,2.455333498611861E-03
2446848.500000000,-2.073333949761954E-01,2.524731383635833E-01,3.965738913782988E-02,-2.743044360194902E-02,-1.673780266041977E-02,1.151610380762635E-03
2446852.500000000,-3.019749224963808E-01,1.712016919490462E-01,4.170959783606642E-02,-1.964603885927345E-02,-2.328776979613843E-02,-9.810292446988497E-05
2446856.500000000,-3.636691761833762E-01,7.077608700926313E-02,3.917223634046640E-02,-1.120975821112828E-02,-2.640415227338670E-02,-1.127239860586797E-03
2446860.500000000,-3.923184898334822E-01,-3.640381897237651E-02,3.304907073544082E-02,-3.251503388414079E-03,-2.679997827946848E-02,-1.890288674196007E-03
2446864.500000000,-3.910096366321255E-01,-1.410303016875061E-01,2.438371702084202E-02,3.721733053521332E-03,-2.524460277861879E-02,-2.403532988369384E-03
2446868.500000000,-3.640713972497912E-01,-2.365772311025119E-01,1.410665104360899E-02,9.554707974586981E-03,-2.234543607922569E-02,-2.702327350443852E-03
2446872.500000000,-3.160935991112958E-01,-3.185762486388427E-01,3.004253962254239E-03,1.424790992262913E-02,-1.852842342825545E-02,-2.821504720353817E-03
2446876.500000000,-2.515406422927781E-01,-3.839652190909523E-01,-8.263459690839300E-03,1.785159487838538E-02,-1.407873022000036E-02,-2.788969746042471E-03
2446880.500000000,-1.746663123154656E-01,-4.306183791578164E-01,-1.913228958952955E-02,2.041534791852329E-02,-9.186343089999403E-03,-2.624791922017356E-03
2446884.500000000,-8.956816831958399E-02,-4.570425310820140E-01,-2.910404297304776E-02,2.196520518533859E-02,-3.982906111047057E-03,-2.342113523572849E-03
2446888.500000000,-3.059279226680111E-04,-4.622029974641080E-01,-3.772145026286750E-02,2.249275467019429E-02,1.429678551752667E-03,-1.948484901322080E-03
2446892.500000000,8.894722741410778E-02,-4.454544183903393E-01,-4.454862155244043E-02,2.194880912122486E-02,6.954610216154213E-03,-1.447296242633987E-03
2446896.500000000,1.737322456517588E-01,-4.065708549625543E-01,-4.915767722892983E-02,2.023906543562429E-02,1.247423618711284E-02,-8.394989151852953E-04
2446900.500000000,2.491198254273033E-01,-3.458924228473391E-01,-5.112379677669703E-02,1.722304443171485E-02,1.781661434067202E-02,-1.262388481814382E-04
2446904.500000000,3.095385690818727E-01,-2.646326242166632E-01,-5.003454122589555E-02,1.272326937419685E-02,2.270734663587361E-02,6.863673986944517E-04
2446908.500000000,3.486876953946169E-01,-1.654188051373956E-01,-4.552597769803048E-02,6.562761628026846E-03,2.670064449387636E-02,1.578160089912478E-03
2446912.500000000,3.597159569394742E-01,-5.314318668597479E-02,-3.736861165533797E-02,-1.330821382116027E-03,2.909660470971850E-02,2.498618035244248E-03
2446916.500000000,3.360491601991787E-01,6.390721419876426E-02,-2.563565151092447E-02,-1.069465214649880E-02,2.890149135711933E-02,3.342447243052921E-03
2446920.500000000,2.734492206525183E-01,1.731122562142582E-01,-1.096870279245934E-02,-2.055452713261414E-02,2.500480681466665E-02,3.929500490355098E-03
2446924.500000000,1.735382425222106E-01,2.581779895309124E-01,5.152507952361145E-03,-2.894886268116258E-02,1.683677636729100E-02,4.033134507405559E-03
2446928.500000000,4.711074617622405E-02,3.033107197072982E-01,2.044692366204029E-02,-3.344156487285035E-02,5.361782397601472E-03,3.508437937299562E-03
2446932.500000000,-8.686827365099072E-02,3.001752443888693E-01,3.249245757135324E-02,-3.267004249335168E-02,-6.780896692560785E-03,2.445860775254408E-03
2446936.500000000,-2.081629931201086E-01,2.519672207364129E-01,3.969210700573064E-02,-2.737810737112708E-02,-1.680124950494960E-02,1.141568669264997E-03
2446940.500000000,-3.025682149308958E-01,1.704975499497884E-01,4.170622583653695E-02,-1.958263090306546E-02,-2.332365051533906E-02,-1.069017100386922E-04
2446944.500000000,-3.640067137651196E-01,6.997750657932418E-02,3.913750591321302E-02,-1.114667445414057E-02,-2.641646703377686E-02,-1.134072425925643E-03
2446948.500000000,-3.924147247232205E-01,-3.721469076010381E-02,3.299106788311992E-02,-3.194531248481210E-03,-2.679479697049651E-02,-1.895118307139748E-03
2446952.500000000,-3.908942103807223E-01,-1.417944815390733E-01,2.431003130918193E-02,3.770420565733409E-03,-2.522719752651208E-02,-2.406591289981459E-03
2446956.500000000,-3.637786348863928E-01,-2.372539670196885E-01,1.402380910102251E-02,9.594698575446871E-03,-2.231964561068560E-02,-2.703891331553076E-03
2446960.500000000,-3.156578825589650E-01,-3.191375631091101E-01,2.917738094901084E-03,1.427946085601657E-02,-1.849685419619462E-02,-2.821812591409824E-03
2446964.500000000,-2.509949446483689E-01,-3.843917007645121E-01,-8.349003418006295E-03,1.787509444049479E-02,-1.404311744374077E-02,-2.788200782077592E-03
2446968.500000000,-1.740422291087698E-01,-4.308963517468306E-01,-1.921281790396014E-02,2.043107032416303E-02,-9.147864926384275E-03,-2.623069576179023E-03
2446972.500000000,-8.889662353317851E-02,-4.571623283824743E-01,-2.917591029177733E-02,2.197319958642814E-02,-3.942424545006084E-03,-2.339514913500850E-03
2446976.500000000,3.818016775876560E-04,-4.621580947307108E-01,-3.778124421748510E-02,2.249278823479571E-02,1.471424696751423E-03,-1.945051280582406E-03
2446980.500000000,8.961830569882120E-02,-4.452413016053539E-01,-4.459304143592929E-02,2.194032972251373E-02,6.996822660976634E-03,-1.443044233335797E-03
2446984.500000000,1.743509468327867E-01,-4.061896703329660E-01,-4.918346336117715E-02,2.022117841799419E-02,1.251584196571347E-02,-8.344355131459884E-04
2446988.500000000,2.496461754320808E-01,-3.453486356721490E-01,-5.112773810520621E-02,1.719452969967222E-02,1.785596715192249E-02,-1.203871056543278E-04
2446992.500000000,3.099272631907132E-01,-2.639401329312942E-01,-5.001362708243373E-02,1.268272418248971E-02,2.274178922656922E-02,6.929192446850693E-04
2446996.500000000,3.488881486683399E-01,-1.646051362594702E-01,-4.547782549741319E-02,6.509071915290735E-03,2.672591036099976E-02,1.585165850976761E-03
2447000.500000000,3.596755119328687E-01,-5.225718465702904E-02,-3.729239051470323E-02,-1.397292844504193E-03,2.910623092349638E-02,2.505516090211117E-03
2447004.500000000,3.357232881509170E-01,6.478651156470101E-02,-2.553374574329953E-02,-1.076970457659300E-02,2.888702775135705E-02,3.348160801892641E-03
2447008.500000000,2.728231259542661E-01,1.738721406819701E-01,-1.084898084520915E-02,-2.062704712113056E-02,2.495869751466621E-02,3.932390986415853E-03
2447012.500000000,1.726568005947495E-01,2.586885757138136E-01,5.275292533865033E-03,-2.900070251082397E-02,1.675941782478416E-02,4.031567550461254E-03
2447016.500000000,4.609281516159756E-02,3.034715540452959E-01,2.055362855183958E-02,-3.345607897214924E-02,5.267842962179483E-03,3.502083917382507E-03
2447020.500000000,-8.786251678233883E-02,2.999661030852264E-01,3.256670474654542E-02,-3.264476999540995E-02,-6.868176668773777E-03,2.436393760247526E-03
2447024.500000000,-2.089959824595159E-01,2.514526486547519E-01,3.972652635657035E-02,-2.732551653726075E-02,-1.686496070434329E-02,1.131516671019349E-03
2447028.500000000,-3.031636351147262E-01,1.697839742562956E-01,4.170249971406171E-02,-1.951886248251761E-02,-2.335964307819945E-02,-1.157159957701401E-04
2447032.500000000,-3.643449004393363E-01,6.916942785141424E-02,3.910236724542430E-02,-1.108322857093603E-02,-2.642870235748681E-02,-1.140915153679614E-03
2447036.500000000,-3.925103014940773E-01,-3.803439975664511E-02,3.293263693097569E-02,-3.137278111640754E-03,-2.678937287409323E-02,-1.899947260993071E-03
2447040.500000000,-3.907772408333140E-01,-1.425662970333578E-01,2.423594324262454E-02,3.819266020848019E-03,-2.520944489837561E-02,-2.409637658470049E-03
2447044.500000000,-3.634839581905791E-01,-2.379368429920345E-01,1.394063079138528E-02,9.634718135216614E-03,-2.229346411016529E-02,-2.705434857934979E-03
2447048.500000000,-3.152203665773620E-01,-3.197034499901806E-01,2.830978211180018E-03,1.431092973469194E-02,-1.846489890795535E-02,-2.822095416583494E-03
2447052.500000000,-2.504479477650795E-01,-3.848212761855208E-01,-8.434688231499557E-03,1.789843166879345E-02,-1.400715520492731E-02,-2.787405969724510E-03
2447056.500000000,-1.734175979743927E-01,-4.311761204563244E-01,-1.929338724915457E-02,2.044658529197877E-02,-9.109088518383253E-03,-2.621323414525473E-03
2447060.500000000,-8.822539424254221E-02,-4.572828327166585E-01,-2.924773002918555E-02,2.198097484568244E-02,-3.901695470893808E-03,-2.336895903795694E-03
2447064.500000000,1.068361266777155E-03,-4.621129905846809E-01,-3.784091550229619E-02,2.249261716252389E-02,1.513380615836929E-03,-1.941600294250405E-03
2447068.500000000,9.028744947212484E-02,-4.450271834751606E-01,-4.463727177927639E-02,2.193167354489936E-02,7.039229664428890E-03,-1.438775621535044E-03
2447072.500000000,1.749670566035056E-01,-4.058066899576457E-01,-4.920898861525113E-02,2.020313691399717E-02,1.255765528364684E-02,-8.293522419020009E-04
2447076.500000000,2.501693152055190E-01,-3.448021498410266E-01,-5.113132364405839E-02,1.716585277800692E-02,1.789556781389421E-02,-1.145067720368288E-04
2447080.500000000,3.103119912373079E-01,-2.632438441493882E-01,-4.999221489461059E-02,1.264195129396143E-02,2.277653340824537E-02,6.995146813504042E-04
2447084.500000000,3.490834589412103E-01,-1.637863864735905E-01,-4.542896143394726E-02,6.455006228146277E-03,2.675150752480529E-02,1.592235568404300E-03
2447088.500000000,3.596279759385935E-01,-5.136486020498362E-02,-3.721515938377555E-02,-1.464374324885572E-03,2.911612299130287E-02,2.512498405228229E-03
2447092.500000000,3.353873556112507E-01,6.567276094091501E-02,-2.543047173776831E-02,-1.084562499251610E-02,2.887257395205022E-02,3.353965353460275E-03
2447096.500000000,2.721831919674450E-01,1.746381009324199E-01,-1.072756629526428E-02,-2.070054352487148E-02,2.491210506662856E-02,3.935345500535972E-03
2447100.500000000,1.717579959383276E-01,2.592021210539476E-01,5.399898473095418E-03,-2.905325261735337E-02,1.668099654802455E-02,4.029994784603384E-03
2447104.500000000,4.505590070575052E-02,3.036303347353282E-01,2.066195798014762E-02,-3.347064835510607E-02,5.172535736894931E-03,3.495639058325764E-03
2447108.500000000,-8.887449851035589E-02,2.997496649530762E-01,3.264209444551381E-02,-3.261884807183049E-02,-6.956631153073311E-03,2.426785486679886E-03
2447112.500000000,-2.098431781001718E-01,2.509270630658412E-01,3.976151384057226E-02,-2.727187274752515E-02,-1.692933054140783E-02,1.121326704753396E-03
2447116.500000000,-3.037688438858806E-01,1.690578288168570E-01,4.169885631399496E-02,-1.945398630615277E-02,-2.339577466175594E-02,-1.246321130911304E-04
2447120.500000000,-3.646887012573148E-01,6.834899887214926E-02,3.906698856922339E-02,-1.101882335356153E-02,-2.644071983735878E-02,-1.147818162144814E-03
2447124.500000000,-3.926080697613726E-01,-3.886516287263866E-02,3.287379407625964E-02,-3.079274742848670E-03,-2.678354268746037E-02,-1.904803829408476E-03
2447128.500000000,-3.906598605554278E-01,-1.433473669290260E-01,2.416137866659937E-02,3.868668142351879E-03,-2.519121281927422E-02,-2.412690511358864E-03
2447132.500000000,-3.631869649036661E-01,-2.386270200348975E-01,1.385697645084707E-02,9.675141056129927E-03,-2.226679234724996E-02,-2.706972906757104E-03
2447136.500000000,-3.147791601866965E-01,-3.202747050129138E-01,2.743777884427893E-03,1.434268798456657E-02,-1.843246994871095E-02,-2.822366638689297E-03
2447140.500000000,-2.498962805947059E-01,-3.852543731899224E-01,-8.520760225434729E-03,1.792197327785696E-02,-1.397074364971753E-02,-2.786596437053329E-03
2447144.500000000,-1.727876190257928E-01,-4.314576609701888E-01,-1.937428054676389E-02,2.046223645848389E-02,-9.069886021423787E-03,-2.619560394213669E-03
2447148.500000000,-8.754839769989199E-02,-4.574034457059518E-01,-2.931980164747099E-02,2.198882372209049E-02,-3.860560526887111E-03,-2.334257596691905E-03
2447152.500000000,1.760852736766866E-03,-4.620664109497971E-01,-3.790075512952733E-02,2.249245356438490E-02,1.555722317640429E-03,-1.938126670775612E-03
2447156.500000000,9.096240688963290E-02,-4.448100961167787E-01,-4.468157176499617E-02,2.192294877750834E-02,7.081995972200097E-03,-1.434480200429893E-03
2447160.500000000,1.755885328941430E-01,-4.054193810674888E-01,-4.923446763247168E-02,2.018493847106691E-02,1.259978526946593E-02,-8.242379366249385E-04
2447164.500000000,2.506970012491943E-01,-3.442501998341665E-01,-5.113473253254520E-02,1.713692197971091E-02,1.793541364800770E-02,-1.085926942578581E-04
2447168.500000000,3.107000602543470E-01,-2.625413229898493E-01,-4.997049177531665E-02,1.260083216811693E-02,2.281140821975561E-02,7.061425961489985E-04
2447172.500000000,3.492805876013313E-01,-1.629611996361340E-01,-4.537967065515014E-02,6.400534108005377E-03,2.677706716255133E-02,1.599329163621344E-03
2447176.500000000,3.595806330883656E-01,-5.046666841568177E-02,-3.713744089856978E-02,-1.531844222124575E-03,2.912576214394256E-02,2.519485121074489E-03
2447180.500000000,3.350503142493570E-01,6.656342310491417E-02,-2.532675183997162E-02,-1.092178173112442E-02,2.885765358624251E-02,3.359743103348960E-03
2447184.500000000,2.715417683725566E-01,1.754063496892744E-01,-1.060588422780018E-02,-2.077397292545272E-02,2.486494896860759E-02,3.938238475820510E-03
2447188.500000000,1.708586756706091E-01,2.597159082276366E-01,5.524481987746134E-03,-2.910539514206802E-02,1.660216259244382E-02,4.028343778876928E-03
2447192.500000000,4.402048286806456E-02,3.037884063821023E-01,2.076998046312754E-02,-3.348467056099086E-02,5.077184896382888E-03,3.489136568935255E-03
2447196.500000000,-8.988304174135688E-02,2.995330638184425E-01,3.271703499520189E-02,-3.259254512886415E-02,-7.044799352932117E-03,2.417165071215353E-03
2447200.500000000,-2.106860055003518E-01,2.504027323237469E-01,3.979608508440788E-02,-2.721814619581441E-02,-1.699331883486044E-02,1.111161800551326E-03
2447204.500000000,-3.043698466584922E-01,1.683343232997653E-01,4.169493201747379E-02,-1.938925279176182E-02,-2.343161420272002E-02,-1.335093428817550E-04
2447208.500000000,-3.650291011328139E-01,6.753209560593694E-02,3.903148232868997E-02,-1.095465873361274E-02,-2.645258647734702E-02,-1.154685209577970E-03
2447212.500000000,-3.927034374237510E-01,-3.969204505987585E-02,3.281494999707880E-02,-3.021520403036590E-03,-2.677767915188861E-02,-1.909633559923052E-03
2447216.500000000,-3.905410163204083E-01,-1.441245888242452E-01,2.408690125698932E-02,3.917854926181099E-03,-2.517302396693125E-02,-2.415725762496248E-03
2447220.500000000,-3.628892779605212E-01,-2.393136160929339E-01,1.377346446775658E-02,9.715394670234518E-03,-2.224020608146125E-02,-2.708500572442903E-03
2447224.500000000,-3.143378472130496E-01,-3.208427651364957E-01,2.656750831370258E-03,1.437432104856249E-02,-1.840014552537832E-02,-2.822632433275508E-03
2447228.500000000,-2.493449313099455E-01,-3.856847071393676E-01,-8.606643954133250E-03,1.794542640884036E-02,-1.393444181291401E-02,-2.785784570078840E-03
2447232.500000000,-1.721582531196141E-01,-4.317368750871008E-01,-1.945498013284079E-02,2.047782705882263E-02,-9.030791429406840E-03,-2.617796809319444E-03
2447236.500000000,-8.687221477942607E-02,-4.575221562637592E-01,-2.939167942136035E-02,2.199663156532174E-02,-3.819529678359654E-03,-2.331619696972583E-03
2447240.500000000,2.452393429988623E-03,-4.620183403132839E-01,-3.796040391301137E-02,2.249226138794015E-02,1.597961772156584E-03,-1.934654134032610E-03
2447244.500000000,9.163631533100570E-02,-4.445919316600429E-01,-4.472568691667281E-02,2.191420287954386E-02,7.124656364521358E-03,-1.430186786145098E-03
2447248.500000000,1.762088869787647E-01,-4.050314405377002E-01,-4.925977302075676E-02,2.016672462838069E-02,1.264179664490397E-02,-8.191274346651523E-04
2447252.500000000,2.512235200128301E-01,-3.436981381437109E-01,-5.113798926348587E-02,1.710798530853434E-02,1.797511581536238E-02,-1.026859118413058E-04
2447256.500000000,3.110869773172834E-01,-2.618393387961588E-01,-4.994865703418321E-02,1.255972981204415E-02,2.284610000525283E-02,7.127569863168571E-04
2447260.500000000,3.494767201034724E-01,-1.621373807511103E-01,-4.533034105118169E-02,6.346129311349844E-03,2.680239327089089E-02,1.606399173525637E-03
2447264.500000000,3.595327399974969E-01,-4.957087552494675E-02,-3.705980512633433E-02,-1.599149047471830E-03,2.913512291392171E-02,2.526434045823615E-03
2447268.500000000,3.347136775670069E-01,6.745055477584494E-02,-2.522329761195140E-02,-1.099761681082637E-02,2.884245958572864E-02,3.365467460717444E-03
2447272.500000000,2.709024080288038E-01,1.761701744559108E-01,-1.048470189876089E-02,-2.084689711203348E-02,2.481764632891231E-02,3.941070279439434E-03
2447276.500000000,1.699636851502683E-01,2.602252169929920E-01,5.648340224856807E-03,-2.915693803563542E-02,1.652347175440944E-02,4.026645821186586E-03
2447280.500000000,4.299161262258190E-02,3.039432732710947E-01,2.087716317862470E-02,-3.349822669434716E-02,4.982317418629651E-03,3.482627022983781E-03
2447284.500000000,-9.088379976384228E-02,2.993156131687814E-01,3.279120050600256E-02,-3.256610707927227E-02,-7.132316430219689E-03,2.407582319012794E-03
2447288.500000000,-2.115211868935432E-01,2.498800585812999E-01,3.983008905921929E-02,-2.716460555344126E-02,-1.705674087201611E-02,1.101058589835219E-03
2447292.500000000,-3.049643382312371E-01,1.676143178427198E-01,4.169069260700446E-02,-1.932487207829222E-02,-2.346710775969103E-02,-1.423255460538940E-04
2447296.500000000,-3.653644782023426E-01,6.671962215796806E-02,3.899587900613414E-02,-1.089086617283507E-02,-2.646432670048942E-02,-1.161505490829093E-03
2447300.500000000,-3.927951636154445E-01,-4.051433176762220E-02,3.275616132299339E-02,-2.964076734417791E-03,-2.677184760635836E-02,-1.914433685402170E-03
2447304.500000000,-3.904196040376409E-01,-1.448975498264165E-01,2.401256729968801E-02,3.966816268643231E-03,-2.515496091509655E-02,-2.418745922216800E-03
2447308.500000000,-3.625897650926559E-01,-2.399965616239347E-01,1.369013466789642E-02,9.755499652523442E-03,-2.221379341175908E-02,-2.710023180084233E-03
2447312.500000000,-3.138951860889227E-01,-3.214079215465421E-01,2.569913778064145E-03,1.440585948124395E-02,-1.836801870352833E-02,-2.822898661951375E-03
2447316.500000000,-2.487925494452314E-01,-3.861129661733161E-01,-8.692343789740643E-03,1.796881187240481E-02,-1.389835755357112E-02,-2.784974757131935E-03
2447320.500000000,-1.715281143911408E-01,-4.320149422085127E-01,-1.953550252152703E-02,2.049335162366236E-02,-8.991946331528798E-03,-2.616034202305810E-03
2447324.500000000,-8.619555258088800E-02,-4.576408199552721E-01,-2.946338010580520E-02,2.200435645635864E-02,-3.778804182833436E-03,-2.328980973289894E-03
2447328.500000000,3.144035919580730E-03,-4.619716084155331E-01,-3.801987197276848E-02,2.249196406974561E-02,1.639807959318140E-03,-1.931181300061724E-03
2447332.500000000,9.230988328020627E-02,-4.443769148832351E-01,-4.476963085872820E-02,2.190534597844210E-02,7.166799461454753E-03,-1.425899794479471E-03
2447336.500000000,1.768285170200103E-01,-4.046490228355669E-01,-4.928496251959168E-02,2.014844083795371E-02,1.268313280278151E-02,-8.140401360355302E-04
2447340.500000000,2.517492525552685E-01,-3.431546523293574E-01,-5.114127788343283E-02,1.707910529947793E-02,1.801396577845368E-02,-9.683215441037797E-05
2447344.500000000,3.114737948138919E-01,-2.611496705955572E-01,-4.992714944049426E-02,1.251893888148320E-02,2.287978226421610E-02,7.192745375149832E-04
2447348.500000000,3.496747746178970E-01,-1.613300860383027E-01,-4.528183258038824E-02,6.292451982460325E-03,2.682665028669616E-02,1.613317910754101E-03
2447352.500000000,3.594907713985340E-01,-4.869565018547019E-02,-3.698370552140996E-02,-1.665160838593129E-03,2.914358229815282E-02,2.533178609369188E-03
2447356.500000000,3.343893473980753E-01,6.831446979385312E-02,-2.512226418767304E-02,-1.107156986598992E-02,2.882691847550052E-02,3.370961251773517E-03
2447360.500000000,2.702836497387462E-01,1.769112755016182E-01,-1.036681523502598E-02,-2.091763924718848E-02,2.477100493545724E-02,3.943708676341327E-03
2447364.500000000,1.690975130027401E-01,2.607168746557417E-01,5.768344717050534E-03,-2.920669626547187E-02,1.644664098193453E-02,4.024875043973645E-03
2447368.500000000,4.199655902563879E-02,3.040896766489952E-01,2.098052593701934E-02,-3.351116573676960E-02,4.890048761524421E-03,3.476206798693660E-03
2447372.500000000,-9.185105687621528E-02,2.991000135400819E-01,3.286215878456372E-02,-3.254040544411910E-02,-7.217432234049592E-03,2.398201844528911E-03
2447376.500000000,-2.123277217164601E-01,2.493672072830495E-01,3.986176010408360E-02,-2.711263695153206E-02,-1.711864013447286E-02,1.091175269781392E-03
2447380.500000000,-3.055369889423658E-01,1.669082600373212E-01,4.168491868935364E-02,-1.926222648797257E-02,-2.350203254090199E-02,-1.509685844787633E-04
2447384.500000000,-3.656845463485834E-01,6.592191160263229E-02,3.895931024555287E-02,-1.082856358766768E-02,-2.647617074340470E-02,-1.168213637546248E-03
2447388.500000000,-3.928768117297398E-01,-4.132306424759294E-02,3.269675416589147E-02,-2.907755196037066E-03,-2.676646859408888E-02,-1.919169243759955E-03
2447392.500000000,-3.902919104344589E-01,-1.456590559841529E-01,2.393781089794196E-02,4.014988934492577E-03,-2.513746488810912E-02,-2.421729549747021E-03
2447396.500000000,-3.622866013210509E-01,-2.406703097424971E-01,1.360649947522745E-02,9.795062785844983E-03,-2.218792660957452E-02,-2.711521731557733E-03
2447400.500000000,-3.134506928499827E-01,-3.219659027552020E-01,2.482858791934541E-03,1.443701769610656E-02,-1.833635009200167E-02,-2.823144236901593E-03
2447404.500000000,-2.482396429909931E-01,-3.865356579363611E-01,-8.778179610836335E-03,1.799191541826474E-02,-1.386261649611857E-02,-2.784144497973989E-03
2447408.500000000,-1.708984488939007E-01,-4.322885680229694E-01,-1.961608052549314E-02,2.050865489478552E-02,-8.953320245343387E-03,-2.614252206417555E-03
2447412.500000000,-8.552015828190400E-02,-4.577556645253313E-01,-2.953506480388976E-02,2.201190370077203E-02,-3.738170351542894E-03,-2.326326166052434E-03
2447416.500000000,3.833775079464023E-03,-4.619211639789136E-01,-3.807926790878353E-02,2.249152556017707E-02,1.681693357776354E-03,-1.927696305064627E-03
2447420.500000000,9.298103863641646E-02,-4.441577554710613E-01,-4.481345717948648E-02,2.189637247237244E-02,7.209120029599073E-03,-1.421601285432983E-03
2447424.500000000,1.774452698659908E-01,-4.042614576267388E-01,-4.930997731965412E-02,2.013003383880195E-02,1.272479584589598E-02,-8.089341647713061E-04
2447428.500000000,2.522715032621531E-01,-3.426043986249677E-01,-5.114428404230135E-02,1.705003250862142E-02,1.805329898419955E-02,-9.094103595099935E-05
2447432.500000000,3.118560559759337E-01,-2.604510118113309E-01,-4.990515033160296E-02,1.247778302795436E-02,2.291408568735402E-02,7.258614565316204E-04
2447436.500000000,3.498662440213411E-01,-1.605111615569711E-01,-4.523247169871424E-02,6.238100886809337E-03,2.685158394969151E-02,1.620349004102129E-03
2447440.500000000,3.594386787597084E-01,-4.780628441574236E-02,-3.690621465182260E-02,-1.732284762605194E-03,2.915257489050932E-02,2.540078717631379E-03
2447444.500000000,3.340495126337778E-01,6.919381635338032E-02,-2.501916548330521E-02,-1.114708365583540E-02,2.881142184068440E-02,3.376629721557489E-03
2447448.500000000,2.696426588040156E-01,1.776663330522694E-01,-1.024621793089613E-02,-2.099010403219724E-02,2.472352625354927E-02,3.946482899482758E-03
2447452.500000000,1.682029289113224E-01,2.612171003673712E-01,5.891402002872935E-03,-2.925769659786636E-02,1.636798132136222E-02,4.023129231082625E-03
2447456.500000000,4.097020449778327E-02,3.042360783271956E-01,2.108676227822386E-02,-3.352423855694087E-02,4.795455102615294E-03,3.469674613142852E-03
2447460.500000000,-9.284773844245385E-02,2.988755423613256E-01,3.293534876877270E-02,-3.251368495691888E-02,-7.304525630842627E-03,2.388626323513542E-03
2447464.500000000,-2.131581403442291E-01,2.488392572109085E-01,3.989485931883292E-02,-2.705902624417143E-02,-1.718163378351359E-02,1.081097642996030E-03
2447468.500000000,-3.061267320357754E-01,1.661845681932615E-01,4.167989062520326E-02,-1.919790849774308E-02,-2.353716340237524E-02,-1.597538871793461E-04
2447472.500000000,-3.660155700865083E-01,6.510707006502214E-02,3.892304242864476E-02,-1.076489789779472E-02,-2.648761110364142E-02,-1.175003048203735E-03
2447476.500000000,-3.929647647560923E-01,-4.214660858981294E-02,3.263742368644108E-02,-2.850472022965947E-03,-2.676037841307238E-02,-1.923938765899823E-03
2447480.500000000,-3.901674159957017E-01,-1.464322965852505E-01,2.386305827685008E-02,4.063766322513770E-03,-2.511916979927786E-02,-2.424718672513927E-03
2447484.500000000,-3.619847783923228E-01,-2.413526470815870E-01,1.352287602656393E-02,9.834966951296566E-03,-2.216130110819415E-02,-2.713012973200123E-03
2447488.500000000,-3.130065432446035E-01,-3.225296273969893E-01,2.395852586874945E-03,1.446834809349166E-02,-1.830402292742192E-02,-2.823379816855425E-03
2447492.500000000,-2.476865978183429E-01,-3.869616909867857E-01,-8.863929996788649E-03,1.801509868652591E-02,-1.382633301207574E-02,-2.783306298360501E-03
2447496.500000000,-1.702684205358917E-01,-4.325635848039745E-01,-1.969654677028934E-02,2.052399698033778E-02,-8.914258461309901E-03,-2.612464786285668E-03
2447500.500000000,-8.484427908076714E-02,-4.578703342103682E-01,-2.960661757315619E-02,2.201947572959677E-02,-3.697184868563169E-03,-2.323666185243867E-03
2447504.500000000,4.524082852467957E-03,-4.618692599007366E-01,-3.813850624616696E-02,2.249110358637426E-02,1.723874184289781E-03,-1.924203094077957E-03
2447508.500000000,9.365279716295319E-02,-4.439360226316329E-01,-4.485708179389900E-02,2.188739689267801E-02,7.251705910672469E-03,-1.417288498350216E-03
2447512.500000000,1.780625452978842E-01,-4.038702865921522E-01,-4.933471741080758E-02,2.011158420105792E-02,1.276671161670208E-02,-8.038056948118634E-04
2447516.500000000,2.527939763637414E-01,-3.420495466813086E-01,-5.114690710597410E-02,1.702084693434022E-02,1.809287433753629E-02,-8.501816752690125E-05
2447520.500000000,3.122378948701033E-01,-2.597468372264513E-01,-4.988262340446799E-02,1.243641266932883E-02,2.294860003616157E-02,7.324886628586577E-04
2447524.500000000,3.500561895097536E-01,-1.596860178314843E-01,-4.518241045163140E-02,6.183411623336950E-03,2.687664743645471E-02,1.627425077731631E-03
2447528.500000000,3.593834714703517E-01,-4.691047120766124E-02,-3.682784808730901E-02,-1.799859530097856E-03,2.916153661223623E-02,2.547019465612878E-03
2447532.500000000,3.337046518142344E-01,7.007901612879580E-02,-2.491506206623124E-02,-1.122308147784541E-02,2.879564664803503E-02,3.382319017161775E-03
2447536.500000000,2.689949085780938E-01,1.784255707354175E-01,-1.012460282689680E-02,-2.106291733686802E-02,2.467549596672811E-02,3.949240259763604E-03
2447540.500000000,1.673007922238385E-01,2.617189397467822E-01,6.015320135384689E-03,-2.930872058757590E-02,1.628862682171005E-02,4.021322761646041E-03
2447544.500000000,3.993695437500375E-02,3.043814603586550E-01,2.119355784659625E-02,-3.353697343461603E-02,4.700283922663513E-03,3.463057541545053E-03
2447548.500000000,-9.384951528810340E-02,2.986483101625829E-01,3.300876615890876E-02,-3.248644195373754E-02,-7.391900178670195E-03,2.378974769880254E-03
2447552.500000000,-2.139915654211776E-01,2.483079930990762E-01,3.992793479854414E-02,-2.700492107496513E-02,-1.724464104962209E-02,1.070971662569041E-03
2447556.500000000,-3.067177419368463E-01,1.654578301448233E-01,4.167470045233334E-02,-1.913322079082991E-02,-2.357216793545068E-02,-1.685613644705396E-04
2447560.500000000,-3.663466347757849E-01,6.428979062166000E-02,3.888656022671451E-02,-1.070098391223102E-02,-2.649888551621985E-02,-1.181798078504818E-03
2447564.500000000,-3.930519471292874E-01,-4.297193195344564E-02,3.257787488028932E-02,-2.793024823210549E-03,-2.675412877985188E-02,-1.928705745736020E-03
2447568.500000000,-3.900416044880671E-01,-1.472067134379402E-01,2.378810509276025E-02,4.112657589079426E-03,-2.510073289845422E-02,-2.427702013396299E-03
2447572.500000000,-3.616812448251960E-01,-2.420356229056956E-01,1.343907760980918E-02,9.874956640594604E-03,-2.213454724924231E-02,-2.714497404181401E-03
2447576.500000000,-3.125603781274203E-01,-3.230934896429178E-01,2.308699539475385E-03,1.449974646564469E-02,-1.827157216303299E-02,-2.823608155762060E-03
2447580.500000000,-2.471312942215254E-01,-3.873873623057995E-01,-8.949797062485235E-03,1.803833545807457E-02,-1.378992217408101E-02,-2.782460171113821E-03
2447584.500000000,-1.696359514514950E-01,-4.328377115687420E-01,-1.977709551909768E-02,2.053937604116379E-02,-8.875058996100896E-03,-2.610668071249073E-03
2447588.500000000,-8.416585313868137E-02,-4.579835353913231E-01,-2.967821149072411E-02,2.202706261912921E-02,-3.656047399161013E-03,-2.320994667345044E-03
2447592.500000000,5.216939219717263E-03,-4.618152486891599E-01,-3.819773354202489E-02,2.249066611018946E-02,1.766222194995006E-03,-1.920695171015900E-03
2447596.500000000,9.432696450547469E-02,-4.437114878043537E-01,-4.490062869581444E-02,2.187836503552677E-02,7.294471128735129E-03,-1.412956957048926E-03
2447600.500000000,1.786819030974196E-01,-4.034755850878111E-01,-4.935929559921085E-02,2.009302555243852E-02,1.280881026525404E-02,-7.986538197711033E-04
2447604.500000000,2.533179701455120E-01,-3.414904521841879E-01,-5.114926522175557E-02,1.699148771053828E-02,1.813261912702493E-02,-7.906727088579388E-05
2447608.500000000,3.126204164663891E-01,-2.590378157423968E-01,-4.985971216648492E-02,1.239479649380875E-02,2.298324093005756E-02,7.391471137163484E-04
2447612.500000000,3.502456977341603E-01,-1.588556804313220E-01,-4.513183968051841E-02,6.128411486260924E-03,2.690174866877700E-02,1.634531513680109E-03
2447616.500000000,3.593265142701738E-01,-4.600958969517307E-02,-3.674886563618993E-02,-1.867768466398008E-03,2.917038765632122E-02,2.553981169316241E-03
2447620.500000000,3.333568162892922E-01,7.096845981928168E-02,-2.481029939116295E-02,-1.129933461422489E-02,2.877956665860625E-02,3.388006614150271E-03
2447624.500000000,2.683435813542061E-01,1.791874900946545E-01,-1.000240164936483E-02,-2.113574903637258E-02,2.462700886191704E-02,3.951961702313579E-03
2447628.500000000,1.663956856659067E-01,2.622216421146870E-01,6.139617865028316E-03,-2.935941931191232E-02,1.620886568087806E-02,4.019452348844518E-03
2447632.500000000,3.890257279484093E-02,3.045266353178999E-01,2.130047179588811E-02,-3.354915588260741E-02,4.605018573436757E-03,3.456380407173428E-03
2447636.500000000,-9.485025682220018E-02,2.984212715941284E-01,3.308212769789534E-02,-3.245871837230929E-02,-7.478995076017797E-03,2.369299612658370E-03
2447640.500000000,-2.148225569847526E-01,2.477785008462354E-01,3.996094485726285E-02,-2.695061309184071E-02,-1.730717953902098E-02,1.060862693345129E-03
2447644.500000000,-3.073060842463220E-01,1.647347368922006E-01,4.166956588873607E-02,-1.906860535238166E-02,-2.360673423795167E-02,-1.773288942986637E-04
2447648.500000000,-3.666756951430061E-01,6.347763334370693E-02,3.885030641170947E-02,-1.063730925251488E-02,-2.650986969690068E-02,-1.188549287281079E-03
2447652.500000000,-3.931382316597818E-01,-4.379131630750235E-02,3.251871696159648E-02,-2.735876389386187E-03,-2.674775943268408E-02,-1.933436548845327E-03
2447656.500000000,-3.899160846737547E-01,-1.479750164219432E-01,2.371366386570149E-02,4.161261394375190E-03,-2.508232243668441E-02,-2.430661307773270E-03
2447660.500000000,-3.613790665138005E-01,-2.427128211051776E-01,1.335586221082655E-02,9.914705517029734E-03,-2.210792888976855E-02,-2.715970175767294E-03
2447664.500000000,-3.121164170722359E-01,-3.236522769194013E-01,2.222154061916459E-03,1.453096161974825E-02,-1.823933230625748E-02,-2.823835514610397E-03
2447668.500000000,-2.465788162079208E-01,-3.878089106531900E-01,-9.035070215695464E-03,1.806144342587573E-02,-1.375377322489006E-02,-2.781621479996449E-03
2447672.500000000,-1.690067297914234E-01,-4.331088398224243E-01,-1.985709354822458E-02,2.055467120678963E-02,-8.836158391439104E-03,-2.608885247831449E-03
2447676.500000000,-8.349093739090678E-02,-4.580949990765206E-01,-2.974932115459659E-02,2.203460059198360E-02,-3.615241667180363E-03,-2.318342403717511E-03
2447680.500000000,5.906149227385623E-03,-4.617608991433518E-01,-3.825656435768884E-02,2.249020913893333E-02,1.808200944476307E-03,-1.917212027068397E-03
2447684.500000000,9.499746979494851E-02,-4.434881849939707E-01,-4.494389179173826E-02,2.186934633518003E-02,7.336818105857601E-03,-1.408657384823463E-03
2447688.500000000,1.792977417860805E-01,-4.030839111174978E-01,-4.938373743646429E-02,2.007452937977886E-02,1.285042695172519E-02,-7.935443831017495E-04
2447692.500000000,2.538388483141726E-01,-3.409364609737027E-01,-5.115168541942867E-02,1.696227540773883E-02,1.817180696443903E-02,-7.317404631199317E-05
2447696.500000000,3.130006711417170E-01,-2.583362716954543E-01,-4.983713339665711E-02,1.235346927504182E-02,2.301725491134296E-02,7.457271433057926E-04
2447700.500000000,3.504345065729759E-01,-1.580354045291574E-01,-4.508196403789865E-02,6.073920149628011E-03,2.692619699467743E-02,1.641534680901162E-03
2447704.500000000,3.592714652532524E-01,-4.512125588264582E-02,-3.667103921075504E-02,-1.934872231166127E-03,2.917867561033529E-02,2.560816985820122E-03
2447708.500000000,3.330147454310105E-01,7.184362163633649E-02,-2.470721712830462E-02,-1.137447308683694E-02,2.876322548556716E-02,3.393562333743939E-03
2447712.500000000,2.677028730792235E-01,1.799351281941191E-01,-9.882361673388325E-03,-2.120731456816647E-02,2.457882256889019E-02,3.954582364537386E-03
2447716.500000000,1.655059460891617E-01,2.627126305330591E-01,6.261492787422611E-03,-2.940908926732376E-02,1.613007877711475E-02,4.017558742597378E-03
2447720.500000000,3.788645192837533E-02,3.046649638910452E-01,2.140506551435305E-02,-3.356097259147175E-02,4.511135065724581E-03,3.449776381309583E-03
2447724.500000000,-9.583281795575788E-02,2.981928416943747E-01,3.315360253765183E-02,-3.243137439702228E-02,-7.564831798878961E-03,2.359758561559967E-03
2447728.500000000,-2.156378881733806E-01,2.472517324163390E-01,3.999262659913854E-02,-2.689711662225585E-02,-1.736894859021946E-02,1.050889942478058E-03
2447732.500000000,-3.078822248040869E-01,1.640163988968893E-01,4.166358564342146E-02,-1.900485628748765E-02,-2.364103383777633E-02,-1.859944843037000E-04
2447736.500000000,-3.669957503964795E-01,6.267057341095142E-02,3.881353333498788E-02,-1.057434798894704E-02,-2.652091646863083E-02,-1.195238304380135E-03
2447740.500000000,-3.932179684908093E-01,-4.460620599888546E-02,3.245922517206994E-02,-2.679245459634068E-03,-2.674160383732460E-02,-1.938134641934791E-03
2447744.500000000,-3.897857563417558E-01,-1.487397792836556E-01,2.363898262553570E-02,4.209503165882519E-03,-2.506416203065851E-02,-2.433604357151037E-03
2447748.500000000,-3.610733226299134E-01,-2.433874550963562E-01,1.327245683451969E-02,9.954184340234059E-03,-2.208154365358228E-02,-2.717432740691385E-03
2447752.500000000,-3.116698850072740E-01,-3.242093740952879E-01,2.135459223761784E-03,1.456194123558120E-02,-1.820729679638197E-02,-2.824051947833367E-03
2447756.500000000,-2.460247103281918E-01,-3.882295451308601E-01,-9.120441665915200E-03,1.808431042476741E-02,-1.371781112652275E-02,-2.780767930499466E-03
2447760.500000000,-1.683768900918917E-01,-4.333798029217206E-01,-1.993712217553560E-02,2.056970102527120E-02,-8.797449511412432E-03,-2.607083693175345E-03
2447764.500000000,-8.281651468362122E-02,-4.582071176198209E-01,-2.982038299617350E-02,2.204185014149762E-02,-3.574658545697044E-03,-2.315670301034835E-03
2447768.500000000,6.593695038015973E-03,-4.617081974452737E-01,-3.831527315010907E-02,2.248945942483356E-02,1.849902295815217E-03,-1.913712470499599E-03
2447772.500000000,9.566518431562583E-02,-4.432677780358579E-01,-4.498698287396642E-02,2.186006362990741E-02,7.378816737183653E-03,-1.404350128904739E-03
2447776.500000000,1.799098632337432E-01,-4.026966753631633E-01,-4.940800270092562E-02,2.005584204382849E-02,1.289162185726764E-02,-7.884411507121965E-04
2447780.500000000,2.543554742055690E-01,-3.403887167180181E-01,-5.115398870023162E-02,1.693299537229129E-02,1.821051716798395E-02,-6.730497031259852E-05
2447784.500000000,3.133767325643863E-01,-2.576429283432979E-01,-4.981457360604444E-02,1.231224665734990E-02,2.305077950892156E-02,7.522633622952453E-04
2447788.500000000,3.506199441154541E-01,-1.572251909992537E-01,-4.503231906188328E-02,6.019738069086339E-03,2.695021879898533E-02,1.648476611644111E-03
2447792.500000000,3.592146874465579E-01,-4.424440077498648E-02,-3.659371121426878E-02,-2.001470315352292E-03,2.918669969587253E-02,2.567581998322882E-03
2447796.500000000,3.326732461031699E-01,7.270674413395774E-02,-2.460491319142106E-02,-1.144898697346148E-02,2.874688168383547E-02,3.399051672686166E-03
2447800.500000000,2.670652207033777E-01,1.806713252082061E-01,-9.763328006212806E-03,-2.127829403205935E-02,2.453093634471049E-02,3.957158133282427E-03
2447804.500000000,1.646212121825115E-01,2.631938713166925E-01,6.382245604624697E-03,-2.945839785325108E-02,1.605181247849723E-02,4.015652814417459E-03
2447808.500000000,3.687615275930598E-02,3.047957330633469E-01,2.150854642581630E-02,-3.357274271272218E-02,4.417785278709275E-03,3.443186687466118E-03
2447812.500000000,-9.680987073470401E-02,2.979586593262895E-01,3.322404089506155E-02,-3.240420462138090E-02,-7.650321555299679E-03,2.350237475274929E-03
2447816.500000000,-2.164485289149038E-01,2.467201245891226E-01,4.002333125054885E-02,-2.684382471199422E-02,-1.743060032901853E-02,1.040925245043588E-03
2447820.500000000,-3.084543216616563E-01,1.632933814690845E-01,4.165663117002360E-02,-1.894121448708268E-02,-2.367534949452272E-02,-1.946658229106278E-04
2447824.500000000,-3.673119490454081E-01,6.185870757584921E-02,3.877574886989932E-02,-1.051137640343039E-02,-2.653199336936804E-02,-1.201938456856025E-03
2447828.500000000,-3.932936318133031E-01,-4.542591513492076E-02,3.239868249670715E-02,-2.622524417010684E-03,-2.673541654618932E-02,-1.942840083110658E-03
2447832.500000000,-3.896509112768922E-01,-1.495090552820778E-01,2.356323827157663E-02,4.257869974945913E-03,-2.504587797833292E-02,-2.436545679452909E-03
2447836.500000000,-3.607625436604116E-01,-2.440659154911335E-01,1.318801551903371E-02,9.993794110059689E-03,-2.205493936949271E-02,-2.718883609427488E-03
2447840.500000000,-3.112178030394049E-01,-3.247692417773897E-01,2.047791830467206E-03,1.459304659552311E-02,-1.817495386697136E-02,-2.824248898157819E-03
2447844.500000000,-2.454645649953685E-01,-3.886515581434680E-01,-9.206697383255625E-03,1.810729638833548E-02,-1.368146169976414E-02,-2.779890171694074E-03
2447848.500000000,-1.677405523408510E-01,-4.336504448292940E-01,-2.001793190812551E-02,2.058484008472556E-02,-8.758278518729333E-03,-2.605254827574825E-03
2447852.500000000,-8.213519479394923E-02,-4.583169174728636E-01,-2.989210916756287E-02,2.204918693471088E-02,-3.533538340421125E-03,-2.312966705648292E-03
2447856.500000000,7.288402722576854E-03,-4.616508725611200E-01,-3.837450616146562E-02,2.248874929785555E-02,1.892219505526698E-03,-1.910173560595391E-03
2447860.500000000,9.634005796899320E-02,-4.430401226863382E-01,-4.503041614185266E-02,2.185073175350409E-02,7.421511827305442E-03,-1.399990204610971E-03
2447864.500000000,1.805286762841390E-01,-4.022992564483331E-01,-4.943236251164480E-02,2.003695912085914E-02,1.293358462628535E-02,-7.832657326961575E-04
2447868.500000000,2.548775966625352E-01,-3.398276245066320E-01,-5.115604909336418E-02,1.690330013824260E-02,1.825003353925567E-02,-6.133856901057499E-05
2447872.500000000,3.137560544104251E-01,-2.569330512087157E-01,-4.979132575625857E-02,1.227030771381372E-02,2.308507378181812E-02,7.589249254591417E-04
2447876.500000000,3.508050551463219E-01,-1.563956555669524E-01,-4.498143304138259E-02,5.964470834312508E-03,2.697483556591223E-02,1.655568256385685E-03
2447880.500000000,3.591524814444805E-01,-4.334654172511481E-02,-3.651451859240778E-02,-2.069524804408526E-03,2.919492752192561E-02,2.574504997587697E-03
2447884.500000000,3.323199683843444E-01,7.359045773581910E-02,-2.450015055468312E-02,-1.152517548146804E-02,2.873008434123574E-02,3.404672612126593E-03
2447888.500000000,2.664092695660817E-01,1.814246515702053E-01,-9.641445066775443E-03,-2.135077351566338E-02,2.448176419156061E-02,3.959788922146411E-03
2447892.500000000,1.637134451837396E-01,2.636856341645413E-01,6.505844184760012E-03,-2.950848719581029E-02,1.597159647095130E-02,4.013687201084568E-03
2447896.500000000,3.584174400952442E-02,3.049288477704700E-01,2.161441978458789E-02,-3.358426097357314E-02,4.322417236768662E-03,3.436438114470237E-03
2447900.500000000,-9.780825141010223E-02,2.977197206807909E-01,3.329614626389649E-02,-3.237597251532284E-02,-7.737265217328152E-03,2.340525242080038E-03
2447904.500000000,-2.172755002216885E-01,2.461795276852800E-01,4.005498494716913E-02,-2.678918356503110E-02,-1.749291651555884E-02,1.030800217854907E-03
2447908.500000000,-3.090375037254337E-01,1.625600695931392E-01,4.165009248853883E-02,-1.887634635286400E-02,-2.370969657621940E-02,-2.034426243673613E-04
2447912.500000000,-3.676348824734935E-01,6.103723407691063E-02,3.873806057927097E-02,-1.044746608532476E-02,-2.654273863403266E-02,-1.208695345443564E-03
2447916.500000000,-3.933728653114496E-01,-4.625355631585024E-02,3.233807943847847E-02,-2.565151883924714E-03,-2.672875177447216E-02,-1.947569871800530E-03
2447920.500000000,-3.895174997251737E-01,-1.502842904534461E-01,2.348737537306430E-02,4.306666176602396E-03,-2.502709990593269E-02,-2.439493809220902E-03
2447924.500000000,-3.604518026418092E-01,-2.447484344442030E-01,1.310344653657106E-02,1.003368330389553E-02,-2.202788442459734E-02,-2.720333375020197E-03
2447928.500000000,-3.107648437385531E-01,-3.253314839553190E-01,1.960008802234261E-03,1.462433791291803E-02,-1.814221972975179E-02,-2.824441326182276E-03
2447932.500000000,-2.449029209457314E-01,-3.890744882633324E-01,-9.293045674560822E-03,1.813041172882795E-02,-1.364477209751845E-02,-2.779005348845326E-03
2447936.500000000,-1.671022752507787E-01,-4.339207127408879E-01,-2.009879944195875E-02,2.060007230931863E-02,-8.718798347207348E-03,-2.603415406321241E-03
2447940.500000000,-8.145162108147753E-02,-4.584251299253937E-01,-2.996384136183248E-02,2.205658807393690E-02,-3.492116818623666E-03,-2.310247495552991E-03
2447944.500000000,7.985559351266184E-03,-4.615907352006632E-01,-3.843366970656264E-02,2.248807083179849E-02,1.934851012131029E-03,-1.906612214008638E-03
2447948.500000000,9.701741899490378E-02,-4.428083457285716E-01,-4.507367337859862E-02,2.184138404413677E-02,7.464548934377634E-03,-1.395599104145265E-03
2447952.500000000,1.811497772288751E-01,-4.018962828203853E-01,-4.945640082503155E-02,2.001798710960607E-02,1.297592149157817E-02,-7.780484492683161E-04
2447956.500000000,2.554014461968870E-01,-3.392594343813973E-01,-5.115759654877196E-02,1.687340702715749E-02,1.828994339176359E-02,-5.531816720894216E-05
2447960.500000000,3.141360273670138E-01,-2.562145243326476E-01,-4.976732478197305E-02,1.222802227250197E-02,2.311974085105714E-02,7.656522587074137E-04
2447964.500000000,3.509890822774383E-01,-1.555561462848544E-01,-4.492951401005611E-02,5.908680407249831E-03,2.699972433830833E-02,1.662732743274418E-03
2447968.500000000,3.590867645984659E-01,-4.243802489782255E-02,-3.643400698992772E-02,-2.138259434392975E-03,2.920320141571069E-02,2.581495132442116E-03
2447972.500000000,3.319603302472243E-01,7.448432494206160E-02,-2.439384930156687E-02,-1.160207595022794E-02,2.871296930126134E-02,3.410331535856887E-03
2447976.500000000,2.657444673968951E-01,1.821860351521068E-01,-9.517977183321565E-03,-2.142373368109480E-02,2.443187257071459E-02,3.962400966597748E-03
2447980.500000000,1.627958642069838E-01,2.641820812292750E-01,6.630819744232869E-03,-2.955854350216976E-02,1.589047320838028E-02,4.011638360722490E-03
2447984.500000000,3.479877365775278E-02,3.050633302203428E-01,2.172125919991701E-02,-3.359521774098228E-02,4.226365768421700E-03,3.429576162773177E-03
2447988.500000000,-9.881241442803924E-02,2.974803407948353E-01,3.336879505683602E-02,-3.234698172787458E-02,-7.824419414886397E-03,2.330722612935168E-03
2447992.500000000,-2.181054428164218E-01,2.456384694335647E-01,4.008691464182464E-02,-2.673393667998663E-02,-1.755506954888785E-02,1.020632532341660E-03
2447996.500000000,-3.096217770355876E-01,1.618272916808202E-01,4.164374173986872E-02,-1.881114492672807E-02,-2.374374675632760E-02,-2.122240284331886E-04
2448000.500000000,-3.679580433011848E-01,6.021744711474484E-02,3.870058378788423E-02,-1.038344157687772E-02,-2.655322318709520E-02,-1.215439028130994E-03
2448004.500000000,-3.934521460157561E-01,-4.707866174073621E-02,3.227774961432030E-02,-2.507788349695387E-03,-2.672192709955968E-02,-1.952283860471891E-03
2448008.500000000,-3.893842877438667E-01,-1.510565594057009E-01,2.341184035196891E-02,4.355404828074494E-03,-2.500826373550586E-02,-2.442431152478970E-03
2448012.500000000,-3.601415133974402E-01,-2.454279208494788E-01,1.301923419852451E-02,1.007350858062612E-02,-2.200084985446255E-02,-2.721779615078591E-03
2448016.500000000,-3.103125727428488E-01,-3.258908872407763E-01,1.872582737146272E-03,1.465557624967936E-02,-1.810955794939000E-02,-2.824636885328547E-03
2448020.500000000,-2.443421494726345E-01,-3.894949366256992E-01,-9.379060021513340E-03,1.815348757362968E-02,-1.360818585734305E-02,-2.778128585577774E-03
2448024.500000000,-1.664650082976965E-01,-4.341889514358015E-01,-2.017937203864877E-02,2.061527429922501E-02,-8.679439619604892E-03,-2.601587152965698E-03
2448028.500000000,-8.076916946074199E-02,-4.585318256403852E-01,-3.003532713667630E-02,2.206396262588342E-02,-3.450829884477775E-03,-2.307541206174784E-03
2448032.500000000,8.681488436771197E-03,-4.615296479631473E-01,-3.849264083950175E-02,2.248736598124717E-02,1.977332860964836E-03,-1.903064913943852E-03
2448036.500000000,9.769344861660842E-02,-4.425762590169789E-01,-4.511679685859987E-02,2.183201155934518E-02,7.507414084722529E-03,-1.391223396211687E-03
2448040.500000000,1.817694640700324E-01,-4.014937492384464E-01,-4.948037138655784E-02,1.999900076299569E-02,1.301805348422091E-02,-7.728490470313194E-04
2448044.500000000,2.559238751398186E-01,-3.386925887787098E-01,-5.115915614857221E-02,1.684352926209769E-02,1.832960412897113E-02,-4.932027593926206E-05
2448048.500000000,3.145147530240868E-01,-2.554984406676363E-01,-4.974344037900166E-02,1.218581499465448E-02,2.315410717253062E-02,7.723492789787135E-04
2448052.500000000,3.511723806019267E-01,-1.547203803887781E-01,-4.487785491838991E-02,5.853080774182438E-03,2.702426668869247E-02,1.669855188173392E-03
2448056.500000000,3.590214125170224E-01,-4.153467276861109E-02,-3.635395273053917E-02,-2.206626983981825E-03,2.921112172561219E-02,2.588428311535525E-03
2448060.500000000,3.316029764440840E-01,7.537175443786791E-02,-2.428826135802133E-02,-1.167837782864138E-02,2.869559514182362E-02,3.415920577411537E-03
2448064.500000000,2.650847984456673E-01,1.829404245248263E-01,-9.395506244205628E-03,-2.149588278595020E-02,2.438199664681066E-02,3.964944977807869E-03
2448068.500000000,1.618868041317491E-01,2.646724688346799E-01,6.754579115529242E-03,-2.960776531330217E-02,1.580982226109259E-02,4.009553769095462E-03
2448072.500000000,3.376715309790410E-02,3.051945829943183E-01,2.182685478317197E-02,-3.360565090217135E-02,4.131228711601547E-03,3.422738840259734E-03
2448076.500000000,-9.980417524752891E-02,2.972418173652203E-01,3.344041979783918E-02,-3.231800141432585E-02,-7.910506908776571E-03,2.321001452744126E-03
2448080.500000000,-2.189240196755563E-01,2.451022594812924E-01,4.011820750701039E-02,-2.667916577027434E-02,-1.761633676061539E-02,1.010570838144154E-03
2448084.500000000,-3.101971451069886E-01,1.611022559584095E-01,4.163717277999407E-02,-1.874665885965037E-02,-2.377724410819975E-02,-2.209060040085127E-04
2448088.500000000,-3.682752990089150E-01,5.940695638719018E-02,3.866324618455774E-02,-1.032017657128061E-02,-2.656347285850535E-02,-1.222104603660351E-03
2448092.500000000,-3.935284544406852E-01,-4.789403750221488E-02,3.221782393781641E-02,-2.451120132731790E-03,-2.671510624034647E-02,-1.956943199011080E-03
2448096.500000000,-3.892506762969676E-01,-1.518194556897967E-01,2.333688621614177E-02,4.403556107708499E-03,-2.498959039908161E-02,-2.445334071872878E-03
2448100.500000000,-3.598329378539553E-01,-2.460988996935301E-01,1.293570710425697E-02,1.011286480504149E-02,-2.197407665911165E-02,-2.723207429054231E-03
2448104.500000000,-3.098636599987729E-01,-3.264429542035440E-01,1.785889700944842E-03,1.468646015122801E-02,-1.807721491494610E-02,-2.824826470985966E-03
2448108.500000000,-2.437859392734236E-01,-3.899093919281664E-01,-9.464337910231831E-03,1.817631462781261E-02,-1.357194897216843E-02,-2.777255721853859E-03
2448112.500000000,-1.658331045641963E-01,-4.344526259765671E-01,-2.025924035276201E-02,2.063032219862062E-02,-8.640443742319483E-03,-2.599770825193322E-03
2448116.500000000,-8.009252735810246E-02,-4.586354168042086E-01,-3.010617002505556E-02,2.207126617656631E-02,-3.409908515497913E-03,-2.304853490234085E-03
2448120.500000000,9.371471110235299E-03,-4.614669127012569E-01,-3.855105491686572E-02,2.248666186722224E-02,2.019452753629653E-03,-1.899541816262216E-03
2448124.500000000,9.836366119891717E-02,-4.423439596116933E-01,-4.515947023091861E-02,2.182270153584056E-02,7.549923759801411E-03,-1.386876892755216E-03
2448128.500000000,1.823836944408852E-01,-4.010924110073331E-01,-4.950401833013718E-02,1.998013135311917E-02,1.305983686236364E-02,-7.676837042186348E-04
2448132.500000000,2.564414189231535E-01,-3.381283197945526E-01,-5.116053859881538E-02,1.681382027082037E-02,1.836892295158278E-02,-4.336165447909522E-05
2448136.500000000,3.148893777140784E-01,-2.547862832778800E-01,-4.971954737970619E-02,1.214383236525885E-02,2.318814182917778E-02,7.790011966468546E-04
2448140.500000000,3.513526069748412E-01,-1.538898251467467E-01,-4.482637971760193E-02,5.797773609044007E-03,2.704850241817118E-02,1.676926582571875E-03
2448144.500000000,3.589543221582628E-01,-4.063765324190407E-02,-3.627429592472908E-02,-2.274617505639127E-03,2.921879562046497E-02,2.595306317503032E-03
2448148.500000000,3.312455770375665E-01,7.625208222148054E-02,-2.418329143498274E-02,-1.175421163538613E-02,2.867809469576699E-02,3.421455816548709E-03
2448152.500000000,2.644270903653163E-01,1.836875718078392E-01,-9.273849132227813E-03,-2.156750807523036E-02,2.433218880432548E-02,3.967447071078802E-03
2448156.500000000,1.609817460422645E-01,2.651563635799196E-01,6.877404295368701E-03,-2.965651398356272E-02,1.572947897892579E-02,4.007453207536845E-03
2448160.500000000,3.274107833103877E-02,3.053209785648563E-01,2.193152068422586E-02,-3.361580698815853E-02,4.036580894138458E-03,3.415919936731765E-03
2448164.500000000,-1.007898078716657E-01,2.970004869811659E-01,3.351124632712945E-02,-3.228900537642153E-02,-7.996089316366290E-03,2.311324785713029E-03
2448168.500000000,-2.197368224037071E-01,2.445650333544382E-01,4.014889955324569E-02,-2.662456755538860E-02,-1.767722933508646E-02,1.000560058171373E-03
2448172.500000000,-3.107676014174233E-01,1.603773651993701E-01,4.163019284514106E-02,-1.868241344173102E-02,-2.381053294033299E-02,-2.295455331562763E-04
2448176.500000000,-3.685886049265574E-01,5.859717420184669E-02,3.862564179861928E-02,-1.025714468107383E-02,-2.657364002350798E-02,-1.228740524310905E-03
2448180.500000000,-3.936016937587500E-01,-4.870853634512008E-02,3.215772791644589E-02,-2.394659823502366E-03,-2.670827586429683E-02,-1.961583288724319E-03
2448184.500000000,-3.891147999377440E-01,-1.525815186347538E-01,2.326182545550851E-02,4.451509313151325E-03,-2.497094411064936E-02,-2.448223604676141E-03
2448188.500000000,-3.595229104481925E-01,-2.467691975736222E-01,1.285212229714828E-02,1.015200877379549E-02,-2.194735160004254E-02,-2.724623605000592E-03
2448192.500000000,-3.094142048870094E-01,-3.269945750956579E-01,1.699186390561515E-03,1.471709941844998E-02,-1.804494253912417E-02,-2.825003744337999E-03
2448196.500000000,-2.432302430084807E-01,-3.903237484522523E-01,-9.549574564288387E-03,1.819885815640540E-02,-1.353581774939274E-02,-2.776369525670725E-03
2448200.500000000,-1.652029181337607E-01,-4.347167232578298E-01,-2.033901431199501E-02,2.064505405721328E-02,-8.601605979335229E-03,-2.597941650217603E-03
2448204.500000000,-7.941890260263640E-02,-4.587401967721235E-01,-3.017687273010206E-02,2.207823980992299E-02,-3.369214547421964E-03,-2.302156264213801E-03
2448208.500000000,1.005713657687191E-02,-4.614064344946575E-01,-3.860930339235917E-02,2.248564346716282E-02,2.061264792384292E-03,-1.896016148937759E-03
2448212.500000000,9.902839329170070E-02,-4.421153127616733E-01,-4.520198781408350E-02,2.181313110398281E-02,7.592044616042813E-03,-1.382538446680674E-03
2448216.500000000,1.829915825001234E-01,-4.006964199967414E-01,-4.952756810758820E-02,1.996109882550613E-02,1.310116593549287E-02,-7.625399918245899E-04
2448220.500000000,2.569522338163810E-01,-3.375712886971159E-01,-5.116193983129999E-02,1.678408746906257E-02,1.840775896370870E-02,-3.743933268840759E-05
2448224.500000000,3.152575085808538E-01,-2.540832523439013E-01,-4.969584471199014E-02,1.210199378710884E-02,2.322172754998465E-02,7.856043784388564E-04
2448228.500000000,3.515272512205105E-01,-1.530699853549396E-01,-4.477530362700943E-02,5.742773163125899E-03,2.707240791327174E-02,1.683944010211270E-03
2448232.500000000,3.588831048268354E-01,-3.975228389662040E-02,-3.619524381470356E-02,-2.342204527916661E-03,2.922634490762140E-02,2.602138080746572E-03
2448236.500000000,3.308856325713878E-01,7.712075202756627E-02,-2.407906882787392E-02,-1.182968719349418E-02,2.866071320710151E-02,3.426968508247122E-03
2448240.500000000,2.637678800737196E-01,1.844239069946678E-01,-9.152964243316098E-03,-2.163899642224493E-02,2.428265691163466E-02,3.969959390880480E-03
2448244.500000000,1.600751321015684E-01,2.656304907547309E-01,6.999548022509905E-03,-2.970542122575170E-02,1.564933600545907E-02,4.005383600846907E-03
2448248.500000000,3.171244648399082E-02,3.054378464156777E-01,2.203561665383673E-02,-3.362626017204574E-02,3.941828393749565E-03,3.409119761854359E-03
2448252.500000000,-1.017789664537982E-01,2.967485495611289E-01,3.358150406520696E-02,-3.226015040935032E-02,-8.082083033429397E-03,2.301627698343556E-03
2448256.500000000,-2.205530729770195E-01,2.440153014367837E-01,4.017886252780769E-02,-2.656977921275882E-02,-1.773861420683912E-02,9.904924583874761E-04
2448260.500000000,-3.113401210188795E-01,1.596382567991448E-01,4.162222238690363E-02,-1.861768578313630E-02,-2.384415406178400E-02,-2.382544908825784E-04
2448264.500000000,-3.689016993368110E-01,5.777238202459537E-02,3.858678440182946E-02,-1.019348310647426E-02,-2.658386308750655E-02,-1.235435199815523E-03
2448268.500000000,-3.936721352739815E-01,-4.953770345431147E-02,3.209618754038533E-02,-2.337553413717729E-03,-2.670122533197232E-02,-1.966259250339852E-03
2448272.500000000,-3.889736421776716E-01,-1.533569086610688E-01,2.318522681097725E-02,4.500050369421659E-03,-2.495185877799472E-02,-2.451124379743313E-03
2448276.500000000,-3.592054183209761E-01,-2.474507413639307E-01,1.276699758301914E-02,1.019165459241616E-02,-2.192003532935826E-02,-2.726030445116976E-03
2448280.500000000,-3.089554577874030E-01,-3.275548631251562E-01,1.611012713216403E-03,1.474815079882789E-02,-1.801197890172083E-02,-2.825156390930123E-03
2448284.500000000,-2.426637808195446E-01,-3.907438616512263E-01,-9.636159216212782E-03,1.822172696723873E-02,-1.349892599551588E-02,-2.775447216654933E-03
2448288.500000000,-1.645608377872826E-01,-4.349834201173842E-01,-2.041997169299972E-02,2.066002393777527E-02,-8.561951182181995E-03,-2.596066351756222E-03
2448292.500000000,-7.873262020925882E-02,-4.588441993041547E-01,-3.024855347156430E-02,2.208535474479947E-02,-3.327648927480569E-03,-2.299402190003095E-03
2448296.500000000,1.075579714138150E-02,-4.613415808300886E-01,-3.866827722822392E-02,2.248464765491098E-02,2.104004189999916E-03,-1.892420471570984E-03
2448300.500000000,9.970591492755908E-02,-4.418784750199799E-01,-4.524491858047212E-02,2.180342792836200E-02,7.635144143605090E-03,-1.378113276711001E-03
2448304.500000000,1.836113347390164E-01,-4.002882503441876E-01,-4.955114432727079E-02,1.994172658516150E-02,1.314350490372715E-02,-7.572890429160395E-04
2448308.500000000,2.574730354716163E-01,-3.369980526124638E-01,-5.116289279610396E-02,1.675374452643863E-02,1.844758668980003E-02,-3.138667649858857E-05
2448312.500000000,3.156325363997574E-01,-2.533602370082162E-01,-4.967112725782576E-02,1.205921099382031E-02,2.325619015682154E-02,7.923597628468439E-04
2448316.500000000,3.517042803015247E-01,-1.522271420205092E-01,-4.472257391735227E-02,5.686460274885055E-03,2.709691280891384E-02,1.691126097064574E-03
2448320.500000000,3.588083556142893E-01,-3.884244531601137E-02,-3.611389077930120E-02,-2.411415925481400E-03,2.923398499791946E-02,2.609123442489430E-03
2448324.500000000,3.305153915950396E-01,7.801282345924061E-02,-2.397201910380908E-02,-1.190686139598065E-02,2.864267377831663E-02,3.432582547076888E-03
2448328.500000000,2.630921769560946E-01,1.851793451545840E-01,-9.029033790538437E-03,-2.171179206232014E-02,2.423165094576189E-02,3.972472498741238E-03
2448332.500000000,1.591484658887565E-01,2.661166875505817E-01,7.124497767611169E-03,-2.975473480714355E-02,1.556724769583893E-02,4.003195216978638E-03
2448336.500000000,3.066423318695316E-02,3.055592088269654E-01,2.214187015509576E-02,-3.363610483297678E-02,3.845353580168217E-03,3.402126849513429E-03
2448340.500000000,-1.027839255124430E-01,2.964956057250562E-01,3.365313903867216E-02,-3.223011600996261E-02,-8.169062683137291E-03,2.291745962500696E-03
2448344.500000000,-2.213802487441695E-01,2.434621494075798E-01,4.020957429620400E-02,-2.651380994168508E-02,-1.780025835929016E-02,9.802991288222855E-04
2448348.500000000,-3.119193823982905E-01,1.588956451916582E-01,4.161462349826323E-02,-1.855206920969596E-02,-2.387761298987018E-02,-2.470289853910761E-04
2448352.500000000,-3.692186335776703E-01,5.694508666204745E-02,3.854812187859730E-02,-1.012925022055183E-02,-2.659378509511516E-02,-1.242156636411897E-03
2448356.500000000,-3.937446332380291E-01,-5.036817079553983E-02,3.203477676464250E-02,-2.280110517777679E-03,-2.669389030006868E-02,-1.970943899363915E-03
2448360.500000000,-3.888335128762136E-01,-1.541325958201456E-01,2.310873696746631E-02,4.548781818572867E-03,-2.493255966664133E-02,-2.454028254378095E-03
2448364.500000000,-3.588883758484118E-01,-2.481318748332919E-01,1.268197086656171E-02,1.023140756468826E-02,-2.189257688433532E-02,-2.727440014506559E-03
2448368.500000000,-3.084968322877624E-01,-3.281142854794387E-01,1.522924731889853E-03,1.477926359705439E-02,-1.797892619046785E-02,-2.825312434156217E-03
2448372.500000000,-2.420972507857360E-01,-3.911628244102579E-01,-9.722672116962816E-03,1.824463129695026E-02,-1.346197781404736E-02,-2.774528318054823E-03
2448376.500000000,-1.639185834453926E-01,-4.352487786140450E-01,-2.050086925545579E-02,2.067501216778907E-02,-8.522256681310670E-03,-2.594193438199317E-03
2448380.500000000,-7.804612052496482E-02,-4.589467202697482E-01,-3.032018031374618E-02,2.209247293981411E-02,-3.286050185740507E-03,-2.296648559097899E-03
2448384.500000000,1.145465539838559E-02,-4.612751174878342E-01,-3.872719394600483E-02,2.248363828358974E-02,2.146774900319500E-03,-1.888822663003226E-03
2448388.500000000,1.003835403578930E-01,-4.416399053821002E-01,-4.528777800882688E-02,2.179369065098798E-02,7.678273044054156E-03,-1.373683111664011E-03
2448392.500000000,1.842310060541549E-01,-3.998782428045562E-01,-4.957462364433866E-02,1.992229540437698E-02,1.318586619857193E-02,-7.520303731542935E-04
2448396.500000000,2.579934651713753E-01,-3.364229204212889E-01,-5.116371364828984E-02,1.672331473951255E-02,1.848741885066538E-02,-2.532433019380993E-05
2448400.500000000,3.160067902820954E-01,-2.526353719493996E-01,-4.964623768927431E-02,1.201631497201148E-02,2.329062155645442E-02,7.991250542652841E-04
2448404.500000000,3.518800480789653E-01,-1.513826853774090E-01,-4.466963726661150E-02,5.630020517646033E-03,2.712132615379846E-02,1.698314964978343E-03
2448408.500000000,3.587318637950022E-01,-3.793152468905874E-02,-3.603231868497363E-02,-2.480732676590946E-03,2.924144742155044E-02,2.616106997065771E-03
2448412.500000000,3.301431376472308E-01,7.890507818426903E-02,-2.386478607580780E-02,-1.198405138649513E-02,2.862436562743304E-02,3.438179465509714E-03
2448416.500000000,2.624147215410257E-01,1.859337926826851E-01,-8.905025597687763E-03,-2.178442930920362E-02,2.418034425562918E-02,3.974950270379461E-03
2448420.500000000,1.582210852504314E-01,2.666008574995634E-01,7.249361497399599E-03,-2.980369626904915E-02,1.548496995040412E-02,4.000963386089919E-03
2448424.500000000,2.961690371995586E-02,3.056782447679339E-01,2.224788517991470E-02,-3.364553594150044E-02,3.748928896841810E-03,3.395105037405385E-03
2448428.500000000,-1.037865595137644E-01,2.962409883898563E-01,3.372447662813136E-02,-3.219980053420728E-02,-8.255786290505935E-03,2.281864222572952E-03
2448432.500000000,-2.222043888447344E-01,2.429085104581210E-01,4.024003798788816E-02,-2.645776511718496E-02,-1.786159081466443E-02,9.701281104223717E-04
2448436.500000000,-3.124956361048118E-01,1.581537011926386E-01,4.160688546618169E-02,-1.848652801036704E-02,-2.391081781179297E-02,-2.557735789486553E-04
2448440.500000000,-3.695330225145491E-01,5.611929711803484E-02,3.850943711239420E-02,-1.006516079323735E-02,-2.660354227473467E-02,-1.248850605690060E-03
2448444.500000000,-3.938151930929640E-01,-5.119663279290931E-02,3.197344165162896E-02,-2.222820505342864E-03,-2.668646653888330E-02,-1.975607325873723E-03
2448448.500000000,-3.886920195407029E-01,-1.549060345654660E-01,2.303239420962427E-02,4.597382679024314E-03,-2.491322375065114E-02,-2.456917562889466E-03
2448452.500000000,-3.585704209797867E-01,-2.488106794766930E-01,1.259713746074815E-02,1.027106672416856E-02,-2.186511182110297E-02,-2.728840860807925E-03
2448456.500000000,-3.080375875978525E-01,-3.286713838675129E-01,1.435055190150327E-03,1.481032371444047E-02,-1.794588005226643E-02,-2.825464422998044E-03
2448460.500000000,-2.415302327578854E-01,-3.915794934967077E-01,-9.808957421441814E-03,1.826752191890029E-02,-1.342503630130198E-02,-2.773608644124854E-03
2448464.500000000,-1.632758287336620E-01,-4.355118534084218E-01,-2.058153999974046E-02,2.069001883005372E-02,-8.482559146762221E-03,-2.592321398056802E-03
2448468.500000000,-7.735899926833602E-02,-4.590469151864693E-01,-3.039158411516550E-02,2.209963132767192E-02,-3.244432678376728E-03,-2.293895632889369E-03
2448472.500000000,1.215431824192905E-02,-4.612062192047365E-01,-3.878588705488072E-02,2.248267791416482E-02,2.189580861517021E-03,-1.885223581498958E-03
2448476.500000000,1.010621604166111E-01,-4.413987368373375E-01,-4.533040229337890E-02,2.178399704858048E-02,7.721446708397978E-03,-1.369248278310592E-03
2448480.500000000,1.848518142599609E-01,-3.994654659640797E-01,-4.959784149285337E-02,1.990288992183616E-02,1.322826384357971E-02,-7.467632921120360E-04
2448484.500000000,2.585150870201608E-01,-3.358449410760632E-01,-5.116423445889280E-02,1.669288697070699E-02,1.852724701742989E-02,-1.925167792009372E-05
2448488.500000000,3.163822123935172E-01,-2.519078306544439E-01,-4.962101158893619E-02,1.197340931211179E-02,2.332496311466782E-02,8.058969593042641E-04
2448492.500000000,3.520569942990124E-01,-1.505361652763283E-01,-4.461636176191016E-02,5.573607833072911E-03,2.714551619061948E-02,1.705496204539159E-03
2448496.500000000,3.586568980046959E-01,-3.701973709105916E-02,-3.595049056203622E-02,-2.549879669069906E-03,2.924853834666651E-02,2.623054291793947E-03
2448500.500000000,3.297736333579050E-01,7.979653746168998E-02,-2.375751983326065E-02,-1.206077214900550E-02,2.860562567215962E-02,3.443700388614287E-03
2448504.500000000,2.617427003450410E-01,1.866860079290843E-01,-8.781358956927637E-03,-2.185619002707303E-02,2.412881067871261E-02,3.977320774751740E-03
2448508.500000000,1.573032712572599E-01,2.670829388514169E-01,7.373458882495091E-03,-2.985152501367937E-02,1.540304917597012E-02,3.998636405654582E-03
2448512.500000000,2.858339954937343E-02,3.057981324444423E-01,2.235287994000733E-02,-3.365406740385177E-02,3.653604298105154E-03,3.388059826162389E-03
2448516.500000000,-1.047730839385923E-01,2.959926322972267E-01,3.379489045450323E-02,-3.216929260658586E-02,-8.340993615422511E-03,2.272052476096656E-03
2448520.500000000,-2.230132337686266E-01,2.423670997734449E-01,4.026999395842818E-02,-2.640229184421509E-02,-1.792153957130668E-02,9.600866012505995E-04
2448524.500000000,-3.130599587767184E-01,1.574286180756711E-01,4.159919097159560E-02,-1.842203848143700E-02,-2.394312217245595E-02,-2.643795388231613E-04
2448528.500000000,-3.698400845526287E-01,5.531285900054055E-02,3.847130923758692E-02,-1.000227416285225E-02,-2.661294783343772E-02,-1.255430122263201E-03
2448532.500000000,-3.938831495600206E-01,-5.200529174616412E-02,3.191305006518641E-02,-2.166663166609017E-03,-2.667914713064777E-02,-1.980192529727388E-03
2448536.500000000,-3.885521215396716E-01,-1.556607762023245E-01,2.295723574834049E-02,4.645026822956319E-03,-2.489431451639960E-02,-2.459763921323284E-03
2448540.500000000,-3.582574790625115E-01,-2.494729358426651E-01,1.251359977897617E-02,1.030997440651017E-02,-2.183827719624310E-02,-2.730227724506861E-03
2448544.500000000,-3.075859655619533E-01,-3.292147122007151E-01,1.348491520719275E-03,1.484082674855078E-02,-1.791358070477673E-02,-2.825624176042693E-03
2448548.500000000,-2.409727210430902E-01,-3.919855130241623E-01,-9.894001028193709E-03,1.829002277340119E-02,-1.338890101041654E-02,-2.772712440477826E-03
2448552.500000000,-1.626438544611282E-01,-4.357675649408994E-01,-2.066108723506746E-02,2.070477355550795E-02,-8.443694786823115E-03,-2.590484489910897E-03
2448556.500000000,-7.668343212741188E-02,-4.591431059836608E-01,-3.046202479036006E-02,2.210665152841468E-02,-3.203660087213663E-03,-2.291187631753961E-03
2448560.500000000,1.284207634890852E-02,-4.611367102626145E-01,-3.884381627891506E-02,2.248167910634578E-02,2.231535473408425E-03,-1.881679371876541E-03
2448564.500000000,1.017289175607347E-01,-4.411603708064962E-01,-4.537250478073877E-02,2.177436384362123E-02,7.763766030638063E-03,-1.364880000488131E-03
2448568.500000000,1.854612192224133E-01,-3.990588987471215E-01,-4.962083119473071E-02,1.988365737738343E-02,1.326981538926569E-02,-7.415768646091711E-04
2448572.500000000,2.590262657078475E-01,-3.352764926989337E-01,-5.116488064865140E-02,1.666277161457312E-02,1.856626798988608E-02,-1.327514384435371E-05
2448576.500000000,3.167487736725493E-01,-2.511928747916329E-01,-4.959632316629359E-02,1.193098712122664E-02,2.335859789101602E-02,8.125597388927184E-04
2448580.500000000,3.522273842276220E-01,-1.497047006916624E-01,-4.456407199579095E-02,5.517862558694684E-03,2.716919672239645E-02,1.712564874694857E-03
2448584.500000000,3.585783494825125E-01,-3.612445229643366E-02,-3.587007561369117E-02,-2.618222786466869E-03,2.925543432976709E-02,2.629904314743785E-03
2448588.500000000,3.294038054572561E-01,8.067149852959342E-02,-2.365198274963198E-02,-1.213670106576038E-02,2.858708945911762E-02,3.449165040033834E-03
2448592.500000000,2.610731158419050E-01,1.874232922428116E-01,-8.659526097130794E-03,-2.192740261101324E-02,2.407783297167559E-02,3.979697443233345E-03
2448596.500000000,1.563892743350836E-01,2.675526394427706E-01,7.495873631381818E-03,-2.989922510438237E-02,1.532179313803801E-02,3.996375517997048E-03
2448600.500000000,2.755344846144066E-02,3.059079630451708E-01,2.245652201677412E-02,-3.366282482637286E-02,3.558730865110034E-03,3.381105839959597E-03
2448604.500000000,-1.057572098759265E-01,2.957353151761734E-01,3.386429284083200E-02,-3.213908392825719E-02,-8.426102405416169E-03,2.262314443632936E-03
2448608.500000000,-2.238205904716844E-01,2.418165987650059E-01,4.029916317666050E-02,-2.634694993185628E-02,-1.798161605096783E-02,9.500834388242851E-04
2448612.500000000,-3.136228793294797E-01,1.566938470619060E-01,4.159080469732777E-02,-1.835746854961672E-02,-2.397556522853955E-02,-2.729735926226504E-04
2448616.500000000,-3.701451447053208E-01,5.449640812565534E-02,3.843251362622224E-02,-9.939188384488307E-03,-2.662236322903587E-02,-1.262006776362016E-03
2448620.500000000,-3.939482695810287E-01,-5.282367168862645E-02,3.185200710365606E-02,-2.110305195572635E-03,-2.667167298689983E-02,-1.984770854421488E-03
2448624.500000000,-3.884087268124148E-01,-1.564243354167227E-01,2.288147227119460E-02,4.692790626640957E-03,-2.487511661692276E-02,-2.462593551698989E-03
2448628.500000000,-3.579407928761434E-01,-2.501426807105167E-01,1.242954469938027E-02,1.034888330550131E-02,-2.181107676844564E-02,-2.731587810866296E-03
2448632.500000000,-3.071308391616803E-01,-3.297640088717222E-01,1.261532978532478E-03,1.487121055147758E-02,-1.788089591497889E-02,-2.825750092534168E-03
2448636.500000000,-2.404123905398729E-01,-3.923959988026712E-01,-9.979296989871819E-03,1.831230487903251E-02,-1.335240646994999E-02,-2.771779535032736E-03
2448640.500000000,-1.620100808514160E-01,-4.360264103940866E-01,-2.074074119927314E-02,2.071924347892470E-02,-8.404527040988997E-03,-2.588612090848098E-03
2448644.500000000,-7.600727351178836E-02,-4.592413530390835E-01,-3.053243808919215E-02,2.211335899581003E-02,-3.162652832974443E-03,-2.288448480044323E-03
2448648.500000000,1.352918082909559E-02,-4.610684540203823E-01,-3.890160523192497E-02,2.248037611993593E-02,2.273658890607584E-03,-1.878109993115671E-03
2448652.500000000,1.023938716956636E-01,-4.409226886057931E-01,-4.541437825569618E-02,2.176446401287477E-02,7.806204667566033E-03,-1.360492315760722E-03
2448656.500000000,1.860678580555026E-01,-3.986525946875694E-01,-4.964352233901764E-02,1.986421089178023E-02,1.331146281328139E-02,-7.363745230060097E-04
2448660.500000000,2.595339222074683E-01,-3.347079218440498E-01,-5.116516493289629E-02,1.663248902460740E-02,1.860539049923709E-02,-7.282028836143717E-06
2448664.500000000,3.171111861675751E-01,-2.504773411353909E-01,-4.957119647174809E-02,1.188841076742612E-02,2.339236076651604E-02,8.192450078041590E-04
2448668.500000000,3.523929361871415E-01,-1.488720945312471E-01,-4.451123426048501E-02,5.461914875045129E-03,2.719302679078587E-02,1.719666443900547E-03
2448672.500000000,3.584939362502494E-01,-3.522746648772529E-02,-3.578895850078552E-02,-2.686887385289166E-03,2.926244573640067E-02,2.636797982837333E-03
2448676.500000000,3.290265241706383E-01,8.154835977503966E-02,-2.354556054790384E-02,-1.221310032609517E-02,2.856851193643255E-02,3.454674904317975E-03
2448680.500000000,2.603940202386892E-01,1.881617377422958E-01,-8.536659387400560E-03,-2.199914563285676E-02,2.402650501569955E-02,3.982098643157734E-03
2448684.500000000,1.554638957574977E-01,2.680213659548292E-01,7.619333372275488E-03,-2.994728459539043E-02,1.523982896463419E-02,3.994092119952096E-03
2448688.500000000,2.651142571842493E-02,3.060135267517198E-01,2.256100778953500E-02,-3.367154286693183E-02,3.462965254261942E-03,3.374075187106480E-03
2448692.500000000,-1.067523695641725E-01,2.954702922402266E-01,3.393415751949298E-02,-3.210841147315722E-02,-8.511991999431558E-03,2.252467747146401E-03
2448696.500000000,-2.246365352022644E-01,2.412558503409251E-01,4.032835071259319E-02,-2.629088337620913E-02,-1.804216457523426E-02,9.399718000237659E-04
2448700.500000000,-3.141912978290012E-01,1.559476283104282E-01,4.158204161811598E-02,-1.829210586564754E-02,-2.400814287570783E-02,-2.816544850886655E-04
2448704.500000000,-3.704526162895262E-01,5.366853272157922E-02,3.839305017406138E-02,-9.875365969609929E-03,-2.663164828261562E-02,-1.268642005679549E-03
2448708.500000000,-3.940130615042335E-01,-5.365258498084497E-02,3.179011463938414E-02,-2.053318143533124E-03,-2.666389846193702E-02,-1.989382345062631E-03
2448712.500000000,-3.882627212988984E-01,-1.571970166474106E-01,2.280476728606295E-02,4.741067278853890E-03,-2.485552345684343E-02,-2.465437065915445E-03
2448716.500000000,-3.576196636150362E-01,-2.508198576819929E-01,1.234452156872195E-02,1.038819751489146E-02,-2.178343210237246E-02,-2.732948070434668E-03
2448720.500000000,-3.066698431633458E-01,-3.303189040880717E-01,1.173626571502801E-03,1.490190417007909E-02,-1.784774106126920E-02,-2.825866206629809E-03
2448724.500000000,-2.398451264763425E-01,-3.928101687764874E-01,-1.006548519767487E-02,1.833481020267216E-02,-1.331542572755482E-02,-2.770828828398202E-03
2448728.500000000,-1.613686474720789E-01,-4.362869690139644E-01,-2.082120148566020E-02,2.073385332952289E-02,-8.364860287079506E-03,-2.586714556360333E-03
2448732.500000000,-7.532306570282041E-02,-4.593392943996102E-01,-3.060354224397319E-02,2.212012026900733E-02,-3.121135505961330E-03,-2.285676640119545E-03
2448736.500000000,1.422436379549935E-02,-4.609978350143458E-01,-3.895993798886374E-02,2.247903203675838E-02,2.316299856246611E-03,-1.874499624499093E-03
2448740.500000000,1.030665272414703E-01,-4.406805715571648E-01,-4.545661338241826E-02,2.175441395704585E-02,7.849159784962702E-03,-1.356054388337962E-03
2448744.500000000,1.866813486013738E-01,-3.982398186344401E-01,-4.966635431631614E-02,1.984448639622438E-02,1.335360852921947E-02,-7.311119338089756E-04
2448748.500000000,2.600470282462229E-01,-3.341309702573891E-01,-5.116532893886912E-02,1.660177997815976E-02,1.864496255667525E-02,-1.218734024168201E-06
2448752.500000000,3.174770158690701E-01,-2.497518059474127E-01,-4.954565172336801E-02,1.184524279694917E-02,2.342647407538026E-02,8.260084159041708E-04
2448756.500000000,3.525592046720233E-01,-1.480284061513119E-01,-4.445765856577719E-02,5.405211238217471E-03,2.721703165661448E-02,1.726848451266571E-03
2448760.500000000,3.584069510775190E-01,-3.431921709354809E-02,-3.570679544770146E-02,-2.756426990694203E-03,2.926935489410202E-02,2.643762606197736E-03
2448764.500000000,3.286431303439895E-01,8.243535218899443E-02,-2.343785863808641E-02,-1.229036441748699E-02,2.854945818941529E-02,3.460226954559929E-03
2448768.500000000,2.597057450437817E-01,1.889076212413426E-01,-8.412439000280931E-03,-2.207151290307481E-02,2.397431941548782E-02,3.984491558206852E-03
2448772.500000000,1.545277392996078E-01,2.684936158370643E-01,7.743996289178395E-03,-2.999548965922874E-02,1.515681493164377E-02,3.991742989510934E-03
2448776.500000000,2.545910971011875E-02,3.061185992140964E-01,2.266635374100117E-02,-3.367989263091897E-02,3.366299314581335E-03,3.366945059994210E-03
2448780.500000000,-1.077556785204141E-01,2.952019136598982E-01,3.400448383195027E-02,-3.207708579747538E-02,-8.598395262708705E-03,2.242527218790151E-03
2448784.500000000,-2.254579227249905E-01,2.406904786265336E-01,4.035767925276051E-02,-2.623415362526811E-02,-1.810285164243862E-02,9.297954376311587E-04
2448788.500000000,-3.147627483784632E-01,1.551967504426217E-01,4.157322299792263E-02,-1.822621245623403E-02,-2.404062516425868E-02,-2.903700010441276E-04
2448792.500000000,-3.707613091706731E-01,5.283662307664035E-02,3.835343858384357E-02,-9.811166109144624E-03,-2.664073336421825E-02,-1.275290545386966E-03
2448796.500000000,-3.940778210953961E-01,-5.448465776896658E-02,3.172804833255589E-02,-1.996074697679624E-03,-2.665589505823270E-02,-1.993994626136936E-03
2448800.500000000,-3.881158289791505E-01,-1.579719456363781E-01,2.272789979983450E-02,4.789521469779861E-03,-2.483570655118654E-02,-2.468274900222668E-03
2448804.500000000,-3.572970349613598E-01,-2.514984174260783E-01,1.225936527318124E-02,1.042764534669776E-02,-2.175557911684475E-02,-2.734299773612602E-03
2448808.500000000,-3.062068606281858E-01,-3.308743773908899E-01,1.085623747185546E-03,1.493271058210091E-02,-1.781439118868860E-02,-2.825972678476463E-03
2448812.500000000,-2.392754453500817E-01,-3.932241506465833E-01,-1.015173003046336E-02,1.835741904079126E-02,-1.327825536894984E-02,-2.769867854992667E-03
2448816.500000000,-1.607243973430239E-01,-4.365465764102762E-01,-2.090167540057540E-02,2.074855904461186E-02,-8.325000149021104E-03,-2.584805651979710E-03
2448820.500000000,-7.463568279741156E-02,-4.594354912050704E-01,-3.067461065502520E-02,2.212696314861116E-02,-3.079414097296925E-03,-2.282891283155960E-03
2448824.500000000,1.492299869704135E-02,-4.609246299736336E-01,-3.901817460788261E-02,2.247774211900784E-02,2.359157109909277E-03,-1.870872385458010E-03
2448828.500000000,1.037427675236566E-01,-4.404349891214386E-01,-4.549867661829719E-02,2.174437297405675E-02,7.892336170029794E-03,-1.351595372469940E-03
2448832.500000000,1.872983385949391E-01,-3.978227123725828E-01,-4.968892164969670E-02,1.982470728989949E-02,1.339596089398958E-02,-7.258242228230918E-04
2448836.500000000,2.605632644380384E-01,-3.335489472749475E-01,-5.116512300851751E-02,1.657093976184780E-02,1.868469119584474E-02,4.871475235996851E-06
2448840.500000000,3.178453015369844E-01,-2.490207581686051E-01,-4.951963439995018E-02,1.180187217214593E-02,2.346064137487668E-02,8.327949489572641E-04
2448844.500000000,3.527270380065158E-01,-1.471792991846882E-01,-4.440354138928791E-02,5.348276273101864E-03,2.724092521540344E-02,1.734039702544294E-03
2448848.500000000,3.583207094098523E-01,-3.340640862660287E-02,-3.562410502645206E-02,-2.826122638924276E-03,2.927594231375066E-02,2.650708384893927E-03
2448852.500000000,3.282602792255604E-01,8.332523443286850E-02,-2.332978372229870E-02,-1.236754201675702E-02,2.852990944341971E-02,3.465719293614901E-03
2448856.500000000,2.590191140013607E-01,1.896543750132279E-01,-8.288165137941936E-03,-2.214340201500812E-02,2.392166903748538E-02,3.986787440821948E-03
2448860.500000000,1.535958689082918E-01,2.689655079733101E-01,7.868304483657430E-03,-3.004289165775515E-02,1.507370863108248E-02,3.989295489297669E-03
2448864.500000000,2.441433734971147E-02,3.062240789761078E-01,2.277104014193761E-02,-3.368749649164716E-02,3.270108473183819E-03,3.359768621241696E-03
2448868.500000000,-1.087492868406188E-01,2.949366849333788E-01,3.407411425508404E-02,-3.204547123904482E-02,-8.683966796583476E-03,2.232613824843233E-03
2448872.500000000,-2.262695355195791E-01,2.401316071646084E-01,4.038652814892790E-02,-2.617765599347477E-02,-1.816275714246290E-02,9.196932790994177E-04
2448876.500000000,-3.153260668393109E-01,1.544549369382029E-01,4.156424812411416E-02,-1.816086539620666E-02,-2.407262842221182E-02,-2.990037591425079E-04
2448880.500000000,-3.710642824462000E-01,5.201500749195171E-02,3.831396862603199E-02,-9.747593634201379E-03,-2.664967517379341E-02,-1.281874380207016E-03
2448884.500000000,-3.941392764421452E-01,-5.530641107442395E-02,3.166633390124957E-02,-1.939395771123783E-03,-2.664800555618365E-02,-1.998566675510087E-03
2448888.500000000,-3.879676588677294E-01,-1.587373590456063E-01,2.265149919646701E-02,4.837531041561232E-03,-2.481616236483176E-02,-2.471094639608777E-03
2448892.500000000,-3.569746540655531E-01,-2.521687341083204E-01,1.217471352546923E-02,1.046677312565700E-02,-2.172807886767882E-02,-2.735649689336551E-03
2448896.500000000,-3.057451872076316E-01,-3.314230892830342E-01,9.981101674774472E-04,1.496330218706879E-02,-1.778142313768828E-02,-2.826087664626581E-03
2448900.500000000,-2.387077661333595E-01,-3.936329092356122E-01,-1.023753197307123E-02,1.837989182472544E-02,-1.324146962542381E-02,-2.768920866140926E-03
2448904.500000000,-1.600825780838087E-01,-4.368024898272508E-01,-2.098176760708086E-02,2.076318261121563E-02,-8.285520135801017E-03,-2.582912948667491E-03
2448908.500000000,-7.395098389702023E-02,-4.595295148832961E-01,-3.074536365402099E-02,2.213375919577631E-02,-3.038075059471100E-03,-2.280122748414555E-03
2448912.500000000,1.561881539416086E-02,-4.608508124049160E-01,-3.907616429265923E-02,2.247643126914149E-02,2.401613008519774E-03,-1.867262745969526E-03
2448916.500000000,1.044161596797097E-01,-4.401904750143772E-01,-4.554056811367655E-02,2.173433959652972E-02,7.935069428814778E-03,-1.347156903697218E-03
2448920.500000000,1.879125961080262E-01,-3.974085701437035E-01,-4.971141248091908E-02,1.980498319728607E-02,1.343780498352698E-02,-7.205645514371537E-04
2448924.500000000,2.610771472601972E-01,-3.329720796604529E-01,-5.116497893840503E-02,1.654024317541448E-02,1.872383125132001E-02,1.091922147648055E-05
2448928.500000000,3.182120962503805E-01,-2.482973740056883E-01,-4.949389144721174E-02,1.175880314834769E-02,2.349414738267626E-02,8.395163059272385E-04
2448932.500000000,3.528950590843182E-01,-1.463405670867891E-01,-4.435001695838754E-02,5.291896386960129E-03,2.726413909496502E-02,1.741136129641853E-03
2448936.500000000,3.582375498263397E-01,-3.250652222673207E-02,-3.554244828370847E-02,-2.894912676228320E-03,2.928196703946697E-02,2.657529456913360E-03
2448940.500000000,3.278849045627332E-01,8.420056582659358E-02,-2.322327936237330E-02,-1.244343501130606E-02,2.851015815232523E-02,3.471072262104419E-03
2448944.500000000,2.583456290840974E-01,1.903870037529680E-01,-8.165987945334113E-03,-2.221379100199122E-02,2.386948231359492E-02,3.988968090898192E-03
2448948.500000000,1.526828853887568E-01,2.694267910889734E-01,7.990194337400119E-03,-3.008901503656924E-02,1.499189544479294E-02,3.986811035077946E-03
2448952.500000000,2.339221857394208E-02,3.063254426820354E-01,2.287337774320115E-02,-3.369456727044153E-02,3.175789894446555E-03,3.352664667542832E-03
2448956.500000000,-1.097200032098199E-01,2.946750059687905E-01,3.414187045748171E-02,-3.201425900239607E-02,-8.767683022862094E-03,2.222856501069538E-03
2448960.500000000,-2.270613393179793E-01,2.395827914896959E-01,4.041419433179531E-02,-2.612222859222445E-02,-1.822131822106191E-02,9.097707997168078E-04
2448964.500000000,-3.158744839506141E-01,1.537272533051343E-01,4.155477365404856E-02,-1.809683760361627E-02,-2.410393500037002E-02,-3.074808933395047E-04
2448968.500000000,-3.713575991877830E-01,5.120917585295207E-02,3.827454608184886E-02,-9.685288948288850E-03,-2.665845856605664E-02,-1.288342238285569E-03
2448972.500000000,-3.941957926099731E-01,-5.611252963291061E-02,3.160505023362684E-02,-1.883795773697072E-03,-2.664032061544726E-02,-2.003061910468019E-03
2448976.500000000,-3.878184252632445E-01,-1.594884249660986E-01,2.257577205824339E-02,4.884681280183395E-03,-2.479703619858269E-02,-2.473868284752461E-03
2448980.500000000,-3.566542357567453E-01,-2.528266232992513E-01,1.209087312073095E-02,1.050524192922500E-02,-2.170110711454103E-02,-2.736975433670747E-03
2448984.500000000,-3.052877701394552E-01,-3.319615979768670E-01,9.114723992188437E-04,1.499339965275181E-02,-1.774903087023592E-02,-2.826193682575284E-03
2448988.500000000,-2.381460502214908E-01,-3.940337995507140E-01,-1.032244530169676E-02,1.840199981770569E-02,-1.320527129896000E-02,-2.767975958951033E-03
2448992.500000000,-1.594479715205910E-01,-4.370528743631285E-01,-2.106099825186354E-02,2.077754230620485E-02,-8.246620123323528E-03,-2.581031557081980E-03
2448996.500000000,-7.327438413342348E-02,-4.596202958110457E-01,-3.081531856402812E-02,2.214037367160052E-02,-2.997297518052923E-03,-2.277374753525228E-03
2449000.500000000,1.630595617112294E-02,-4.607759449091308E-01,-3.913345816283581E-02,2.247501313711831E-02,2.443535851662278E-03,-1.863683905436781E-03
2449004.500000000,1.050805969770536E-01,-4.399469641757570E-01,-4.558190911617042E-02,2.172427500903268E-02,7.977311992798898E-03,-1.342760339009218E-03
2449008.500000000,1.885179386602932E-01,-3.969972757383375E-01,-4.973354148677776E-02,1.978531163635010E-02,1.347922160473739E-02,-7.153569021929918E-04
2449012.500000000,2.615825017694112E-01,-3.323995974948243E-01,-5.116469480675890E-02,1.650968707148476E-02,1.876263514376150E-02,1.690915484824510E-05
2449016.500000000,3.185710820708543E-01,-2.475794839471109E-01,-4.946823822876343E-02,1.171594869193673E-02,2.352744046005122E-02,8.461822395337092E-04
2449020.500000000,3.530562068003030E-01,-1.455078899736204E-01,-4.429678082309609E-02,5.235758774894316E-03,2.728728786255965E-02,1.748190713071275E-03
2449024.500000000,3.581484087875850E-01,-3.161265983699482E-02,-3.546120039798308E-02,-2.963515028302070E-03,2.928806640262808E-02,2.664333792814831E-03
2449028.500000000,3.275040318539302E-01,8.507033881114760E-02,-2.311718870323183E-02,-1.251928704280053E-02,2.849054524746006E-02,3.476439660595919E-03
2449032.500000000,2.576664454184494E-01,1.911145087543751E-01,-8.044113991604511E-03,-2.228431636103793E-02,2.381734529074344E-02,3.991186850528203E-03
2449036.500000000,1.517634562089923E-01,2.698827079401408E-01,8.111944258965867E-03,-3.013534574667356E-02,1.490989486611629E-02,3.984365566991372E-03
2449040.500000000,2.236302212627946E-02,3.064201784730177E-01,2.297569123869992E-02,-3.370171318603091E-02,3.081044248587511E-03,3.345576759367319E-03
2449044.500000000,-1.106975827495822E-01,2.944047783033950E-01,3.420960685440177E-02,-3.198285562375236E-02,-8.851896002700860E-03,2.213086093809145E-03
2449048.500000000,-2.278587371374769E-01,2.390236537709805E-01,4.044174864096099E-02,-2.606637523738865E-02,-1.828024044745108E-02,8.998182450228162E-04
2449052.500000000,-3.164265449053201E-01,1.529882834017783E-01,4.154506192272547E-02,-1.803228644719275E-02,-2.413535373752378E-02,-3.159880935038831E-04
2449056.500000000,-3.716525124447616E-01,5.039212626727727E-02,3.823478652518801E-02,-9.622503801483188E-03,-2.666710237531560E-02,-1.294828662855089E-03
2449060.500000000,-3.942522279482762E-01,-5.692890504407216E-02,3.154338570682083E-02,-1.827847456645539E-03,-2.663230814061238E-02,-2.007560424855789E-03
2449064.500000000,-3.876680453349798E-01,-1.602482007555413E-01,2.249967920478274E-02,4.932014333174774E-03,-2.477747778215474E-02,-2.476631672089418E-03
2449068.500000000,-3.563322635784188E-01,-2.534914113803877E-01,1.200672793712408E-02,1.054373534961209E-02,-2.167367309010276E-02,-2.738281798437543E-03
2449072.500000000,-3.048289679687359E-01,-3.325051918870808E-01,8.246173054312602E-04,1.502339448824525E-02,-1.771620140997000E-02,-2.826276142858293E-03
2449076.500000000,-2.375835456835010E-01,-3.944381360460053E-01,-1.040748056380143E-02,1.842391949123242E-02,-1.316869455905171E-02,-2.767007505831047E-03
2449080.500000000,-1.588134284865235E-01,-4.373053357373459E-01,-2.114026152638525E-02,2.079167123157539E-02,-8.207414782372619E-03,-2.579129373998599E-03
2449084.500000000,-7.259879018166966E-02,-4.597120775627698E-01,-3.088523034940973E-02,2.214675354898726E-02,-2.956285798490393E-03,-2.274609673540776E-03
2449088.500000000,1.699119531434170E-02,-4.607012608952540E-01,-3.919064672362817E-02,2.247338542497918E-02,2.485636560142810E-03,-1.860090747314121E-03
2449092.500000000,1.057423708524951E-01,-4.397029985841410E-01,-4.562308886148328E-02,2.171403996696113E-02,8.019700476100641E-03,-1.338349544211313E-03
2449096.500000000,1.891200087881601E-01,-3.965849572290261E-01,-4.975544594901909E-02,1.976550324261545E-02,1.352078217857924E-02,-7.101310819622589E-04
2449100.500000000,2.620840594409899E-01,-3.318254693570030E-01,-5.116409750155029E-02,1.647899861510947E-02,1.880161032979335E-02,2.292609585432300E-05
2449104.500000000,3.189256634874901E-01,-2.468591766139929E-01,-4.944213742506693E-02,1.167291156540838E-02,2.356094855884892E-02,8.528892093510629E-04
2449108.500000000,3.532119929111196E-01,-1.446718699898369E-01,-4.424289776963022E-02,5.179311226944102E-03,2.731067683320397E-02,1.755304319918740E-03
2449112.500000000,3.580522774709694E-01,-3.071456994960213E-02,-3.537903426736305E-02,-3.032632386730719E-03,2.929434667758356E-02,2.671213733602391E-03
2449116.500000000,3.271136495408558E-01,8.594467273092525E-02,-2.300986475355408E-02,-1.259587633911286E-02,2.847088340059258E-02,3.481885153971257E-03
2449120.500000000,2.569745635567116E-01,1.918455687633450E-01,-7.920740057069291E-03,-2.235565649055202E-02,2.376472538915884E-02,3.993454281916855E-03
2449124.500000000,1.508284611994857E-01,2.703392417397871E-01,8.235265172953286E-03,-3.018222976641627E-02,1.482692421364889E-02,3.981901918992692E-03
2449128.500000000,2.131714950516124E-02,3.065110707250114E-01,2.307934608491750E-02,-3.370882688723173E-02,2.985107032642992E-03,3.338394615886344E-03
2449132.500000000,-1.116904533102590E-01,2.941262258581832E-01,3.427820779993820E-02,-3.195082007702304E-02,-8.937092678015917E-03,2.203179705163638E-03
2449136.500000000,-2.286681253317631E-01,2.384531465636897E-01,4.046962171291709E-02,-2.600955785088358E-02,-1.833968345984677E-02,8.897356720755679E-04
2449140.500000000,-3.169865773480361E-01,1.522367977667421E-01,4.153521219079855E-02,-1.796672909950559E-02,-2.416684310659901E-02,-3.245911933227328E-04
2449144.500000000,-3.719515838408819E-01,4.956294393033406E-02,3.819458394510362E-02,-9.558834142317936E-03,-2.667551069879590E-02,-1.301372359738604E-03
2449148.500000000,-3.943096188910952E-01,-5.775610547597393E-02,3.148111415441661E-02,-1.771183552042750E-03,-2.662389756208194E-02,-2.012085378389876E-03
2449152.500000000,-3.875160792216621E-01,-1.610170510697246E-01,2.242291808760993E-02,4.979907340706180E-03,-2.475745382652738E-02,-2.479400823370303E-03
2449156.500000000,-3.560067248099557E-01,-2.541633650705964E-01,1.192191883818807E-02,1.058266434893512E-02,-2.164575534365065E-02,-2.739581312724263E-03
2449160.500000000,-3.043650571136974E-01,-3.330540153853545E-01,7.371420882991667E-04,1.505372870998753E-02,-1.768288915966826E-02,-2.826344154396336E-03
2449164.500000000,-2.370147358559976E-01,-3.948457798420010E-01,-1.049306733206704E-02,1.844610004295649E-02,-1.313163930138303E-02,-2.766019418151245E-03
2449168.500000000,-1.581716817026347E-01,-4.375591951499469E-01,-2.121998858796882E-02,2.080598860651287E-02,-8.167732858653963E-03,-2.577202950832010E-03
2449172.500000000,-7.191538904283545E-02,-4.598033520344122E-01,-3.095549902572527E-02,2.215324524945587E-02,-2.914798146985252E-03,-2.271815250193451E-03
2449176.500000000,1.768451640690805E-02,-4.606241733473199E-01,-3.924806313247386E-02,2.247178072254291E-02,2.528208011139171E-03,-1.856462272614925E-03
2449180.500000000,1.064121130908790E-01,-4.394547785723595E-01,-4.566434225202256E-02,2.170372209879657E-02,8.062540296145887E-03,-1.333896952982500E-03
2449184.500000000,1.897294751564919E-01,-3.961666608550002E-01,-4.977724478645033E-02,1.974548911483215E-02,1.356274730755422E-02,-7.048576931954861E-04
2449188.500000000,2.625919266409977E-01,-3.312439082544019E-01,-5.116319715560178E-02,1.644797221053847E-02,1.884089982767320E-02,2.899344155824393E-05
2449192.500000000,3.192849515834465E-01,-2.461304573834324E-01,-4.941553613407643E-02,1.162941543653634E-02,2.359462056725288E-02,8.596431005636593E-04
2449196.500000000,3.533704831115506E-01,-1.438272000192983E-01,-4.418835061251339E-02,5.122334378419018E-03,2.733400940826029E-02,1.762450629409699E-03
2449200.500000000,3.579567685699563E-01,-2.980859375297710E-02,-3.529612610162084E-02,-3.102236318302704E-03,2.930029640561691E-02,2.678097233454262E-03
2449204.500000000,3.267223226582397E-01,8.682503687341071E-02,-2.290186822342029E-02,-1.267272844161022E-02,2.845063842113480E-02,3.487290504563701E-03
2449208.500000000,2.562814535926451E-01,1.925800861987872E-01,-7.796947690811783E-03,-2.242685332275935E-02,2.371144757200260E-02,3.995636694388223E-03
2449212.500000000,1.498936800914509E-01,2.707969894385325E-01,8.358616589892965E-03,-3.022856131225902E-02,1.474354730669668E-02,3.979336747976002E-03
2449216.500000000,2.027405734524274E-02,3.066024983643631E-01,2.318267505414725E-02,-3.371527861222600E-02,2.889250062631638E-03,3.331143587021067E-03
2449220.500000000,-1.126783343971277E-01,2.938493721785070E-01,3.434632527633957E-02,-3.191838951225941E-02,-9.021834191316925E-03,2.193264120775855E-03
2449224.500000000,-2.294717342692124E-01,2.378863758900263E-01,4.049707409529180E-02,-2.595273512379847E-02,-1.839861438330085E-02,8.796888274495868E-04
2449228.500000000,-3.175414072775908E-01,1.514908089464092E-01,4.152512317940388E-02,-1.790143607749634E-02,-2.419798564747161E-02,-3.331439642678019E-04
2449232.500000000,-3.722467607490338E-01,4.874021088317550E-02,3.815433571826535E-02,-9.495529423197565E-03,-2.668378722447729E-02,-1.307871772945641E-03
2449236.500000000,-3.943645761070199E-01,-5.857669329948916E-02,3.141894814140620E-02,-1.714872069641962E-03,-2.661552665678182E-02,-2.016579405351990E-03
2449240.500000000,-3.873629723571113E-01,-1.617796832376623E-01,2.234635954447714E-02,5.027510561072032E-03,-2.473757727176815E-02,-2.482151967920420E-03
2449244.500000000,-3.556810578228597E-01,-2.548298147018173E-01,1.183736371465122E-02,1.062137648538590E-02,-2.161803988642680E-02,-2.740872534868598E-03
2449248.500000000,-3.039017528286792E-01,-3.335981919369774E-01,6.499403498052053E-04,1.508391008182674E-02,-1.764979865082440E-02,-2.826410192843280E-03
2449252.500000000,-2.364470417673660E-01,-3.952496666239992E-01,-1.057838088748711E-02,1.846817609669943E-02,-1.309480493130501E-02,-2.765033094110367E-03
2449256.500000000,-1.575313987456077E-01,-4.378101626117913E-01,-2.129945427678031E-02,2.082023398584938E-02,-8.128261770555407E-03,-2.575280523736481E-03
2449260.500000000,-7.123369660491674E-02,-4.598925541025659E-01,-3.102552584524905E-02,2.215968476525791E-02,-2.873509635174883E-03,-2.269026589872756E-03
2449264.500000000,1.837594581265948E-02,-4.605457913826446E-01,-3.930526481073070E-02,2.247013589097022E-02,2.570588766792409E-03,-1.852841722238504E-03
2449268.500000000,1.070798231102242E-01,-4.392060201654623E-01,-4.570541850831553E-02,2.169337430672172E-02,8.105191573678875E-03,-1.329455432743746E-03
2449272.500000000,1.903368164195425E-01,-3.957485891108233E-01,-4.979891916937629E-02,1.972545975050826E-02,1.360451805928039E-02,-6.995997951281603E-04
2449276.500000000,2.630976543383739E-01,-3.306633749527593E-01,-5.116224537750326E-02,1.641695622664995E-02,1.887998080053983E-02,3.503954712274810E-05
2449280.500000000,3.196422217937129E-01,-2.454036396473220E-01,-4.938898203157317E-02,1.158597331955109E-02,2.362806355290286E-02,8.663687132087803E-04
2449284.500000000,3.535273005777285E-01,-1.429853898965666E-01,-4.413397975971094E-02,5.065481157165227E-03,2.735709289318618E-02,1.769560511715614E-03
2449288.500000000,3.578602761361202E-01,-2.890648918211526E-02,-3.521355687790774E-02,-3.171613292715595E-03,2.930599455598933E-02,2.684935981342419E-03
2449292.500000000,3.263311809332490E-01,8.770059831904239E-02,-2.279440202237300E-02,-1.274921981646326E-02,2.843019235743036E-02,3.492645929170411E-03
2449296.500000000,2.555902347107600E-01,1.933092598569949E-01,-7.673879559511855E-03,-2.249756633818193E-02,2.365812033206596E-02,3.997774671791609E-03
2449300.500000000,1.489628106618339E-01,2.712496852654780E-01,8.481107933917981E-03,-3.027439388194299E-02,1.466037741046023E-02,3.976751503107476E-03
2449304.500000000,1.923659107642276E-02,3.066902222751632E-01,2.328513983340575E-02,-3.372140270968735E-02,2.793842425054107E-03,3.323911601573332E-03
2449308.500000000,-1.136598359814208E-01,2.935708239925700E-01,3.441372661915663E-02,-3.188591373918707E-02,-9.106055596620029E-03,2.183400606458859E-03
2449312.500000000,-2.302692744513198E-01,2.373198188999985E-01,4.052404852093991E-02,-2.589609298306834E-02,-1.845713244368799E-02,8.697051234747421E-04
2449316.500000000,-3.180911234486569E-01,1.507463471642332E-01,4.151479814253057E-02,-1.783641913508956E-02,-2.422888516760375E-02,-3.416410560231538E-04
2449320.500000000,-3.725379474648852E-01,4.791967419890367E-02,3.811404536009461E-02,-9.432499150893295E-03,-2.669196412242109E-02,-1.314330341747245E-03
2449324.500000000,-3.944165599258706E-01,-5.939488893797443E-02,3.135687339930081E-02,-1.658791180679841E-03,-2.660714947828491E-02,-2.021047183460775E-03
2449328.500000000,-3.872077118803305E-01,-1.625400154837444E-01,2.226997314116663E-02,5.074933842027352E-03,-2.471774793902586E-02,-2.484888326852569E-03
2449332.500000000,-3.553538693299457E-01,-2.554942202737901E-01,1.175302291563770E-02,1.065995040184166E-02,-2.159040280966574E-02,-2.742156881234275E-03
2449336.500000000,-3.034374192424877E-01,-3.341406865404954E-01,5.629699684678676E-04,1.511398118511803E-02,-1.761681075885020E-02,-2.826474110544023E-03
2449340.500000000,-2.358787268126398E-01,-3.956523371565669E-01,-1.066345971112480E-02,1.849015603062295E-02,-1.305810247974019E-02,-2.764046828556571E-03
2449344.500000000,-1.568908709535660E-01,-4.380605225966690E-01,-2.137868665650695E-02,2.083438583595721E-02,-8.088966168043646E-03,-2.573358539179932E-03
2449348.500000000,-7.055214093773635E-02,-4.599819720557075E-01,-3.109532086526452E-02,2.216602643185155E-02,-2.832461287192191E-03,-2.266238334550460E-03
2449352.500000000,1.906683969206002E-02,-4.604687575749087E-01,-3.936223893185796E-02,2.246839094272962E-02,2.612639019183166E-03,-1.849223453354994E-03
2449356.500000000,1.077466186893951E-01,-4.389601586326619E-01,-4.574628797902183E-02,2.168294185696408E-02,8.147394427573508E-03,-1.325023147877724E-03
2449360.500000000,1.909429999664130E-01,-3.953354864124448E-01,-4.982045112467421E-02,1.970540277096631E-02,1.364569767207440E-02,-6.943665009857034E-04
2449364.500000000,2.636023444646776E-01,-3.300904839158560E-01,-5.116129854890581E-02,1.638604320517202E-02,1.891831639139582E-02,4.103455557274091E-05
2449368.500000000,3.199993052530314E-01,-2.446877252261746E-01,-4.936271058579150E-02,1.154287501524222E-02,2.366062970038165E-02,8.730046285240902E-04
2449372.500000000,3.536860182704992E-01,-1.421581149733221E-01,-4.408034396043550E-02,5.009351822983980E-03,2.737926110576199E-02,1.776532965759404E-03
2449376.500000000,3.577695611117920E-01,-2.802233052673361E-02,-3.513236775096455E-02,-3.239760054047562E-03,2.931094993735242E-02,2.691591509732734E-03
2449380.500000000,3.259517954959218E-01,8.855615859389808E-02,-2.268910276737298E-02,-1.282397025195882E-02,2.840953063177476E-02,3.497798165161009E-03
2449384.500000000,2.549183383308856E-01,1.940193148657386E-01,-7.553737392546403E-03,-2.256631849443898E-02,2.360550769560905E-02,3.999748734884291E-03
2449388.500000000,1.480584967486799E-01,2.716882913898677E-01,8.600223311840989E-03,-3.031869939851747E-02,1.457898410797860E-02,3.974116086751809E-03
2449392.500000000,1.822974410096967E-02,3.067724028186961E-01,2.338432033734027E-02,-3.372709920236169E-02,2.700803125041839E-03,3.316773805100100E-03
2449396.500000000,-1.146114899173271E-01,2.932959720197063E-01,3.447843499943947E-02,-3.185420587802408E-02,-9.188160438286078E-03,2.173724787586376E-03
2449400.500000000,-2.310416474865116E-01,2.367638976024621E-01,4.054912434278348E-02,-2.584091694979528E-02,-1.851434301053210E-02,8.599182267367492E-04
2449404.500000000,-3.186219302681551E-01,1.500160176054715E-01,4.150328396730754E-02,-1.777298469090078E-02,-2.425931496509625E-02,-3.499850202156814E-04
2449408.500000000,-3.728161788334785E-01,4.711388195003690E-02,3.807306899015879E-02,-9.370830243082866E-03,-2.670025500986349E-02,-1.320689611807235E-03
2449412.500000000,-3.944604000834278E-01,-6.019949179435832E-02,3.129442084697309E-02,-1.603752404149533E-03,-2.659919363150394E-02,-2.025457393840701E-03
2449416.500000000,-3.870478762549318E-01,-1.632887110859533E-01,2.219338365647784E-02,5.121604649656969E-03,-2.469844997308194E-02,-2.487592301177594E-03
2449420.500000000,-3.550246543584997E-01,-2.561491324364080E-01,1.166858085551475E-02,1.069798979625728E-02,-2.156329252329161E-02,-2.743420971471529E-03
2449424.500000000,-3.029728814845136E-01,-3.346756837724947E-01,4.759687130681211E-04,1.514366511481787E-02,-1.758428794152033E-02,-2.826522258792815E-03
2449428.500000000,-2.353115535083159E-01,-3.960492028319604E-01,-1.074851001963514E-02,1.851184317585306E-02,-1.302177877221614E-02,-2.763046513842014E-03
2449432.500000000,-1.562525236679544E-01,-4.383064027827709E-01,-2.145783840556151E-02,2.084830738568008E-02,-8.049953360691225E-03,-2.571424817892658E-03
2449436.500000000,-6.987358800624338E-02,-4.600678411590045E-01,-3.116499592061143E-02,2.217218598522788E-02,-2.791594848798375E-03,-2.263442397463942E-03
2449440.500000000,1.975408970041913E-02,-4.603886917173566E-01,-3.941907147431790E-02,2.246650680356174E-02,2.654613997540960E-03,-1.845601867117973E-03
2449444.500000000,1.084092873053301E-01,-4.387113375974208E-01,-4.578700682785795E-02,2.167240466132583E-02,8.189638304596448E-03,-1.320588803740952E-03
2449448.500000000,1.915446689057631E-01,-3.949190047271082E-01,-4.984181553049884E-02,1.968525050472122E-02,1.368704847370341E-02,-6.891253060456116E-04
2449452.500000000,2.641020742921204E-01,-3.295132476733866E-01,-5.116012387830300E-02,1.635499076350627E-02,1.895696487506451E-02,4.705376644894446E-05
2449456.500000000,3.203506377602036E-01,-2.439659399049037E-01,-4.933606156763630E-02,1.149950244776329E-02,2.369364083004221E-02,8.796932385145020E-04
2449460.500000000,3.538374141825842E-01,-1.413230214511779E-01,-4.402604473094120E-02,4.952688938982637E-03,2.740193976601644E-02,1.783596876111395E-03
2449464.500000000,3.576686611676772E-01,-2.712844702562598E-02,-3.505006812007515E-02,-3.308820372068132E-03,2.931630763867522E-02,2.698377767054830E-03
2449468.500000000,3.255577565702932E-01,8.942234076619084E-02,-2.258212296162282E-02,-1.290002549475271E-02,2.838885426323291E-02,3.503098470151890E-03
2449472.500000000,2.542261657698564E-01,1.947384993478794E-01,-7.431371508929117E-03,-2.263650338975025E-02,2.355211598181079E-02,4.001835295460427E-03
2449476.500000000,1.471288531833146E-01,2.721311689892455E-01,8.721831651181022E-03,-3.036398922984686E-02,1.449597083788669E-02,3.971494078502081E-03
2449480.500000000,1.719547952124403E-02,3.068513818773295E-01,2.348580480172315E-02,-3.373280188159445E-02,2.605764295427398E-03,3.309531176928604E-03
2449484.500000000,-1.155885261419112E-01,2.930103950854349E-01,3.454486729239050E-02,-3.182152521038380E-02,-9.271917255322715E-03,2.163876091910594E-03
2449488.500000000,-2.318343041357950E-01,2.361921411317567E-01,4.057521985079056E-02,-2.578425772864459E-02,-1.857242568452892E-02,8.499625372989507E-04
2449492.500000000,-3.191669291097193E-01,1.492679543322937E-01,4.149220037770868E-02,-1.770805502103111E-02,-2.428985171078518E-02,-3.584509849015467E-04
2449496.500000000,-3.731031048516620E-01,4.629106572154496E-02,3.803214480928575E-02,-9.307935048340682E-03,-2.670813017907739E-02,-1.327117048581517E-03
2449500.500000000,-3.945087193895450E-01,-6.101884888155000E-02,3.123183699972889E-02,-1.547832749430910E-03,-2.659055654174162E-02,-2.029893849086903E-03
2449504.500000000,-3.868896364817456E-01,-1.640492290459594E-01,2.211661443978509E-02,5.168847336178757E-03,-2.467839149661944E-02,-2.490296850210655E-03
2449508.500000000,-3.546952390299521E-01,-2.568128593870628E-01,1.158398475712386E-02,1.073636918158978E-02,-2.153545167307116E-02,-2.744673517497780E-03
2449512.500000000,-3.025071139211873E-01,-3.352167267347504E-01,3.888684009491299E-04,1.517353591873588E-02,-1.755111613620213E-02,-2.826555510948173E-03
2449516.500000000,-2.347426001777256E-01,-3.964497106423991E-01,-1.083360059875276E-02,1.853362741262815E-02,-1.298490261503025E-02,-2.762032034575613E-03
2449520.500000000,-1.556121137397506E-01,-4.385539007401324E-01,-2.153697629316537E-02,2.086227832166188E-02,-8.010478711652402E-03,-2.569478009215468E-03
2449524.500000000,-6.919283268245137E-02,-4.601536355627561E-01,-3.123460380473329E-02,2.217836778125859E-02,-2.750340826176784E-03,-2.260632448737694E-03
2449528.500000000,2.044358280090416E-02,-4.603071164324363E-01,-3.947577433540445E-02,2.246461981561475E-02,2.696922001526474E-03,-1.841962595347157E-03
2449532.500000000,1.090741198948376E-01,-4.384597546526305E-01,-4.582751407225173E-02,2.166182798468088E-02,8.232177694419798E-03,-1.316130908909690E-03
2449536.500000000,1.921482384800198E-01,-3.944986382914060E-01,-4.986286054348826E-02,1.966500234147354E-02,1.372866548169272E-02,-6.838537238618394E-04
2449540.500000000,2.646031704865403E-01,-3.289311287358708E-01,-5.115849524769676E-02,1.632376341875212E-02,1.899584341804402E-02,5.310962545964023E-05
2449544.500000000,3.207024472064979E-01,-2.432384658390301E-01,-4.930880355784491E-02,1.145585804529364E-02,2.372681838372887E-02,8.864220263620738E-04
2449548.500000000,3.539880009279460E-01,-1.404817823546899E-01,-4.397097817999668E-02,4.895657423291057E-03,2.742466998295101E-02,1.790698393303405E-03
2449552.500000000,3.575653427309303E-01,-2.622855471266591E-02,-3.496687316076788E-02,-3.378304867413778E-03,2.932153377265661E-02,2.705188167637536E-03
2449556.500000000,3.251596606626817E-01,9.029354397410140E-02,-2.247420321362412E-02,-1.297645116016152E-02,2.836781187127889E-02,3.508394283446494E-03
2449560.500000000,2.535288422911219E-01,1.954608153836561E-01,-7.308163239786974E-03,-2.270683542800935E-02,2.349816481995385E-02,4.003876561024231E-03
2449564.500000000,1.461941449566704E-01,2.725748552751422E-01,8.844025522439437E-03,-3.040908242068561E-02,1.441239867216082E-02,3.968792262094087E-03
2449568.500000000,1.615752407249000E-02,3.069293560925994E-01,2.358753497276478E-02,-3.373804734550974E-02,2.510408668123880E-03,3.302204609600554E-03
2449572.500000000,-1.165672998617351E-01,2.927231780684243E-01,3.461125577154017E-02,-3.178836510728024E-02,-9.355685003170881E-03,2.153969971836600E-03
2449576.500000000,-2.326270419630833E-01,2.356191050417505E-01,4.060111021291770E-02,-2.572726374144311E-02,-1.863034642938952E-02,8.399826825006298E-04
2449580.500000000,-3.197110020760817E-01,1.485193389658368E-01,4.148086381520034E-02,-1.764294981538135E-02,-2.432020598133275E-02,-3.669191035403257E-04
2449584.500000000,-3.733886259910028E-01,4.546833548988850E-02,3.799098078720984E-02,-9.244964815421209E-03,-2.671587394308390E-02,-1.333537513026138E-03
2449588.500000000,-3.945554353654202E-01,-6.183771292574373E-02,3.116904608141134E-02,-1.491881324946793E-03,-2.658184512926111E-02,-2.034321659939147E-03
2449592.500000000,-3.867296947100724E-01,-1.648090382860772E-01,2.203967116116345E-02,5.216110948675455E-03,-2.465829542306355E-02,-2.492993699250926E-03
2449596.500000000,-3.543640384841138E-01,-2.574757609019908E-01,1.149924314148204E-02,1.077476982968686E-02,-2.150758648512987E-02,-2.745919397652385E-03
2449600.500000000,-3.020394760617080E-01,-3.357568419991951E-01,3.016484204561811E-04,1.520342720188939E-02,-1.751791506905877E-02,-2.826582357999183E-03
2449604.500000000,-2.341717065778953E-01,-3.968491434452024E-01,-1.091878437741818E-02,1.855542489244216E-02,-1.294798061827171E-02,-2.761010612283164E-03
2449608.500000000,-1.549697378874314E-01,-4.388000959920813E-01,-2.161617759984261E-02,2.087624758687189E-02,-7.970935376751835E-03,-2.567523189085761E-03
2449612.500000000,-6.851015985922601E-02,-4.602378024342973E-01,-3.130424040889758E-02,2.218452594359340E-02,-2.708992962041468E-03,-2.257813120851884E-03
2449616.500000000,2.113484445148307E-02,-4.602234887026069E-01,-3.953246519336993E-02,2.246268096341656E-02,2.739348263230710E-03,-1.838312274851415E-03
2449620.500000000,1.097404463723506E-01,-4.382056029583727E-01,-4.586796087536902E-02,2.165116463154528E-02,8.274856096409799E-03,-1.311659712347826E-03
2449624.500000000,1.927528719029149E-01,-3.940751172232805E-01,-4.988378581653817E-02,1.964462418697127E-02,1.377043473964347E-02,-6.785656019861636E-04
2449628.500000000,2.651047055718592E-01,-3.283452415098958E-01,-5.115667229349627E-02,1.629235152412364E-02,1.903487343181898E-02,5.918641063565891E-05
2449632.500000000,3.210538279405165E-01,-2.425066592406274E-01,-4.928125762557162E-02,1.141196268723990E-02,2.376012097720740E-02,8.931766551253821E-04
2449636.500000000,3.541370133645892E-01,-1.396358334472166E-01,-4.391551268928954E-02,4.838305077724736E-03,2.744745455822527E-02,1.797828998606543E-03
2449640.500000000,3.574590622702811E-01,-2.532398265694414E-02,-3.488316580469317E-02,-3.448153887678045E-03,2.932667844840428E-02,2.712024658469163E-03
2449644.500000000,3.247571904635764E-01,9.116871755940879E-02,-2.236569235661984E-02,-1.305319727462572E-02,2.834648894420031E-02,3.513700913038162E-03
2449648.500000000,2.528262049667351E-01,1.961855797262877E-01,-7.184374428531738E-03,-2.277728819191614E-02,2.344374730686016E-02,4.005900159343291E-03
2449652.500000000,1.452542737211019E-01,2.730190132125299E-01,8.966670227946392E-03,-3.045397086724068E-02,1.432834593724775E-02,3.966045538705455E-03
2449656.500000000,1.511579661875844E-02,3.070062782633175E-01,2.368952010296588E-02,-3.374283408829234E-02,2.414806576842400E-03,3.294830315733991E-03
2449660.500000000,-1.175479049004375E-01,2.924345864975134E-01,3.467775057706365E-02,-3.175473621791597E-02,-9.439372587386434E-03,2.144040314174011E-03
2449664.500000000,-2.334200577926391E-01,2.350454988149354E-01,4.062707479723388E-02,-2.566997990143549E-02,-1.868797327721347E-02,8.300094345941467E-04
2449668.500000000,-3.202546289060190E-01,1.477714782325246E-01,4.146967139648484E-02,-1.757776774566542E-02,-2.435021558392316E-02,-3.753612024795193E-04
2449672.500000000,-3.736737328602706E-01,4.464764984433044E-02,3.795008131389738E-02,-9.182075237396566E-03,-2.672332933847231E-02,-1.339925724681838E-03
2449676.500000000,-3.946022534078876E-01,-6.265357260622649E-02,3.110664511748056E-02,-1.436096201638577E-03,-2.657294550102036E-02,-2.038720150202289E-03
2449680.500000000,-3.865705917708813E-01,-1.655653031849707E-01,2.196322068336114E-02,5.263180482885029E-03,-2.463811646987078E-02,-2.495668943848635E-03
2449684.500000000,-3.540344413936162E-01,-2.581349778029536E-01,1.141506208367651E-02,1.081298717072797E-02,-2.147973123704383E-02,-2.747153105799250E-03
2449688.500000000,-3.015741141750952E-01,-3.362934682047867E-01,2.150187928771721E-04,1.523316808466144E-02,-1.748479878333811E-02,-2.826606362231410E-03
2449692.500000000,-2.336036064571956E-01,-3.972455469257992E-01,-1.100338343888279E-02,1.857711489105650E-02,-1.291120112449395E-02,-2.759994633443364E-03
2449696.500000000,-1.543304956761670E-01,-4.390439246870622E-01,-2.169483024937211E-02,2.089015403719903E-02,-7.931579176063450E-03,-2.565580725566845E-03
2449700.500000000,-6.783078733989110E-02,-4.603204270955636E-01,-3.137338950541393E-02,2.219066284135832E-02,-2.667869417530064E-03,-2.255011845670493E-03
2449704.500000000,2.182279615754316E-02,-4.601392876089405E-01,-3.958875100136965E-02,2.246075789376799E-02,2.781514037943339E-03,-1.834685108248058E-03
2449708.500000000,1.104035962727865E-01,-4.379520003269448E-01,-4.590810604643181E-02,2.164055238447150E-02,8.317232342617996E-03,-1.307217268558052E-03
2449712.500000000,1.933546124305334E-01,-3.936534547236906E-01,-4.990453872438884E-02,1.962433883333473E-02,1.381184927787634E-02,-6.733138370280603E-04
2449716.500000000,2.656038341734732E-01,-3.277627579558215E-01,-5.115484354366718E-02,1.626109512887900E-02,1.907348383842497E-02,6.521550667426178E-05
2449720.500000000,3.214036160772581E-01,-2.417800738838832E-01,-4.925392774374714E-02,1.136832787913852E-02,2.379293539775056E-02,8.998671356073913E-04
2449724.500000000,3.542857922609035E-01,-1.387971604527649E-01,-4.386056123001183E-02,4.781384340391113E-03,2.746970845262411E-02,1.804874160932177E-03
2449728.500000000,3.573547438710576E-01,-2.442875826572944E-02,-3.480035842698586E-02,-3.517325677410873E-03,2.933134052660527E-02,2.718754411913017E-03
2449732.500000000,3.243599454855342E-01,9.203300477393171E-02,-2.225853242045473E-02,-1.312899370895513E-02,2.832491846010030E-02,3.518892567065192E-03
2449736.500000000,2.521329609747553E-01,1.968993519942422E-01,-7.062361032831928E-03,-2.284664671187863E-02,2.338956269516243E-02,4.007833558829366E-03
2449740.500000000,1.443279110754359E-01,2.734543135841563E-01,9.087301468701233E-03,-3.049796726254581E-02,1.424512142590484E-02,3.963276320750653E-03
2449744.500000000,1.409007182200855E-02,3.070785166679072E-01,2.378957422520567E-02,-3.374731176664332E-02,2.320393776127400E-03,3.287518465911157E-03
2449748.500000000,-1.185126184228566E-01,2.921460054859980E-01,3.474268763257646E-02,-3.172144761601648E-02,-9.521978313186817E-03,2.134226404200064E-03
2449752.500000000,-2.341994089570550E-01,2.344754405287498E-01,4.065196404453776E-02,-2.561340984581463E-02,-1.874493838768516E-02,8.201540443225553E-04
2449756.500000000,-3.207876371390269E-01,1.470289152787718E-01,4.145782247494492E-02,-1.751335135697383E-02,-2.437999502370589E-02,-3.837144646321265E-04
2449760.500000000,-3.739510655739450E-01,4.383255146389022E-02,3.790881108176403E-02,-9.119826047248774E-03,-2.673084291999085E-02,-1.346259226034236E-03
2449764.500000000,-3.946435259061400E-01,-6.346440188462042E-02,3.104403659773294E-02,-1.380786149987547E-03,-2.656424541384295E-02,-2.043089964776429E-03
2449768.500000000,-3.864075583483031E-01,-1.663174499303381E-01,2.188664334859626E-02,5.309909547565415E-03,-2.461818282140442E-02,-2.498330805574568E-03
2449772.500000000,-3.537020939668060E-01,-2.587910679506709E-01,1.133079260512358E-02,1.085094580942376E-02,-2.145212239286315E-02,-2.748379693577000E-03
2449776.500000000,-3.011069595006307E-01,-3.368279357210434E-01,1.283276725580812E-04,1.526268130912734E-02,-1.745192067707992E-02,-2.826623210644667E-03
2449780.500000000,-2.330346277336894E-01,-3.976407447086738E-01,-1.108800915089425E-02,1.859857059188418E-02,-1.287466297273447E-02,-2.758968078811515E-03
2449784.500000000,-1.536913610592064E-01,-4.392875551596813E-01,-2.177345940496329E-02,2.090380011344750E-02,-7.892489576627510E-03,-2.563623979044739E-03
2449788.500000000,-6.715261811720481E-02,-4.604040142981732E-01,-3.144245463829518E-02,2.219651409942717E-02,-2.627064132185121E-03,-2.252195296162609E-03
2449792.500000000,2.250838312527292E-02,-4.600574683534551E-01,-3.964489797983710E-02,2.245854485964221E-02,2.823284613364178E-03,-1.831046789032898E-03
2449796.500000000,1.110632764639695E-01,-4.377025459717014E-01,-4.594808687430393E-02,2.162968576200300E-02,8.359118611758405E-03,-1.302774390119227E-03
2449800.500000000,1.939520291381576E-01,-3.932380974040892E-01,-4.992515873956475E-02,1.960389149699152E-02,1.385267676129662E-02,-6.680793722881451E-04
2449804.500000000,2.660982898557419E-01,-3.271890882679897E-01,-5.115299705159446E-02,1.622983830672546E-02,1.911143366537005E-02,7.120348276634992E-05
2449808.500000000,3.217491726728608E-01,-2.410649967785352E-01,-4.922679829000502E-02,1.132492526394382E-02,2.382507727644605E-02,9.064895023666463E-04
2449812.500000000,3.544318254338997E-01,-1.379725350527775E-01,-4.380613360428090E-02,4.724979340787702E-03,2.749138779423890E-02,1.811826838590505E-03
2449816.500000000,3.572503108935376E-01,-2.354942986849433E-02,-3.471847565063769E-02,-3.585706758002416E-03,2.933568133926675E-02,2.725379168732971E-03
2449820.500000000,3.239661222323022E-01,9.288089296429193E-02,-2.215270560279677E-02,-1.320384429927038E-02,2.830344063712348E-02,3.523989586394757E-03
2449824.500000000,2.514468267066924E-01,1.975980651123461E-01,-6.941990225260596E-03,-2.291515826401777E-02,2.333595160140325E-02,4.009711403177800E-03
2449828.500000000,1.434113397488838E-01,2.738776062869632E-01,9.206179405925831E-03,-3.054151176081224E-02,1.416280338122392E-02,3.960508034977919E-03
2449832.500000000,1.307490745918778E-02,3.071424684818312E-01,2.388797582150419E-02,-3.375185073381835E-02,2.226870519158655E-03,3.280251224735141E-03
2449836.500000000,-1.194677824984542E-01,2.918521118034112E-01,3.480617902398541E-02,-3.168855451746973E-02,-9.604018850557994E-03,2.124465143866695E-03
2449840.500000000,-2.349709532594092E-01,2.339015544917510E-01,4.067558520658745E-02,-2.555727065100578E-02,-1.880171289953409E-02,8.103322959136734E-04
2449844.500000000,-3.213142936789999E-01,1.462827661422015E-01,4.144479306926305E-02,-1.744921511074262E-02,-2.440981369615729E-02,-3.920565036581856E-04
2449848.500000000,-3.742227944326353E-01,4.301354197353222E-02,3.786637723098451E-02,-9.057674679320771E-03,-2.673845532673109E-02,-1.352593366711555E-03
2449852.500000000,-3.946792977380183E-01,-6.427945934768164E-02,3.098025849039612E-02,-1.325440654165796E-03,-2.655559211098266E-02,-2.047460446533044E-03
2449856.500000000,-3.862387228103202E-01,-1.670738156042847E-01,2.180890697064452E-02,5.356744286567634E-03,-2.459819320866385E-02,-2.500985938962324E-03
2449860.500000000,-3.533634632632167E-01,-2.594509224983066E-01,1.124541037271252E-02,1.088903338402738E-02,-2.142434211082489E-02,-2.749589853721896E-03
2449864.500000000,-3.006330052942349E-01,-3.373652583840051E-01,4.060688751839823E-05,1.529232090396393E-02,-1.741876107948398E-02,-2.826615384256840E-03
2449868.500000000,-2.324583701688062E-01,-3.980374711192590E-01,-1.117355418727658E-02,1.862013815615427E-02,-1.283774518719631E-02,-2.757911490258054E-03
2449872.500000000,-1.530445436609524E-01,-4.395310197259875E-01,-2.185288048297170E-02,2.091753450798660E-02,-7.852934094205160E-03,-2.561633686943250E-03
2449876.500000000,-6.646648303228302E-02,-4.604854143377899E-01,-3.151216989997761E-02,2.220241534394730E-02,-2.585715181522643E-03,-2.249341071289484E-03
2449880.500000000,2.320201939277589E-02,-4.599711409332274E-01,-3.970153137924640E-02,2.245631838800356E-02,2.865671178075734E-03,-1.827363621354715E-03
2449884.500000000,1.117307651450520E-01,-4.374459857064322E-01,-4.598835282681935E-02,2.161870484691360E-02,8.401686034744962E-03,-1.298274862764565E-03
2449888.500000000,1.945565134790796E-01,-3.928128053220091E-01,-4.994580506400154E-02,1.958317856374207E-02,1.389423317945207E-02,-6.627713109041405E-04
2449892.500000000,2.665983467229043E-01,-3.266025337541423E-01,-5.115084107273512E-02,1.619810293724578E-02,1.915012022550466E-02,7.728631188107142E-05
2449896.500000000,3.220978818050415E-01,-2.403341958674035E-01,-4.919893446037631E-02,1.128076685553588E-02,2.385788440083548E-02,9.132292506689379E-04
2449900.500000000,3.545773539048693E-01,-1.371298854723477E-01,-4.375046455957493E-02,4.667498347960894E-03,2.751352354921569E-02,1.818913894777662E-03
2449904.500000000,3.571404593963425E-01,-2.265099784653590E-02,-3.463480699434160E-02,-3.655453438014491E-03,2.934006731593496E-02,2.732137476371383E-03
2449908.500000000,3.235611146039927E-01,9.374686282385350E-02,-2.204461498138865E-02,-1.328016381708965E-02,2.828137400154097E-02,3.529184986611368E-03
2449912.500000000,2.507440511593190E-01,1.983110410404564E-01,-6.819105978842843E-03,-2.298484986704254E-02,2.328102855804404E-02,4.011608908375489E-03
2449916.500000000,1.424747676233203E-01,2.743088293699458E-01,9.327446325013432E-03,-3.058549390540307E-02,1.407870874758587E-02,3.957657952868861E-03
2449920.500000000,1.203980729745000E-02,3.072072613587994E-01,2.398827648936392E-02,-3.375593680094362E-02,2.131682409157431E-03,3.272830041926367E-03
2449924.500000000,-1.204397572394605E-01,2.915534809153618E-01,3.487091466927097E-02,-3.165462953179353E-02,-9.687135572934824E-03,2.114540830173818E-03
2449928.500000000,-2.357548082910709E-01,2.333199980273072E-01,4.069986317309446E-02,-2.549998136981969E-02,-1.885889510323388E-02,8.003844545546490E-04
2449932.500000000,-3.218489511728744E-01,1.455283538232928E-01,4.143201285743841E-02,-1.738410356263122E-02,-2.443956133626885E-02,-4.004767712273622E-04
2449936.500000000,-3.744991432546555E-01,4.218712102088153E-02,3.782396059146857E-02,-8.994810159321619E-03,-2.674574676320464E-02,-1.358967630892985E-03
2449940.500000000,-3.947173263768261E-01,-6.510042980098593E-02,3.091638922415790E-02,-1.269617600996550E-03,-2.654653109906652E-02,-2.051847242070157E-03
2449944.500000000,-3.860706020590675E-01,-1.678344493968359E-01,2.173104203875127E-02,5.403883320853310E-03,-2.457779870717304E-02,-2.503644975061013E-03
2449948.500000000,-3.530245749400823E-01,-2.601134995912327E-01,1.115989672193324E-02,1.092731167092445E-02,-2.139619696282929E-02,-2.750798308964570E-03
2449952.500000000,-3.001581810707730E-01,-3.379039369884793E-01,-4.723249754088600E-05,1.532208197129147E-02,-1.738528215674686E-02,-2.826603058243944E-03
2449956.500000000,-2.318808453900252E-01,-3.984343488570946E-01,-1.125919486353515E-02,1.864178644426141E-02,-1.280054144983878E-02,-2.756847821690553E-03
2449960.500000000,-1.523961893063783E-01,-4.397735247003747E-01,-2.193236219375820E-02,2.093132481737218E-02,-7.813105302704664E-03,-2.559632764829713E-03
2449964.500000000,-6.577862594758710E-02,-4.605647483855888E-01,-3.158189390441423E-02,2.220835327641089E-02,-2.544082566583376E-03,-2.246471270757923E-03
2449968.500000000,2.389747934961555E-02,-4.598815564423577E-01,-3.975809838348573E-02,2.245410423031640E-02,2.908372781196064E-03,-1.823658105184500E-03
2449972.500000000,1.124000507396544E-01,-4.371848181155771E-01,-4.602844540182674E-02,2.160769410520501E-02,8.444615489295570E-03,-1.293743715633645E-03
2449976.500000000,1.951625399149801E-01,-3.923813523443253E-01,-4.996612785517526E-02,1.956236141305993E-02,1.393620402280039E-02,-6.574192448562196E-04
2449980.500000000,2.670993042100437E-01,-3.260080737701486E-01,-5.114815554533625E-02,1.616614219842927E-02,1.918926019253286E-02,8.342857659332897E-05
2449984.500000000,3.224462550195197E-01,-2.395936676304884E-01,-4.917026977052892E-02,1.123620621900128E-02,2.389113765459840E-02,9.200451384451433E-04
2449988.500000000,3.547205026867778E-01,-1.362758903037268E-01,-4.369366170770766E-02,4.609392883897277E-03,2.753600100479708E-02,1.826089974154534E-03
2449992.500000000,3.570252867291678E-01,-2.174031627794358E-02,-3.454964371651746E-02,-3.726036278118098E-03,2.934453298376781E-02,2.738983701842898E-03
2449996.500000000,3.231472231621693E-01,9.462456859742983E-02,-2.193472487830014E-02,-1.335739010240785E-02,2.825894430634805E-02,3.534439125793007E-03
2450000.500000000,2.500291270825749E-01,1.990332650494394E-01,-6.694305032218085E-03,-2.305520304570622E-02,2.322523463069212E-02,4.013501130523696E-03
2450004.500000000,1.415245019111756E-01,2.747451389643040E-01,9.450451553149955E-03,-3.062954381152305E-02,1.399347258891062E-02,3.954725553910738E-03
2450008.500000000,1.099208411568247E-02,3.072728279327354E-01,2.408988308595573E-02,-3.375945040027910E-02,2.035558854163284E-03,3.265284354134663E-03
2450012.500000000,-1.214213231172261E-01,2.912528810260634E-01,3.493647187647615E-02,-3.161983506857448E-02,-9.770668524119239E-03,2.104507249165321E-03
2450016.500000000,-2.365448601214903E-01,2.327357970425422E-01,4.072461374307649E-02,-2.544191324129722E-02,-1.891603163425438E-02,7.903730651714338E-04
2450020.500000000,-3.223871897335661E-01,1.447720200607264E-01,4.141953886942559E-02,-1.731847187582211E-02,-2.446903213861640E-02,-4.089191941991191E-04
2450024.500000000,-3.747775016591129E-01,4.136001372471972E-02,3.778181515230059E-02,-8.931669021651281E-03,-2.675272129631203E-02,-1.365340266216143E-03
2450028.500000000,-3.947566129857135E-01,-6.592091477631044E-02,3.085281844391522E-02,-1.213680999137518E-03,-2.653721047873632E-02,-2.056224100491101E-03
2450032.500000000,-3.859034777717376E-01,-1.685937299718077E-01,2.165351540132959E-02,5.451050811381015E-03,-2.455723103516106E-02,-2.506295114821724E-03
2450036.500000000,-3.526866438685395E-01,-2.607741972543610E-01,1.107474724502361E-02,1.096558816913058E-02,-2.136795935125972E-02,-2.752003085270968E-03
2450040.500000000,-2.996843259245352E-01,-3.384404970085789E-01,-1.347051969095812E-04,1.535184247213104E-02,-1.735177259410334E-02,-2.826593099933426E-03
2450044.500000000,-2.313042647570367E-01,-3.988290742734087E-01,-1.134448887054210E-02,1.866344880954199E-02,-1.276334823264889E-02,-2.755791523285755E-03
2450048.500000000,-1.517486901871966E-01,-4.400139723455998E-01,-2.201153363027329E-02,2.094514492947733E-02,-7.773311085854674E-03,-2.557642326976512E-03
2450052.500000000,-6.509148320983865E-02,-4.606421918207871E-01,-3.165135242584441E-02,2.221433040973867E-02,-2.502497453221550E-03,-2.243613071042275E-03
2450056.500000000,2.459238484227499E-02,-4.597902893881798E-01,-3.981444583312300E-02,2.245192917373882E-02,2.951017864542003E-03,-1.819963755631769E-03
2450060.500000000,1.130689229746847E-01,-4.369222175154110E-01,-4.606836092452891E-02,2.159671363784443E-02,8.487475308734133E-03,-1.289222637036465E-03
2450064.500000000,1.957682489491510E-01,-3.919487904851272E-01,-4.998631244485167E-02,1.954156204176363E-02,1.397807968555799E-02,-6.520767670334454E-04
2450068.500000000,2.675999994846425E-01,-3.254129689660508E-01,-5.114537275044789E-02,1.613419368228544E-02,1.922825948758356E-02,8.955940863204645E-05
2450072.500000000,3.227944417215585E-01,-2.388531877924636E-01,-4.914156427795956E-02,1.119167739549905E-02,2.392418116642957E-02,9.268432905721984E-04
2450076.500000000,3.548637131298033E-01,-1.354229502988683E-01,-4.363691234582371E-02,4.551391044994938E-03,2.755818399345507E-02,1.833235408475222E-03
2450080.500000000,3.569108677936648E-01,-2.083201475745844E-02,-3.446469435864486E-02,-3.796360834931155E-03,2.934863918161848E-02,2.745779396319265E-03
2450084.500000000,3.227355841957881E-01,9.549847690075196E-02,-2.182529472564715E-02,-1.343411283656463E-02,2.823619165387722E-02,3.539621582442138E-03
2450088.500000000,2.493190090861084E-01,1.997508111743348E-01,-6.570271658285404E-03,-2.312479460059478E-02,2.316936584179062E-02,4.015315627883055E-03
2450092.500000000,1.405823253378211E-01,2.751773668147069E-01,9.572423598907963E-03,-3.067276625556932E-02,1.390863603803675E-02,3.951745025547705E-03
2450096.500000000,9.955281452984171E-03,3.073369182696032E-01,2.419038381672788E-02,-3.376243743811150E-02,1.940308932189699E-03,3.257753743464977E-03
2450100.500000000,-1.223909189244359E-01,2.909547635867583E-01,3.500111304084642E-02,-3.158505612958903E-02,-9.853161167916227E-03,2.094549591794871E-03
2450104.500000000,-2.373240116689357E-01,2.321579668872038E-01,4.074881937671629E-02,-2.538433175797224E-02,-1.897230916447945E-02,7.804649226378235E-04
2450108.500000000,-3.229170337450939E-01,1.440248321339889E-01,4.140693093541014E-02,-1.725356674005594E-02,-2.449798344472810E-02,-4.172634798611119E-04
2450112.500000000,-3.750505039317777E-01,4.054345419279549E-02,3.773988871844334E-02,-8.869294600029137E-03,-2.675950400417550E-02,-1.371635930457223E-03
2450116.500000000,-3.947934905833274E-01,-6.673061136036577E-02,3.078972565643208E-02,-1.158439193727503E-03,-2.652794680843971E-02,-2.060548276742328E-03
2450120.500000000,-3.857364976401113E-01,-1.693428081237353E-01,2.157663323304475E-02,5.497640052913392E-03,-2.453688700142266E-02,-2.508913998201986E-03
2450124.500000000,-3.523509207570402E-01,-2.614258104164766E-01,1.099033187118900E-02,1.100341040347945E-02,-2.134004816419957E-02,-2.753193545265755E-03
2450128.500000000,-2.992142618693914E-01,-3.389694077040731E-01,-2.214132838991299E-04,1.538126342998403E-02,-1.731864837350493E-02,-2.826581574287413E-03
2450132.500000000,-2.307326284463902E-01,-3.992177612197245E-01,-1.142903189129159E-02,1.868487151323447E-02,-1.272657159723304E-02,-2.754743150924099E-03
2450136.500000000,-1.511069193750397E-01,-4.402500823598981E-01,-2.209000093369253E-02,2.095881040623057E-02,-7.733948851906407E-03,-2.555667109707466E-03
2450140.500000000,-6.441053804353918E-02,-4.607170426838789E-01,-3.172018014357407E-02,2.222022586028298E-02,-2.461352157216663E-03,-2.240776197006744E-03
2450144.500000000,2.528089828440064E-02,-4.596982005035853E-01,-3.987025940788518E-02,2.244973771640924E-02,2.993217434611929E-03,-1.816296573471787E-03
2450148.500000000,1.137314636845138E-01,-4.366605894600898E-01,-4.610786374648222E-02,2.158578003023443E-02,8.529883263286709E-03,-1.284735135790674E-03
2450152.500000000,1.963679471465148E-01,-3.915190222567341E-01,-5.000623345393417E-02,1.952087757404725E-02,1.401949688110316E-02,-6.467755224203427E-04
2450156.500000000,2.680952990321628E-01,-3.248224981269679E-01,-5.114250924835943E-02,1.610244053097102E-02,1.926679870462007E-02,9.563978161564162E-05
2450160.500000000,3.231382066412624E-01,-2.381191588328844E-01,-4.911300037397667E-02,1.114744386563088E-02,2.395678088476984E-02,9.335806894059382E-04
2450164.500000000,3.550039199420316E-01,-1.345781401641522E-01,-4.358056699129801E-02,4.493806307993030E-03,2.757998061757779E-02,1.840310862697795E-03
2450168.500000000,3.567953790820882E-01,-1.993315873166984E-02,-3.438043911125751E-02,-3.866136065794528E-03,2.935248844784960E-02,2.752501444465015E-03
2450172.500000000,3.223252982149455E-01,9.636232718612255E-02,-2.171684182993330E-02,-1.351018383623747E-02,2.821340565819225E-02,3.544738650259994E-03
2450176.500000000,2.486128966563096E-01,2.004587494246721E-01,-6.447432085846990E-03,-2.319373599297192E-02,2.311376290945976E-02,4.017090329377040E-03
2450180.500000000,1.396464693702583E-01,2.756016434579842E-01,9.693121395725776E-03,-3.071551190445043E-02,1.382434716418232E-02,3.948765812278066E-03
2450184.500000000,8.926103738962320E-03,3.073955626237759E-01,2.428970198408370E-02,-3.376526201982044E-02,1.845726769228290E-03,3.250265847914384E-03
2450188.500000000,-1.233528718139801E-01,2.906537303626271E-01,3.506479436692582E-02,-3.155041304216126E-02,-9.935089269287867E-03,2.084656199041931E-03
2450192.500000000,-2.380964174945071E-01,2.315790437531053E-01,4.077232297374834E-02,-2.532703446337279E-02,-1.902824674223821E-02,7.706180256729969E-04
2450196.500000000,-3.234413136251773E-01,1.432774790769145E-01,4.139383587586058E-02,-1.718895052984303E-02,-2.452679947894852E-02,-4.255625092456076E-04
2450200.500000000,-3.753189895885493E-01,3.972699484615890E-02,3.769762189026395E-02,-8.807151307537828E-03,-2.676627529673965E-02,-1.377902889619944E-03
2450204.500000000,-3.948266608186390E-01,-6.754028538598675E-02,3.072638266315067E-02,-1.103375185710491E-03,-2.651872391453618E-02,-2.064855004067678E-03
2450208.500000000,-3.855664705857280E-01,-1.700920588219425E-01,2.149955861412113E-02,5.544070245573295E-03,-2.451659565803306E-02,-2.511520494664351E-03
2450212.500000000,-3.520128134115117E-01,-2.620778074524236E-01,1.090577181052639E-02,1.104105473515901E-02,-2.131218997034523E-02,-2.754371892503286E-03
2450216.500000000,-2.987426097433804E-01,-3.394989268975889E-01,-3.082136596947569E-04,1.541046105298595E-02,-1.728558618366384E-02,-2.826555769505236E-03
2450220.500000000,-2.301604087208526E-01,-3.996073565877160E-01,-1.151360546646601E-02,1.870601485235288E-02,-1.268988701411686E-02,-2.753678394809780E-03
2450224.500000000,-1.504657874148747E-01,-4.404875722301437E-01,-2.216843241086850E-02,2.097214645346633E-02,-7.694734689531752E-03,-2.553675600490671E-03
2450228.500000000,-6.373161591709479E-02,-4.607940197996347E-01,-3.178891311220351E-02,2.222576350793989E-02,-2.420435712638884E-03,-2.237926875641576E-03
2450232.500000000,2.596595861834647E-02,-4.596093464359027E-01,-3.992594383300499E-02,2.244719614305109E-02,3.035089448543783E-03,-1.812625456170278E-03
2450236.500000000,1.143892450877880E-01,-4.364037155724648E-01,-4.614724685002892E-02,2.157455237649544E-02,8.571859572447110E-03,-1.280257065405515E-03
2450240.500000000,1.969619162949538E-01,-3.910959241776433E-01,-5.002610630846289E-02,1.950001222992510E-02,1.406039196121555E-02,-6.415011943929511E-04
2450244.500000000,2.685844712364630E-01,-3.242409055536048E-01,-5.113974427011195E-02,1.607067846772059E-02,1.930476518634917E-02,1.016736278373305E-04
2450248.500000000,3.234762347751894E-01,-2.373962853806707E-01,-4.908475849552672E-02,1.110342026056073E-02,2.398882969485744E-02,9.402535489950214E-04
2450252.500000000,3.551396948003369E-01,-1.337464744783751E-01,-4.352482668713992E-02,4.436661106508767E-03,2.760135346904060E-02,1.847311168167944E-03
2450256.500000000,3.566775910117487E-01,-1.904868520491590E-02,-3.429708731915602E-02,-3.935302458868233E-03,2.935616174658004E-02,2.759152522840994E-03
2450260.500000000,3.219152366308661E-01,9.721173973054477E-02,-2.160953395107335E-02,-1.358563682431399E-02,2.819077395241916E-02,3.549809456418668E-03
2450264.500000000,2.479091141187419E-01,2.011534771804841E-01,-6.325843191102127E-03,-2.326228134903910E-02,2.305859505003452E-02,4.018859966232825E-03
2450268.500000000,1.387137845515439E-01,2.760146382613226E-01,9.812627459716445E-03,-3.075824236046866E-02,1.374053494054151E-02,3.945817766739954E-03
2450272.500000000,7.899499768790366E-03,3.074443952681971E-01,2.438797471741594E-02,-3.376836174886336E-02,1.751362726005427E-03,3.242813254251742E-03
2450276.500000000,-1.243134442947593E-01,2.903430272638994E-01,3.512751938884195E-02,-3.151603853144531E-02,-1.001715515876538E-02,2.074768186206449E-03
2450280.500000000,-2.388680758569598E-01,2.309894418814631E-01,4.079481548358430E-02,-2.526976260536175E-02,-1.908450970009265E-02,7.607398726967374E-04
2450284.500000000,-3.239643807938977E-01,1.425181808749992E-01,4.137955951904305E-02,-1.712408623075967E-02,-2.455588847754373E-02,-4.339114458306250E-04
2450288.500000000,-3.755848828571327E-01,3.889787042295514E-02,3.765397487391330E-02,-8.744586969913358E-03,-2.677311926885095E-02,-1.384216204664870E-03
2450292.500000000,-3.948554052558116E-01,-6.836243967156864E-02,3.066150601384031E-02,-1.047831939060324E-03,-2.650933685989089E-02,-2.069190688992133E-03
2450296.500000000,-3.853901170015760E-01,-1.708527010942655E-01,2.142087732107785E-02,5.590962933996225E-03,-2.449593162013735E-02,-2.514134534854662E-03
2450300.500000000,-3.516666245294590E-01,-2.627393688801074E-01,1.081961453347364E-02,1.107911099701168E-02,-2.128379894959065E-02,-2.755538625771405E-03
2450304.500000000,-2.982613481852736E-01,-3.400356316440697E-01,-3.965335721266101E-04,1.544001009547052E-02,-1.725187317051641E-02,-2.826503425427370E-03
2450308.500000000,-2.295772984200888E-01,-4.000013441744676E-01,-1.159956836540856E-02,1.872744700763626E-02,-1.265245946464586E-02,-2.752575452342268E-03
2450312.500000000,-1.498127420459087E-01,-4.407263171626329E-01,-2.224807937844742E-02,2.098570355908023E-02,-7.654695540127533E-03,-2.551635336014772E-03
2450316.500000000,-6.304005526449429E-02,-4.608687886860703E-01,-3.185864355867252E-02,2.223143890473034E-02,-2.378612095352743E-03,-2.235016887064640E-03
2450320.500000000,2.666399323254671E-02,-4.595144856750437E-01,-3.998235373735803E-02,2.244467806076953E-02,3.077953794062284E-03,-1.808878274932205E-03
2450324.500000000,1.150597869400337E-01,-4.361366990490948E-01,-4.618701220084730E-02,2.156318440981994E-02,8.614909776929648E-03,-1.275682529072967E-03
2450328.500000000,1.975676449129382E-01,-3.906582577549818E-01,-5.004592555183172E-02,1.947877363777210E-02,1.410241978722945E-02,-6.361045361207938E-04
2450332.500000000,2.690833039517366E-01,-3.236401864999558E-01,-5.113637736450293E-02,1.603822519984559E-02,1.934386387715242E-02,1.078597089299427E-04
2450336.500000000,3.238203763346972E-01,-2.366499441388218E-01,-4.905524590338871E-02,1.105830140041085E-02,2.402189060811620E-02,9.471077758811444E-04
2450340.500000000,3.552763000052280E-01,-1.328878575618860E-01,-4.346704823056088E-02,4.377968127432730E-03,2.762341394773948E-02,1.854510663865977E-03
2450344.500000000,3.565536201301930E-01,-1.813563444593681E-02,-3.421091044420426E-02,-4.006400470089275E-03,2.935990682257535E-02,2.765991043569061E-03
2450348.500000000,3.214909506352971E-01,9.808827076123494E-02,-2.149875835929329E-02,-1.366310392242516E-02,2.816730106273455E-02,3.555003879633123E-03
2450352.500000000,2.471838212477598E-01,2.018699502124654E-01,-6.200522127882945E-03,-2.333234233010798E-02,2.300160795604239E-02,4.020629705184872E-03
2450356.500000000,1.377555854090947E-01,2.764408043363856E-01,9.935572356428128E-03,-3.080138505585862E-02,1.365437755994065E-02,3.942725787474081E-03
2450360.500000000,6.848222042730116E-03,3.074973705181928E-01,2.448890748699561E-02,-3.377067584104233E-02,1.654970018296032E-03,3.235130659122149E-03
2450364.500000000,-1.252940088823248E-01,2.900300596138153E-01,3.519197634065698E-02,-3.148023016021394E-02,-1.010035151436816E-02,2.064660782418903E-03
2450368.500000000,-2.396538390899307E-01,2.303948789797713E-01,4.081829065605601E-02,-2.521106931755509E-02,-1.914103681382516E-02,7.507108413762981E-04
2450372.500000000,-3.244965131255763E-01,1.417540080658588E-01,4.136580890109313E-02,-1.705814882542641E-02,-2.458473508814162E-02,-4.423408560652680E-04
2450376.500000000,-3.758563286950796E-01,3.806527458678513E-02,3.761063378780159E-02,-8.681328944801316E-03,-2.677954820834089E-02,-1.390563421905531E-03
2450380.500000000,-3.948875301583034E-01,-6.918640148629583E-02,3.059685164961723E-02,-9.918768301432190E-04,-2.649955329971618E-02,-2.073537631932753E-03
2450384.500000000,-3.852158722739013E-01,-1.716137374962075E-01,2.134239160134376E-02,5.638096090706980E-03,-2.447496250722820E-02,-2.516752447898520E-03
2450388.500000000,-3.513217823901142E-01,-2.634003034800868E-01,1.073363936501565E-02,1.111731878895025E-02,-2.125520025127574E-02,-2.756708853390615E-03
2450392.500000000,-2.977809161320725E-01,-3.405710381849905E-01,-4.846881059038916E-04,1.546967231750346E-02,-1.721802738918613E-02,-2.826455967854015E-03
2450396.500000000,-2.289945958941375E-01,-4.003936033360397E-01,-1.168538711034184E-02,1.874897939430721E-02,-1.261494477491877E-02,-2.751477987500300E-03
2450400.500000000,-1.491597143861093E-01,-4.409630317852185E-01,-2.232760240842238E-02,2.099935560618751E-02,-7.614588759992121E-03,-2.549599382301376E-03
2450404.500000000,-6.234814850962096E-02,-4.609412627263407E-01,-3.192826183768185E-02,2.223719985599511E-02,-2.336721374108488E-03,-2.232108182376791E-03
2450408.500000000,2.736267915067105E-02,-4.594170441256567E-01,-4.003864796789100E-02,2.244222468733726E-02,3.120894919631372E-03,-1.805127855199185E-03
2450412.500000000,1.157311718261351E-01,-4.358667728885835E-01,-4.622663837892300E-02,2.155184485802772E-02,8.658046812334326E-03,-1.271099419557853E-03
2450416.500000000,1.981742304895633E-01,-3.902173299743597E-01,-5.006556078923092E-02,1.945751106567395E-02,1.414453389135668E-02,-6.306941751445519E-04
2450420.500000000,2.695827713700644E-01,-3.230358979995122E-01,-5.113276388163294E-02,1.600568343650856E-02,1.938302546037181E-02,1.140629381648830E-04
2450424.500000000,3.241646657252743E-01,-2.358998856800478E-01,-4.902541713860870E-02,1.101302907300954E-02,2.405495567001510E-02,9.539788092542681E-04
2450428.500000000,3.554123430494490E-01,-1.320256972513331E-01,-4.340889742766958E-02,4.319080450577082E-03,2.764537586818512E-02,1.861720107765805E-03
2450432.500000000,3.564283246535803E-01,-1.721970587622535E-02,-3.412435012263890E-02,-4.077670166437029E-03,2.936341369488392E-02,2.772823499623901E-03
2450436.500000000,3.210648787627911E-01,9.896644830440997E-02,-2.138767125155391E-02,-1.374060858765533E-02,2.814345904542919E-02,3.560167280362698E-03
2450440.500000000,2.464570616759377E-01,2.025864946338115E-01,-6.075066531836087E-03,-2.340219254026051E-02,2.294423127872972E-02,4.022343370150610E-03
2450444.500000000,1.367972820318180E-01,2.768657850624427E-01,1.005840643513420E-02,-3.084407602807548E-02,1.356801749376537E-02,3.939572201550075E-03
2450448.500000000,5.798805266336131E-03,3.075489883804647E-01,2.458952602001429E-02,-3.377250512014385E-02,1.558698987575697E-03,3.227412740988857E-03
2450452.500000000,-1.262711298526547E-01,2.897167513562524E-01,3.525605966117259E-02,-3.144414304047641E-02,-1.018319322561578E-02,2.054558794033489E-03
2450456.500000000,-2.404355853648841E-01,2.298015094622202E-01,4.084147669403883E-02,-2.515236110556482E-02,-1.919718362144890E-02,7.407151632539545E-04
2450460.500000000,-3.250249551196625E-01,1.409923583528092E-01,4.135192362176061E-02,-1.699236985632590E-02,-2.461330928586002E-02,-4.507293536864847E-04
2450464.500000000,-3.761248770983950E-01,3.723601875738990E-02,3.756731360817005E-02,-8.618293477884533E-03,-2.678583930573586E-02,-1.396875132603187E-03
2450468.500000000,-3.949176520443415E-01,-7.000669918545370E-02,3.053234072864129E-02,-9.361383187730787E-04,-2.648973919020253E-02,-2.077859076680934E-03
2450472.500000000,-3.850404212517556E-01,-1.723711374642535E-01,2.126413101531333E-02,5.685050399654917E-03,-2.445403162645687E-02,-2.519354785614664E-03
2450476.500000000,-3.509763570872699E-01,-2.640578363376825E-01,1.064793484037618E-02,1.115539407621487E-02,-2.122667603374753E-02,-2.757871524485822E-03
2450480.500000000,-2.973003417542935E-01,-3.411033734248027E-01,-5.725539592136409E-04,1.549924564305533E-02,-1.718426925023318E-02,-2.826406667803130E-03
2450484.500000000,-2.284120313428590E-01,-4.007831422610257E-01,-1.177091758267561E-02,1.877045911933800E-02,-1.257751609834505E-02,-2.750382231689036E-03
2450488.500000000,-1.485069774483322E-01,-4.411973521385807E-01,-2.240684794181400E-02,2.101298245539814E-02,-7.574558015066542E-03,-2.547566823332755E-03
2450492.500000000,-6.165659297526251E-02,-4.610116205778981E-01,-3.199761694744323E-02,2.224295434756213E-02,-2.294893522352645E-03,-2.229203018207341E-03
2450496.500000000,2.806101203681075E-02,-4.593177133804550E-01,-4.009469145617935E-02,2.243977564123815E-02,3.163784731782997E-03,-1.801379949092962E-03
2450500.500000000,1.164022315165217E-01,-4.355951503739854E-01,-4.626602061255320E-02,2.154051402489134E-02,8.701137040831558E-03,-1.266517145859861E-03
2450504.500000000,1.987805283423269E-01,-3.897749060898509E-01,-5.008495227959830E-02,1.943625838667937E-02,1.418659165175826E-02,-6.252832284470784E-04
2450508.500000000,2.700819972327748E-01,-3.224303941946712E-01,-5.112890426770156E-02,1.597315635658977E-02,1.942209844567391E-02,1.202662617596625E-04
2450512.500000000,3.245088083933927E-01,-2.351490808268766E-01,-4.899535004286244E-02,1.096779433241300E-02,2.408786948217100E-02,9.608447837322772E-04
2450516.500000000,3.555485060957903E-01,-1.311635700081762E-01,-4.335055195722653E-02,4.260299499142974E-03,2.766709606966690E-02,1.868911124495000E-03
2450520.500000000,3.563038550716743E-01,-1.630496043659898E-02,-3.403771315330245E-02,-4.148675051933267E-03,2.936659358176811E-02,2.779613663943048E-03
2450524.500000000,3.206412080774052E-01,9.984210306314462E-02,-2.127673673763361E-02,-1.381757137257010E-02,2.811930175673564E-02,3.565258329613040E-03
2450528.500000000,2.457355430191600E-01,2.032996595062533E-01,-5.950097541368438E-03,-2.347117069587941E-02,2.288679322668203E-02,4.023966790696817E-03
2450532.500000000,1.358481080002141E-01,2.772881700768242E-01,1.018042137613934E-02,-3.088575306232270E-02,1.348215175424986E-02,3.936351309420555E-03
2450536.500000000,4.762128015530664E-03,3.076012705839173E-01,2.468918517638424E-02,-3.377362438903794E-02,1.463537282276045E-03,3.219697809828027E-03
2450540.500000000,-1.272339339180555E-01,2.894092419253166E-01,3.531935913196085E-02,-3.140800749829033E-02,-1.026465833547973E-02,2.044538476994437E-03
2450544.500000000,-2.412041691045998E-01,2.292191803210129E-01,4.086430719248820E-02,-2.509424562146883E-02,-1.925215167211980E-02,7.308442255642556E-04
2450548.500000000,-3.255434484398304E-01,1.402455969676128E-01,4.133819413573377E-02,-1.692755390022927E-02,-2.464115829502288E-02,-4.589929201662748E-04
2450552.500000000,-3.763875974332980E-01,3.642358232949158E-02,3.752460334777138E-02,-8.556317223922888E-03,-2.679188032555570E-02,-1.403087289218374E-03
2450556.500000000,-3.949460697367859E-01,-7.080997942711703E-02,3.046877189675963E-02,-8.813827377788710E-04,-2.648005685646982E-02,-2.082114238024749E-03
2450560.500000000,-3.848669045629141E-01,-1.731126173564082E-01,2.118701366496980E-02,5.731175140357903E-03,-2.443349943787746E-02,-2.521922032697952E-03
2450564.500000000,-3.506358425878602E-01,-2.647014123403929E-01,1.056346102976789E-02,1.119281033538985E-02,-2.119872097275421E-02,-2.759024481798077E-03
2450568.500000000,-2.968269914642124E-01,-3.416242509259848E-01,-6.591906218346967E-04,1.552831796623924E-02,-1.715118244008858E-02,-2.826366896345800E-03
2450572.500000000,-2.278384164999997E-01,-4.011640386951411E-01,-1.185528704321371E-02,1.879157306406217E-02,-1.254081852289360E-02,-2.749310370409294E-03
2450576.500000000,-1.478644202492054E-01,-4.414260341947017E-01,-2.248505142032689E-02,2.102635689393364E-02,-7.535295902920769E-03,-2.545569512248976E-03
2450580.500000000,-6.097602594221553E-02,-4.610794739548956E-01,-3.206609164720228E-02,2.224855529199559E-02,-2.253863328663311E-03,-2.226343413198128E-03
2450584.500000000,2.874793230968364E-02,-4.592191239209693E-01,-4.015005837889839E-02,2.243726862097339E-02,3.205849373493288E-03,-1.797688661226858E-03
2450588.500000000,1.170618527281012E-01,-4.353276222294956E-01,-4.630497820717148E-02,2.152923119261610E-02,8.743376794771746E-03,-1.262004640210383E-03
2450592.500000000,1.993758311608475E-01,-3.893400110662003E-01,-5.010422881703006E-02,1.941518481046774E-02,1.422778621225992E-02,-6.199577465789091E-04
2450596.500000000,2.705712682007335E-01,-3.218358440788737E-01,-5.112530563133740E-02,1.594097726454751E-02,1.946033067201132E-02,1.263670925996328E-04
2450600.500000000,3.248447953266592E-01,-2.344124370711537E-01,-4.896598460384858E-02,1.092311719334548E-02,2.412003563218776E-02,9.675938566126696E-04
2450604.500000000,3.556792013171877E-01,-1.303182267079265E-01,-4.329338949619393E-02,4.202303847534101E-03,2.768827463678026E-02,1.875980813695163E-03
2450608.500000000,3.561774465449355E-01,-1.540851787798252E-02,-3.395272187140057E-02,-4.218718030216377E-03,2.936957950595815E-02,2.786297990277033E-03
2450612.500000000,3.202195392515561E-01,1.006995776179182E-01,-2.116779378341997E-02,-1.389356484438932E-02,2.809541070553177E-02,3.570287274697612E-03
2450616.500000000,2.450194660687992E-01,2.039966163488799E-01,-5.827236760894622E-03,-2.353944730451269E-02,2.283005142324674E-02,4.025596739879718E-03
2450620.500000000,1.349062314159022E-01,2.776975911157306E-01,1.030049672001935E-02,-3.092722499000048E-02,1.339715073003209E-02,3.933204851313664E-03
2450624.500000000,3.732583878800934E-03,3.076437464360688E-01,2.478728051405645E-02,-3.377499681557238E-02,1.369033778629497E-03,3.212087911279307E-03
2450628.500000000,-1.281910515072454E-01,2.890937753893530E-01,3.538149361952318E-02,-3.137228412893835E-02,-1.034586165839162E-02,2.034606027282683E-03
2450632.500000000,-2.419685326434796E-01,2.286292892480412E-01,4.088624797486986E-02,-2.503641960082208E-02,-1.930714949695536E-02,7.210223775445862E-04
2450636.500000000,-3.260584672086166E-01,1.394909415061787E-01,4.132370388244792E-02,-1.686282414481755E-02,-2.466910911641645E-02,-4.672383246981532E-04
2450640.500000000,-3.766468857016821E-01,3.560297896688372E-02,3.748117350445776E-02,-8.494293578899026E-03,-2.679793894414281E-02,-1.409294051614948E-03
2450644.500000000,-3.949707776152155E-01,-7.162122446636811E-02,3.040450493601812E-02,-8.265520120223288E-04,-2.647025400761800E-02,-2.086362256085237E-03
2450648.500000000,-3.846894592659874E-01,-1.738613229097910E-01,2.110924333856154E-02,5.777324655848967E-03,-2.441272439336630E-02,-2.524473236839325E-03
2450652.500000000,-3.502914681594587E-01,-2.653510730654257E-01,1.047841868343882E-02,1.123016460152766E-02,-2.117044691880985E-02,-2.760151470736628E-03
2450656.500000000,-2.963502115621240E-01,-3.421498695678802E-01,-7.462760803741876E-04,1.555723879932156E-02,-1.711775062140616E-02,-2.826293829215649E-03
2450660.500000000,-2.272621286863340E-01,-4.015483134628778E-01,-1.193996401747379E-02,1.881246438331464E-02,-1.250379000913495E-02,-2.748201840729604E-03
2450664.500000000,-1.472201758429476E-01,-4.416568424415885E-01,-2.256341533889216E-02,2.103946625548027E-02,-7.495741314700766E-03,-2.543535872122864E-03
2450668.500000000,-6.029486507687448E-02,-4.611483760304924E-01,-3.213458658295085E-02,2.225387960559598E-02,-2.212586802824506E-03,-2.223450316762635E-03
2450672.500000000,2.943436253097107E-02,-4.591206797642342E-01,-4.020531879865526E-02,2.243450005752060E-02,3.248121772213478E-03,-1.793967450739896E-03
2450676.500000000,1.177199974350219E-01,-4.350594543333483E-01,-4.634371487302708E-02,2.151771819078162E-02,8.785805349516014E-03,-1.257464439990504E-03
2450680.500000000,1.999688019610497E-01,-3.889037156477753E-01,-5.012317264756290E-02,1.939391173489727E-02,1.426917677943323E-02,-6.146033243403727E-04
2450684.500000000,2.710574338433632E-01,-3.212390544943378E-01,-5.112124755345565E-02,1.590860452658279E-02,1.949878934451687E-02,1.325033101537762E-04
2450688.500000000,3.251768290279623E-01,-2.336725741103507E-01,-4.893599577284867E-02,1.087819834450125E-02,2.415246331316326E-02,9.743903641390856E-04
2450692.500000000,3.558047528874814E-01,-1.294686001236476E-01,-4.323538368466775E-02,4.143940922046137E-03,2.770971251112651E-02,1.883113142976204E-03
2450696.500000000,3.560440510962812E-01,-1.450692271518205E-02,-3.386661149428808E-02,-4.289322979250098E-03,2.937271629921208E-02,2.793055857168015E-03
2450700.500000000,3.197882433834317E-01,1.015622999997091E-01,-2.105744342816480E-02,-1.397030214901540E-02,2.807138272923039E-02,3.575382347280750E-03
2450704.500000000,2.442906984967572E-01,2.046973925351013E-01,-5.702773239477376E-03,-2.360846429206880E-02,2.277271362022591E-02,4.027251964611876E-03
2450708.500000000,1.339492657393219E-01,2.781075190248136E-01,1.042213914661822E-02,-3.096909742946390E-02,1.331111958271478E-02,3.930012188575887E-03
2450712.500000000,2.687480915802397E-03,3.076822344155355E-01,2.488661297630604E-02,-3.377618720616943E-02,1.273382526283806E-03,3.204363482140921E-03
2450716.500000000,-1.291619036213030E-01,2.887701649860949E-01,3.544433334673085E-02,-3.133586739700423E-02,-1.042794291970524E-02,2.024530138194065E-03
2450720.500000000,-2.427432870000749E-01,2.280286268220895E-01,4.090833595205978E-02,-2.497766392773849E-02,-1.936257507401760E-02,7.110705291430557E-04
2450724.500000000,-3.265801113823036E-01,1.387246553135665E-01,4.130890718684956E-02,-1.679717173960926E-02,-2.469708096808960E-02,-4.755789128979474E-04
2450728.500000000,-3.769093396688967E-01,3.477124995091422E-02,3.743713110727492E-02,-8.431472767433021E-03,-2.680374805570214E-02,-1.415559512741182E-03
2450732.500000000,-3.949957613924694E-01,-7.244227754909507E-02,3.033945104508399E-02,-7.710724015063185E-04,-2.646006003246323E-02,-2.090640390026668E-03
2450736.500000000,-3.845099610468958E-01,-1.746181377886995E-01,2.103060677361419E-02,5.823994307026217E-03,-2.439150123650027E-02,-2.527035416189326E-03
2450740.500000000,-3.499431713038469E-01,-2.660070109787297E-01,1.039249216763976E-02,1.126793773170363E-02,-2.114170883689932E-02,-2.761277352985187E-03
2450744.500000000,-2.958680002040469E-01,-3.426799006604950E-01,-8.342240461635736E-04,1.558649782039984E-02,-1.708385086823886E-02,-2.826211441411656E-03
2450748.500000000,-2.266792004312693E-01,-4.019351181253218E-01,-1.202545231899118E-02,1.883362261037885E-02,-1.246628712966393E-02,-2.747077101663176E-03
2450752.500000000,-1.465683670983111E-01,-4.418882588895697E-01,-2.264251168636320E-02,2.105276951481438E-02,-7.455699145385075E-03,-2.541478857788743E-03
2450756.500000000,-5.960552775248305E-02,-4.612159010721056E-01,-3.220370437677050E-02,2.225931349904906E-02,-2.170804906073997E-03,-2.220525594278828E-03
2450760.500000000,3.012920839954088E-02,-4.590188031858777E-01,-4.026105688955153E-02,2.243173783288293E-02,3.290915464447054E-03,-1.790205067032665E-03
2450764.500000000,1.183863368491455E-01,-4.347857544817458E-01,-4.638274367027938E-02,2.150608404052482E-02,8.828759437188260E-03,-1.252872531615584E-03
2450768.500000000,2.005691837822042E-01,-3.884598166414828E-01,-5.014218028246534E-02,1.937236361059970E-02,1.431107216112867E-02,-6.091865311534168E-04
2450772.500000000,2.715495622814476E-01,-3.206327505953828E-01,-5.111698452594047E-02,1.587577950288908E-02,1.953768984265513E-02,1.387111128218053E-04
2450776.500000000,3.255126404607468E-01,-2.329216580565877E-01,-4.890550341039773E-02,1.083263928292353E-02,2.418520590645019E-02,9.812636118880277E-04
2450780.500000000,3.559311700700157E-01,-1.286070570223106E-01,-4.317656980998143E-02,4.084769200891855E-03,2.773125080043705E-02,1.890319198318999E-03
2450784.500000000,3.559080649597892E-01,-1.359360815265794E-02,-3.377942636918528E-02,-4.360827634723226E-03,2.937563757315106E-02,2.799870480336482E-03
2450788.500000000,3.193508387544408E-01,1.024351142935169E-01,-2.094585708533379E-02,-1.404786256194343E-02,2.804675128229149E-02,3.580497857177602E-03
2450792.500000000,2.435530894500219E-01,2.054051241021794E-01,-5.577094564392125E-03,-2.367798173505616E-02,2.271443572043195E-02,4.028874664266623E-03
2450796.500000000,1.329824530719796E-01,2.785203584522827E-01,1.054476204403364E-02,-3.101095672010464E-02,1.322406316154157E-02,3.926737971794872E-03
2450800.500000000,1.633562980912735E-03,3.077199363769320E-01,2.498655271196426E-02,-3.377690886464257E-02,1.176955457795484E-03,3.196540899170429E-03
2450804.500000000,-1.301392327954567E-01,2.884434675651325E-01,3.550741838758058E-02,-3.129880085943113E-02,-1.051039626077087E-02,2.014375967258118E-03
2450808.500000000,-2.435219854096971E-01,2.274240837183751E-01,4.093042267343912E-02,-2.491831917242079E-02,-1.941805056759728E-02,7.010738025957124E-04
2450812.500000000,-3.271036368005420E-01,1.379546719043905E-01,4.129398756489577E-02,-1.673108120275439E-02,-2.472493476638019E-02,-4.839373066724401E-04
2450816.500000000,-3.771722182064376E-01,3.393643854041361E-02,3.739292976203031E-02,-8.368356403865091E-03,-2.680938066277973E-02,-1.421826897509480E-03
2450820.500000000,-3.950202105291137E-01,-7.326568320825604E-02,3.027424782359173E-02,-7.154021495358169E-04,-2.644968258078813E-02,-2.094912821201071E-03
2450824.500000000,-3.843293141076803E-01,-1.753765889253862E-01,2.095185096693526E-02,5.870785611160925E-03,-2.437010455145019E-02,-2.529588757057562E-03
2450828.500000000,-3.495933313329068E-01,-2.666639155422369E-01,1.030648430974708E-02,1.130578998869811E-02,-2.111280918863742E-02,-2.762393338494170E-03
2450832.500000000,-2.953839843904754E-01,-3.432102706861942E-01,-9.222131163489538E-04,1.561581054759731E-02,-1.704979802363137E-02,-2.826118894032364E-03
2450836.500000000,-2.260942868052649E-01,-4.023216575754124E-01,-1.211094079642583E-02,1.885481862872241E-02,-1.242863433669141E-02,-2.745942031297415E-03
2450840.500000000,-1.459144470572047E-01,-4.421188077018824E-01,-2.272156602498724E-02,2.106609806423604E-02,-7.415504836802454E-03,-2.539410998202953E-03
2450844.500000000,-5.891400506617268E-02,-4.612819381345231E-01,-3.227273475543489E-02,2.226475845332206E-02,-2.128864456641772E-03,-2.217588895569231E-03
2450848.500000000,3.082624569961048E-02,-4.589147886234416E-01,-4.031665616592289E-02,2.242896619879305E-02,3.333875493489262E-03,-1.786428836400458E-03
2450852.500000000,1.190547729639285E-01,-4.345092407725872E-01,-4.642157341247130E-02,2.149441002184617E-02,8.871883926053776E-03,-1.248264270078240E-03
2450856.500000000,2.011714218424537E-01,-3.880124323156273E-01,-5.016091807419488E-02,1.935073309913583E-02,1.435312996082738E-02,-6.037507492416659E-04
2450860.500000000,2.720431144604110E-01,-3.200223659904915E-01,-5.111237193685560E-02,1.584281945659180E-02,1.957672026524147E-02,1.449394488328757E-04
2450864.500000000,3.258492280976273E-01,-2.321662714452908E-01,-4.887458148167992E-02,1.078689322725076E-02,2.421800533170308E-02,9.881554787703622E-04
2450868.500000000,3.560575515583511E-01,-1.277410522080084E-01,-4.311726703559149E-02,4.025386761348121E-03,2.775271818489068E-02,1.897534719087960E-03
2450872.500000000,3.557712747149686E-01,-1.267645713423320E-02,-3.369175137647407E-02,-4.432487079954814E-03,2.937831194559239E-02,2.806673960756101E-03
2450876.500000000,3.189123500081686E-01,1.033104312109039E-01,-2.083388699327986E-02,-1.412538130891470E-02,2.802171223148855E-02,3.585570060970615E-03
2450880.500000000,2.428151982847288E-01,2.061136445721971E-01,-5.451271315543437E-03,-2.374712629154016E-02,2.265574980727993E-02,4.030423405386351E-03
2450884.500000000,1.320174806372195E-01,2.789328315863902E-01,1.066721656228195E-02,-3.105216052354177E-02,1.313688510832868E-02,3.923388391871933E-03
2450888.500000000,5.841721004376203E-04,3.077576826552668E-01,2.508609392058285E-02,-3.377700780691491E-02,1.080855235609398E-03,3.188684640417085E-03
2450892.500000000,-1.311101801670736E-01,2.881187817243210E-01,3.557008639115635E-02,-3.126146318424856E-02,-1.059224349121498E-02,2.004245042425679E-03
2450896.500000000,-2.442940430092932E-01,2.268240047935073E-01,4.095226567810493E-02,-2.485910043771707E-02,-1.947295202122330E-02,6.911351223429494E-04
2450900.500000000,-3.276215709021477E-01,1.371910454377528E-01,4.127907385370746E-02,-1.666535778575940E-02,-2.475243153084019E-02,-4.922332278377647E-04
2450904.500000000,-3.774311634068506E-01,3.310892103928040E-02,3.734896028518789E-02,-8.305678547210916E-03,-2.681489649038060E-02,-1.428045579952461E-03
2450908.500000000,-3.950424398118186E-01,-7.408172138596765E-02,3.020943329806025E-02,-6.601389092829898E-04,-2.643937358413500E-02,-2.099155664183692E-03
2450912.500000000,-3.841479368341819E-01,-1.761282027468082E-01,2.087356627094813E-02,5.917242161341828E-03,-2.434889408574996E-02,-2.532129874188262E-03
2450916.500000000,-3.492439446001898E-01,-2.673148717463553E-01,1.022096873697087E-02,1.134338414388313E-02,-2.108416067978731E-02,-2.763510191262773E-03
2450920.500000000,-2.949013187539350E-01,-3.437357690399653E-01,-1.009732103800008E-03,1.564493044068847E-02,-1.701602853400730E-02,-2.826035902488986E-03
2450924.500000000,-2.255113894944541E-01,-4.027044958050305E-01,-1.219600870364832E-02,1.887587197458795E-02,-1.239128219818070E-02,-2.744821664983162E-03
2450928.500000000,-1.452630354703359E-01,-4.423468887353506E-01,-2.280026474917947E-02,2.107932153239842E-02,-7.375627357166944E-03,-2.537360619429389E-03
2450932.500000000,-5.822534842430271E-02,-4.613468209119893E-01,-3.234148290965423E-02,2.227012917752496E-02,-2.087266146741412E-03,-2.214671332726199E-03
2450936.500000000,3.152018235723799E-02,-4.588110655707971E-01,-4.037205325078536E-02,2.242615250284083E-02,3.376451539050828E-03,-1.782673660384816E-03
2450940.500000000,1.197200221767116E-01,-4.342346726430817E-01,-4.646029200859448E-02,2.148273796570302E-02,8.914561749890866E-03,-1.243680982206684E-03
2450944.500000000,2.017706098510264E-01,-3.875689399660010E-01,-5.017965912680884E-02,1.932917495784293E-02,1.439465835794794E-02,-5.983481185856376E-04
2450948.500000000,2.725341212861744E-01,-3.194181760252718E-01,-5.110792243551864E-02,1.581004937329304E-02,1.961512870868146E-02,1.511197159705564E-04
2450952.500000000,3.261843844571877E-01,-2.314197310668482E-01,-4.884405853190724E-02,1.074152900930506E-02,2.425010729968009E-02,9.949760820869501E-04
2450956.500000000,3.561845749788898E-01,-1.268867277848261E-01,-4.305870670216067E-02,3.966676557185643E-03,2.777348440410921E-02,1.904649056959775E-03
2450960.500000000,3.556385570780430E-01,-1.177354406005039E-02,-3.360528364868413E-02,-4.503092191833579E-03,2.938044569911592E-02,2.813347574721272E-03
2450964.500000000,3.184829432658527E-01,1.041701166927681E-01,-2.072367306850147E-02,-1.420146463071036E-02,2.799657156511399E-02,3.590502945831209E-03
2450968.500000000,2.420925594181603E-01,2.068075501114320E-01,-5.327710037211704E-03,-2.381468512731396E-02,2.259771926169599E-02,4.031867855132016E-03
2450972.500000000,1.310735824444370E-01,2.793350697124387E-01,1.078715634318700E-02,-3.109213890799894E-02,1.305122353238361E-02,3.920024649465703E-03
2450976.500000000,-4.408746549313577E-04,3.077924528156992E-01,2.518328951266481E-02,-3.377675731498467E-02,9.867693693763854E-04,3.180925440697595E-03
2450980.500000000,-1.320573733653135E-01,2.877990845908960E-01,3.563096236947025E-02,-3.122473880194089E-02,-1.067222692053535E-02,1.994283606209967E-03
2450984.500000000,-2.450461707438253E-01,2.262352579779476E-01,4.097303303802166E-02,-2.480110354575967E-02,-1.952658638819450E-02,6.813756552189551E-04
2450988.500000000,-3.281249376974902E-01,1.364424628457123E-01,4.126374704628270E-02,-1.660103168127123E-02,-2.477932625047620E-02,-5.003811644780006E-04
2450992.500000000,-3.776809864410555E-01,3.229775437852490E-02,3.730508453657622E-02,-8.244294841105341E-03,-2.682032973580023E-02,-1.434158920210680E-03
2450996.500000000,-3.950603035658813E-01,-7.488180838141004E-02,3.014505548758661E-02,-6.059505744017673E-04,-2.642931872915642E-02,-2.103330901602255E-03
2451000.500000000,-3.839660128593751E-01,-1.768653050937281E-01,2.079592903201666E-02,5.962862678953454E-03,-2.432812932794998E-02,-2.534631628020181E-03
2451004.500000000,-3.488969128952065E-01,-2.679533133751238E-01,1.013621634287496E-02,1.138035783856449E-02,-2.105605222993917E-02,-2.764607296234417E-03
2451008.500000000,-2.944231202850641E-01,-3.442509970230205E-01,-1.096437349837510E-03,1.567360822250618E-02,-1.698283349241796E-02,-2.825946547414864E-03
2451012.500000000,-2.249344346312805E-01,-4.030793683011932E-01,-1.228025740835459E-02,1.889662383823966E-02,-1.235450351438152E-02,-2.743704468390847E-03
2451016.500000000,-1.446185462453898E-01,-4.425692598028990E-01,-2.287817261324395E-02,2.109235171853831E-02,-7.336301677291714E-03,-2.535321070607289E-03
2451020.500000000,-5.754421349076554E-02,-4.614081350214075E-01,-3.240949802264219E-02,2.227539009520571E-02,-2.046184797302673E-03,-2.211771880352847E-03
2451024.500000000,3.220629670419739E-02,-4.587057533802868E-01,-4.042680501108920E-02,2.242329634506013E-02,3.418556745988257E-03,-1.778944329755879E-03
2451028.500000000,1.203773994983777E-01,-4.339602846479120E-01,-4.649848471737315E-02,2.147108283261580E-02,8.956828354748010E-03,-1.239131517057398E-03
2451032.500000000,2.023621073676126E-01,-3.871271246884277E-01,-5.019802360704972E-02,1.930769017905335E-02,1.443585277178752E-02,-5.929858686885952E-04
2451036.500000000,2.730178355845126E-01,-3.188168105407484E-01,-5.110326429415511E-02,1.577740298705571E-02,1.965330087681331E-02,1.572574002956139E-04
2451040.500000000,3.265128111175307E-01,-2.306767335377873E-01,-4.881348966927585E-02,1.069631683759563E-02,2.428208861497433E-02,1.001759356247097E-03
2451044.500000000,3.563054577999356E-01,-1.260361885999853E-01,-4.300022403290464E-02,3.908098511360555E-03,2.779424812277232E-02,1.911740458214664E-03
2451048.500000000,3.555000728646275E-01,-1.087424129286258E-02,-3.351894329925044E-02,-4.573654429809040E-03,2.938265855355847E-02,2.820020092913661E-03
2451052.500000000,3.180476649940036E-01,1.050265171676234E-01,-2.061354542880207E-02,-1.427764717074084E-02,2.797149259160655E-02,3.595456455984353E-03
2451056.500000000,2.413634042539725E-01,2.074981462311007E-01,-5.204128869376051E-03,-2.388245051149872E-02,2.253959238287745E-02,4.033341467515707E-03
2451060.500000000,1.301223735723668E-01,2.797331450032576E-01,1.090721326534702E-02,-3.113227510950476E-02,1.296523163849200E-02,3.916676894798396E-03
2451064.500000000,-1.473461421265736E-03,3.078213960412370E-01,2.528061538301965E-02,-3.377644302194575E-02,8.922104126186354E-04,3.173156329205968E-03
2451068.500000000,-1.330113169796880E-01,2.874717084109942E-01,3.569188528051980E-02,-3.118769142913025E-02,-1.075263090701471E-02,1.984292747263640E-03
2451072.500000000,-2.458033978466440E-01,2.256375180303390E-01,4.099371712505012E-02,-2.474262785446188E-02,-1.958044194906646E-02,6.715831556461702E-04
2451076.500000000,-3.286314174272108E-01,1.356844796980156E-01,4.124821996053824E-02,-1.653621308073530E-02,-2.480620539858159E-02,-5.085530715424729E-04
2451080.500000000,-3.779321099362520E-01,3.147766136623793E-02,3.726094072244638E-02,-8.182510307427213E-03,-2.682555228510437E-02,-1.440281870574204E-03
2451084.500000000,-3.950781410388535E-01,-7.568970888767131E-02,3.008039968345942E-02,-5.515041166882324E-04,-2.641893087177908E-02,-2.107501916460856E-03
2451088.500000000,-3.837833345978259E-01,-1.776087659697133E-01,2.071805262331521E-02,6.008590366922872E-03,-2.430698096760256E-02,-2.537118917566656E-03
2451092.500000000,-3.485489727442870E-01,-2.685965749391392E-01,1.005129561695288E-02,1.141730592469926E-02,-2.102756593617357E-02,-2.765684194978122E-03
2451096.500000000,-2.939443296933850E-01,-3.447696112904686E-01,-1.183225709400194E-03,1.570215936347593E-02,-1.694930430873396E-02,-2.825835420978641E-03
2451100.500000000,-2.243575352750163E-01,-4.034564155226892E-01,-1.236450463285622E-02,1.891718472756266E-02,-1.231745542618233E-02,-2.742567195578208E-03
2451104.500000000,-1.439749444757322E-01,-4.427928707860340E-01,-2.295600573196205E-02,2.110516263091739E-02,-7.296778064365004E-03,-2.533265199031871E-03
2451108.500000000,-5.686484626000898E-02,-4.614700335395799E-01,-3.247738201969290E-02,2.228043482225501E-02,-2.004971919412804E-03,-2.208860566665297E-03
2451112.500000000,3.288982523115426E-02,-4.586006092146441E-01,-4.048138621275130E-02,2.242025032708252E-02,3.460741759608421E-03,-1.775206909946977E-03
2451116.500000000,1.210315056308594E-01,-4.336858127525307E-01,-4.653647891761457E-02,2.145927557991315E-02,8.999145366675917E-03,-1.234575732847256E-03
2451120.500000000,2.029497963672658E-01,-3.866850370905103E-01,-5.021616281003291E-02,1.928608658799633E-02,1.447709587979505E-02,-5.876159502864557E-04
2451124.500000000,2.734972962507866E-01,-3.182149329488088E-01,-5.109834082618713E-02,1.574464703482359E-02,1.969154869005654E-02,1.634082055934409E-04
2451128.500000000,3.268364906385989E-01,-2.299328319651653E-01,-4.878258388286365E-02,1.065095775993275E-02,2.431419175780849E-02,1.008566185305374E-03
2451132.500000000,3.564208201769473E-01,-1.251841760475094E-01,-4.294128106001777E-02,3.849268011092576E-03,2.781516873033932E-02,1.918870627204079E-03
2451136.500000000,3.553547226798582E-01,-9.972875070315317E-03,-3.343195463243688E-02,-4.644647210782043E-03,2.938499060591995E-02,2.826747267602508E-03
2451140.500000000,3.176033914527605E-01,1.058851348563572E-01,-2.050253431316718E-02,-1.435445754261186E-02,2.794633913786676E-02,3.600469704200371E-03
2451144.500000000,2.406225330918167E-01,2.081899500425447E-01,-5.079458727848587E-03,-2.395090973191771E-02,2.248100882280764E-02,4.034852307936904E-03
2451148.500000000,1.291570383236296E-01,2.801297144862167E-01,1.102840621634035E-02,-3.117286381376877E-02,1.287835516265541E-02,3.913311115582016E-03
2451152.500000000,-2.520991806284384E-03,3.078448004684593E-01,2.537887530497177E-02,-3.377605615499901E-02,7.965806097410539E-04,3.165306406612014E-03
2451156.500000000,-1.339788004050004E-01,2.871347760667858E-01,3.575333818513761E-02,-3.115003982770144E-02,-1.083391629994579E-02,1.974187512332649E-03
2451160.500000000,-2.465710568900781E-01,2.250274855505209E-01,4.101447419399247E-02,-2.468324910964804E-02,-1.963476821187923E-02,6.616821881527673E-04
2451164.500000000,-3.291445542746831E-01,1.349131633614649E-01,4.123238607492370E-02,-1.647044499088711E-02,-2.483314840175995E-02,-5.168043460873265E-04
2451168.500000000,-3.781862704615676E-01,3.064460526731271E-02,3.721623981902528E-02,-8.119881154716091E-03,-2.683054789194873E-02,-1.446451075705976E-03
2451172.500000000,-3.950959486092302E-01,-7.650929030179737E-02,3.001505862246538E-02,-4.963719318870329E-04,-2.640814654816351E-02,-2.111692117385131E-03
2451176.500000000,-3.835982045930695E-01,-1.783621331890069E-01,2.063945454817629E-02,6.054845957739897E-03,-2.428535295460572E-02,-2.539606532350683E-03
2451180.500000000,-3.481967492989469E-01,-2.692477474473691E-01,9.965677896306303E-03,1.145464612769531E-02,-2.099856762969188E-02,-2.766749389047022E-03
2451184.500000000,-2.934599173660744E-01,-3.452940696003415E-01,-1.270648244543003E-03,1.573099138887871E-02,-1.691525644316091E-02,-2.825705179488979E-03
2451188.500000000,-2.237740798175377E-01,-4.038372380416215E-01,-1.244929939418762E-02,1.893793449382493E-02,-1.227989258908159E-02,-2.741406010406467E-03
2451192.500000000,-1.433241948241943E-01,-4.430182115641451E-01,-2.303428312958198E-02,2.111808175479428E-02,-7.256746619028876E-03,-2.531181684910191E-03
2451196.500000000,-5.617805308250882E-02,-4.615316455237286E-01,-3.254559237301911E-02,2.228551023106551E-02,-1.963258886768705E-03,-2.205917864436266E-03
2451200.500000000,3.358074106799935E-02,-4.584931972337493E-01,-4.053615968404670E-02,2.241715298121844E-02,3.503416394347441E-03,-1.771433695504014E-03
2451204.500000000,1.216926125280626E-01,-4.334071492634070E-01,-4.657451199399503E-02,2.144732414725700E-02,9.041932382224092E-03,-1.229978926686788E-03
2451208.500000000,2.035436993829748E-01,-3.862369479411484E-01,-5.023416562395434E-02,1.926423123750715E-02,1.451876947950139E-02,-5.821994523400223E-04
2451212.500000000,2.739817253106545E-01,-3.176054673895732E-01,-5.109308505394700E-02,1.571151836645560E-02,1.973015165036255E-02,1.696100082692309E-04
2451216.500000000,3.271633999724247E-01,-2.291801625285535E-01,-4.875113902952101E-02,1.060510381595231E-02,2.434651854906799E-02,1.015424392662726E-03
2451220.500000000,3.565372321307850E-01,-1.243228874025470E-01,-4.288160625275694E-02,3.789851620736233E-03,2.783610624433024E-02,1.926043888092851E-03
2451224.500000000,3.552080380189032E-01,-9.062708110561620E-03,-3.334410130810483E-02,-4.716223861055386E-03,2.938705792979232E-02,2.833494966126965E-03
2451228.500000000,3.171557316888332E-01,1.067508844730289E-01,-2.039065010671225E-02,-1.443167472998941E-02,2.792062312454257E-02,3.605464124126187E-03
2451232.500000000,2.398773549814839E-01,2.088862343596542E-01,-4.954084467944284E-03,-2.401939381234705E-02,2.242170166831935E-02,4.036298271511630E-03
2451236.500000000,1.281881980032392E-01,2.805280477016479E-01,1.114998178386554E-02,-3.121304201732834E-02,1.279090130657626E-02,3.909855731503210E-03
2451240.500000000,-3.569874026750849E-03,3.078684235415982E-01,2.547718273697801E-02,-3.377506233996296E-02,7.007767172813227E-04,3.157385697297563E-03
2451244.500000000,-1.349453989958802E-01,2.867981514853228E-01,3.581464409823293E-02,-3.111192199285691E-02,-1.091501487815220E-02,1.964057132820188E-03
2451248.500000000,-2.473365250673464E-01,2.244188381552921E-01,4.103506559400730E-02,-2.462368630629280E-02,-1.968878293940902E-02,6.517936450173018E-04
2451252.500000000,-3.296552491856797E-01,1.341444016424618E-01,4.121647424388437E-02,-1.640471736927986E-02,-2.485983752984542E-02,-5.250276806226839E-04
2451256.500000000,-3.784384128480441E-01,2.981488876028003E-02,3.717157528005374E-02,-8.057406342500675E-03,-2.683540691814176E-02,-1.452592884958178E-03
2451260.500000000,-3.951124400549966E-01,-7.732520702561765E-02,2.994985008661579E-02,-4.414263992175171E-04,-2.639733161281432E-02,-2.115862137702132E-03
2451264.500000000,-3.834124943326803E-01,-1.791118732049098E-01,2.056105320598618E-02,6.100924606667380E-03,-2.426376896150491E-02,-2.542082106066806E-03
2451268.500000000,-3.478446050147626E-01,-2.698955693216175E-01,9.880290955428497E-03,1.149183472580443E-02,-2.096965955661939E-02,-2.767809295881361E-03
2451272.500000000,-2.929761351273087E-01,-3.458155966466716E-01,-1.357829257921168E-03,1.575969927735530E-02,-1.688132554837484E-02,-2.825574559538872E-03
2451276.500000000,-2.231917012708164E-01,-4.042156312163909E-01,-1.253385828485280E-02,1.895858423698419E-02,-1.224246253319970E-02,-2.740247814944305E-03
2451280.500000000,-1.426748815864476E-01,-4.432416776724212E-01,-2.311234159513010E-02,2.113092043585748E-02,-7.216859462234028E-03,-2.529103533614365E-03
2451284.500000000,-5.549298498527835E-02,-4.615919832147736E-01,-3.261360921832600E-02,2.229052135197338E-02,-1.921702161855201E-03,-2.202982492882961E-03
2451288.500000000,3.426970494605561E-02,-4.583851663559103E-01,-4.059077311059922E-02,2.241400661175424E-02,3.545918754674535E-03,-1.767669961234007E-03
2451292.500000000,1.223516059779852E-01,-4.331285980781869E-01,-4.661242843652170E-02,2.143534187275241E-02,9.084524895353862E-03,-1.225394525720513E-03
2451296.500000000,2.041354146651617E-01,-3.857898057293051E-01,-5.025210949194692E-02,1.924237151706588E-02,1.456021905506027E-02,-5.767996780304457E-04
2451300.500000000,2.744640268556748E-01,-3.169979147058026E-01,-5.108784912446076E-02,1.567842755387759E-02,1.976849491946409E-02,1.757887572640939E-04
2451304.500000000,3.274884584856068E-01,-2.284305187017152E-01,-4.871982298027534E-02,1.055935555543996E-02,2.437854941051332E-02,1.022250745220906E-03
2451308.500000000,3.566524107846898E-01,-1.234658612072394E-01,-4.282220922276816E-02,3.730645145434912E-03,2.785672551801568E-02,1.933174230145777E-03
2451312.500000000,3.550612374898501E-01,-8.158054695414179E-03,-3.325672050846486E-02,-4.787445454958536E-03,2.938882891470733E-02,2.840188540091659E-03
2451316.500000000,3.167097068340994E-01,1.076101250859106E-01,-2.027946893165826E-02,-1.450837293101749E-02,2.789472582494843E-02,3.610399207250222E-03
2451320.500000000,2.391361349195897E-01,2.095757376917169E-01,-4.829635171043794E-03,-2.408725553685212E-02,2.236246235337564E-02,4.037696302604380E-03
2451324.500000000,1.272257232246129E-01,2.809205329768912E-01,1.127050294182278E-02,-3.125267773600197E-02,1.270384745617003E-02,3.906387142184952E-03
2451328.500000000,-4.610756348408567E-03,3.078883280563659E-01,2.557447472756030E-02,-3.377382133678479E-02,6.056031144716327E-04,3.149497273968915E-03
2451332.500000000,-1.359037279613684E-01,2.864603844234586E-01,3.587513243622878E-02,-3.107390652090843E-02,-1.099549672816627E-02,1.953989097282412E-03
2451336.500000000,-2.480946273672904E-01,2.238111677377316E-01,4.105510397102429E-02,-2.456444319427236E-02,-1.974237051601725E-02,6.419710607464634E-04
2451340.500000000,-3.301600062422969E-01,1.333778868911510E-01,4.120025024837824E-02,-1.633936077996517E-02,-2.488631306871590E-02,-5.331981006798345E-04
2451344.500000000,-3.786860243566593E-01,2.898793820696146E-02,3.712677628146596E-02,-7.995253581896188E-03,-2.684020829444352E-02,-1.458698644690184E-03
2451348.500000000,-3.951255252547485E-01,-7.813832705289991E-02,2.988462159531101E-02,-3.867192391801722E-04,-2.638654934176619E-02,-2.120010280484069E-03
2451352.500000000,-3.832241635470043E-01,-1.798590464838654E-01,2.048269815819713E-02,6.146846740604721E-03,-2.424226134510119E-02,-2.544545728666143E-03
2451356.500000000,-3.474903296660861E-01,-2.705411709587303E-01,9.794984901806521E-03,1.152893170247819E-02,-2.094084549160915E-02,-2.768863258720582E-03
2451360.500000000,-2.924904941653731E-01,-3.463352959717407E-01,-1.444912066755163E-03,1.578835895070136E-02,-1.684749638892372E-02,-2.825440731141771E-03
2451364.500000000,-2.226076061263511E-01,-4.045926217754909E-01,-1.261830707500107E-02,1.897920767670783E-02,-1.220514467540892E-02,-2.739086492121958E-03
2451368.500000000,-1.420239458520395E-01,-4.434642313042501E-01,-2.319027432603147E-02,2.114373545125017E-02,-7.177108157944360E-03,-2.527020473769410E-03
2451372.500000000,-5.480640923548864E-02,-4.616520344838395E-01,-3.268147606278231E-02,2.229549687895861E-02,-1.880326915349824E-03,-2.200039994249069E-03
2451376.500000000,3.495999918050918E-02,-4.582777135516370E-01,-4.064520643295980E-02,2.241080742770177E-02,3.588165040361340E-03,-1.763898900713072E-03
2451380.500000000,1.230116992698284E-01,-4.328518540945315E-01,-4.665014348310317E-02,2.142330091404173E-02,9.126753106531771E-03,-1.220808022148189E-03
2451384.500000000,2.047280403307517E-01,-3.853462012905093E-01,-5.026986867737761E-02,1.922048471488269E-02,1.460116248654210E-02,-5.714121927209449E-04
2451388.500000000,2.749473094697291E-01,-3.163962493116975E-01,-5.108252679685734E-02,1.564541495421963E-02,1.980616775605968E-02,1.819283605744959E-04
2451392.500000000,3.278152095680821E-01,-2.276897617376377E-01,-4.868865441219476E-02,1.051390806418402E-02,2.440975770164111E-02,1.028996977991043E-03
2451396.500000000,3.567711849225914E-01,-1.226211881124526E-01,-4.276338251375375E-02,3.672116875614679E-03,2.787645814557614E-02,1.940171956119685E-03
2451400.500000000,3.549217573434368E-01,-7.269089675216936E-03,-3.317054846325969E-02,-4.857463789539228E-03,2.938986943015948E-02,2.846697266808306E-03
2451404.500000000,3.162769362485039E-01,1.084516847485008E-01,-2.017030162816197E-02,-1.458332555870658E-02,2.786863821964760E-02,3.615124120678142E-03
2451408.500000000,2.384157928671096E-01,2.102486311883837E-01,-4.707989346542892E-03,-2.415313872323105E-02,2.230401072633521E-02,4.038923222196306E-03
2451412.500000000,1.262913773087820E-01,2.813018319039962E-01,1.138775171523959E-02,-3.129080299217066E-02,1.261868917525844E-02,3.902866757059446E-03
2451416.500000000,-5.619628251564155E-03,3.079060817627884E-01,2.566859224285412E-02,-3.377222631819058E-02,5.129143299313733E-04,3.141707301955339E-03
2451420.500000000,-1.368311906795452E-01,2.861300988277281E-01,3.593306072440280E-02,-3.103676635371756E-02,-1.107378475633691E-02,1.944115579653342E-03
2451424.500000000,-2.488269999005281E-01,2.232181408375793E-01,4.107340621294499E-02,-2.450678472678603E-02,-1.979461615727592E-02,6.323531460753276E-04
2451428.500000000,-3.306457743510700E-01,1.326295643824378E-01,4.118303198885099E-02,-1.627570864669781E-02,-2.491232786031073E-02,-5.412072546330928E-04
2451432.500000000,-3.789210821022311E-01,2.817966338287986E-02,3.708151664612263E-02,-7.934578992358148E-03,-2.684517918512401E-02,-1.464698295295583E-03
2451436.500000000,-3.951313064383835E-01,-7.893423355210243E-02,2.981926259676947E-02,-3.331546857435915E-04,-2.637628680313509E-02,-2.124096883338825E-03
2451440.500000000,-3.830324527809646E-01,-1.805914241923319E-01,2.040439645320512E-02,6.191939912422589E-03,-2.422141544678824E-02,-2.546976385512270E-03
2451444.500000000,-3.471354774182439E-01,-2.711746838103906E-01,9.709829971770584E-03,1.156544319938655E-02,-2.091270758449470E-02,-2.769899469151047E-03
2451448.500000000,-2.920062568457482E-01,-3.468455196401155E-01,-1.531788438215807E-03,1.581660236954740E-02,-1.681429001621659E-02,-2.825296048590507E-03
2451452.500000000,-2.220263435861942E-01,-4.049624648522622E-01,-1.270251346002940E-02,1.899952466194939E-02,-1.216836489895732E-02,-2.737917834956724E-03
2451456.500000000,-1.413769169054040E-01,-4.436815976617136E-01,-2.326794245058790E-02,2.115631513612133E-02,-7.137797652924652E-03,-2.524933909238356E-03
2451460.500000000,-5.412457393199133E-02,-4.617084578892979E-01,-3.274907516005749E-02,2.230028907607344E-02,-1.839289883204540E-03,-2.197099751542368E-03
2451464.500000000,3.564491215134803E-02,-4.581677727424440E-01,-4.069939457780834E-02,2.240747064971351E-02,3.630180682741010E-03,-1.760136814728480E-03
2451468.500000000,1.236659457018536E-01,-4.325733151882206E-01,-4.668765964622635E-02,2.141116338253950E-02,9.168867480524034E-03,-1.216234979686250E-03
2451472.500000000,2.053144901774717E-01,-3.849009988737502E-01,-5.028748178844934E-02,1.919852540178464E-02,1.464212425059049E-02,-5.660362212086989E-04
2451476.500000000,2.754241078133251E-01,-3.157926194954057E-01,-5.107708363711473E-02,1.561231047609182E-02,1.984400765469977E-02,1.880689062912377E-04
2451480.500000000,3.281349405006914E-01,-2.269460688266309E-01,-4.865731425218628E-02,1.046826721866725E-02,2.444128167361012E-02,1.035769987684064E-03
2451484.500000000,3.568817641343655E-01,-1.217720939228866E-01,-4.270420338368273E-02,3.613171883365336E-03,2.789660159083840E-02,1.947235061030473E-03
2451488.500000000,3.547717490066962E-01,-6.374114008598845E-03,-3.308367578841405E-02,-4.928249395008681E-03,2.939125547391352E-02,2.853313997978812E-03
2451492.500000000,3.158297907232474E-01,1.093000262319176E-01,-2.005994165711974E-02,-1.465942099580189E-02,2.784253087944749E-02,3.619981390665269E-03
2451496.500000000,2.376761045328982E-01,2.109269066788136E-01,-4.584651332206262E-03,-2.422029430801610E-02,2.224483241834797E-02,4.040256992374282E-03
2451500.500000000,1.253332260855058E-01,2.816839872987509E-01,1.150696390034901E-02,-3.132978196399715E-02,1.253202431339151E-02,3.899366783917304E-03
2451504.500000000,-6.653999694982562E-03,3.079177653812488E-01,2.576453884546526E-02,-3.377057732657648E-02,4.183785500333350E-04,3.133832425335649E-03
2451508.500000000,-1.377820471778303E-01,2.857868163406890E-01,3.599233474564541E-02,-3.099867553568389E-02,-1.115358865687912E-02,1.934096134228381E-03
2451512.500000000,-2.495778631008422E-01,2.226074477774280E-01,4.109245675068431E-02,-2.444771042615779E-02,-1.984765156018448E-02,6.225916164879353E-04
2451516.500000000,-3.311442270814909E-01,1.318619097629597E-01,4.116606127004011E-02,-1.621063165459279E-02,-2.493841117819369E-02,-5.493197088408440E-04
2451520.500000000,-3.791635842413438E-01,2.735288185055161E-02,3.703618799028480E-02,-7.872735945052172E-03,-2.684971021008179E-02,-1.470753575921183E-03
2451524.500000000,-3.951405293759648E-01,-7.974627117945104E-02,2.975369278612211E-02,-2.787595073914946E-04,-2.636531205643816E-02,-2.128201011488162E-03
2451528.500000000,-3.828415034635553E-01,-1.813368513238681E-01,2.032586632290247E-02,6.237552201594952E-03,-2.419976507845703E-02,-2.549400665455447E-03
2451532.500000000,-3.467798180965727E-01,-2.718180415419010E-01,9.624498447472284E-03,1.160223303840065E-02,-2.088378558512488E-02,-2.770917932965605E-03
2451536.500000000,-2.915204490026297E-01,-3.473625967568321E-01,-1.618762776677045E-03,1.584496171502612E-02,-1.678037807730143E-02,-2.825130879884276E-03
2451540.500000000,-2.214432556663294E-01,-4.053365347331020E-01,-1.278673843460163E-02,1.901986308364893E-02,-1.213097838229083E-02,-2.736730384880016E-03
2451544.500000000,-1.407280797108344E-01,-4.439009580270337E-01,-2.334555919971206E-02,2.116887135892671E-02,-7.097975420557316E-03,-2.522831030718983E-03
2451548.500000000,-5.344106289190317E-02,-4.617649899888233E-01,-3.281655983852584E-02,2.230504146854550E-02,-1.797818156935288E-03,-2.194143846774290E-03
2451552.500000000,3.633132533437339E-02,-4.580563151453635E-01,-4.075340181199583E-02,2.240408560608078E-02,3.672578690657495E-03,-1.756356578957750E-03
2451556.500000000,1.243214675493378E-01,-4.322917931420156E-01,-4.672491173937786E-02,2.139895857756193E-02,9.211336304492524E-03,-1.211637981105363E-03
2451560.500000000,2.059018672499323E-01,-3.844514222818043E-01,-5.030471856611762E-02,1.917645382808863E-02,1.468342856945009E-02,-5.606276734475255E-04
2451564.500000000,2.759012332307206E-01,-3.151832682717094E-01,-5.107111345520705E-02,1.557901130046682E-02,1.988217620724335E-02,1.942523675493138E-04
2451568.500000000,3.284539858073019E-01,-2.261954136312919E-01,-4.862525508532647E-02,1.042230836357892E-02,2.447308916455307E-02,1.042595687745564E-03
2451572.500000000,3.569900902460918E-01,-1.209151049119958E-01,-4.264408240429735E-02,3.553759702652949E-03,2.791691228123680E-02,1.954355496910890E-03
2451576.500000000,3.546173490758523E-01,-5.470986540246732E-03,-3.299564243050367E-02,-4.999625882430058E-03,2.939258235445808E-02,2.859979907262823E-03
2451580.500000000,3.153758320323926E-01,1.101556402258193E-01,-1.994827531476559E-02,-1.473610499242282E-02,2.781603005829783E-02,3.624858260837833E-03
2451584.500000000,2.369276336494867E-01,2.116101852352046E-01,-4.460025548129585E-03,-2.428780255978174E-02,2.218493027979065E-02,4.041559308138543E-03
2451588.500000000,1.243657257839696E-01,2.820679234337803E-01,1.162722985924820E-02,-3.136867265736398E-02,1.244452584430597E-02,3.895784117603524E-03
2451592.500000000,-7.696499683738671E-03,3.079282345892155E-01,2.586115555174765E-02,-3.376843754041464E-02,3.232261138186407E-04,3.125855476811975E-03
2451596.500000000,-1.387386851880897E-01,2.854405850834812E-01,3.605189842350891E-02,-3.095994993553764E-02,-1.123364139582813E-02,1.923993406601783E-03
2451600.500000000,-2.503320848423053E-01,2.219934230085294E-01,4.111153085599322E-02,-2.438808467071308E-02,-1.990065561945438E-02,6.127805842616191E-04
2451604.500000000,-3.316441476770851E-01,1.310913447936722E-01,4.114897511200338E-02,-1.614516264277760E-02,-2.496433815079347E-02,-5.574540830791041E-04
2451608.500000000,-3.794062770976239E-01,2.652388311725779E-02,3.699069146285380E-02,-7.810639164425625E-03,-2.685406220152225E-02,-1.476814978937762E-03
2451612.500000000,-3.951491283779178E-01,-8.055983990509305E-02,2.968794684852653E-02,-2.242034373323942E-04,-2.635417640472195E-02,-2.132304231572053E-03
2451616.500000000,-3.826494085837284E-01,-1.820832162706079E-01,2.024716950386257E-02,6.283269275698767E-03,-2.417797853478270E-02,-2.551821621323867E-03
2451620.500000000,-3.464226673400754E-01,-2.724618321104116E-01,9.539015051889638E-03,1.163909360142068E-02,-2.085474582450099E-02,-2.771932454386789E-03
2451624.500000000,-2.910329160601933E-01,-3.478796577902442E-01,-1.705872629261854E-03,1.587336817685935E-02,-1.674635805575899E-02,-2.824961450382732E-03
2451628.500000000,-2.208582954959598E-01,-4.057101632729812E-01,-1.287108066822260E-02,1.904022803032920E-02,-1.209348635652630E-02,-2.735537974866515E-03
2451632.500000000,-1.400773070727543E-01,-4.441194525097611E-01,-2.342327093403587E-02,2.118143218633011E-02,-7.058045960308005E-03,-2.520721862710559E-03
2451636.500000000,-5.275564780505067E-02,-4.618202211769578E-01,-3.288411056646010E-02,2.230977280076940E-02,-1.756236171978662E-03,-2.191179656165629E-03
2451640.500000000,3.701949873467180E-02,-4.579431118103826E-01,-4.080743695312473E-02,2.240064880118807E-02,3.715088320272111E-03,-1.752565470041269E-03
2451644.500000000,1.249784718322533E-01,-4.320080837025749E-01,-4.676214232242235E-02,2.138666569116745E-02,9.253913219671442E-03,-1.207027095334676E-03
2451648.500000000,2.064902925332638E-01,-3.839992470089059E-01,-5.032187196809919E-02,1.915425237955642E-02,1.472482855835723E-02,-5.552020938841179E-04
2451652.500000000,2.763787967618380E-01,-3.145709834174980E-01,-5.106498605894530E-02,1.554553657173849E-02,1.992041358690452E-02,2.004555756229083E-04
2451656.500000000,3.287726761916657E-01,-2.254416386741080E-01,-4.859295655309857E-02,1.037612950120350E-02,2.450491641338902E-02,1.049442329664080E-03
2451660.500000000,3.570971129243797E-01,-1.200550665726167E-01,-4.258364134471009E-02,3.494097452438327E-03,2.793716198980455E-02,1.961494525191146E-03
2451664.500000000,3.544606494603583E-01,-4.565276490608280E-03,-3.290722986563756E-02,-5.071240016150866E-03,2.939373130849603E-02,2.866655384616141E-03
2451668.500000000,3.149187836932467E-01,1.110128579589686E-01,-1.983622496578395E-02,-1.481292835226224E-02,2.778921983159020E-02,3.629726412303377E-03
2451672.500000000,2.361758995856974E-01,2.122936546915673E-01,-4.335098237839249E-03,-2.435524188457398E-02,2.212465156456251E-02,4.042829136445967E-03
2451676.500000000,1.233957396254777E-01,2.824506837907234E-01,1.174763293038737E-02,-3.140725125231941E-02,1.235675407737027E-02,3.892155003831781E-03
2451680.500000000,-8.739951671455597E-03,3.079369269078508E-01,2.595773582910310E-02,-3.376587770447560E-02,2.280607259604203E-04,3.117842421884475E-03
2451684.500000000,-1.396947317285949E-01,2.850930512481824E-01,3.611133356833910E-02,-3.092090124787127E-02,-1.131346177653072E-02,1.913881849171424E-03
2451688.500000000,-2.510848017401299E-01,2.213792835825558E-01,4.113049371274476E-02,-2.432832882034878E-02,-1.995332387976934E-02,6.029853426859094E-04
2451692.500000000,-3.321423944360628E-01,1.303219907762361E-01,4.113187020507228E-02,-1.607972855851436E-02,-2.498995411024513E-02,-5.655600698420078E-04
2451696.500000000,-3.796476466474737E-01,2.569717469620956E-02,3.694529661435882E-02,-7.748670604521348E-03,-2.685819107519028E-02,-1.482845961127556E-03
2451700.500000000,-3.951569941133024E-01,-8.137042933725375E-02,2.962241717295824E-02,-1.698053290862782E-04,-2.634291883699707E-02,-2.136381300192535E-03
2451704.500000000,-3.824571985035904E-01,-1.828262986898827E-01,2.016877990382861E-02,6.328840448491513E-03,-2.415615915095564E-02,-2.554223491528553E-03
2451708.500000000,-3.460659213803728E-01,-2.731023521477667E-01,9.453899954685917E-03,1.167584236926255E-02,-2.082574120088746E-02,-2.772935475733411E-03
2451712.500000000,-2.905461524734480E-01,-3.483936891603742E-01,-1.792582213217017E-03,1.590170446434402E-02,-1.671242011753113E-02,-2.824787343198311E-03
2451716.500000000,-2.202743046512657E-01,-4.060811559732372E-01,-1.295501538919209E-02,1.906056219956982E-02,-1.205610694963288E-02,-2.734346382231382E-03
2451720.500000000,-1.394275609621422E-01,-4.443358055161306E-01,-2.350058710643320E-02,2.119399352723326E-02,-7.018250119051877E-03,-2.518617647682437E-03
2451724.500000000,-5.207121229462375E-02,-4.618738834796981E-01,-3.295129213657771E-02,2.231452528218181E-02,-1.714807327866369E-03,-2.188223617968607E-03
2451728.500000000,3.770680168737327E-02,-4.578290016847618E-01,-4.086114167495551E-02,2.239724409403638E-02,3.757418118624683E-03,-1.748785673413190E-03
2451732.500000000,1.256347474732805E-01,-4.317242650368303E-01,-4.679909607357902E-02,2.137441167569104E-02,9.296267902084522E-03,-1.202432071003580E-03
2451736.500000000,2.070781682113458E-01,-3.835479732258687E-01,-5.033882629534474E-02,1.913210426676426E-02,1.476594125408673E-02,-5.498002775728642E-04
2451740.500000000,2.768560952487183E-01,-3.139609208499902E-01,-5.105877948315221E-02,1.551215765440050E-02,1.995827413844209E-02,2.066214660295950E-04
2451744.500000000,3.290916599248045E-01,-2.246917989092576E-01,-4.856076772663714E-02,1.033014646537934E-02,2.453626386624192E-02,1.056230481594365E-03
2451748.500000000,3.572055590547752E-01,-1.192010581019264E-01,-4.252359926113890E-02,3.434821966716961E-03,2.795685356865352E-02,1.968546398616322E-03
2451752.500000000,3.543074809915426E-01,-3.667825732688429E-03,-3.281962685622126E-02,-5.142171007557114E-03,2.939435118956816E-02,2.873213454714101E-03
2451756.500000000,3.144686927918524E-01,1.118601219620134E-01,-1.972549352002886E-02,-1.488872560043614E-02,2.776214004593514E-02,3.634461788934513E-03
2451760.500000000,2.354357097095092E-01,2.129671236043802E-01,-4.211988555171505E-03,-2.442146296307490E-02,2.206466570709138E-02,4.043991074338663E-03
2451764.500000000,1.224418813294684E-01,2.828260283384891E-01,1.186592641899492E-02,-3.144484267791360E-02,1.226997272794265E-02,3.888495505775721E-03
2451768.500000000,-9.764587397673214E-03,3.079431473764279E-01,2.605228466643300E-02,-3.376301348055686E-02,1.342932842677948E-04,3.109897294998407E-03
2451772.500000000,-1.406323053928227E-01,2.847485252427321E-01,3.616915170389651E-02,-3.088229897047442E-02,-1.139202791237408E-02,1.903899938005937E-03
2451776.500000000,-2.518218277282161E-01,2.207722231857841E-01,4.114838275750848E-02,-2.426944982501684E-02,-2.000523945664943E-02,5.933234797839116E-04
2451780.500000000,-3.326286852426467E-01,1.295616538919443E-01,4.111416781871487E-02,-1.601523514096339E-02,-2.501533521887145E-02,-5.735644997450391E-04
2451784.500000000,-3.798805754803188E-01,2.487964483649679E-02,3.689963183013899E-02,-7.687499173698892E-03,-2.686244313481258E-02,-1.488814182215594E-03
2451788.500000000,-3.951592115130730E-01,-8.217275679815535E-02,2.955680346111709E-02,-1.160061457071411E-04,-2.633197163854387E-02,-2.140426274127819E-03
2451792.500000000,-3.822613791103481E-01,-1.835625285279086E-01,2.009039311108026E-02,6.373982673175472E-03,-2.413471954471327E-02,-2.556612102921803E-03
2451796.500000000,-3.457070368952541E-01,-2.737375678869843E-01,9.368820757814086E-03,1.171227439623663E-02,-2.079712479348466E-02,-2.773933715889930E-03
2451800.500000000,-2.900583924734915E-01,-3.489039489192972E-01,-1.879240947305098E-03,1.592977742371474E-02,-1.667885972128366E-02,-2.824609598444903E-03
2451804.500000000,-2.196903433083121E-01,-4.064498744438570E-01,-1.303887992214108E-02,1.908064063754364E-02,-1.201910131791177E-02,-2.733148415433274E-03
2451808.500000000,-1.387788984514312E-01,-4.445514055778982E-01,-2.357780120320695E-02,2.120628122547567E-02,-6.978845374201400E-03,-2.516504143319009E-03
2451812.500000000,-5.138899771246727E-02,-4.619284367542175E-01,-3.301833371650154E-02,2.231898451335869E-02,-1.673814002921309E-03,-2.185258730201565E-03
2451816.500000000,3.839070545390663E-02,-4.577176580698007E-01,-4.091468164340821E-02,2.239354929251243E-02,3.799241752296913E-03,-1.745003511393382E-03
2451820.500000000,1.262865426136495E-01,-4.314454105693565E-01,-4.683590088433340E-02,2.136191649307718E-02,9.338028164496274E-03,-1.197848595109353E-03
2451824.500000000,2.076608025228279E-01,-3.831042208796695E-01,-5.035571807627444E-02,1.910982904830516E-02,1.480637200944052E-02,-5.444312311768004E-04
2451828.500000000,2.773279997903137E-01,-3.133612369131209E-01,-5.105269346725968E-02,1.547884277402595E-02,1.999539652011044E-02,2.127279357867523E-04
2451832.500000000,3.294060147210462E-01,-2.239552857989108E-01,-4.852899347273840E-02,1.028449279206901E-02,2.456689240028536E-02,1.062931355928399E-03
2451836.500000000,3.573113054812427E-01,-1.183630070828914E-01,-4.246436780661035E-02,3.376184088859182E-03,2.797597466023462E-02,1.975489377208470E-03
2451840.500000000,3.541547401883380E-01,-2.788032787909015E-03,-3.273328681846104E-02,-5.212191351671621E-03,2.939472175565382E-02,2.879658123658904E-03
2451844.500000000,3.140229652636190E-01,1.126896508624170E-01,-1.961644172604642E-02,-1.496350630940003E-02,2.773529046526396E-02,3.639107617148528E-03
2451848.500000000,2.347036711247456E-01,2.136248113600906E-01,-4.090816659289603E-03,-2.448686341660314E-02,2.200541106200874E-02,4.045117697835179E-03
2451852.500000000,1.214985457255287E-01,2.831891771794998E-01,1.198227276971226E-02,-3.148210395090506E-02,1.218419319731123E-02,3.884865489475857E-03
2451856.500000000,-1.077849054954218E-02,3.079410517529387E-01,2.614509686770417E-02,-3.376035205363345E-02,4.139821144507561E-05,3.102021124974349E-03
2451860.500000000,-1.415606179176088E-01,2.843984166260192E-01,3.622551571557373E-02,-3.084417226080085E-02,-1.147011919136831E-02,1.893983910849646E-03
2451864.500000000,-2.525515004935635E-01,2.201606914435859E-01,4.116502942883418E-02,-2.421100815468248E-02,-2.005704935288223E-02,5.837000466239457E-04
2451868.500000000,-3.331090173893906E-01,1.287968413285003E-01,4.109532256548678E-02,-1.595099259889765E-02,-2.504079027959996E-02,-5.815557100975375E-04
2451872.500000000,-3.801081722011023E-01,2.405728373861636E-02,3.685284977777898E-02,-7.626399187507450E-03,-2.686677670368973E-02,-1.494780336038191E-03
2451876.500000000,-3.951561366915011E-01,-8.298008830154742E-02,2.949008054368114E-02,-6.216800371067180E-05,-2.632101993567482E-02,-2.144467620407309E-03
2451880.500000000,-3.820600057339297E-01,-1.843035139739109E-01,2.001092713113136E-02,6.419207596398670E-03,-2.411315863369210E-02,-2.558988709547734E-03
2451884.500000000,-3.453422533479361E-01,-2.743768203079975E-01,9.282729902593469E-03,1.174879174872702E-02,-2.076827188117599E-02,-2.774910376069124E-03
2451888.500000000,-2.895644162818451E-01,-3.494170895790366E-01,-1.966809681122630E-03,1.595792266681343E-02,-1.664496028575354E-02,-2.824403199463358E-03
2451892.500000000,-2.190999048183213E-01,-4.068199348470510E-01,-1.312353180598792E-02,1.910077771234636E-02,-1.198166713919701E-02,-2.731918320071845E-03
2451896.500000000,-1.381235486241523E-01,-4.447664697003515E-01,-2.365567104712157E-02,2.121861506080641E-02,-6.938931159327666E-03,-2.514357062174175E-03
2451900.500000000,-5.069994744023862E-02,-4.619802591845156E-01,-3.308589249572740E-02,2.232346924681832E-02,-1.632232573120522E-03,-2.182257667037542E-03
2451904.500000000,3.908146841585762E-02,-4.576010702774128E-01,-4.096858210992042E-02,2.238983513705840E-02,3.841734465864075E-03,-1.741178226125026E-03
2451908.500000000,1.269449600825062E-01,-4.311584712104427E-01,-4.687286908243737E-02,2.134931315305601E-02,9.380539165099601E-03,-1.193208474137729E-03
2451912.500000000,2.082493440246155E-01,-3.826492340284059E-01,-5.037250722029133E-02,1.908729187572965E-02,1.484762291766300E-02,-5.389845959970215E-04
2451916.500000000,2.778043193018733E-01,-3.127469619660457E-01,-5.104614144452380E-02,1.544502870724324E-02,2.003336636049114E-02,2.189393547248261E-04
2451920.500000000,3.297221621870881E-01,-2.232008841199794E-01,-4.849627357082680E-02,1.023801297090403E-02,2.459830058370800E-02,1.069766934024627E-03
2451924.500000000,3.574147712680797E-01,-1.175043584521062E-01,-4.240360138856035E-02,3.316330627215395E-03,2.799563421025722E-02,1.982590054108332E-03
2451928.500000000,3.539941104906008E-01,-1.886390362598733E-03,-3.264477011352254E-02,-5.283780532288690E-03,2.939513141620861E-02,2.886260347271817E-03
2451932.500000000,3.135627245167119E-01,1.135397138595753E-01,-1.950465382477620E-02,-1.503996790733194E-02,2.770770556238569E-02,3.643866704185050E-03
2451936.500000000,2.339509643735916E-01,2.142983417033361E-01,-3.966634927154576E-03,-2.455356280839097E-02,2.194456381297456E-02,4.046260056973818E-03
2451940.500000000,1.205310362887275E-01,2.835606033073139E-01,1.210144898142673E-02,-3.151975212875423E-02,1.209632441126242E-02,3.881131058327966E-03
2451944.500000000,-1.181599500082744E-02,3.079390514318799E-01,2.624014035541717E-02,-3.375704902551638E-02,-5.337911582064950E-05,3.093961765203497E-03
2451948.500000000,-1.425085440542859E-01,2.840422364466176E-01,3.628334744936959E-02,-3.080478774767612E-02,-1.154936470587543E-02,1.883881080839270E-03
2451952.500000000,-2.532954419109288E-01,2.195400692672111E-01,4.118248013413125E-02,-2.415122756920890E-02,-2.010924055272410E-02,5.739361689567484E-04
2451956.500000000,-3.335986733812870E-01,1.280225716368722E-01,4.107683257470128E-02,-1.588564684434444E-02,-2.506609558379797E-02,-5.896318917182301E-04
2451960.500000000,-3.803413153019016E-01,2.322666920642580E-02,3.680617381252919E-02,-7.564513534108832E-03,-2.687069704696319E-02,-1.500788997295081E-03
2451964.500000000,-3.951560401025607E-01,-8.379381850445634E-02,2.942334976202296E-02,-7.819476598241115E-06,-2.630957726523142E-02,-2.148526069850121E-03
2451968.500000000,-3.818599890614096E-01,-1.850489576035795E-01,1.993141277501157E-02,6.464746244593211E-03,-2.409112935223954E-02,-2.561370203225099E-03
2451972.500000000,-3.449778408533342E-01,-2.750187779244649E-01,9.196581932063226E-03,1.178549879331452E-02,-2.073901410785933E-02,-2.775887354187324E-03
2451976.500000000,-2.890702090889025E-01,-3.499314562794223E-01,-2.054433098196205E-03,1.598618620868936E-02,-1.661072508236301E-02,-2.824195428096284E-03
2451980.500000000,-2.185088484105460E-01,-4.071899957051915E-01,-1.320822937829094E-02,1.912099379059938E-02,-1.194395266788389E-02,-2.730684886768017E-03
2451984.500000000,-1.374673148502510E-01,-4.449804871257243E-01,-2.373356654053038E-02,2.123100443583586E-02,-6.898769558316638E-03,-2.512202969029330E-03
2451988.500000000,-5.000983016337091E-02,-4.620300700170165E-01,-3.315343819056572E-02,2.232798969274332E-02,-1.590412095730319E-03,-2.179243919372748E-03
2451992.500000000,3.977339211751351E-02,-4.574814941744996E-01,-4.102240415599344E-02,2.238613018473934E-02,3.884479700701933E-03,-1.737332634092797E-03
2451996.500000000,1.276044956572192E-01,-4.308674792966793E-01,-4.690965911965862E-02,2.133667559177934E-02,9.423331617804915E-03,-1.188538457161108E-03
2452000.500000000,2.088387356404718E-01,-3.821890004738808E-01,-5.038897615478052E-02,1.906464942614349E-02,1.488918906640455E-02,-5.334965251075575E-04
2452004.500000000,2.782808642940299E-01,-3.121261289517987E-01,-5.103907781145955E-02,1.541100065374331E-02,2.007167254851597E-02,2.252051782499018E-04
2452008.500000000,3.300373908427120E-01,-2.224385994104723E-01,-4.846279872751205E-02,1.019116821662162E-02,2.463002488361756E-02,1.076669416523642E-03
2452012.500000000,3.575155022922805E-01,-1.166367341626369E-01,-4.234179475373978E-02,3.255932023680004E-03,2.801550585569687E-02,1.989765018788629E-03
2452016.500000000,3.538282300189445E-01,-9.753438529654825E-04,-3.255492246275335E-02,-5.356070911955641E-03,2.939551845479731E-02,2.892930400983212E-03
2452020.500000000,3.130943237981659E-01,1.143983820139362E-01,-1.939131662530192E-02,-1.511714705085205E-02,2.767972553431750E-02,3.648662228664621E-03
2452024.500000000,2.331876429563689E-01,2.149780825142956E-01,-3.840868626565891E-03,-2.462071865351351E-02,2.188293054785906E-02,4.047380020834444E-03
2452028.500000000,1.195520825326345E-01,2.839346728772691E-01,1.222198889073565E-02,-3.155733165660835E-02,1.200752029856871E-02,3.877311375267764E-03
2452032.500000000,-1.286359747475799E-02,3.079363229223857E-01,2.633613623853161E-02,-3.375317713793160E-02,-1.488475569507541E-04,3.085790511452054E-03
2452036.500000000,-1.434638027120996E-01,2.836834429655454E-01,3.634171326686175E-02,-3.076465029803778E-02,-1.162885649862620E-02,1.873687304677178E-03
2452040.500000000,-2.540438599310378E-01,2.189166093870433E-01,4.120018251615871E-02,-2.409080568442112E-02,-2.016132923218272E-02,5.641225864683469E-04
2452044.500000000,-3.340906641038015E-01,1.272462377342649E-01,4.105846859302680E-02,-1.581987394038016E-02,-2.509114749832448E-02,-5.977236157003624E-04
2452048.500000000,-3.805754714365052E-01,2.239505239389150E-02,3.675960403546390E-02,-7.502383557431503E-03,-2.687435648672576E-02,-1.506794532609846E-03
2452052.500000000,-3.951562295183885E-01,-8.460760867501413E-02,2.935675326861644E-02,4.665965867412404E-05,-2.629792954634189E-02,-2.152575216946745E-03
2452056.500000000,-3.816598615222400E-01,-1.857937769886071E-01,1.985206964054606E-02,6.510360759404636E-03,-2.406896225136231E-02,-2.563743306368198E-03
2452060.500000000,-3.446130582819397E-01,-2.756596760429426E-01,9.110631678962047E-03,1.182226394047050E-02,-2.070967361971337E-02,-2.776859682061171E-03
2452064.500000000,-2.885754034289993E-01,-3.504445121564526E-01,-2.141848311813907E-03,1.601450736938648E-02,-1.657644389155874E-02,-2.823986953954329E-03
2452068.500000000,-2.179169570621445E-01,-4.075586075468855E-01,-1.329272204726602E-02,1.914127011448939E-02,-1.190621283675992E-02,-2.729453553988557E-03
2452072.500000000,-1.368100085903411E-01,-4.451929773343600E-01,-2.381126845304311E-02,2.124345087160829E-02,-6.858593133241426E-03,-2.510052164705479E-03
2452076.500000000,-4.931843528818409E-02,-4.620783097482081E-01,-3.322080335634711E-02,2.233255378100019E-02,-1.548584728035624E-03,-2.176233214582515E-03
2452080.500000000,4.046672330639582E-02,-4.573603430119506E-01,-4.107605599625996E-02,2.238244500006527E-02,3.927218425180757E-03,-1.733489129049927E-03
2452084.500000000,1.282654584613654E-01,-4.305749866802213E-01,-4.694628596531846E-02,2.132402771612346E-02,9.466090433147811E-03,-1.183870066987404E-03
2452088.500000000,2.094294564417040E-01,-3.817274897661571E-01,-5.040529073354411E-02,1.904196996890633E-02,1.493067291073236E-02,-5.280117616096123E-04
2452092.500000000,2.787585666217193E-01,-3.115044900584983E-01,-5.103188303022079E-02,1.537692882683048E-02,2.010982068069781E-02,2.314618145325648E-04
2452096.500000000,3.303536585471031E-01,-2.216763370630392E-01,-4.842925174584507E-02,1.014431828356457E-02,2.466148960920218E-02,1.083550301864584E-03
2452100.500000000,3.576174550292533E-01,-1.157703917966969E-01,-4.228004102868591E-02,3.195646217243085E-03,2.803500919549541E-02,1.996897604070273E-03
2452104.500000000,3.536644403298718E-01,-6.720504328453631E-05,-3.246535161390343E-02,-5.428019734759780E-03,2.939547627211074E-02,2.899530145004782E-03
2452108.500000000,3.126300146623077E-01,1.152525417993278E-01,-1.927859196813803E-02,-1.519365696793234E-02,2.765141189339918E-02,3.653362136410032E-03
2452112.500000000,2.324317279610250E-01,2.156526222809942E-01,-3.716110770953227E-03,-2.468691208081340E-02,2.182133572954524E-02,4.048404158616482E-03
2452116.500000000,1.185845114249268E-01,2.843048705855936E-01,1.234121438919514E-02,-3.159395851138699E-02,1.191936134409572E-02,3.873442924352120E-03
2452120.500000000,-1.389679943852909E-02,3.079334238912529E-01,2.643078201984954E-02,-3.374881658868574E-02,-2.431628810004671E-04,3.077652352048489E-03
2452124.500000000,-1.444040625836405E-01,2.833294069612984E-01,3.639900990279023E-02,-3.072470296709143E-02,-1.170711828979865E-02,1.863594640022827E-03
2452128.500000000,-2.547791680511639E-01,2.183022867944909E-01,4.121728146119066E-02,-2.403109032904884E-02,-2.021250245006180E-02,5.544330280096479E-04
2452132.500000000,-3.345728979259758E-01,1.264818168735040E-01,4.103997813345525E-02,-1.575502365640612E-02,-2.511572835899398E-02,-6.057051522081751E-04
2452136.500000000,-3.808035961891104E-01,2.157642625633833E-02,3.671329261597573E-02,-7.441166253157354E-03,-2.687793032901380E-02,-1.512718809189039E-03
2452140.500000000,-3.951538171649602E-01,-8.540864246448017E-02,2.929068030789809E-02,1.003472479205589E-04,-2.628646494914412E-02,-2.156572390393835E-03
2452144.500000000,-3.814599932669268E-01,-1.865269295431340E-01,1.977340819810598E-02,6.555337496173133E-03,-2.404714162953271E-02,-2.566088224127141E-03
2452148.500000000,-3.442507856365349E-01,-2.762904890612347E-01,9.025438912722266E-03,1.185853878285539E-02,-2.068076741795435E-02,-2.777821320312149E-03
2452152.500000000,-2.880848072006306E-01,-3.509493117138262E-01,-2.228489539527621E-03,1.604246532005028E-02,-1.654263669857280E-02,-2.823780216644344E-03
2452156.500000000,-2.173305105036073E-01,-4.079208893411952E-01,-1.337646666949445E-02,1.916128861225950E-02,-1.186895879051144E-02,-2.728233037388100E-03
2452160.500000000,-1.361589975926815E-01,-4.454010784183828E-01,-2.388828056563067E-02,2.125572750567585E-02,-6.818899800134721E-03,-2.507919483835137E-03
2452164.500000000,-4.863385841789708E-02,-4.621240761856793E-01,-3.328756466992536E-02,2.233702498351582E-02,-1.507231648626097E-03,-2.173247328618775E-03
2452168.500000000,4.115300959247993E-02,-4.572385950876893E-01,-4.112921667873642E-02,2.237873889416721E-02,3.969493230825109E-03,-1.729677192173925E-03
2452172.500000000,1.289194362514927E-01,-4.302837318160221E-01,-4.698256190058872E-02,2.131143111552119E-02,9.508396040756456E-03,-1.179240281337513E-03
2452176.500000000,2.100135482718817E-01,-3.812690047069928E-01,-5.042142326164181E-02,1.901941824051050E-02,1.497171683337340E-02,-5.225728313717132E-04
2452180.500000000,2.792303151189053E-01,-3.108875965651357E-01,-5.102470368142496E-02,1.534306812194159E-02,2.014755115196306E-02,2.376656527479331E-04
2452184.500000000,3.306649960056398E-01,-2.209204142755782E-01,-4.839594328622583E-02,1.009777000503268E-02,2.469257967290301E-02,1.090372824620539E-03
2452188.500000000,3.577158701221217E-01,-1.149117414887172E-01,-4.221876471289695E-02,3.135754454806060E-03,2.805421888741508E-02,2.003970004765332E-03
2452192.500000000,3.534988544357308E-01,8.323188374020880E-04,-3.237649095446858E-02,-5.499496446145313E-03,2.939527625579301E-02,2.906075238113071E-03
2452196.500000000,3.121658829290129E-01,1.160978209216807E-01,-1.916676749969779E-02,-1.526966351000012E-02,2.762313050168039E-02,3.658023637069859E-03
2452200.500000000,2.316779255125623E-01,2.163188304373278E-01,-3.592355742150661E-03,-2.475265873879579E-02,2.175998085641927E-02,4.049416876551483E-03
2452204.500000000,1.176205517999061E-01,2.846680329685092E-01,1.245945456501091E-02,-3.163029772838168E-02,1.183159421503921E-02,3.869594466158124E-03
2452208.500000000,-1.492565547957912E-02,3.079251554694301E-01,2.652457425680502E-02,-3.374437622702667E-02,-3.370608889090818E-04,3.069557682004983E-03
2452212.500000000,-1.453399993521120E-01,2.829715102681271E-01,3.645564530601887E-02,-3.068483095643581E-02,-1.178505691660582E-02,1.853551599729836E-03
2452216.500000000,-2.555105925844023E-01,2.176851376134460E-01,4.123390441904583E-02,-2.397150358954516E-02,-2.026347942852849E-02,5.447849002865878E-04
2452220.500000000,-3.350517483849722E-01,1.257151599567626E-01,4.102115238296599E-02,-1.569028886652092E-02,-2.514020123061826E-02,-6.136577345637324E-04
2452224.500000000,-3.810287482194121E-01,2.075590493278729E-02,3.666674053632573E-02,-7.380040508157017E-03,-2.688143481274739E-02,-1.518624018077799E-03
2452228.500000000,-3.951487827778129E-01,-8.621131880819584E-02,2.922443068955713E-02,1.539464059181380E-04,-2.627494060393115E-02,-2.160555888844590E-03
2452232.500000000,-3.812578976963806E-01,-1.872614905924547E-01,1.969462077056934E-02,6.600200906709296E-03,-2.402526405803851E-02,-2.568420925441208E-03
2452236.500000000,-3.438868263533532E-01,-2.769225000153853E-01,8.940170639203602E-03,1.189465399584608E-02,-2.065181509405277E-02,-2.778769648986987E-03
2452240.500000000,-2.875932727729729E-01,-3.514551731528524E-01,-2.315149189829179E-03,1.607020828385518E-02,-1.650881084229900E-02,-2.823558262404261E-03
2452244.500000000,-2.167440919438628E-01,-4.082842476401017E-01,-1.346016631305190E-02,1.918104064727604E-02,-1.183173431124594E-02,-2.726996320237833E-03
2452248.500000000,-1.355091597295703E-01,-4.456105059137134E-01,-2.396518458716471E-02,2.126770142068618E-02,-6.779305128616761E-03,-2.505771920739735E-03
2452252.500000000,-4.795169803839012E-02,-4.621717313059509E-01,-3.335416625152506E-02,2.234118211966036E-02,-1.466063365597557E-03,-2.170251093332038E-03
2452256.500000000,4.183565484024197E-02,-4.571196647264355E-01,-4.118219142941082E-02,2.237474080866529E-02,4.011487647647309E-03,-1.725863139422392E-03
2452260.500000000,1.295687161147867E-01,-4.299966062451773E-01,-4.701866616564167E-02,2.129860534546699E-02,9.550327691179672E-03,-1.174620332983141E-03
2452264.500000000,2.105922265873927E-01,-3.808163051031278E-01,-5.043745268988000E-02,1.899674563323384E-02,1.501231122940914E-02,-5.171587582257995E-04
2452268.500000000,2.796964585470904E-01,-3.102783766849470E-01,-5.101755344653318E-02,1.530923937464435E-02,2.018479560464868E-02,2.438282161868078E-04
2452272.500000000,3.309712192779701E-01,-2.201740792613245E-01,-4.836285975069557E-02,1.005143859638395E-02,2.472321159067959E-02,1.097139343718366E-03
2452276.500000000,3.578104154292668E-01,-1.140643116380586E-01,-4.215795701120278E-02,3.076263722078372E-03,2.807308654816948E-02,2.010978116189169E-03
2452280.500000000,3.533312813344999E-01,1.719647642261446E-03,-3.228835303168820E-02,-5.570449730873163E-03,2.939494551103441E-02,2.912560093753768E-03
2452284.500000000,3.117018786546690E-01,1.169309112005020E-01,-1.905587120556688E-02,-1.534516592933172E-02,2.759498497420452E-02,3.662645421201567E-03
2452288.500000000,2.309259139600650E-01,2.169738521790713E-01,-3.469624598282095E-03,-2.481810721389882E-02,2.169896797959181E-02,4.050422290177543E-03
2452292.500000000,1.166589583220200E-01,2.850214576000870E-01,1.257669943054632E-02,-3.166664930773742E-02,1.174416602362015E-02,3.865764440014079E-03
2452296.500000000,-1.595267313655914E-02,3.079080933867677E-01,2.661745275867117E-02,-3.374015140893403E-02,-4.308535327604363E-04,3.061480095095556E-03
2452300.500000000,-1.462749482308126E-01,2.826046605542245E-01,3.651138782279588E-02,-3.064512712532075E-02,-1.186316691740337E-02,1.843499462734621E-03
2452304.500000000,-2.562412903023337E-01,2.170580481214149E-01,4.124953948226403E-02,-2.391186534866493E-02,-2.031474327589480E-02,5.351001683680859E-04
2452308.500000000,-3.355292009660597E-01,1.249375211128379E-01,4.100116405190729E-02,-1.562528104024647E-02,-2.516488108344755E-02,-6.216577210979424E-04
2452312.500000000,-3.812511166406049E-01,1.992393289755600E-02,3.661884563447953E-02,-7.318512488759923E-03,-2.688495703758938E-02,-1.524569491771717E-03
2452316.500000000,-3.951392588965629E-01,-8.702509529604846E-02,2.915670990734183E-02,2.079832977556418E-04,-2.626322542172730E-02,-2.164562350018552E-03
2452320.500000000,-3.810495929779473E-01,-1.880060169567843E-01,1.961430936364697E-02,6.645480024793302E-03,-2.400301683433874E-02,-2.570757255586481E-03
2452324.500000000,-3.435150838786281E-01,-2.775627122009899E-01,8.853398326860960E-03,1.193113831148264E-02,-2.062235735870965E-02,-2.779705022372996E-03
2452328.500000000,-2.870925864029184E-01,-3.519670046515945E-01,-2.403234294697250E-03,1.609826578013263E-02,-1.647437960705209E-02,-2.823310525752045E-03
2452332.500000000,-2.161473797961104E-01,-4.086509920103150E-01,-1.354516690192261E-02,1.920104799691695E-02,-1.179382545127945E-02,-2.725723346215984E-03
2452336.500000000,-1.348481394861218E-01,-4.458204380256043E-01,-2.404322424171437E-02,2.127986221728801E-02,-6.738954471482100E-03,-2.503577808763697E-03
2452340.500000000,-4.725777372273917E-02,-4.622167234405807E-01,-3.342169391176546E-02,2.234543906188437E-02,-1.424066851875713E-03,-2.167196175908300E-03
2452344.500000000,4.253023898598578E-02,-4.569946107405174E-01,-4.123582777795558E-02,2.237072392141977E-02,4.054384057274736E-03,-1.721974857289122E-03
2452348.500000000,1.302295470478839E-01,-4.296996094784153E-01,-4.705509679641776E-02,2.128559529348601E-02,9.593228930490812E-03,-1.169906229176435E-03
2452352.500000000,2.111812855171714E-01,-3.803497579398896E-01,-5.045338452454661E-02,1.897366034171462E-02,1.505391770552694E-02,-5.116261961122726E-04
2452356.500000000,2.801707506142597E-01,-3.096512678782067E-01,-5.100977786534743E-02,1.527469425867337E-02,2.022303471952838E-02,2.501363515539692E-04
2452360.500000000,3.312819931832742E-01,-2.194060931572945E-01,-4.832851653098613E-02,1.000401405265305E-02,2.475470461469523E-02,1.104076476068425E-03
2452364.500000000,3.579043170769503E-01,-1.131923628506235E-01,-4.209517496910389E-02,3.015270240153922E-03,2.809248744125746E-02,2.018169692793069E-03
2452368.500000000,3.531563446486036E-01,2.632529016602612E-03,-3.219752674121906E-02,-5.643230582501046E-03,2.939454935166485E-02,2.919211820697831E-03
2452372.500000000,3.112230204780280E-01,1.177876389215207E-01,-1.894173251526649E-02,-1.542251109485989E-02,2.756591494092245E-02,3.667367779103471E-03
2452376.500000000,2.301525530359728E-01,2.176469971011646E-01,-3.343473620828621E-03,-2.488485570228656E-02,2.163615699142266E-02,4.051408839266395E-03
2452380.500000000,1.156728393949128E-01,2.853847772396737E-01,1.269701939981341E-02,-3.170323166390688E-02,1.165454221677818E-02,3.861785212498679E-03
2452384.500000000,-1.700287216943947E-02,3.078926587395319E-01,2.671264150403408E-02,-3.373507937383081E-02,-5.264625015524156E-04,3.053184150796619E-03
2452388.500000000,-1.472283970398352E-01,2.822338098741967E-01,3.656857875645453E-02,-3.060404065397532E-02,-1.194224643349608E-02,1.833247258041759E-03
2452392.500000000,-2.569848946102555E-01,2.164247057133711E-01,4.126594654155993E-02,-2.385088691249503E-02,-2.036620997008651E-02,5.252803197114193E-04
2452396.500000000,-3.360147905406708E-01,1.241538037583589E-01,4.098153908871424E-02,-1.555924773046474E-02,-2.518932776334749E-02,-6.297298079703293E-04
2452400.500000000,-3.814782023135462E-01,1.908718899871008E-02,3.657111565317243E-02,-7.256290337307923E-03,-2.688809619398217E-02,-1.530546040585415E-03
2452404.500000000,-3.951322026302483E-01,-8.784209593002018E-02,2.908907596023855E-02,2.624671453147514E-04,-2.625113621129018E-02,-2.168579623748585E-03
2452408.500000000,-3.808423078743302E-01,-1.887524003097895E-01,1.953405930707287E-02,6.691049525550164E-03,-2.398046421483339E-02,-2.573096984498530E-03
2452412.500000000,-3.431433983530071E-01,-2.782037106582559E-01,8.766678186683001E-03,1.196782217078489E-02,-2.059266790631649E-02,-2.780642087375689E-03
2452416.500000000,-2.865912713026812E-01,-3.524788158287273E-01,-2.491273278423241E-03,1.612647120951495E-02,-1.643977323391633E-02,-2.823064126178433E-03
2452420.500000000,-2.155495161552389E-01,-4.090170929197928E-01,-1.363012510810447E-02,1.922117061908271E-02,-1.175577680836184E-02,-2.724450718778661E-03
2452424.500000000,-1.341855617582975E-01,-4.460292083836971E-01,-2.412121886908049E-02,2.129211073317168E-02,-6.698482097263427E-03,-2.501381816728084E-03
2452428.500000000,-4.656200090777268E-02,-4.622600845278031E-01,-3.348916265457844E-02,2.234975274818949E-02,-1.381956332997189E-03,-2.164136044313998E-03
2452432.500000000,4.322682410885124E-02,-4.568674799106258E-01,-4.128937662446810E-02,2.236672507331108E-02,4.097389024387926E-03,-1.718077465184634E-03
2452436.500000000,1.308923593292730E-01,-4.294001218883622E-01,-4.709139599317609E-02,2.127255609794997E-02,9.636226744712397E-03,-1.165179401960323E-03
2452440.500000000,2.117721047646551E-01,-3.798803825947296E-01,-5.046912896896838E-02,1.895049325807832E-02,1.509559281670961E-02,-5.060787354209140E-04
2452444.500000000,2.806463730085667E-01,-3.090211532973324E-01,-5.100175565778178E-02,1.524001745474440E-02,2.026128898066841E-02,2.564585450537503E-04
2452448.500000000,3.315934988233306E-01,-2.186352023086054E-01,-4.829388025876399E-02,9.956427016769843E-03,2.478612608634791E-02,1.111021709919065E-03
2452452.500000000,3.579983113862019E-01,-1.123180249440680E-01,-4.203209154586902E-02,2.954130596866664E-03,2.811169764696158E-02,2.025355896955657E-03
2452456.500000000,3.529810851982996E-01,3.546776781067591E-03,-3.210646235426832E-02,-5.716055350981249E-03,2.939383532700557E-02,2.925835874509762E-03
2452460.500000000,3.107440578733330E-01,1.186442937324615E-01,-1.882752108974727E-02,-1.549968469692965E-02,2.753646238509071E-02,3.672035105590606E-03
2452464.500000000,2.293803338268765E-01,2.183186832514023E-01,-3.217512620159218E-03,-2.495115354929397E-02,2.157307326214033E-02,4.052322482557026E-03
2452468.500000000,1.146900614567631E-01,2.857461427798826E-01,1.281687074643788E-02,-3.173920499341461E-02,1.156497212233035E-02,3.857745946302705E-03
2452472.500000000,-1.804747208684478E-02,3.078762508422021E-01,2.680720518690828E-02,-3.372953998662252E-02,-6.216532872581818E-04,3.044873560213514E-03
2452476.500000000,-1.481750587739696E-01,2.818640440478954E-01,3.662518616308985E-02,-3.056284149891273E-02,-1.202076336646924E-02,1.823027715775178E-03
2452480.500000000,-2.577219371193396E-01,2.157945461126462E-01,4.128195479573805E-02,-2.379011059481037E-02,-2.041722148161532E-02,5.155153073136699E-04
2452484.500000000,-3.364949841298483E-01,1.233746797869638E-01,4.096173640553862E-02,-1.549356749378341E-02,-2.521352815277585E-02,-6.377491730106108E-04
2452488.500000000,-3.817013697270457E-01,1.825563305308716E-02,3.652339409865626E-02,-7.194437349462401E-03,-2.689117493236090E-02,-1.536483063037308E-03
2452492.500000000,-3.951226153025787E-01,-8.865393181064336E-02,2.902157917543440E-02,3.166329074647586E-04,-2.623910791594882E-02,-2.172571770173421E-03
2452496.500000000,-3.806336243529532E-01,-1.894940031348835E-01,1.945402268724887E-02,6.736371523432020E-03,-2.395803425146780E-02,-2.575423101616646E-03
2452500.500000000,-3.427711666322603E-01,-2.788404695818719E-01,8.680208899062111E-03,1.200432597913609E-02,-2.056312073624837E-02,-2.781573498562378E-03
2452504.500000000,-2.860900123045800E-01,-3.529869500185016E-01,-2.579049694499350E-03,1.615455366958310E-02,-1.640530256317232E-02,-2.822817109741234E-03
2452508.500000000,-2.149521044775391E-01,-4.093800201480035E-01,-1.371482475843269E-02,1.924121659758161E-02,-1.171784232768034E-02,-2.723180424116162E-03
2452512.500000000,-1.335236658025830E-01,-4.462352048743234E-01,-2.419896755289360E-02,2.130431950864282E-02,-6.658094625183806E-03,-2.499189563946808E-03
2452516.500000000,-4.586700968402720E-02,-4.623009471062542E-01,-3.355640089557384E-02,2.235405476909063E-02,-1.339898386618368E-03,-2.161079654265840E-03
2452520.500000000,4.392262138312550E-02,-4.567379964733703E-01,-4.134270742809224E-02,2.236273303881478E-02,4.140373214839537E-03,-1.714182294561272E-03
2452524.500000000,1.315544295606822E-01,-4.290983083867407E-01,-4.712748032105606E-02,2.125953098052046E-02,9.679230698641640E-03,-1.160451686497537E-03
2452528.500000000,2.123622321806459E-01,-3.794086212366846E-01,-5.048464661244124E-02,1.892733515287063E-02,1.513728905318888E-02,-5.005260691390690E-04
2452532.500000000,2.811213108848056E-01,-3.083885744615184E-01,-5.099347704324552E-02,1.520533406495906E-02,2.029955623334259E-02,2.627901298668581E-04
2452536.500000000,3.319042587519581E-01,-2.178618713750594E-01,-4.825894594501871E-02,9.908817500108068E-03,2.481751513944210E-02,1.117977544803764E-03
2452540.500000000,3.580914759253083E-01,-1.114415449159046E-01,-4.196867674343829E-02,2.892979393951666E-03,2.813078374392117E-02,2.032546522721309E-03
2452544.500000000,3.528050900415423E-01,4.462430655886607E-03,-3.201508040803600E-02,-5.788803559495531E-03,2.939287679172066E-02,2.932446435791781E-03
2452548.500000000,3.102650534153420E-01,1.195011990061137E-01,-1.871310116952091E-02,-1.557656463012913E-02,2.750669621430887E-02,3.676660316122810E-03
2452552.500000000,2.286098659617705E-01,2.189895384910210E-01,-3.091565761029244E-03,-2.501684438113350E-02,2.150980957815701E-02,4.053169891701981E-03
2452556.500000000,1.137119459272872E-01,2.861067277522832E-01,1.293644480583968E-02,-3.177437473936531E-02,1.147565116961025E-02,3.853648810429018E-03
2452560.500000000,-1.908440281515870E-02,3.078611580236149E-01,2.690135087890656E-02,-3.372337141511386E-02,-7.160587563177963E-04,3.036556084485745E-03
2452564.500000000,-1.491124745754984E-01,2.814994328993409E-01,3.668147748571193E-02,-3.052151474653093E-02,-1.209820923767514E-02,1.812864305605507E-03
2452568.500000000,-2.584503167148288E-01,2.151737531871909E-01,4.129795936112685E-02,-2.372973311472974E-02,-2.046725361322808E-02,5.058445710265858E-04
2452572.500000000,-3.369688591175508E-01,1.226082342376305E-01,4.094232653458496E-02,-1.542862215544902E-02,-2.523707393731123E-02,-6.456694322886573E-04
2452576.500000000,-3.819214623347730E-01,1.743861553211203E-02,3.647643248068713E-02,-7.133439752823404E-03,-2.689397585899515E-02,-1.542338069003904E-03
2452580.500000000,-3.951133504764049E-01,-8.945079873904863E-02,2.895511987804596E-02,3.699743615002068E-04,-2.622712994298926E-02,-2.176507769788023E-03
2452584.500000000,-3.804283525676130E-01,-1.902213626997699E-01,1.937519469813941E-02,6.780982004841635E-03,-2.393590326868970E-02,-2.577719452534870E-03
2452588.500000000,-3.424049076411098E-01,-2.794645500317535E-01,8.595019763583893E-03,1.204026317729340E-02,-2.053404553003546E-02,-2.782498209650958E-03
2452592.500000000,-2.855966949347429E-01,-3.534845367682858E-01,-2.665557884832004E-03,1.618221714538680E-02,-1.637141695585140E-02,-2.822582008799312E-03
2452596.500000000,-2.143640340258763E-01,-4.097348930458138E-01,-1.379833400574069E-02,1.926097906986733E-02,-1.168056365925401E-02,-2.721936503532685E-03
2452600.500000000,-1.328720027864244E-01,-4.464358647338381E-01,-2.427565484814589E-02,2.131636303217222E-02,-6.618406835118873E-03,-2.497035040709584E-03
2452604.500000000,-4.518270257241101E-02,-4.623393333439259E-01,-3.362274838025554E-02,2.235829430488228E-02,-1.298569257151880E-03,-2.158070712273709E-03
2452608.500000000,4.460767404910513E-02,-4.566089982100566E-01,-4.139535640965104E-02,2.235877257486820E-02,4.182606183387201E-03,-1.710344272581741E-03
2452612.500000000,1.322060707388246E-01,-4.288000228921827E-01,-4.716313303968356E-02,2.124663345622669E-02,9.721465366917977E-03,-1.155792269236373E-03
2452616.500000000,2.129426562285349E-01,-3.789434862581201E-01,-5.050003193521494E-02,1.890441605831750E-02,1.517820814359392E-02,-4.950551415519566E-04
2452620.500000000,2.815877707901143E-01,-3.077657044185443E-01,-5.098542311789381E-02,1.517103016839192E-02,2.033706625090905E-02,2.690248294863495E-04
2452624.500000000,3.322084003916019E-01,-2.171011463082926E-01,-4.822465264287987E-02,9.861764116137709E-03,2.484822604239975E-02,1.124822779883935E-03
2452628.500000000,3.581806418822110E-01,-1.105800648043111E-01,-4.190636088771250E-02,2.832582189534918E-03,2.814937116502918E-02,2.039620852144342E-03
2452632.500000000,3.526284605977540E-01,5.361669245861428E-03,-3.192524632966807E-02,-5.860637826874922E-03,2.939173244867584E-02,2.938952647041509E-03
2452636.500000000,3.097891651926160E-01,1.203417763259889E-01,-1.860057905151637E-02,-1.565251851616981E-02,2.747717201574677E-02,3.681219750390509E-03
2452640.500000000,2.278458273221384E-01,2.196459017861847E-01,-2.967658479463578E-03,-2.508185096169625E-02,2.144720234345447E-02,4.054015168117987E-03
2452644.500000000,1.127421148421038E-01,2.864559214383930E-01,1.305410738992624E-02,-3.180932290799884E-02,1.138716828076609E-02,3.849615192640966E-03
2452648.500000000,-2.011310410191938E-02,3.078377985956476E-01,2.699392070848777E-02,-3.371742285735898E-02,-8.097927608751576E-04,3.028335363953364E-03
2452652.500000000,-1.500430014376812E-01,2.811285464107091E-01,3.673657165038771E-02,-3.048058643811669E-02,-1.217533826417538E-02,1.802787421614803E-03
2452656.500000000,-2.591733049780578E-01,2.145473373161861E-01,4.131305169916233E-02,-2.366967628946689E-02,-2.051724853763540E-02,4.962287324944200E-04
2452660.500000000,-3.374382998678328E-01,1.218360623510953E-01,4.092216525453968E-02,-1.536383462701136E-02,-2.526067913189753E-02,-6.535621385976335E-04
2452664.500000000,-3.821374939757620E-01,1.661568423451534E-02,3.642879840805040E-02,-7.072484542784820E-03,-2.689679536963127E-02,-1.548178751512964E-03
2452668.500000000,-3.951001070061757E-01,-9.025346945364290E-02,2.888804006100702E-02,4.233032740229159E-04,-2.621507533003068E-02,-2.180430546436398E-03
2452672.500000000,-3.802192118572953E-01,-1.909540316820142E-01,1.929580877575316E-02,6.825541409860142E-03,-2.391360591466851E-02,-2.579997097125655E-03
2452676.500000000,-3.420351264961990E-01,-2.800931502722391E-01,8.509361839731203E-03,1.207607468683518E-02,-2.050474871489887E-02,-2.783397107287948E-03
2452680.500000000,-2.851005234045985E-01,-3.539857156902312E-01,-2.752419677217014E-03,1.620967309010181E-02,-1.633729581630651E-02,-2.822315562777333E-03
2452684.500000000,-2.137740833801683E-01,-4.100924491258818E-01,-1.388206547111984E-02,1.928046561958536E-02,-1.164307108271863E-02,-2.720658807928972E-03
2452688.500000000,-1.322196577309390E-01,-4.466384372330111E-01,-2.435243009371880E-02,2.132808846307607E-02,-6.578550484245504E-03,-2.494847695122994E-03
2452692.500000000,-4.449901678140548E-02,-4.623790668575386E-01,-3.368905924313441E-02,2.236220579660992E-02,-1.257126330568573E-03,-2.155032683012209E-03
2452696.500000000,4.529082743576158E-02,-4.564809948418370E-01,-4.144786268935903E-02,2.235450617906728E-02,4.224903686252441E-03,-1.706482414574919E-03
2452700.500000000,1.328546773943113E-01,-4.285025421614260E-01,-4.719855806912333E-02,2.123347754553109E-02,9.763734891667927E-03,-1.151113968298081E-03
2452704.500000000,2.135191290511840E-01,-3.784790261714305E-01,-5.051512012385425E-02,1.888129716190393E-02,1.521916304845729E-02,-4.895677563763137E-04
2452708.500000000,2.820495811474862E-01,-3.071433060363554E-01,-5.097700338419318E-02,1.513657226263400E-02,2.037464751255354E-02,2.752783828187756E-04
2452712.500000000,3.325072978301947E-01,-2.163404933657929E-01,-4.818990277306019E-02,9.814556741063679E-03,2.487906739124164E-02,1.131695645172329E-03
2452716.500000000,3.582638193385382E-01,-1.097180275002315E-01,-4.184345047475454E-02,2.771951488505819E-03,2.816813596055287E-02,2.046737204090388E-03
2452720.500000000,3.524445986804816E-01,6.262145200131625E-03,-3.183461940219665E-02,-5.932872880234984E-03,2.939072937069244E-02,2.945515066719057E-03
2452724.500000000,3.093040464453926E-01,1.211838093665336E-01,-1.848703084161903E-02,-1.572906328637394E-02,2.744758128150936E-02,3.685835790125210E-03
2452728.500000000,2.270700217259706E-01,2.203027062803616E-01,-2.842547154075040E-03,-2.514749322080563E-02,2.138413004723646E-02,4.054886736873316E-03
2452732.500000000,1.117583967984829E-01,2.868028171272792E-01,1.317296272036923E-02,-3.184463854985636E-02,1.129780212831794E-02,3.845546043424616E-03
2452736.500000000,-2.115616336339732E-02,3.078081766991703E-01,2.708740792005904E-02,-3.371132115032564E-02,-9.045641071469145E-04,3.020015691090423E-03
2452740.500000000,-1.509862345752604E-01,2.807475541895187E-01,3.679211267877378E-02,-3.043901388194011E-02,-1.225330064341321E-02,1.792581253043498E-03
2452744.500000000,-2.599058173015621E-01,2.139082501779156E-01,4.132807973579291E-02,-2.360871611335771E-02,-2.056767978109377E-02,4.864919253631559E-04
2452748.500000000,-3.379135266854724E-01,1.210502783303747E-01,4.090151190425993E-02,-1.529811162640340E-02,-2.528433138142246E-02,-6.615458349575697E-04
2452752.500000000,-3.823557339205316E-01,1.577956034745515E-02,3.638037693620894E-02,-7.010688599376613E-03,-2.689937828885084E-02,-1.554076522252706E-03
2452756.500000000,-3.950859759574243E-01,-9.106801346676301E-02,2.882000352290264E-02,4.773374432671067E-04,-2.620261467234308E-02,-2.184382219926187E-03
2452760.500000000,-3.800066324157639E-01,-1.916967562016294E-01,1.921539331244781E-02,6.870673319756319E-03,-2.389081645608207E-02,-2.582283543985008E-03
2452764.500000000,-3.416598562253512E-01,-2.807297498936478E-01,8.422668001441329E-03,1.211234162294656E-02,-2.047492130280781E-02,-2.784291264697735E-03
2452768.500000000,-2.845972509031504E-01,-3.544927335344722E-01,-2.840278308692765E-03,1.623748134776255E-02,-1.630262711523634E-02,-2.822034766246734E-03
2452772.500000000,-2.131758157512544E-01,-4.104536333629739E-01,-1.396672027656968E-02,1.930020836610890E-02,-1.160502123260079E-02,-2.719358851369823E-03
2452776.500000000,-1.315581632568943E-01,-4.468423929311018E-01,-2.443002438608273E-02,2.133997316257717E-02,-6.538129197944720E-03,-2.492630423474708E-03
2452780.500000000,-4.380575024539621E-02,-4.624179128921769E-01,-3.375605334718181E-02,2.236617188921642E-02,-1.215113831704582E-03,-2.151956563171846E-03
2452784.500000000,4.598354942792197E-02,-4.563498290309203E-01,-4.150088236315453E-02,2.235017656823243E-02,4.267767080614400E-03,-1.702573621776221E-03
2452788.500000000,1.335123369624662E-01,-4.281996695475833E-01,-4.723429036643293E-02,2.122012412236519E-02,9.806549462772591E-03,-1.146379536214475E-03
2452792.500000000,2.141035680217314E-01,-3.780070825657260E-01,-5.053027337653061E-02,1.885782986835813E-02,1.526061255197589E-02,-4.840156099912930E-04
2452796.500000000,2.825176421488005E-01,-3.065116200181645E-01,-5.096837585755951E-02,1.510160409399319E-02,2.041262703253341E-02,2.816030160240964E-04
2452800.500000000,3.328100853924475E-01,-2.155692577978954E-01,-4.815465625876802E-02,9.766682403582772E-03,2.491014547176736E-02,1.138640658837568E-03
2452804.500000000,3.583479635194826E-01,-1.088449189817892E-01,-4.177976792898212E-02,2.710536890710028E-03,2.818689381206407E-02,2.053917097526373E-03
2452808.500000000,3.522584890661767E-01,7.173039452656590E-03,-3.174300754196403E-02,-6.005907938383351E-03,2.938939588449252E-02,2.952117457198083E-03
2452812.500000000,3.088137353604346E-01,1.220342362228800E-01,-1.837241452169502E-02,-1.580624462670413E-02,2.741731435648492E-02,3.690450756614213E-03
2452816.500000000,2.262871667355804E-01,2.209646802824771E-01,-2.716472231790565E-03,-2.521339620440460E-02,2.132015774864973E-02,4.055707257957331E-03
2452820.500000000,1.107675264649596E-01,2.871512932630296E-01,1.329249796480259E-02,-3.187975039349632E-02,1.120759523746186E-02,3.841390970152272E-03
2452824.500000000,-2.220486332211209E-02,3.077773569551207E-01,2.718122040876252E-02,-3.370471173158525E-02,-9.998567077740619E-04,3.011610793402894E-03
2452828.500000000,-1.519329319351413E-01,2.803640100838751E-01,3.684768798053658E-02,-3.039690080142177E-02,-1.233143337172930E-02,1.782317106563470E-03
2452832.500000000,-2.606398553586292E-01,2.132664102688976E-01,4.134297121705093E-02,-2.354733947882443E-02,-2.061806777154539E-02,4.767264439722853E-04
2452836.500000000,-3.383889046783563E-01,1.202621072705440E-01,4.088064899880249E-02,-1.523211364181794E-02,-2.530786085539843E-02,-6.695392563959608E-04
2452840.500000000,-3.825732474522724E-01,1.494157807653290E-02,3.633172831365982E-02,-6.948721666014853E-03,-2.690182569810548E-02,-1.559974573560140E-03
2452844.500000000,-3.950705759110908E-01,-9.188388279462842E-02,2.875174854633256E-02,5.314775218315690E-04,-2.619002356240714E-02,-2.188329771284223E-03
2452848.500000000,-3.797924419636540E-01,-1.924402914932275E-01,1.913478119365676E-02,6.915874150569960E-03,-2.386789910580713E-02,-2.584563393818009E-03
2452852.500000000,-3.412827404408791E-01,-2.813666419355735E-01,8.335807652740460E-03,1.214865943861727E-02,-2.044496136805058E-02,-2.785177014501840E-03
2452856.500000000,-2.840919440962709E-01,-3.549994924482620E-01,-2.928266723389370E-03,1.626533465797643E-02,-1.626781411826034E-02,-2.821744044028195E-03
2452860.500000000,-2.125753338915325E-01,-4.108139467029627E-01,-1.405146222274091E-02,1.931999654430863E-02,-1.156680858607287E-02,-2.718047470150612E-03
2452864.500000000,-1.308942712348330E-01,-4.470447785122820E-01,-2.450765647797916E-02,2.135190349277257E-02,-6.497520019797753E-03,-2.490399783603612E-03
2452868.500000000,-4.310991399019502E-02,-4.624543769284755E-01,-3.382302625955671E-02,2.237017662893792E-02,-1.172882434934920E-03,-2.148864093902062E-03
2452872.500000000,4.667895867811492E-02,-4.562153373935560E-01,-4.155380694767370E-02,2.234586402177076E-02,4.310883654507569E-03,-1.698643938247539E-03
2452876.500000000,1.341726735141487E-01,-4.278923932088083E-01,-4.726983195029096E-02,2.120674428536019E-02,9.849648530155372E-03,-1.141617894782591E-03
2452880.500000000,2.146904458174363E-01,-3.775295564402981E-01,-5.054511197298486E-02,1.883426498811799E-02,1.530236315878338E-02,-4.784285519175761E-04
2452884.500000000,2.829875607511343E-01,-3.058731662670576E-01,-5.095927838342951E-02,1.506643852567018E-02,2.045089036393461E-02,2.879701585506005E-04
2452888.500000000,3.331137080752504E-01,-2.147902503580644E-01,-4.811875944145224E-02,9.718493274347949E-03,2.494142909341927E-02,1.145632371741534E-03
2452892.500000000,3.584314691858719E-01,-1.079635188580931E-01,-4.171525398860165E-02,2.648708111765678E-03,2.820568921510712E-02,2.061138696732757E-03
2452896.500000000,3.520700215099650E-01,8.091875086441141E-03,-3.165043399162727E-02,-6.079365101039329E-03,2.938783625904120E-02,2.958739966608275E-03
2452900.500000000,3.083196643266276E-01,1.228911050010667E-01,-1.825683311024961E-02,-1.588366639662005E-02,2.738653174872139E-02,3.695044381513859E-03
2452904.500000000,2.255003286993911E-01,2.216306848188550E-01,-2.589616179063013E-03,-2.527914263290740E-02,2.125554243316079E-02,4.056458485915162E-03
2452908.500000000,1.097741811615752E-01,2.875015503736204E-01,1.341248100621441E-02,-3.191429059194497E-02,1.111696931147827E-02,3.837146086790011E-03
2452912.500000000,-2.325339572004556E-02,3.077475677372924E-01,2.727516338158466E-02,-3.369742147540170E-02,-1.095091274918817E-03,3.003144524507480E-03
2452916.500000000,-1.528771577606103E-01,2.799825645345719E-01,3.690325394905446E-02,-3.035436056903030E-02,-1.240913335320241E-02,1.772044923496715E-03
2452920.500000000,-2.613704571180716E-01,2.126286571959258E-01,4.135790946184485E-02,-2.348590337686984E-02,-2.066794205843957E-02,4.669927878239258E-04
2452924.500000000,-3.388611914941419E-01,1.194798578068236E-01,4.085999500897786E-02,-1.516632239359909E-02,-2.533100917942676E-02,-6.774875509736413E-04
2452928.500000000,-3.827887748586890E-01,1.411064341559256E-02,3.628346185482880E-02,-6.887077652811582E-03,-2.690409325124244E-02,-1.565833351639367E-03
2452932.500000000,-3.950545205513878E-01,-9.269236411343836E-02,2.868400570294244E-02,5.852889379271319E-04,-2.617743519969956E-02,-2.192252272971748E-03
2452936.500000000,-3.795788172029807E-01,-1.931767353628421E-01,1.905475028434713E-02,6.960799237720103E-03,-2.384511870652241E-02,-2.586833556569404E-03
2452940.500000000,-3.409071482800841E-01,-2.819971768641129E-01,8.249540272539053E-03,1.218477522859761E-02,-2.041522437901721E-02,-2.786066010662745E-03
2452944.500000000,-2.835888214815473E-01,-3.555008941084187E-01,-3.015694927823272E-03,1.629305832340752E-02,-1.623327307882870E-02,-2.821465813752422E-03
2452948.500000000,-2.119774289543769E-01,-4.111700477043606E-01,-1.413570622141696E-02,1.933971560235629E-02,-1.152889372615509E-02,-2.716754163414671E-03
2452952.500000000,-1.302331362142429E-01,-4.472441762279059E-01,-2.458486904370847E-02,2.136381050422867E-02,-6.457224741190737E-03,-2.488189881199505E-03
2452956.500000000,-4.241685807841604E-02,-4.624891434350311E-01,-3.388966481079715E-02,2.237419132415868E-02,-1.130983715470629E-03,-2.145793303030780E-03
2452960.500000000,4.737168187666059E-02,-4.560805375862864E-01,-4.160648526035059E-02,2.234158832020422E-02,4.353635138007380E-03,-1.694736762562683E-03
2452964.500000000,1.348305295667610E-01,-4.275863698970878E-01,-4.730522193438556E-02,2.119343219215585E-02,9.892327879275487E-03,-1.136881638671126E-03
2452968.500000000,2.152752063705757E-01,-3.770551145232136E-01,-5.055991385909002E-02,1.881081919497638E-02,1.534361379171210E-02,-4.728746297841345E-04
2452972.500000000,2.834560120302772E-01,-3.052399904828211E-01,-5.095030508709340E-02,1.503148909273811E-02,2.048855526292533E-02,2.942884291344090E-04
2452976.500000000,3.334170493401080E-01,-2.140191033124055E-01,-4.808323036299409E-02,9.670697423297877E-03,2.497202541738218E-02,1.152549491421521E-03
2452980.500000000,3.585168055558947E-01,-1.070928016545483E-01,-4.165147225538855E-02,2.587562531730771E-03,2.822378016540996E-02,2.068251777319887E-03
2452984.500000000,3.518868876347017E-01,8.997452815296465E-03,-3.155909494852415E-02,-6.151740440678736E-03,2.938573478146720E-02,2.965221491728515E-03
2452988.500000000,3.078360871055379E-01,1.237333740039732E-01,-1.814308151595282E-02,-1.595960730716917E-02,2.735568064401769E-02,3.699487599686439E-03
2452992.500000000,2.247303190636554E-01,2.222833556121216E-01,-2.465128061355195E-03,-2.534327588913565E-02,2.119167520005372E-02,4.057101642461687E-03
2452996.500000000,1.088034636242056E-01,2.878433086523171E-01,1.352985232758033E-02,-3.194765135026349E-02,1.102798418600890E-02,3.832895438991952E-03
2453000.500000000,-2.427638271499091E-02,3.077169733933601E-01,2.736671590235997E-02,-3.368990577939424E-02,-1.188230486411241E-03,2.994791558296071E-03
2453004.500000000,-1.537969849442766E-01,2.796084387097749E-01,3.695704883634003E-02,-3.031257675150169E-02,-1.248497091835727E-02,1.761957679901483E-03
2453008.500000000,-2.620810053079916E-01,2.120044275804608E-01,4.137184555459984E-02,-2.342580171796341E-02,-2.071661162720746E-02,4.574489782172309E-04
2453012.500000000,-3.393191554567193E-01,1.187145302649714E-01,4.083903441234120E-02,-1.510200066815467E-02,-2.535364510605569E-02,-6.852818198915818E-04
2453016.500000000,-3.829956477220057E-01,1.329756046088805E-02,3.623541239674031E-02,-6.826769315755210E-03,-2.690637491511508E-02,-1.571584274423875E-03
2453020.500000000,-3.950346938030073E-01,-9.348377745069328E-02,2.861682732678901E-02,6.380016131098394E-04,-2.616519530268424E-02,-2.196107306861283E-03
2453024.500000000,-3.793653194944260E-01,-1.938979161502332E-01,1.897549008323609E-02,7.004870602177807E-03,-2.382287191706309E-02,-2.589066333702028E-03
2453028.500000000,-3.405346584384594E-01,-2.826147827852292E-01,8.164149028244786E-03,1.222025032035964E-02,-2.038610828200901E-02,-2.786938314176179E-03
2453032.500000000,-2.830910083610254E-01,-3.559919234701666E-01,-3.102209870957222E-03,1.632031209754935E-02,-1.619938248760107E-02,-2.821184825928576E-03
2453036.500000000,-2.113864373384747E-01,-4.115183823786972E-01,-1.421904673368853E-02,1.935909684092692E-02,-1.149162782033977E-02,-2.715468052439631E-03
2453040.500000000,-1.295800528972365E-01,-4.474383729190538E-01,-2.466122380920176E-02,2.137548208457179E-02,-6.417561363051212E-03,-2.485995529316793E-03
2453044.500000000,-4.173262389651490E-02,-4.625211872801828E-01,-3.395552456202825E-02,2.237805426315840E-02,-1.089690949325061E-03,-2.142746602042347E-03
2453048.500000000,4.805512932906356E-02,-4.559453720311128E-01,-4.165850005180732E-02,2.233723700417786E-02,4.395816076336065E-03,-1.690863344275682E-03
2453052.500000000,1.354789622181549E-01,-4.272821672982069E-01,-4.734010432578364E-02,2.118012292041748E-02,9.934487955825149E-03,-1.132189608053841E-03
2453056.500000000,2.158507242561906E-01,-3.765844266606821E-01,-5.057440440353796E-02,1.878746218593883E-02,1.538442219910269E-02,-4.673741215493715E-04
2453060.500000000,2.839157536278222E-01,-3.046121260035837E-01,-5.094124480004698E-02,1.499671638295533E-02,2.052589018821509E-02,3.005491523028674E-04
2453064.500000000,3.337125345918359E-01,-2.132542987969900E-01,-4.804783769106160E-02,9.623145264190095E-03,2.500244193879592E-02,1.159414363134464E-03
2453068.500000000,3.585953011428641E-01,-1.062288023694501E-01,-4.158800466024789E-02,2.526667074491083E-03,2.824186416148676E-02,2.075330419926280E-03
2453072.500000000,3.516977654640872E-01,9.896598391502668E-03,-3.146815217449780E-02,-6.223957733011285E-03,2.938377222200966E-02,2.971697845280724E-03
2453076.500000000,3.073468077857999E-01,1.245698840553561E-01,-1.802968175603425E-02,-1.603557300680947E-02,2.732500024354698E-02,3.703957337161984E-03
2453080.500000000,2.239541354770770E-01,2.229307081103364E-01,-2.340843909846008E-03,-2.540760461710167E-02,2.112782633719229E-02,4.057788218720249E-03
2453084.500000000,1.078257139134738E-01,2.881792811676454E-01,1.364718114408027E-02,-3.198120725615888E-02,1.093874056175164E-02,3.828677438596529E-03
2453088.500000000,-2.530680830634027E-02,3.076790925976485E-01,2.745829945277339E-02,-3.368237007553829E-02,-1.281832477718967E-03,2.986441395626824E-03
2453092.500000000,-1.547235871161968E-01,2.792251204495659E-01,3.701082920446096E-02,-3.027048545272767E-02,-1.256126085832551E-02,1.751847138071388E-03
2453096.500000000,-2.627966655948319E-01,2.113695380311657E-01,4.138564996182183E-02,-2.336520072495655E-02,-2.076554180056889E-02,4.478729535611000E-04
2453100.500000000,-3.397801104801308E-01,1.179380072703983E-01,4.081782243374057E-02,-1.503714267087761E-02,-2.537628731643671E-02,-6.931017622357302E-04
2453104.500000000,-3.832035081791522E-01,1.247372104472614E-02,3.618703589328488E-02,-6.766011297381607E-03,-2.690844132613452E-02,-1.577346753963024E-03
2453108.500000000,-3.950143474376275E-01,-9.428476655282472E-02,2.854930584011400E-02,6.910118731502526E-04,-2.615259407741833E-02,-2.199959129041176E-03
2453112.500000000,-3.791504502815575E-01,-1.946270697814678E-01,1.889592401314976E-02,7.049070665582741E-03,-2.380019740493985E-02,-2.591284432955924E-03
2453116.500000000,-3.401605989340286E-01,-2.832386303330990E-01,8.078525718793765E-03,1.225570009726674E-02,-2.035656365938950E-02,-2.787789207740449E-03
2453120.500000000,-2.825919824773013E-01,-3.564875592283351E-01,-3.188865633353702E-03,1.634741906234492E-02,-1.616510892476385E-02,-2.820880344719779E-03
2453124.500000000,-2.107949961724152E-01,-4.118699318792006E-01,-1.430243644712515E-02,1.937825033811750E-02,-1.145405231036273E-02,-2.714160164952537E-03
2453128.500000000,-1.289275223359811E-01,-4.476347145765462E-01,-2.473754861373731E-02,2.138688714709408E-02,-6.377673383203756E-03,-2.483783684337040E-03
2453132.500000000,-4.105002012021787E-02,-4.625546462582671E-01,-3.402129505173767E-02,2.238165091044969E-02,-1.048256498785370E-03,-2.139687798938310E-03
2453136.500000000,4.873593605280476E-02,-4.558111998072310E-01,-4.171038744519444E-02,2.233265124322228E-02,4.438069329434257E-03,-1.686982751129873E-03
2453140.500000000,1.361239154200143E-01,-4.269787708005952E-01,-4.737483739788664E-02,2.116663076901218E-02,9.976673780582529E-03,-1.127493344129391E-03
2453144.500000000,2.164221424201750E-01,-3.761144867067564E-01,-5.058872930731552E-02,1.876397673726858E-02,1.542523922811615E-02,-4.618690500489268E-04
2453148.500000000,2.843709636322929E-01,-3.039849562308334E-01,-5.093199299646012E-02,1.496185109501699E-02,2.056324810867302E-02,3.068190286878485E-04
2453152.500000000,3.340031220703734E-01,-2.124900260397914E-01,-4.801219957202414E-02,9.575493337263275E-03,2.503291931746478E-02,1.166297880487928E-03
2453156.500000000,3.586683787063036E-01,-1.053650152782782E-01,-4.152419045237353E-02,2.465598951486652E-03,2.826004259567509E-02,2.082441530602802E-03
2453160.500000000,3.515022682168412E-01,1.079588768988922E-02,-3.137670379670936E-02,-6.296490777796870E-03,2.938187683567343E-02,2.978220562290322E-03
2453164.500000000,3.068495537168164E-01,1.254065376474406E-01,-1.791557851079427E-02,-1.611201732816095E-02,2.729422494720687E-02,3.708476618265594E-03
2453168.500000000,2.231678999163077E-01,2.235772280455579E-01,-2.215691933697554E-03,-2.547245973220536E-02,2.106356347793050E-02,4.058502304896405E-03
2453172.500000000,1.068361323460748E-01,2.885120464766178E-01,1.376539521758960E-02,-3.201507862140556E-02,1.084873950040011E-02,3.824437223100466E-03
2453176.500000000,-2.634950149006773E-02,3.076346109383346E-01,2.755056682376545E-02,-3.367471577878958E-02,-1.376322725754208E-03,2.978014871614565E-03
2453180.500000000,-1.556610821908002E-01,2.788319082448298E-01,3.706491943710671E-02,-3.022784652327973E-02,-1.263826422450582E-02,1.741631777575424E-03
2453184.500000000,-2.635204717110011E-01,2.107225746973212E-01,4.139934505589001E-02,-2.330381086882125E-02,-2.081483583382627E-02,4.381969615863926E-04
2453188.500000000,-3.402459192480712E-01,1.171486706924611E-01,4.079614755617119E-02,-1.497145544018862E-02,-2.539894677515194E-02,-7.009966186765661E-04
2453192.500000000,-3.834130437161497E-01,1.163754282270085E-02,3.613795648515054E-02,-6.704506332992331E-03,-2.691027073590786E-02,-1.583154530083882E-03
2453196.500000000,-3.949929378253280E-01,-9.509680569820990E-02,2.848095322523701E-02,7.446416846300944E-04,-2.613959997929916E-02,-2.203830805916296E-03
2453200.500000000,-3.789322972044722E-01,-1.953655144903164E-01,1.881548726327183E-02,7.093763832140816E-03,-2.377704560733030E-02,-2.593503551065700E-03
2453204.500000000,-3.397815053198852E-01,-2.838697658522307E-01,7.992055200773979E-03,1.229153550737829E-02,-2.032649976384069E-02,-2.788628200546626E-03
2453208.500000000,-2.820865605168845E-01,-3.569883589023734E-01,-3.276302420871216E-03,1.637482429772652E-02,-1.613029463324390E-02,-2.820555202775436E-03
2453212.500000000,-2.101961170497176E-01,-4.122244518542444E-01,-1.438651105185645E-02,1.939762791694085E-02,-1.141592108928623E-02,-2.712825091324767E-03
2453216.500000000,-1.282667986600584E-01,-4.478317730906005E-01,-2.481443764363047E-02,2.139844537684427E-02,-6.337213872836668E-03,-2.481538658661630E-03
2453220.500000000,-4.035876267191341E-02,-4.625865000929969E-01,-3.408748394081332E-02,2.238532261063156E-02,-1.006232344850102E-03,-2.136589052582595E-03
2453224.500000000,4.942551334335477E-02,-4.556730285956415E-01,-4.176251740979217E-02,2.232804523515989E-02,4.480928933950903E-03,-1.683053891692553E-03
2453228.500000000,1.367773257924738E-01,-4.266689328868057E-01,-4.740960040970601E-02,2.115299727266025E-02,1.001947147624475E-02,-1.122738772984131E-03
2453232.500000000,2.170011583756374E-01,-3.756356891259285E-01,-5.060282896580801E-02,1.874019755372134E-02,1.546664612768724E-02,-4.562946569705035E-04
2453236.500000000,2.848322406871748E-01,-3.033466950079534E-01,-5.092221802930202E-02,1.492650998527791E-02,2.060112192406276E-02,3.131680677492858E-04
2453240.500000000,3.342974824073152E-01,-2.117128804212987E-01,-4.797571005751076E-02,9.527170694490113E-03,2.506375460710319E-02,1.173264941696396E-03
2453244.500000000,3.587422001076511E-01,-1.044874288837918E-01,-4.145920128752264E-02,2.403698662169495E-03,2.827830514593315E-02,2.089628069855588E-03
2453248.500000000,3.513040499657851E-01,1.170855858310561E-02,-3.128382914972015E-02,-6.369893423614783E-03,2.937967138774227E-02,2.984789279563489E-03
2453252.500000000,3.063464168980469E-01,1.262544498570467E-01,-1.779996757277961E-02,-1.618912290830913E-02,2.726270540834512E-02,3.712986624678991E-03
2453256.500000000,2.223740583517351E-01,2.242314070089835E-01,-2.089205719222965E-03,-2.553747320167039E-02,2.099829777066346E-02,4.059139491380381E-03
2453260.500000000,1.058395380113559E-01,2.888486116989540E-01,1.388453654495429E-02,-3.204851126755121E-02,1.075788880661606E-02,3.820078396788810E-03
2453264.500000000,-2.739668816547697E-02,3.075914770766832E-01,2.764329724165522E-02,-3.366631354342493E-02,-1.471158375981304E-03,2.969484248695060E-03
2453268.500000000,-1.566001901457696E-01,2.784396933334433E-01,3.711915520426611E-02,-3.018457373183944E-02,-1.271513221125269E-02,1.731364297299821E-03
2453272.500000000,-2.642439683673419E-01,2.100776620448555E-01,4.141307924720038E-02,-2.324210290267819E-02,-2.086378743691139E-02,4.285166020897923E-04
2453276.500000000,-3.407107358084759E-01,1.163627547726315E-01,4.077455089812676E-02,-1.490572698625919E-02,-2.542129123380322E-02,-7.088715547749655E-04
2453280.500000000,-3.836217736305445E-01,1.080580501336066E-02,3.608904910631661E-02,-6.643115535750465E-03,-2.691191228036657E-02,-1.588937783017842E-03
2453284.500000000,-3.949713108226712E-01,-9.590392952071369E-02,2.841286168887957E-02,7.981052442621821E-04,-2.612655324184616E-02,-2.207683465758455E-03
2453288.500000000,-3.787145875070267E-01,-1.960990575718533E-01,1.873537072743645E-02,7.138299783528314E-03,-2.375394728567389E-02,-2.595712238574827E-03
2453292.500000000,-3.394034168747593E-01,-2.844963653257883E-01,7.905930091763805E-03,1.232724956974150E-02,-2.029655944142399E-02,-2.789464758937394E-03
2453296.500000000,-2.815825457276057E-01,-3.574852048408535E-01,-3.363396796396094E-03,1.640214963091120E-02,-1.609564360175602E-02,-2.820233621662344E-03
2453300.500000000,-2.095988900565400E-01,-4.125757139315389E-01,-1.447026585984891E-02,1.941696144379644E-02,-1.137797186578573E-02,-2.711497438751728E-03
2453304.500000000,-1.276078484014977E-01,-4.480263189164743E-01,-2.489104146669743E-02,2.140998516822912E-02,-6.296943859754535E-03,-2.479303301755724E-03
2453308.500000000,-3.966931918350532E-02,-4.626166086485792E-01,-3.415342934982168E-02,2.238899084626796E-02,-9.644026196701970E-04,-2.133501452815066E-03
2453312.500000000,5.011327889693901E-02,-4.555339064049987E-01,-4.181445165458139E-02,2.232344288293988E-02,4.523584526326845E-03,-1.679137895620485E-03
2453316.500000000,1.374289485960519E-01,-4.263589953574712E-01,-4.744422463815003E-02,2.113937252547321E-02,1.006204548396042E-02,-1.118000125151422E-03
2453320.500000000,2.175784420915683E-01,-3.751577475146303E-01,-5.061686357753940E-02,1.871643947709029E-02,1.550779671990957E-02,-4.507417068834214E-04
2453324.500000000,2.852919262575727E-01,-3.027104001631181E-01,-5.091248037362751E-02,1.489122289179745E-02,2.063869541315367E-02,3.194867495602179E-04
2453328.500000000,3.345905924091248E-01,-2.109389966610889E-01,-4.793940338146976E-02,9.478972318638208E-03,2.509424353802696E-02,1.180189006055025E-03
2453332.500000000,3.588154959298555E-01,-1.036145526478449E-01,-4.139459702222042E-02,2.342046318890906E-03,2.829619633701742E-02,2.096756359963358E-03
2453336.500000000,3.511066407654237E-01,1.261508217964551E-02,-3.119160151555898E-02,-6.442868960610778E-03,2.937713441520795E-02,2.991286041566952E-03
2453340.500000000,3.058461942662077E-01,1.270951691655716E-01,-1.768530286281442E-02,-1.626560780027109E-02,2.723102065674795E-02,3.717421890592506E-03
2453344.500000000,2.215858587512506E-01,2.248783354701604E-01,-1.963931808877006E-03,-2.560177356802905E-02,2.093319231858748E-02,4.059723361641410E-03
2453348.500000000,1.048512297111796E-01,2.891793525698689E-01,1.400234402941042E-02,-3.208138261156816E-02,1.066758268547611E-02,3.815715844486240E-03
2453352.500000000,-2.843406584226315E-02,3.075452092709128E-01,2.773479484756926E-02,-3.365773522648850E-02,-1.565240731100988E-03,2.961006013165214E-03
2453356.500000000,-1.575296109820797E-01,2.780472732726481E-01,3.717244161984160E-02,-3.014151759506070E-02,-1.279133342802475E-02,1.721180387785463E-03
2453360.500000000,-2.649591327290083E-01,2.094347225124940E-01,4.142620492890914E-02,-2.318081967617696E-02,-2.091232799312425E-02,4.189186187144502E-04
2453364.500000000,-3.411690119787020E-01,1.155799375506167E-01,4.075264048674921E-02,-1.484044578809616E-02,-2.544347293666993E-02,-7.166829458585710E-04
2453368.500000000,-3.838256229854055E-01,9.977457860163606E-03,3.604003850753271E-02,-6.582098823890971E-03,-2.691355545033024E-02,-1.594678936066668E-03
2453372.500000000,-3.949461085433085E-01,-9.670785962940290E-02,2.834479920877934E-02,8.512899480809082E-04,-2.611359218309761E-02,-2.211511148391156E-03
2453376.500000000,-3.784942470904285E-01,-1.968298267615732E-01,1.865535839438261E-02,7.182638675271351E-03,-2.373096706136763E-02,-2.597907431783079E-03
2453380.500000000,-3.390233622019415E-01,-2.851206834331558E-01,7.819948395545447E-03,1.236282428558880E-02,-2.026674503832293E-02,-2.790294513001763E-03
2453384.500000000,-2.810770464841260E-01,-3.579802777537400E-01,-3.450327817862052E-03,1.642936982412302E-02,-1.606112123610607E-02,-2.819908382333811E-03
2453388.500000000,-2.090005633420477E-01,-4.129257350741201E-01,-1.455384476815375E-02,1.943620502710440E-02,-1.134016224963148E-02,-2.710166856283623E-03
2453392.500000000,-1.269481510293921E-01,-4.482202317931121E-01,-2.496745673027184E-02,2.142143690303529E-02,-6.256841713246523E-03,-2.477064431494839E-03
2453396.500000000,-3.897948901403301E-02,-4.626468506017017E-01,-3.421917096021536E-02,2.239256657489717E-02,-9.227924809705072E-04,-2.130409940025362E-03
2453400.500000000,5.080105636300439E-02,-4.553959439390757E-01,-4.186616927041529E-02,2.231874741491429E-02,4.565941921881131E-03,-1.675220038397218E-03
2453404.500000000,1.380802393391793E-01,-4.260516133763896E-01,-4.747863738460366E-02,2.112567395460348E-02,1.010421540059778E-02,-1.113267074985214E-03
2453408.500000000,2.181552048927577E-01,-3.746842291483916E-01,-5.063073761633165E-02,1.869267044520529E-02,1.554841456262039E-02,-4.452102461050575E-04
2453412.500000000,2.857512913198308E-01,-3.020809340402943E-01,-5.090271755211226E-02,1.485606224994433E-02,2.067559980769552E-02,3.257573041658710E-04
2453416.500000000,3.348843384682947E-01,-2.101748519775254E-01,-4.790333633244501E-02,9.431146552608580E-03,2.512395595944115E-02,1.187027048077336E-03
2453420.500000000,3.588916303159949E-01,-1.027545828934455E-01,-4.133066627510726E-02,2.281144938570246E-03,2.831330602845692E-02,2.103753135517380E-03
2453424.500000000,3.509160237228023E-01,1.350590996186582E-02,-3.110066002633878E-02,-6.514607801628323E-03,2.937403329523299E-02,2.997610460482148E-03
2453428.500000000,3.053586646091930E-01,1.279189474867420E-01,-1.757265109584675E-02,-1.634040601693516E-02,2.719934433218257E-02,3.721673811818525E-03
2453432.500000000,2.208174859754872E-01,2.255101294339464E-01,-1.841327868459212E-03,-2.566428313987686E-02,2.086902571526704E-02,4.060174289541361E-03
2453436.500000000,1.038890405967664E-01,2.895007030931979E-01,1.411716754486437E-02,-3.211301854605168E-02,1.057916474827031E-02,3.811337786960344E-03
2453440.500000000,-2.944249277146396E-02,3.074981517824584E-01,2.782351780345984E-02,-3.364902606123779E-02,-1.657042206047342E-03,2.952643354646331E-03
2453444.500000000,-1.584317967401450E-01,2.776626451389964E-01,3.722358723089488E-02,-3.009938974327645E-02,-1.286563639927686E-02,1.711184416772624E-03
2453448.500000000,-2.656520702953153E-01,2.088056202622519E-01,4.143795684480174E-02,-2.312101581858078E-02,-2.095977044744009E-02,4.095058142834191E-04
2453452.500000000,-3.416112115277957E-01,1.148137569263333E-01,4.073001597834452E-02,-1.477669465090160E-02,-2.546532193692566E-02,-7.243531035153642E-04
2453456.500000000,-3.840191293957662E-01,9.165936798561741E-03,3.599077707135948E-02,-6.522393313882401E-03,-2.691539279009675E-02,-1.600328712156862E-03
2453460.500000000,-3.949152270013387E-01,-9.749638354803633E-02,2.827676893206062E-02,9.034549642709277E-04,-2.610111198715541E-02,-2.215286306496081E-03
2453464.500000000,-3.782717630831758E-01,-1.975473890527266E-01,1.857553452176256E-02,7.226220261994285E-03,-2.370858342571899E-02,-2.600074813029810E-03
2453468.500000000,-3.386437718514096E-01,-2.857342338272491E-01,7.734236387312772E-03,1.239784131826253E-02,-2.023754153632119E-02,-2.791109970657252E-03
2453472.500000000,-2.805739478542074E-01,-3.584669626019548E-01,-3.536947202748873E-03,1.645617033842523E-02,-1.602717210839520E-02,-2.819575745146843E-03
2453476.500000000,-2.084061200755178E-01,-4.132695445448406E-01,-1.463709175339428E-02,1.945512078373009E-02,-1.130286530219756E-02,-2.708833445040094E-03
2453480.500000000,-1.262935123013220E-01,-4.484098462178178E-01,-2.504353881970390E-02,2.143262604557166E-02,-6.217182539984788E-03,-2.474828056478120E-03
2453484.500000000,-3.829565434964070E-02,-4.626744179552394E-01,-3.428460327428876E-02,2.239593623980157E-02,-8.815503997355348E-04,-2.127328160612875E-03
2453488.500000000,5.148213074895972E-02,-4.552566181111025E-01,-4.191763255016697E-02,2.231390508339224E-02,4.608013325803488E-03,-1.671319808311315E-03
2453492.500000000,1.387243640566673E-01,-4.257438277388830E-01,-4.751287835132331E-02,2.111189053355284E-02,1.014619420497005E-02,-1.108556893810436E-03
2453496.500000000,2.187245717410190E-01,-3.742108493637137E-01,-5.064453120575550E-02,1.866886754276788E-02,1.558895626710311E-02,-4.397001097981729E-04
2453500.500000000,2.862031678434382E-01,-3.014516420794963E-01,-5.089293936128235E-02,1.482087963839272E-02,2.071256596490469E-02,3.320186796607206E-04
2453504.500000000,3.351704078645961E-01,-2.094103385067090E-01,-4.786724461477375E-02,9.383231890616005E-03,2.515387680949294E-02,1.193881194758353E-03
2453508.500000000,3.589594047239613E-01,-1.018931722830827E-01,-4.126657454985343E-02,2.219968495141365E-03,2.833072964515851E-02,2.110803624914836E-03
2453512.500000000,3.507153574580328E-01,1.439942883645201E-02,-3.100925864314091E-02,-6.586933478836679E-03,2.937120833833280E-02,3.004029875389137E-03
2453516.500000000,3.048580353147723E-01,1.287460060443243E-01,-1.745910172844383E-02,-1.641613055569850E-02,2.716763178911646E-02,3.726044123575693E-03
2453520.500000000,2.200319529049433E-01,2.261439027685313E-01,-1.717380737011722E-03,-2.572783214508160E-02,2.080420490748372E-02,4.060719805417806E-03
2453524.500000000,1.029061080466303E-01,2.898200269772724E-01,1.423356936770400E-02,-3.214531628706165E-02,1.048942849883482E-02,3.806975462449022E-03
2453528.500000000,-3.047280613312649E-02,3.074430830089373E-01,2.791368957574668E-02,-3.364018993330839E-02,-1.750420370470716E-03,2.944203016324720E-03
2453532.500000000,-1.593537612366688E-01,2.772641710899106E-01,3.727574607352181E-02,-3.005637942735840E-02,-1.294119564834648E-02,1.701057925892500E-03
2453536.500000000,-2.663603553416748E-01,2.081588921450048E-01,4.145018904351887E-02,-2.305995141775258E-02,-2.100782390495913E-02,3.999650344151625E-04
2453540.500000000,-3.420636274215705E-01,1.140288160145621E-01,4.070742538816091E-02,-1.471169083428388E-02,-2.548714972651752E-02,-7.321153547708023E-04
2453544.500000000,-3.842182564521374E-01,8.336703611472077E-03,3.594126806409650E-02,-6.461664784399157E-03,-2.691676335584481E-02,-1.606027589153912E-03
2453548.500000000,-3.948864613692869E-01,-9.830021186343516E-02,2.820836877053314E-02,9.563481646486073E-04,-2.608792609111120E-02,-2.219075464261599E-03
2453552.500000000,-3.780490356448419E-01,-1.982772297052930E-01,1.849533417742352E-02,7.270262301696590E-03,-2.368541378566451E-02,-2.602233585229867E-03
2453556.500000000,-3.382625261292837E-01,-2.863569316745262E-01,7.648208170789005E-03,1.243311576316430E-02,-2.020757044495499E-02,-2.791905535770197E-03
2453560.500000000,-2.800684528535758E-01,-3.589598496592155E-01,-3.623794351300177E-03,1.648309494106382E-02,-1.599252274169840E-02,-2.819219743139700E-03
2453564.500000000,-2.078089505662046E-01,-4.136169175146353E-01,-1.472047307536468E-02,1.947408569831374E-02,-1.126494937263159E-02,-2.707476997633754E-03
2453568.500000000,-1.256360309278021E-01,-4.486006997665398E-01,-2.511966463752500E-02,2.144382908691115E-02,-6.176977548554004E-03,-2.472569197920253E-03
2453572.500000000,-3.760895804285897E-02,-4.627011550937448E-01,-3.434998683807733E-02,2.239930270573729E-02,-8.398155403649387E-04,-2.124222081472923E-03
2453576.500000000,5.216601771665708E-02,-4.551145564405877E-01,-4.196894022379737E-02,2.230903917711728E-02,4.650548772760685E-03,-1.667389801781086E-03
2453580.500000000,1.393711315841021E-01,-4.254314715000171E-01,-4.754682733564600E-02,2.109804060199466E-02,1.018862903600460E-02,-1.103807721237638E-03
2453584.500000000,2.192961677526407E-01,-3.737310747308074E-01,-5.065785329678869E-02,1.864491686230648E-02,1.562995368825037E-02,-4.341388240659979E-04
2453588.500000000,2.866564397642469E-01,-3.008141557202759E-01,-5.088245830330524E-02,1.478541945399532E-02,2.074997062676975E-02,3.383445726919618E-04
2453592.500000000,3.354564223373200E-01,-2.086359944936083E-01,-4.783016817922655E-02,9.334863073708316E-03,2.518416428942255E-02,1.200810933060500E-03
2453596.500000000,3.590249142959163E-01,-1.010207715593361E-01,-4.120118684631758E-02,2.158142711313697E-03,2.834834516707393E-02,2.117931930980213E-03
2453600.500000000,3.505095161981668E-01,1.530412150082045E-02,-3.091627519886235E-02,-6.660045502973569E-03,2.936825858389201E-02,3.010510413531058E-03
2453604.500000000,3.043491054562240E-01,1.295828959359149E-01,-1.734380590636412E-02,-1.649258710169997E-02,2.713536270913107E-02,3.730430426141019E-03
2453608.500000000,2.192358066651539E-01,2.267844675772586E-01,-1.591756852629670E-03,-2.579175271053712E-02,2.073845302162485E-02,4.061212333439961E-03
2453612.500000000,1.019122022412658E-01,2.901421785527751E-01,1.435130426537036E-02,-3.217741087607667E-02,1.039871313981589E-02,3.802499450454216E-03
2453616.500000000,-3.151227704569989E-02,3.073875180469522E-01,2.800469283458545E-02,-3.363069885207449E-02,-1.844431095427808E-03,2.935634864809863E-03
2453620.500000000,-1.602819489464939E-01,2.768636244753680E-01,3.732827862087847E-02,-3.001261613398115E-02,-1.301692016768354E-02,1.690835590110868E-03
2453624.500000000,-2.670721231098022E-01,2.075101171416943E-01,4.146250270024346E-02,-2.299829473176495E-02,-2.105573710704095E-02,3.903733875349340E-04
2453628.500000000,-3.425175983074217E-01,1.132426393934720E-01,4.068478468518520E-02,-1.464631198691438E-02,-2.550874127499609E-02,-7.398953904866906E-04
2453632.500000000,-3.844177897182106E-01,7.507150047420633E-03,3.589167582002022E-02,-6.400724531835720E-03,-2.691792481124900E-02,-1.611727678195591E-03
2453636.500000000,-3.948574607814285E-01,-9.910365235239810E-02,2.813989371141287E-02,1.009360780479598E-03,-2.607459671631647E-02,-2.222860579480716E-03
2453640.500000000,-3.778256919037371E-01,-1.990062332447209E-01,1.841507591885176E-02,7.314381804884552E-03,-2.366216005477037E-02,-2.604388403068429E-03
2453644.500000000,-3.378803916984256E-01,-2.869785404020060E-01,7.562134857212045E-03,1.246845150693372E-02,-2.017755369948055E-02,-2.792698678793756E-03
2453648.500000000,-2.795618410765842E-01,-3.594515066467933E-01,-3.710679377285487E-03,1.651007248748957E-02,-1.595784553228332E-02,-2.818862398274223E-03
2453652.500000000,-2.072104729571174E-01,-4.139629590122910E-01,-1.480388730301442E-02,1.949309226325970E-02,-1.122700873190563E-02,-2.706119222431300E-03
2453656.500000000,-1.249771106923645E-01,-4.487901154743153E-01,-2.519581639080110E-02,2.145505427111617E-02,-6.136743391418481E-03,-2.470308047558538E-03
2453660.500000000,-3.692078953809284E-02,-4.627263260172231E-01,-3.441538422498500E-02,2.240266211108071E-02,-7.980459570043053E-04,-2.121112189497516E-03
2453664.500000000,5.285127564965719E-02,-4.549707847983116E-01,-4.202024332292453E-02,2.230412851564477E-02,4.693120299037849E-03,-1.663454455391241E-03
2453668.500000000,1.400190062280637E-01,-4.251172714635522E-01,-4.758074813771648E-02,2.108410299706113E-02,1.023109304927546E-02,-1.099052212308519E-03
2453672.500000000,2.198684329309853E-01,-3.732493716814287E-01,-5.067112137915404E-02,1.862083532799219E-02,1.567096215546930E-02,-4.285711414079829E-04
2453676.500000000,2.871097800702934E-01,-3.001747553564760E-01,-5.087189944762630E-02,1.474979135636729E-02,2.078735457778062E-02,3.446757550153291E-04
2453680.500000000,3.357417813231728E-01,-2.078599089698198E-01,-4.779299724715776E-02,9.286303374302104E-03,2.521438339167271E-02,1.207743470853331E-03
2453684.500000000,3.590889987839561E-01,-1.001470275647349E-01,-4.113570153333364E-02,2.096128516215484E-03,2.836582699122062E-02,2.125058583937578E-03
2453688.500000000,3.503015703013448E-01,1.620946640239445E-02,-3.082321466549658E-02,-6.733299586454192E-03,2.936509567325186E-02,3.016981717613021E-03
2453692.500000000,3.038377044707311E-01,1.304194349820594E-01,-1.722849133644352E-02,-1.656907219940722E-02,2.710281084728053E-02,3.734796336520415E-03
2453696.500000000,2.184374176575456E-01,2.274235175545346E-01,-1.466218199767080E-03,-2.585552361069537E-02,2.067242056210866E-02,4.061674217149405E-03
2453700.500000000,1.009170031901357E-01,2.904619159730064E-01,1.446882887366889E-02,-3.220919427911699E-02,1.030785098202296E-02,3.797994451954130E-03
2453704.500000000,-3.255168959856913E-02,3.073293753260676E-01,2.809540266668985E-02,-3.362087153400750E-02,-1.938375012764608E-03,2.927056430345548E-03
2453708.500000000,-1.612089345834462E-01,2.764611176090044E-01,3.738052582361177E-02,-2.996863310739630E-02,-1.309242096455226E-02,1.680627038274236E-03
2453712.500000000,-2.677821216084535E-01,2.068603985210219E-01,4.147462135932457E-02,-2.293657174008183E-02,-2.110338288006452E-02,3.808111923455656E-04
2453716.500000000,-3.429697820776355E-01,1.124565412697553E-01,4.066207958467308E-02,-1.458098168302227E-02,-2.553009724259439E-02,-7.476411095418897E-04
2453720.500000000,-3.846158733608978E-01,6.678500970062131E-03,3.584215390911954E-02,-6.339896860632903E-03,-2.691891080728457E-02,-1.617395519299080E-03
2453724.500000000,-3.948275232022834E-01,-9.990561399148846E-02,2.807160794990785E-02,1.062234717169616E-03,-2.606115501078194E-02,-2.226618789148192E-03
2453728.500000000,-3.776019760138989E-01,-1.997334247069871E-01,1.833510171101122E-02,7.358360652507015E-03,-2.363885062681456E-02,-2.606522837154201E-03
2453732.500000000,-3.374984264819418E-01,-2.875982126356531E-01,7.476413747806982E-03,1.250365900738735E-02,-2.014752892313487E-02,-2.793478099556995E-03
2453736.500000000,-2.790558725747881E-01,-3.599412757331281E-01,-3.797170090018067E-03,1.653694216269863E-02,-1.592319931475844E-02,-2.818497638332656E-03
2453740.500000000,-2.066130227376722E-01,-4.143073025477271E-01,-1.488688925159001E-02,1.951201497157289E-02,-1.118913108165807E-02,-2.704759779691131E-03
2453744.500000000,-1.243195035977832E-01,-4.489781411499393E-01,-2.527155971840388E-02,2.146622039559369E-02,-6.096599711079584E-03,-2.468050403951210E-03
2453748.500000000,-3.623412200183251E-02,-4.627505212454187E-01,-3.448039683679103E-02,2.240598647890204E-02,-7.563932074136204E-04,-2.118010573460258E-03
2453752.500000000,5.353493905184354E-02,-4.548265619824867E-01,-4.207120417875255E-02,2.229920609855260E-02,4.735545465946776E-03,-1.659532145843753E-03
2453756.500000000,1.406652879391999E-01,-4.248032775485586E-01,-4.761438938467247E-02,2.107017860453305E-02,1.027337297028933E-02,-1.094315209426490E-03
2453760.500000000,2.204392196462358E-01,-3.727687077451659E-01,-5.068419770765401E-02,1.859679995029987E-02,1.571173571646397E-02,-4.230292799928226E-04
2453764.500000000,2.875619233566583E-01,-2.995374609166989E-01,-5.086127212937612E-02,1.471426262734410E-02,2.082443767044558E-02,3.509704056978506E-04
2453768.500000000,3.360265102454319E-01,-2.070872812297531E-01,-4.775593343935110E-02,9.237936559708657E-03,2.524422750454465E-02,1.214623839008917E-03
2453772.500000000,3.591535166402468E-01,-9.927836472023692E-02,-4.107057198273902E-02,2.034465888315781E-03,2.838287948742622E-02,2.132112425446714E-03
2453776.500000000,3.500959117921499E-01,1.710802995442766E-02,-3.073084475242114E-02,-6.805966618014727E-03,2.936153384343831E-02,3.023359123614598E-03
2453780.500000000,3.033314770915204E-01,1.312479482328852E-01,-1.711426699498967E-02,-1.664470613100868E-02,2.707007451619507E-02,3.739060110924950E-03
2453784.500000000,2.176479499774676E-01,2.280546376321937E-01,-1.342142770118249E-03,-2.591831374246466E-02,2.060665607543450E-02,4.062058736922055E-03
2453788.500000000,9.993434806447027E-02,2.907758986252638E-01,1.458470038336943E-02,-3.224021616875434E-02,1.021779604555738E-02,3.793477428950270E-03
2453792.500000000,-3.357656104525186E-02,3.072694078159722E-01,2.818456900699366E-02,-3.361084272174174E-02,-2.031230306037130E-03,2.918542547181128E-03
2453796.500000000,-1.621217799654781E-01,2.760609712191058E-01,3.743158950805147E-02,-2.992502283683260E-02,-1.316698248077013E-02,1.670525915269181E-03
2453800.500000000,-2.684801885466412E-01,2.062160362376527E-01,4.148599377578605E-02,-2.287552755219733E-02,-2.115048676282752E-02,3.713538553123032E-04
2453804.500000000,-3.434128845988139E-01,1.116771619511448E-01,4.063899643273485E-02,-1.451636199146703E-02,-2.555129723067794E-02,-7.553096601134012E-04
2453808.500000000,-3.848075213139698E-01,5.856632978654571E-03,3.579249921726378E-02,-6.279668635270575E-03,-2.691999814223068E-02,-1.623017230077139E-03
2453812.500000000,-3.947932620988926E-01,-1.007014983862689E-01,2.800332318217430E-02,1.114650777581381E-03,-2.604794629047333E-02,-2.230354683975267E-03
2453816.500000000,-3.773755248553152E-01,-2.004555910508889E-01,1.825518594839275E-02,7.401996415998991E-03,-2.361582476026455E-02,-2.608649348817992E-03
2453820.500000000,-3.371149433497059E-01,-2.882140274587371E-01,7.390767798786979E-03,1.253859313753208E-02,-2.011780133512676E-02,-2.794255925574671E-03
2453824.500000000,-2.785494140825659E-01,-3.604283907037662E-01,-3.883581987368886E-03,1.656356475014699E-02,-1.588885861062781E-02,-2.818131911785687E-03
2453828.500000000,-2.060160740879223E-01,-4.146502517596013E-01,-1.496980432705816E-02,1.953068497571493E-02,-1.115158120247411E-02,-2.703397028411247E-03
2453832.500000000,-1.236634477269589E-01,-4.491661671871020E-01,-2.534719794536664E-02,2.147711362969886E-02,-6.056830091979313E-03,-2.465787251410081E-03
2453836.500000000,-3.555013089616424E-02,-4.627763519981194E-01,-3.454528297458370E-02,2.240902401506334E-02,-7.151886442824825E-04,-2.114904582419122E-03
2453840.500000000,5.421479471189314E-02,-4.546859598076783E-01,-4.212203298251503E-02,2.229401151517980E-02,4.777422477999552E-03,-1.655612598684800E-03
2453844.500000000,1.413067841106746E-01,-4.244953265661583E-01,-4.764793658569164E-02,2.105604783584320E-02,1.031498849593408E-02,-1.089595811579669E-03
2453848.500000000,2.210046440132309E-01,-3.722969748655587E-01,-5.069729374430060E-02,1.857269612436017E-02,1.575173269393869E-02,-4.175279976438399E-04
2453852.500000000,2.880088509000960E-01,-2.989123707391568E-01,-5.085088450010460E-02,1.467889094435920E-02,2.086067111836829E-02,3.571947709685349E-04
2453856.500000000,3.363072516188545E-01,-2.063302593969543E-01,-4.771945506221967E-02,9.190040012083083E-03,2.527324122302077E-02,1.221401784433277E-03
2453860.500000000,3.592166551739584E-01,-9.842833490658935E-02,-4.100649338196170E-02,1.973640378076196E-03,2.839928152479405E-02,2.139037984083722E-03
2453864.500000000,3.498929100295820E-01,1.798608115290471E-02,-3.064005983679874E-02,-6.877471982780985E-03,2.935772216362449E-02,3.029602497909490E-03
2453868.500000000,3.028328801772858E-01,1.320561141846398E-01,-1.700211824483662E-02,-1.671906741834767E-02,2.703769649372761E-02,3.743219455072124E-03
2453872.500000000,2.168707899980662E-01,2.286681583926329E-01,-1.220434837969033E-03,-2.598011131350903E-02,2.054188641897638E-02,4.062407035828052E-03
2453876.500000000,9.896675000202600E-02,2.910770797909745E-01,1.469822405628672E-02,-3.227089800222144E-02,1.012906669025813E-02,3.789004648797797E-03
2453880.500000000,-3.458644904819758E-02,3.072017388887693E-01,2.827167542669400E-02,-3.360115815025416E-02,-2.122943216043429E-03,2.910119676022788E-03
2453884.500000000,-1.630218470592530E-01,2.756567206488541E-01,3.748096140352101E-02,-2.988209861044570E-02,-1.324090965913740E-02,1.660510267179326E-03
2453888.500000000,-2.691682378694037E-01,2.055691124876440E-01,4.149595279734332E-02,-2.281512793929238E-02,-2.119742356012344E-02,3.619486130476967E-04
2453892.500000000,-3.438481249407931E-01,1.108953215390234E-01,4.061464358929569E-02,-1.445216323272234E-02,-2.557257495650448E-02,-7.629562449104590E-04
2453896.500000000,-3.849925201827716E-01,5.031849370718515E-03,3.574162871707171E-02,-6.219634518334172E-03,-2.692120891919181E-02,-1.628631199308931E-03
2453900.500000000,-3.947527876834545E-01,-1.015006822016045E-01,2.793384959572183E-02,1.167029835720885E-03,-2.603479390632243E-02,-2.234082981269014E-03
2453904.500000000,-3.771428190660019E-01,-2.011810649964065E-01,1.817412540147983E-02,7.445679216802024E-03,-2.359274295897650E-02,-2.610760692648902E-03
2453908.500000000,-3.367249383275257E-01,-2.888326826004156E-01,7.304056780601804E-03,1.257360756416059E-02,-2.008789610956319E-02,-2.795009138269548E-03
2453912.500000000,-2.780360937819542E-01,-3.609173988702141E-01,-3.970944448165179E-03,1.659027418060205E-02,-1.585422325810107E-02,-2.817734053371536E-03
2453916.500000000,-2.054119234659760E-01,-4.149936952479535E-01,-1.505353172914315E-02,1.954943693960861E-02,-1.111362788274486E-02,-2.701997767258628E-03
2453920.500000000,-1.229998852088392E-01,-4.493528684700389E-01,-2.542349700749271E-02,2.148807543841131E-02,-6.016555353024385E-03,-2.463484917281713E-03
2453924.500000000,-3.485841084747105E-02,-4.627986415144087E-01,-3.461066618744785E-02,2.241210029295428E-02,-6.733814075420586E-04,-2.111755391495893E-03
2453928.500000000,5.490242526736650E-02,-4.545392146508550E-01,-4.217317108354877E-02,2.228879445853452E-02,4.819997141033774E-03,-1.651641417299296E-03
2453932.500000000,1.419557628865212E-01,-4.241782622671727E-01,-4.768155915368290E-02,2.104178343333487E-02,1.035738942196838E-02,-1.084809921092309E-03
2453936.500000000,2.215766817722258E-01,-3.718128462501207E-01,-5.071015788684910E-02,1.854827830462571E-02,1.579257940629322E-02,-4.119384953211503E-04
2453940.500000000,2.884606364935821E-01,-2.982714443217969E-01,-5.083985944526959E-02,1.464294094484986E-02,2.089776163285903E-02,3.635342484234934E-04
2453944.500000000,3.365898681365500E-01,-2.055541357022067E-01,-4.768182358265316E-02,9.141218318157476E-03,2.530300570558400E-02,1.228321784377182E-03
2453948.500000000,3.592771930726507E-01,-9.755671917902867E-02,-4.094065465919535E-02,1.911502411667570E-03,2.841613561932001E-02,2.146121982690015E-03
2453952.500000000,3.496813866013725E-01,1.888649255015536E-02,-3.054689158082094E-02,-6.950596122730697E-03,2.935379806924535E-02,3.035992601068969E-03
2453956.500000000,3.023191373593992E-01,1.328846301517947E-01,-1.688709977797832E-02,-1.679504892029082E-02,2.700439748738939E-02,3.747466190712667E-03
2453960.500000000,2.160728683752514E-01,2.292966761787733E-01,-1.095711694539734E-03,-2.604299940507918E-02,2.047539990384068E-02,4.062734605965132E-03
2453964.500000000,9.797592071488001E-02,2.913855215016839E-01,1.481444180133425E-02,-3.230167956175460E-02,1.003830085777450E-02,3.784396692488026E-03
2453968.500000000,-3.561795506170387E-02,3.071337516298673E-01,2.836079507233371E-02,-3.359062494140905E-02,-2.216302500051432E-03,2.901504832678240E-03
2453972.500000000,-1.639390582922564E-01,2.752470908522867E-01,3.753159439576977E-02,-2.983788446466819E-02,-1.331569971092023E-02,1.650320818982846E-03
2453976.500000000,-2.698682661850863E-01,2.049148430138012E-01,4.150658469580911E-02,-2.275349868830154E-02,-2.124452148081057E-02,3.524254106243627E-04
2453980.500000000,-3.442909806891747E-01,1.101064200426753E-01,4.059060451340760E-02,-1.438702944368174E-02,-2.559359843210048E-02,-7.706667627540060E-04
2453984.500000000,-3.851820381362051E-01,4.201415628116648E-03,3.569089516906756E-02,-6.158979751003484E-03,-2.692200216314012E-02,-1.634272877551420E-03
2453988.500000000,-3.947148656515725E-01,-1.023037872243173E-01,2.786444467686188E-02,1.219786023497701E-03,-2.602121189870020E-02,-2.237820182575991E-03
2453992.500000000,-3.769115016355066E-01,-2.019088425486710E-01,1.809311507339991E-02,7.489579968143800E-03,-2.356928844244654E-02,-2.612873773149648E-03
2453996.500000000,-3.363356524292124E-01,-2.894523019872655E-01,7.217392902584230E-03,1.260874783422300E-02,-2.005769443280795E-02,-2.795762699430274E-03
2454000.500000000,-2.775230977665547E-01,-3.614063296676703E-01,-4.058261288010782E-03,1.661706047583092E-02,-1.581936113025935E-02,-2.817336575531213E-03
2454004.500000000,-2.048078473949897E-01,-4.153362632972868E-01,-1.513721349761227E-02,1.956823925617354E-02,-1.107549859263908E-02,-2.700597825860429E-03
2454008.500000000,-1.223362336069004E-01,-4.495380530291960E-01,-2.549974246279426E-02,2.149906918366762E-02,-5.976131911031509E-03,-2.461178970553956E-03
2454012.500000000,-3.416651121110285E-02,-4.628188345993107E-01,-3.467597273586315E-02,2.241518916191755E-02,-6.314293110533762E-04,-2.108598060509125E-03
2454016.500000000,5.559023587493175E-02,-4.543897669032754E-01,-4.222418889558051E-02,2.228356332685775E-02,4.862732990681066E-03,-1.647656380955550E-03
2454020.500000000,1.426047905690108E-01,-4.238577925009948E-01,-4.771499264572521E-02,2.102746467229410E-02,1.039998241977381E-02,-1.080003266849887E-03
2454024.500000000,2.221484361890984E-01,-3.713244705709543E-01,-5.072273350194341E-02,1.852374438147950E-02,1.583365480306024E-02,-4.063197265038030E-04
2454028.500000000,2.889115009272673E-01,-2.976252948122329E-01,-5.082840865044101E-02,1.460678221346040E-02,2.093510819410831E-02,3.699133573218576E-04
2454032.500000000,3.368704802656902E-01,-2.047717627319327E-01,-4.764358513205331E-02,9.092057303060938E-03,2.533301844105669E-02,1.235292733422529E-03
2454036.500000000,3.593340530040541E-01,-9.667799519048549E-02,-4.087398604904535E-02,1.848864128766808E-03,2.843315414681750E-02,2.153265508476018E-03
2454040.500000000,3.494638748836167E-01,1.979430181776535E-02,-3.045265439718642E-02,-7.024365280294244E-03,2.934983041133387E-02,3.042439974636380E-03
2454044.500000000,3.017967227796993E-01,1.337197194235601E-01,-1.677082275567482E-02,-1.687169391382463E-02,2.697071138788377E-02,3.751746029407854E-03
2454048.500000000,2.152640028036480E-01,2.299294564308529E-01,-9.696895948064531E-04,-2.610631017855085E-02,2.040815953008914E-02,4.063045933598457E-03
2454052.500000000,9.697337867667398E-02,2.916948043341616E-01,1.493178157618251E-02,-3.233239818047130E-02,9.946634821522469E-03,3.779718884462137E-03
2454056.500000000,-3.665992947655842E-02,3.070633142136310E-01,2.845069721400658E-02,-3.357956371946398E-02,-2.310354324169545E-03,2.892797198914596E-03
2454060.500000000,-1.648641374948779E-01,2.748330101250594E-01,3.758266106983206E-02,-2.979295050576434E-02,-1.339079068839490E-02,1.640054890113987E-03
2454064.500000000,-2.705733551521149E-01,2.042556237480678E-01,4.151740935209926E-02,-2.269121639502148E-02,-2.129159115222659E-02,3.428587961809839E-04
2454068.500000000,-3.447366183277603E-01,1.093130862974173E-01,4.056664492263037E-02,-1.432141531009635E-02,-2.561441592080021E-02,-7.783922337692964E-04
2454072.500000000,-3.853727653156699E-01,3.367518672297229E-03,3.564021916883395E-02,-6.098013360511017E-03,-2.692253218711944E-02,-1.639912470331474E-03
2454076.500000000,-3.946771731397106E-01,-1.031093057445546E-01,2.779512278332304E-02,1.272728466679837E-03,-2.600737532767901E-02,-2.241548070088692E-03
2454080.500000000,-3.766798427289010E-01,-2.026380811000099E-01,1.801222851682050E-02,7.533586752390907E-03,-2.354561435102232E-02,-2.614976551378046E-03
2454084.500000000,-3.359457015726420E-01,-2.900725837518476E-01,7.130890252309662E-03,1.264394855362038E-02,-2.002731266703548E-02,-2.796508165042747E-03
2454088.500000000,-2.770092465881188E-01,-3.618952731509209E-01,-4.145391022535558E-03,1.664388427401809E-02,-1.578435291653003E-02,-2.816934307691807E-03
2454092.500000000,-2.042027899181313E-01,-4.156783133410690E-01,-1.522069540044749E-02,1.958706852385729E-02,-1.103724857078483E-02,-2.699196179712843E-03
2454096.500000000,-1.216715054716124E-01,-4.497222737264777E-01,-2.557578584532785E-02,2.151008371599571E-02,-5.935605149720967E-03,-2.458873420948973E-03
2454100.500000000,-3.347346607819318E-02,-4.628376766707737E-01,-3.474108081613368E-02,2.241829106315530E-02,-5.893865299176641E-04,-2.105441906975643E-03
2454104.500000000,5.627921971905726E-02,-4.542386301390617E-01,-4.227501235967925E-02,2.227833188773090E-02,4.905546589112291E-03,-1.643672047094818E-03
2454108.500000000,1.432549517517041E-01,-4.235353592112485E-01,-4.774823231853471E-02,2.101312524389320E-02,1.044263306219837E-02,-1.075196132544834E-03
2454112.500000000,2.227211924315435E-01,-3.708339656260835E-01,-5.073511150819992E-02,1.849916510424032E-02,1.587475202082084E-02,-4.006997556123730E-04
2454116.500000000,2.893631426665551E-01,-2.969770408450996E-01,-5.081675757722192E-02,1.457055878560664E-02,2.097241558332878E-02,3.762919933333721E-04
2454120.500000000,3.371516106344696E-01,-2.039876172763339E-01,-4.760515970382194E-02,9.042838236343543E-03,2.536289882334819E-02,1.242256380740689E-03
2454124.500000000,3.593913062681272E-01,-9.579826257362077E-02,-4.080718662815390E-02,1.786235138246282E-03,2.844992051339821E-02,2.160386666644848E-03
2454128.500000000,3.492470939852568E-01,2.070188232468708E-02,-3.035842181078235E-02,-7.097954911528720E-03,2.934550507794304E-02,3.048840702044397E-03
2454132.500000000,3.012762946227331E-01,1.345531104007187E-01,-1.665479149575387E-02,-1.694787548818268E-02,2.693667969321212E-02,3.755952919595987E-03
2454136.500000000,2.144595922178866E-01,2.305595841148169E-01,-8.442306482520506E-04,-2.616886726638570E-02,2.034083670139874E-02,4.063276987983151E-03
2454140.500000000,9.597852158877225E-02,2.920020636334061E-01,1.504829060131533E-02,-3.236231823514056E-02,9.855388530687988E-03,3.774995154426359E-03
2454144.500000000,-3.769160961377683E-02,3.069935109817737E-01,2.853971360840721E-02,-3.356805618350524E-02,-2.403538127355733E-03,2.884110180303086E-03
2454148.500000000,-1.657782282802949E-01,2.744233655363844E-01,3.763304769430428E-02,-2.974811880982400E-02,-1.346491516551659E-02,1.629866197189423E-03
2454152.500000000,-2.712687979612677E-01,2.036043303145723E-01,4.152791609316175E-02,-2.262946610621781E-02,-2.133791996482802E-02,3.333897737610291E-04
2454156.500000000,-3.451752032439512E-01,1.085299637345388E-01,4.054274577949019E-02,-1.425652849111849E-02,-2.563483503086679E-02,-7.860296541270288E-04
2454160.500000000,-3.855594218511649E-01,2.544784112120746E-03,3.558991259676611E-02,-6.037788017467404E-03,-2.692297280949840E-02,-1.645486585318078E-03
2454164.500000000,-3.946382304456832E-01,-1.039037848197987E-01,2.772638366555715E-02,1.325011561208424E-03,-2.599367525258069E-02,-2.245234408597672E-03
2454168.500000000,-3.764493431442664E-01,-2.033571437557407E-01,1.793204876463639E-02,7.577050497177019E-03,-2.352222398612330E-02,-2.617058096764345E-03
2454172.500000000,-3.355588422723264E-01,-2.906840180984016E-01,7.045146544959479E-03,1.267872508125888E-02,-1.999730347045253E-02,-2.797248035657896E-03
2454176.500000000,-2.764999633194070E-01,-3.623769704594622E-01,-4.231763706976254E-03,1.667039175464112E-02,-1.574976782888515E-02,-2.816537982859563E-03
2454180.500000000,-2.036033741018624E-01,-4.160148710320422E-01,-1.530346188944895E-02,1.960567483238942E-02,-1.099944962127414E-02,-2.697809004308621E-03
2454184.500000000,-1.210131464230306E-01,-4.499028417184815E-01,-2.565118546964707E-02,2.152095560147215E-02,-5.895545952534609E-03,-2.456589011335372E-03
2454188.500000000,-3.278721580078995E-02,-4.628547616892117E-01,-3.480564156292122E-02,2.242132166703853E-02,-5.478237924690825E-04,-2.102312779469977E-03
2454192.500000000,5.696125972437607E-02,-4.540876815321006E-01,-4.232540852748096E-02,2.227309726495556E-02,4.947867384180251E-03,-1.639720811422929E-03
2454196.500000000,1.438982976578660E-01,-4.232151132384143E-01,-4.778119081522618E-02,2.099885456984823E-02,1.048477682351162E-02,-1.070429189957302E-03
2454200.500000000,2.232875707896137E-01,-3.703477015410431E-01,-5.074738591857745E-02,1.847473846777468E-02,1.591533025708458E-02,-3.951286774219756E-04
2454204.500000000,2.898092171615809E-01,-2.963351105411668E-01,-5.080521868583748E-02,1.453459197396246E-02,2.100920386134308E-02,3.826114135059014E-04
2454208.500000000,3.374284498219050E-01,-2.032118232988130E-01,-4.756710501151057E-02,8.994004755649718E-03,2.539229210807270E-02,1.249150113374499E-03
2454212.500000000,3.594461034030423E-01,-9.492866482238389E-02,-4.074105459330358E-02,1.724139718714594E-03,2.846629619404620E-02,2.167430404090679E-03
2454216.500000000,3.490302768482820E-01,2.159812033695409E-02,-3.026516647236000E-02,-7.170874582021440E-03,2.934098546835664E-02,3.055166195507098E-03
2454220.500000000,3.007586644189447E-01,1.353749586513507E-01,-1.654000635020714E-02,-1.702333088015572E-02,2.690275723376871E-02,3.760103960311346E-03
2454224.500000000,2.136607285976725E-01,2.311792984046047E-01,-7.201691692418126E-04,-2.623080948302416E-02,2.027396467700728E-02,4.063491021035293E-03
2454228.500000000,9.499112426939127E-02,2.923012329651644E-01,1.516342886008964E-02,-3.239192172192156E-02,9.764819902241768E-03,3.770301381486575E-03
2454232.500000000,-3.871528939617782E-02,3.069183861664620E-01,2.862755236124193E-02,-3.355658725329377E-02,-2.496057592169142E-03,2.875485574821801E-03
2454236.500000000,-1.666849887010255E-01,2.740106836715420E-01,3.768252464197844E-02,-2.970355183097454E-02,-1.353858067223177E-02,1.619744591574335E-03
2454240.500000000,-2.719581063435768E-01,2.029513531282761E-01,4.153775579787072E-02,-2.256802267626988E-02,-2.138402343276723E-02,3.239731564159736E-04
2454244.500000000,-3.456087694351118E-01,1.077457144718367E-01,4.051835159962310E-02,-1.419188323903750E-02,-2.565518514288127E-02,-7.936331044075855E-04
2454248.500000000,-3.857418545247702E-01,1.721034327070264E-03,3.553921766538578E-02,-5.977720838575391E-03,-2.692341457806366E-02,-1.651040219850466E-03
2454252.500000000,-3.945955753292016E-01,-1.046993271439258E-01,2.765732236687726E-02,1.377190323291015E-03,-2.597999188880291E-02,-2.248907080384870E-03
2454256.500000000,-3.762155115633772E-01,-2.040773257660339E-01,1.785159740422688E-02,7.620421427161551E-03,-2.349884336154714E-02,-2.619127245677658E-03
2454260.500000000,-3.351690620015803E-01,-2.912965936191514E-01,6.959184682262071E-03,1.271338385999152E-02,-1.996729677583424E-02,-2.797973150350140E-03
2454264.500000000,-2.759883203383655E-01,-3.628598258390858E-01,-4.318288067191357E-03,1.669673387363113E-02,-1.571519184647873E-02,-2.816123128373252E-03
2454268.500000000,-2.030023698024150E-01,-4.163526725413153E-01,-1.538629934994759E-02,1.962406092408898E-02,-1.096168856867248E-02,-2.696400301130425E-03
2454272.500000000,-1.203541798737252E-01,-4.500849052982950E-01,-2.572656800385379E-02,2.153155950683962E-02,-5.855579044663756E-03,-2.454282650566363E-03
2454276.500000000,-3.210149417441358E-02,-4.628738614973774E-01,-3.487010285314122E-02,2.242405652892834E-02,-5.064320783550638E-04,-2.099165148963421E-03
2454280.500000000,5.764158400611624E-02,-4.539396215710844E-01,-4.237564590305042E-02,2.226757115542071E-02,4.989919931619957E-03,-1.635759248366738E-03
2454284.500000000,1.445388409448869E-01,-4.228990385084054E-01,-4.781397411450682E-02,2.098434006698556E-02,1.052654745766995E-02,-1.065665233280787E-03
2454288.500000000,2.238503540205842E-01,-3.698672991725696E-01,-5.075953199129835E-02,1.845016894241854E-02,1.595543969884222E-02,-3.895787879203747E-04
2454292.500000000,2.902514245208207E-01,-2.957010574431572E-01,-5.079367890079399E-02,1.449864180623981E-02,2.104546125659934E-02,3.888879040785678E-04
2454296.500000000,3.377018982750021E-01,-2.024460503240522E-01,-4.752926612690470E-02,8.945400142347865E-03,2.542115843666084E-02,1.255978725813349E-03
2454300.500000000,3.594988980838504E-01,-9.407102266504971E-02,-4.067543602078600E-02,1.662509434005059E-03,2.848225151041414E-02,2.174391877087797E-03
2454304.500000000,3.488137368048650E-01,2.248114746051823E-02,-3.017276768819393E-02,-7.243134229408252E-03,2.933628038794546E-02,3.061405335219970E-03
2454308.500000000,3.002441196795564E-01,1.361835145700480E-01,-1.642639697533034E-02,-1.709807551580739E-02,2.686899106592868E-02,3.764185703957691E-03
2454312.500000000,2.128675093744841E-01,2.317870428222434E-01,-5.974894019517911E-04,-2.629222484197279E-02,2.020758027799882E-02,4.063674063808412E-03
2454316.500000000,9.401075673761873E-02,2.925907324996302E-01,1.527714891183635E-02,-3.242137758456518E-02,9.674864585524958E-03,3.765618583470162E-03
2454320.500000000,-3.973210422600863E-02,3.068357825692959E-01,2.871406481336931E-02,-3.354532033034444E-02,-2.588139435637378E-03,2.866890393295842E-03
2454324.500000000,-1.675859969965629E-01,2.735916327400038E-01,3.773077603255796E-02,-2.965929217773238E-02,-1.361213134403230E-02,1.609639883087078E-03
2454328.500000000,-2.726426956605740E-01,2.022919466753266E-01,4.154638896294871E-02,-2.250676234143257E-02,-2.143024299252067E-02,3.145493008063808E-04
2454332.500000000,-3.460379534831391E-01,1.069544199642593E-01,4.049268657992305E-02,-1.412722361939455E-02,-2.567569781198872E-02,-8.012590391694953E-04
2454336.500000000,-3.859195138178438E-01,8.897394966549567E-04,3.548715658088181E-02,-5.917484148323379E-03,-2.692392760610222E-02,-1.656616731234065E-03
2454340.500000000,-3.945472806905556E-01,-1.055024073353761E-01,2.758682142799410E-02,1.429621190832658E-03,-2.596622939809478E-02,-2.252592422388761E-03
2454344.500000000,-3.759749656913222E-01,-2.048044153678914E-01,1.776968370428777E-02,7.664070240685974E-03,-2.347522883822823E-02,-2.621194900131894E-03
2454348.500000000,-3.347714639031973E-01,-2.919148633248436E-01,6.871793996627072E-03,1.274831236624832E-02,-1.993692132952181E-02,-2.798683345908944E-03
2454352.500000000,-2.754678314455634E-01,-3.633466698345937E-01,-4.406158576142667E-03,1.672331759480088E-02,-1.568013519541480E-02,-2.815682224239075E-03
2454356.500000000,-2.023916350595285E-01,-4.166923435173064E-01,-1.547035937106625E-02,1.964264514774951E-02,-1.092335036017205E-02,-2.694955993477687E-03
2454360.500000000,-1.196848045967672E-01,-4.502663482402223E-01,-2.580301183494294E-02,2.154230125023175E-02,-5.814944608842613E-03,-2.451931117446123E-03
2454364.500000000,-3.140496959041055E-02,-4.628894904054124E-01,-3.493542304785040E-02,2.242684615161983E-02,-4.642825526335184E-04,-2.095961073540690E-03
2454368.500000000,5.833271130562154E-02,-4.537848779990358E-01,-4.242648860938462E-02,2.226198373762547E-02,5.032820674145411E-03,-1.631726669815418E-03
2454372.500000000,1.451896336627679E-01,-4.225727170708930E-01,-4.784704198227506E-02,2.096960078102735E-02,1.056924898575981E-02,-1.060811054012942E-03
2454376.500000000,2.244220556430503E-01,-3.693728011078921E-01,-5.077155455772281E-02,1.842514642384547E-02,1.599653587120181E-02,-3.839142321672218E-04
2454380.500000000,2.907001499635752E-01,-2.950489469357553E-01,-5.078150076702745E-02,1.446193031305119E-02,2.108269803700601E-02,3.953075807629102E-04
2454384.500000000,3.379780649168154E-01,-2.016585104213597E-01,-4.749015881626898E-02,8.895644987452832E-03,2.545087296049114E-02,1.262978411311679E-03
2454388.500000000,3.595489499207430E-01,-9.318881765534527E-02,-4.060782550702362E-02,1.599299866290006E-03,2.849871349932758E-02,2.181540768372112E-03
2454392.500000000,3.485873943421148E-01,2.338959714002994E-02,-3.007764183121205E-02,-7.317312179943692E-03,2.933144506531109E-02,3.067817523173719E-03
2454396.500000000,2.997119349265756E-01,1.370152054409588E-01,-1.630948302116713E-02,-1.717473875447322E-02,2.683417760588095E-02,3.768372886206340E-03
2454400.500000000,2.120499570812613E-01,2.324118168673334E-01,-4.713165964824907E-04,-2.635495653528852E-02,2.013923149685873E-02,4.063838664518023E-03
2454404.500000000,9.300296788477688E-02,2.928883671510565E-01,1.539401150551553E-02,-3.245100632110148E-02,9.582556115813143E-03,3.760783869852037E-03
2454408.500000000,-4.077466678356163E-02,3.067525019516517E-01,2.880294351428801E-02,-3.353310602126851E-02,-2.682150202938020E-03,2.858074134918702E-03
2454412.500000000,-1.685076371132999E-01,2.731659176921854E-01,3.778052090388791E-02,-2.961353504892647E-02,-1.368671915464481E-02,1.599332074516109E-03
2454416.500000000,-2.733418477437551E-01,2.016234434147755E-01,4.155582437658217E-02,-2.244403985156149E-02,-2.147668697477664E-02,3.049859771975842E-04
2454420.500000000,-3.464764459874388E-01,1.061542199719605E-01,4.046739691953009E-02,-1.406142076705784E-02,-2.569594694690508E-02,-8.089615262460705E-04
2454424.500000000,-3.861026266314745E-01,5.106469031831674E-05,3.543525750374933E-02,-5.856455899807630E-03,-2.692398051434293E-02,-1.662227091280394E-03
2454428.500000000,-3.945018588845076E-01,-1.063109440215263E-01,2.751639803786984E-02,1.482566351796201E-03,-2.595198513442538E-02,-2.256288983997268E-03
2454432.500000000,-3.757356363622645E-01,-2.055351321826428E-01,1.768782459012206E-02,7.708047052157956E-03,-2.345118831941122E-02,-2.623264417059526E-03
2454436.500000000,-3.343740164698355E-01,-2.925352046820423E-01,6.784457234117212E-03,1.278345609750672E-02,-1.990619402148678E-02,-2.799392675290145E-03
2454440.500000000,-2.749467704304058E-01,-3.638343114708176E-01,-4.493970464849663E-03,1.675005403116383E-02,-1.564479041572566E-02,-2.815239966356547E-03
2454444.500000000,-2.017797898451083E-01,-4.170317533412212E-01,-1.555435444212637E-02,1.966134926353153E-02,-1.088476723191537E-02,-2.693509734825978E-03
2454448.500000000,-1.190138811512665E-01,-4.504466013648518E-01,-2.587937972448117E-02,2.155314285275427E-02,-5.774087534851067E-03,-2.449575771347091E-03
2454452.500000000,-3.070653690251016E-02,-4.629030548970012E-01,-3.500064541685861E-02,2.242971476878791E-02,-4.219161443736488E-04,-2.092749560469300E-03
2454456.500000000,5.902600335611585E-02,-4.536271972558494E-01,-4.247719350856438E-02,2.225644302764080E-02,5.075941667693585E-03,-1.627681273563031E-03
2454460.500000000,1.458426830623917E-01,-4.222425707085061E-01,-4.787990785056415E-02,2.095485724989555E-02,1.061217288461115E-02,-1.055937475055798E-03
2454464.500000000,2.249958593237590E-01,-3.688736071332034E-01,-5.078328412029898E-02,1.840004739787296E-02,1.603784121975638E-02,-3.782237256024779E-04
2454468.500000000,2.911504975393222E-01,-2.943913825758637E-01,-5.076891588680044E-02,1.442505360647461E-02,2.112009734417157E-02,4.017575723977240E-04
2454472.500000000,3.382550129851072E-01,-2.008650461478954E-01,-4.745052337241625E-02,8.845637432345213E-03,2.548064972157301E-02,1.270007186602341E-03
2454476.500000000,3.595986576535829E-01,-9.230075118876638E-02,-4.053958914829202E-02,1.535791354243020E-03,2.851507066660274E-02,2.188707309747058E-03
2454480.500000000,3.483595804223022E-01,2.430306437510959E-02,-2.998186598376259E-02,-7.391731406950457E-03,2.932628908900456E-02,3.074221604546655E-03
2454484.500000000,2.991776996299980E-01,1.378502407792595E-01,-1.619202485354107E-02,-1.725142079715438E-02,2.679886692999264E-02,3.772514168573896E-03
2454488.500000000,2.112309650025343E-01,2.330378992932003E-01,-3.448544589817539E-04,-2.641735529189228E-02,2.007040850050167E-02,4.063925000979558E-03
2454492.500000000,9.199567540468165E-02,2.931859478611751E-01,1.551083803886739E-02,-3.248003945915699E-02,9.490081889783317E-03,3.755872115750621E-03
2454496.500000000,-4.181434814430454E-02,3.066693429207408E-01,2.889155006868808E-02,-3.352035383071676E-02,-2.775918604458707E-03,2.849221593138208E-03
2454500.500000000,-1.694248272144433E-01,2.727418156935094E-01,3.782994978605932E-02,-2.956755260150865E-02,-1.376085025158855E-02,1.589036685033809E-03
2454504.500000000,-2.740363091838349E-01,2.009583657874746E-01,4.156505662364932E-02,-2.238140501432533E-02,-2.152271521145996E-02,2.954621205773306E-04
2454508.500000000,-3.469109981470721E-01,1.053587945816229E-01,4.044207481948743E-02,-1.399588022296038E-02,-2.571594581020625E-02,-8.166212333957085E-04
2454512.500000000,-3.862829733964813E-01,-7.821837692991575E-04,3.538348079837406E-02,-5.795735430715500E-03,-2.692395241499365E-02,-1.667803997514625E-03
2454516.500000000,-3.944548608291136E-01,-1.071139955553595E-01,2.744620572396448E-02,1.535232404498481E-03,-2.593778370289577E-02,-2.259964676112066E-03
2454520.500000000,-3.754957353764220E-01,-2.062606979107064E-01,1.760625678402439E-02,7.751802972132328E-03,-2.342726437056121E-02,-2.625324265504814E-03
2454524.500000000,-3.339767547110220E-01,-2.931509410182654E-01,6.697432830708360E-03,1.281844151083219E-02,-1.987561772670120E-02,-2.800100630155614E-03
2454528.500000000,-2.744264141878847E-01,-3.643179747527867E-01,-4.581476028006134E-03,1.677668754683769E-02,-1.560960447321484E-02,-2.814801626575237E-03
2454532.500000000,-2.011689688217053E-01,-4.173678073209445E-01,-1.563806503687970E-02,1.967999460382279E-02,-1.084633453114482E-02,-2.692070092895247E-03
2454536.500000000,-1.183441484381265E-01,-4.506240682627664E-01,-2.595549144854030E-02,2.156395805477931E-02,-5.733363944139628E-03,-2.447227659190608E-03
2454540.500000000,-3.000935397708664E-02,-4.629143277547655E-01,-3.506563906461612E-02,2.243257860474797E-02,-3.796635021008509E-04,-2.089544310635876E-03
2454544.500000000,5.971805432622895E-02,-4.534676431489102E-01,-4.252769087619174E-02,2.225091010035214E-02,5.118966557729793E-03,-1.623640068810005E-03
2454548.500000000,1.464945359487757E-01,-4.219109108013408E-01,-4.791257783204073E-02,2.094012734730430E-02,1.065501136080427E-02,-1.051065502676163E-03
2454552.500000000,2.255685267909885E-01,-3.683732403368387E-01,-5.079481949593929E-02,1.837496482411248E-02,1.607905890796120E-02,-3.725326311258787E-04
2454556.500000000,2.915997850659470E-01,-2.937330326538780E-01,-5.075613295934408E-02,1.438820002632937E-02,2.115738675353798E-02,4.082084060676765E-04
2454560.500000000,3.385310326145551E-01,-2.000713227172705E-01,-4.741069286162329E-02,8.795677156674833E-03,2.551026880367592E-02,1.277032641125807E-03
2454564.500000000,3.596477401842397E-01,-9.141318889432846E-02,-4.047119126424365E-02,1.472397201190057E-03,2.853120211406557E-02,2.195858943663105E-03
2454568.500000000,3.481318588881977E-01,2.521500263765832E-02,-2.988602630801039E-02,-7.465890168841787E-03,2.932085444904309E-02,3.080590422200456E-03
2454572.500000000,2.986450533279653E-01,1.386826777579414E-01,-1.607469234454949E-02,-1.732760175504098E-02,2.676332759374477E-02,3.776596487736532E-03
2454576.500000000,2.104160950649348E-01,2.336609226307410E-01,-2.187812465241044E-04,-2.647900232909717E-02,2.000162762404907E-02,4.063943166010989E-03
2454580.500000000,9.099570118855325E-02,2.934815762699708E-01,1.562704347619567E-02,-3.250828210774108E-02,9.398141836550923E-03,3.750919476978679E-03
2454584.500000000,-4.284409310184964E-02,3.065873544300405E-01,2.897948609454441E-02,-3.350714167258218E-02,-2.868695558119131E-03,2.840388205214500E-03
2454588.500000000,-1.703313127649853E-01,2.723232396844765E-01,3.787890634024601E-02,-2.952165564267482E-02,-1.383386083523961E-02,1.578817544486164E-03
2454592.500000000,-2.747214022929098E-01,2.003029564372614E-01,4.157418563188881E-02,-2.231932100387577E-02,-2.156783668483057E-02,2.860407037805229E-04
2454596.500000000,-3.473389479969097E-01,1.045759382580416E-01,4.041705864054543E-02,-1.393113345728334E-02,-2.573541152325025E-02,-8.241828533996295E-04
2454600.500000000,-3.864600344294203E-01,-1.601492034284169E-03,3.533236308086537E-02,-5.735852457698079E-03,-2.692376304063843E-02,-1.673304129602184E-03
2454604.500000000,-3.944077982514925E-01,-1.079030855272233E-01,2.737692708280054E-02,1.587139427665714E-03,-2.592371814734047E-02,-2.263589931338401E-03
2454608.500000000,-3.752585480914649E-01,-2.069732932394653E-01,1.752575378580931E-02,7.794933793520898E-03,-2.340368633181909E-02,-2.627358404332298E-03
2454612.500000000,-3.335844129520577E-01,-2.937553847830244E-01,6.611533510637959E-03,1.285294861530765E-02,-1.984552384533361E-02,-2.800803374362893E-03
2454616.500000000,-2.739126120732191E-01,-3.647924563152379E-01,-4.667868923344523E-03,1.680297950400293E-02,-1.557498443050108E-02,-2.814373979443392E-03
2454620.500000000,-2.005658270439557E-01,-4.176970516490678E-01,-1.572073095497254E-02,1.969841532992835E-02,-1.080851789005736E-02,-2.690653214312652E-03
2454624.500000000,-1.176827950198894E-01,-4.507972594600569E-01,-2.603066928165395E-02,2.157464459701465E-02,-5.693289593790420E-03,-2.444911894649927E-03
2454628.500000000,-2.932090114847143E-02,-4.629239788375375E-01,-3.512984573699038E-02,2.243539372197483E-02,-3.380885948925045E-04,-2.086380188440136E-03
2454632.500000000,6.040132806491932E-02,-4.533092394267460E-01,-4.257758475225953E-02,2.224540240379450E-02,5.161282263513114E-03,-1.619649802001958E-03
2454636.500000000,1.471378716980135E-01,-4.215833088880002E-01,-4.794487201633289E-02,2.092550508363423E-02,1.069710478519827E-02,-1.046257014898517E-03
2454640.500000000,2.261333133253805E-01,-3.678799804159010E-01,-5.080626439727313E-02,1.835009873607124E-02,1.611949908099236E-02,-3.669213741898795E-04
2454644.500000000,2.920423480059584E-01,-2.930849282696175E-01,-5.074361751958593E-02,1.435171709148830E-02,2.119389122560547E-02,4.145597057289207E-04
2454648.500000000,3.388022139085549E-01,-1.992909007540238E-01,-4.737156837725973E-02,8.746298971961807E-03,2.553915976717477E-02,1.283938834595292E-03
2454652.500000000,3.596948157655718E-01,-9.054153906017080E-02,-4.040400530790297E-02,1.409840421883816E-03,2.854678079952237E-02,2.202878979017714E-03
2454656.500000000,3.479059693575259E-01,2.610944546571499E-02,-2.979192010217353E-02,-7.538980377440289E-03,2.931521187058772E-02,3.086834378898490E-03
2454660.500000000,2.981187333685626E-01,1.394977662183174E-01,-1.595952797860116E-02,-1.740264541177347E-02,2.672809100182410E-02,3.780592372709956E-03
2454664.500000000,2.096117279328907E-01,2.342689158759670E-01,-9.508674843013184E-05,-2.653975885472905E-02,1.993368691404349E-02,4.063947020509801E-03
2454668.500000000,9.000874574033531E-02,2.937662400749480E-01,1.574097980603695E-02,-3.253619372587177E-02,9.307329029416639E-03,3.746033974700690E-03
2454672.500000000,-4.386073679043390E-02,3.064987573539584E-01,2.906553501397084E-02,-3.349419328961329E-02,-2.960491886949647E-03,2.831670230634372E-03
2454676.500000000,-1.712264970592388E-01,2.719011613610849E-01,3.792644617019616E-02,-2.947633443453188E-02,-1.390631854892924E-02,1.568710503203631E-03
2454680.500000000,-2.753975620331254E-01,1.996454112387927E-01,4.158228400138390E-02,-2.225780373279839E-02,-2.161280252288132E-02,2.766980064589151E-04
2454684.500000000,-3.477599355945719E-01,1.037910854792316E-01,4.039125565174554E-02,-1.386679680270140E-02,-2.575492970319490E-02,-8.316996605075457E-04
2454688.500000000,-3.866314605147811E-01,-2.423128323673258E-03,3.528059166376917E-02,-5.676232556220777E-03,-2.692366522631919E-02,-1.678779991488500E-03
2454692.500000000,-3.943559772708123E-01,-1.086947863416775E-01,2.730707425455065E-02,1.638858107549062E-03,-2.590969402705339E-02,-2.267197769958494E-03
2454696.500000000,-3.750173273447240E-01,-2.076885200849006E-01,1.744474807615086E-02,7.837880660906849E-03,-2.338007758179411E-02,-2.629373240026633E-03
2454700.500000000,-3.331888433154244E-01,-2.943622165662741E-01,6.525218880796452E-03,1.288723200968154E-02,-1.981534345124663E-02,-2.801481537270774E-03
2454704.500000000,-2.733965866541527E-01,-3.652689190715954E-01,-4.754568693167607E-03,1.682899243791764E-02,-1.554025291171376E-02,-2.813917024322570E-03
2454708.500000000,-1.999616790573762E-01,-4.180278327370668E-01,-1.580358149809948E-02,1.971650935617898E-02,-1.077059495463876E-02,-2.689205084589849E-03
2454712.500000000,-1.170218003085231E-01,-4.509716097824855E-01,-2.610590868941997E-02,2.158498019239629E-02,-5.653135209706463E-03,-2.442566424808844E-03
2454716.500000000,-2.863420746773220E-02,-4.629345367989975E-01,-3.519400331118093E-02,2.243786504007585E-02,-2.964676415407851E-04,-2.083190810750378E-03
2454720.500000000,6.108153476003209E-02,-4.531516163418045E-01,-4.262733987567055E-02,2.223958931011658E-02,5.203617619063767E-03,-1.615639990279880E-03
2454724.500000000,1.477770354148307E-01,-4.212564260926371E-01,-4.797695919234882E-02,2.091063821339349E-02,1.073921428140289E-02,-1.041433512972860E-03
2454728.500000000,2.266930811968161E-01,-3.673873260053043E-01,-5.081744496484583E-02,1.832505236796345E-02,1.615998636138580E-02,-3.612955322873821E-04
2454732.500000000,2.924792615098491E-01,-2.924371161134097E-01,-5.073076904509185E-02,1.431509145648892E-02,2.123051072700702E-02,4.209321369100295E-04
2454736.500000000,3.390671455372882E-01,-1.985101365787716E-01,-4.733199877705364E-02,8.696748598023262E-03,2.556825317173324E-02,1.290881398118524E-03
2454740.500000000,3.597347228445296E-01,-8.966860200415989E-02,-4.033618565984354E-02,1.346976953821280E-03,2.856261770926969E-02,2.209957662285583E-03
2454744.500000000,3.476712330212128E-01,2.700612955814478E-02,-2.969690135542629E-02,-7.612616103498996E-03,2.930975739500247E-02,3.093157569139770E-03
2454748.500000000,2.975808694658342E-01,1.403153318639529E-01,-1.584312311740432E-02,-1.747847692562427E-02,2.669273963779070E-02,3.784667600396753E-03
2454752.500000000,2.087925069514457E-01,2.348779143697679E-01,3.009857871065622E-05,-2.660132400754621E-02,1.986509981308916E-02,4.063988812848271E-03
2454756.500000000,8.900433984083589E-02,2.940482355866993E-01,1.585640684557922E-02,-3.256452520090237E-02,9.215362359610161E-03,3.741106608886866E-03
2454760.500000000,-4.489520371151277E-02,3.064024517411580E-01,2.915274352350600E-02,-3.348099381227963E-02,-3.053573258117230E-03,2.822833345489089E-03
2454764.500000000,-1.721372480598787E-01,2.714667448576920E-01,3.797458612739699E-02,-2.943017835185517E-02,-1.397974652503151E-02,1.558451455935261E-03
2454768.500000000,-2.760852958620977E-01,1.989726712924458E-01,4.159038948373311E-02,-2.219518033219966E-02,-2.165821623465814E-02,2.672170092014781E-04
2454772.500000000,-3.481880162086217E-01,1.029902486269684E-01,4.036497846160467E-02,-1.380136121751869E-02,-2.577441503713818E-02,-8.393168754881911E-04
2454776.500000000,-3.868058572217472E-01,-3.259900964434240E-03,3.522802716258704E-02,-5.615663262693816E-03,-2.692320345136097E-02,-1.684315677245635E-03
2454780.500000000,-3.943036958240813E-01,-1.094997592052402E-01,2.723625722793437E-02,1.691343371197952E-03,-2.589512324941869E-02,-2.270833107350152E-03
2454784.500000000,-3.747729164099152E-01,-2.084146481959629E-01,1.736271509027554E-02,7.881431118319373E-03,-2.335584310906480E-02,-2.631393755022706E-03
2454788.500000000,-3.327879385831267E-01,-2.949773884931214E-01,6.437883589461812E-03,1.292198982550361E-02,-1.978451417343053E-02,-2.802151798240041E-03
2454792.500000000,-2.728735373716888E-01,-3.657511198482233E-01,-4.842238826997129E-03,1.685537912005984E-02,-1.550487072966476E-02,-2.813443331356671E-03
2454796.500000000,-1.993491852274120E-01,-4.183617505062805E-01,-1.588732096446535E-02,1.973489198156706E-02,-1.073202134532379E-02,-2.687733035904387E-03
2454800.500000000,-1.163514719410346E-01,-4.511464841214901E-01,-2.618192634905355E-02,2.159552002764329E-02,-5.612323958316163E-03,-2.440189316324252E-03
2454804.500000000,-2.793755134286491E-02,-4.629429686868801E-01,-3.525879427511700E-02,2.244044333041599E-02,-2.541779852615160E-04,-2.079960285571177E-03
2454808.500000000,6.177189842312324E-02,-4.529891695828456E-01,-4.267754115099490E-02,2.223376168015567E-02,5.246631856169133E-03,-1.611577359956350E-03
2454812.500000000,1.484260021064044E-01,-4.209220062405923E-01,-4.800925492321250E-02,2.089560307744141E-02,1.078199756425520E-02,-1.036543838723020E-03
2454816.500000000,2.272616128078368E-01,-3.668845047105530E-01,-5.082854196150981E-02,1.829964897011975E-02,1.620110678268322E-02,-3.555899508115335E-04
2454820.500000000,2.929230828763456E-01,-2.917767852155113E-01,-5.071749461926831E-02,1.427789142595164E-02,2.126765994885594E-02,4.273952523464968E-04
2454824.500000000,3.393362378666908E-01,-1.977150944866954E-01,-4.729162987555584E-02,8.646401544416515E-03,2.559767792193016E-02,1.297918202840971E-03
2454828.500000000,3.597752271491811E-01,-8.878065961291691E-02,-4.026720524697606E-02,1.283143060746095E-03,2.857846546013066E-02,2.217119761594251E-03
2454832.500000000,3.474330822455467E-01,2.791702025842368E-02,-2.960044572769261E-02,-7.687253794965985E-03,2.930387763061649E-02,3.099531188481437E-03
2454836.500000000,2.970359307437536E-01,1.411444650367980E-01,-1.572518750955574E-02,-1.755508660970841E-02,2.665650487199111E-02,3.788735778156260E-03
2454840.500000000,2.079640364746528E-01,2.354943055288961E-01,1.566505811434824E-04,-2.666315944543052E-02,1.979536184550346E-02,4.063956555313370E-03
2454844.500000000,8.799081778660348E-02,2.943331302405826E-01,1.597280622671140E-02,-3.259253457025199E-02,9.122370452662516E-03,3.736063365046910E-03
2454848.500000000,-4.593668545856971E-02,3.063057731151635E-01,2.924045917449962E-02,-3.346712702709093E-02,-3.147237085577008E-03,2.813887676649402E-03
2454852.500000000,-1.730522607775537E-01,2.710305611825338E-01,3.802287149890359E-02,-2.938336190117494E-02,-1.405331343659957E-02,1.548122703305124E-03
2454856.500000000,-2.767750017890183E-01,1.982981724188361E-01,4.159844280829984E-02,-2.213208459132276E-02,-2.170352281582555E-02,2.577049286910502E-04
2454860.500000000,-3.486165786467317E-01,1.021882628211665E-01,4.033857700885824E-02,-1.373564487608435E-02,-2.579372438950089E-02,-8.469417350827861E-04
2454864.500000000,-3.869798953041806E-01,-4.097137578294048E-03,3.517533135720051E-02,-5.554943475380817E-03,-2.692258274374072E-02,-1.689848950538716E-03
2454868.500000000,-3.942506140426803E-01,-1.103046351401148E-01,2.716532574215110E-02,1.743907125730850E-03,-2.588043108553393E-02,-2.274463170836385E-03
2454872.500000000,-3.745274675077018E-01,-2.091402578128058E-01,1.728058964214934E-02,7.925026764748405E-03,-2.333151695190175E-02,-2.633408729668087E-03
2454876.500000000,-3.323858433859355E-01,-2.955917099070634E-01,6.350477790260447E-03,1.295678117858899E-02,-1.975360806168423E-02,-2.802816575879843E-03
2454880.500000000,-2.723491688436713E-01,-3.662321687904348E-01,-4.929956789402796E-03,1.688179755609835E-02,-1.546941260564538E-02,-2.812963654038080E-03
2454884.500000000,-1.987352442367754E-01,-4.186941951967640E-01,-1.597108190294698E-02,1.975330665025835E-02,-1.069336141202109E-02,-2.686253636539273E-03
2454888.500000000,-1.156795725992143E-01,-4.513195047494642E-01,-2.625793172018129E-02,2.160608876442255E-02,-5.571407542248044E-03,-2.437802508883867E-03
2454892.500000000,-2.723922739511041E-02,-4.629490788923648E-01,-3.532352774146107E-02,2.244303947743871E-02,-2.117588883126902E-04,-2.076716681710416E-03
2454896.500000000,6.246395987887154E-02,-4.528238315152400E-01,-4.272762415726541E-02,2.222792884310721E-02,5.289801298197463E-03,-1.607497263173784E-03
2454900.500000000,1.490765738412713E-01,-4.205840288906046E-01,-4.804135232383831E-02,2.088052386386521E-02,1.082495733308928E-02,-1.031631496613428E-03
2454904.500000000,2.278314649853292E-01,-3.663773985813911E-01,-5.083933899894592E-02,1.827414429004880E-02,1.624241102748110E-02,-3.498562641730839E-04
2454908.500000000,2.933676760977788E-01,-2.911114639183702E-01,-5.070379843636251E-02,1.424051602187463E-02,2.130497186942507E-02,4.338908052807612E-04
2454912.500000000,3.396052395364442E-01,-1.969145303243414E-01,-4.725070646291522E-02,8.595799511391968E-03,2.562719592858961E-02,1.304988002015828E-03
2454916.500000000,3.598144967849020E-01,-8.788707212260141E-02,-4.019755005912141E-02,1.219000640982227E-03,2.859426912685172E-02,2.224307162470305E-03
2454920.500000000,3.471924881515572E-01,2.883299009596009E-02,-2.950325146205440E-02,-7.762166157562786E-03,2.929775098957578E-02,3.105908823212905E-03
2454924.500000000,2.964877775699796E-01,1.419772693521640E-01,-1.560656485382910E-02,-1.763177629545635E-02,2.661982498384243E-02,3.792772333754112E-03
2454928.500000000,2.071326974409714E-01,2.361124381024982E-01,2.836875483848275E-04,-2.672472675584560E-02,1.972514761098072E-02,4.063857188151058E-03
2454932.500000000,8.697616775490009E-02,2.946182902725397E-01,1.608939562185780E-02,-3.261997470971890E-02,9.029163605421057E-03,3.730946778729533E-03
2454936.500000000,-4.697689483626800E-02,3.062093235857560E-01,2.932812897001820E-02,-3.345268805838571E-02,-3.240705958820094E-03,2.804902748513083E-03
2454940.500000000,-1.739642021250651E-01,2.705959869146209E-01,3.807105030828318E-02,-2.933624574514312E-02,-1.412642835461583E-02,1.537801875326396E-03
2454944.500000000,-2.774610864595019E-01,1.976271653992418E-01,4.160648910799240E-02,-2.206900232161220E-02,-2.174837755128392E-02,2.482305418959066E-04
2454948.500000000,-3.490420174920318E-01,1.013912973671884E-01,4.031233852965373E-02,-1.367014041999487E-02,-2.581273500938435E-02,-8.545226584778774E-04
2454952.500000000,-3.871518331726758E-01,-4.928529119068571E-03,3.512296029881697E-02,-5.494505205232128E-03,-2.692184627299518E-02,-1.695346858566361E-03
2454956.500000000,-3.941965491288312E-01,-1.111035189570290E-01,2.709483314470189E-02,1.796203648711449E-03,-2.586577347631207E-02,-2.278071837847648E-03
2454960.500000000,-3.742820057107381E-01,-2.098602345170111E-01,1.719896061640759E-02,7.968407934030296E-03,-2.330732812658973E-02,-2.635416005504592E-03
2454964.500000000,-3.319844703408917E-01,-2.962010832494277E-01,6.263576243794502E-03,1.299141918354554E-02,-1.972290128398316E-02,-2.803484581111449E-03
2454968.500000000,-2.718260248175202E-01,-3.667091428308529E-01,-5.017199543555647E-03,1.690811613665329E-02,-1.543418831845559E-02,-2.812494706759566E-03
2454972.500000000,-1.981228429398752E-01,-4.190235441269815E-01,-1.605442028198905E-02,1.977166114652736E-02,-1.065495598147951E-02,-2.684789377387972E-03
2454976.500000000,-1.150093972187479E-01,-4.514904845713908E-01,-2.633358006204304E-02,2.161662360223071E-02,-5.530764801376584E-03,-2.435433057348473E-03
2454980.500000000,-2.654272564870020E-02,-4.629542953147672E-01,-3.538797627555463E-02,2.244561963702288E-02,-1.696420218259677E-04,-2.073491746358928E-03
2454984.500000000,6.315417005060647E-02,-4.526588955023432E-01,-4.277750048079790E-02,2.222209850041678E-02,5.332621271928356E-03,-1.603437912665213E-03
2454988.500000000,1.497253614564321E-01,-4.202479875212083E-01,-4.807333463642571E-02,2.086547941613551E-02,1.086749506265627E-02,-1.026744905348832E-03
2454992.500000000,2.283997876128914E-01,-3.658741062584500E-01,-5.085014290918634E-02,1.824873964237391E-02,1.628319447540452E-02,-3.441590050439061E-04
2454996.500000000,2.938113659113243E-01,-2.904522656731632E-01,-5.069029009603254E-02,1.420336656493076E-02,2.134164946496489E-02,4.403306593931786E-04
2455000.500000000,3.398746474902051E-01,-1.961228297824963E-01,-4.721024928703301E-02,8.545645445941667E-03,2.565598597260157E-02,1.311972637769883E-03
2455004.500000000,3.598566160707082E-01,-8.700530896602708E-02,-4.012877435869105E-02,1.155653757426345E-03,2.860934483836150E-02,2.231372483123918E-03
2455008.500000000,3.469588122997974E-01,2.973456170599543E-02,-2.940749480822971E-02,-7.835828873460651E-03,2.929111419573628E-02,3.112131898340081E-03
2455012.500000000,2.959524285753457E-01,1.427946493841631E-01,-1.549001894167726E-02,-1.770680091491545E-02,2.658320955204214E-02,3.796651576474751E-03
2455016.500000000,2.063211237987591E-01,2.367171785922524E-01,4.081100554254149E-04,-2.678456959337893E-02,1.965592696590543E-02,4.063658046883263E-03
2455020.500000000,8.598722354502418E-02,2.948959835133500E-01,1.620319504543857E-02,-3.264628468154920E-02,8.937876249516842E-03,3.725849348519539E-03
2455024.500000000,-4.798899518087050E-02,3.061140616030790E-01,2.941334492284211E-02,-3.343821833167296E-02,-3.331895967750902E-03,2.796060969856223E-03
2455028.500000000,-1.748500770059026E-01,2.701711648793957E-01,3.811749969337674E-02,-2.929012059624797E-02,-1.419764294971646E-02,1.527687087273914E-03
2455032.500000000,-2.781263204617758E-01,1.969720409684124E-01,4.161363382752364E-02,-2.200744739312196E-02,-2.179209114681490E-02,2.389545611543922E-04
2455036.500000000,-3.494529854452318E-01,1.006132611935099E-01,4.028590856932222E-02,-1.360623775510120E-02,-2.583133694250460E-02,-8.619500257927026E-04
2455040.500000000,-3.873153958460002E-01,-5.740489341292539E-03,3.507090928674998E-02,-5.435487058252770E-03,-2.692122991904519E-02,-1.700741809252365E-03
2455044.500000000,-3.941392638072447E-01,-1.118841547188501E-01,2.702498519193289E-02,1.847347497341417E-03,-2.585155668602188E-02,-2.281619184284044E-03
2455048.500000000,-3.740373979709375E-01,-2.105641018911620E-01,1.711815830321135E-02,8.010899837686535E-03,-2.328374728806811E-02,-2.637391673903726E-03
2455052.500000000,-3.315870425152030E-01,-2.967969431250095E-01,6.177585416195406E-03,1.302539360007140E-02,-1.969287213805284E-02,-2.804140814484013E-03
2455056.500000000,-2.713091014552331E-01,-3.671753543092652E-01,-5.103512663930498E-03,1.693395372583208E-02,-1.539965508208585E-02,-2.812027249623570E-03
2455060.500000000,-1.975182843247449E-01,-4.193448685173752E-01,-1.613685514018893E-02,1.978968018432979E-02,-1.061722501429129E-02,-2.683336299325704E-03
2455064.500000000,-1.143481634058111E-01,-4.516560769042996E-01,-2.640838641523599E-02,2.162694057453073E-02,-5.490764157115646E-03,-2.433083094868166E-03
2455068.500000000,-2.585583473776289E-02,-4.629566099320058E-01,-3.545167710949518E-02,2.244808055997570E-02,-1.281241189317869E-04,-2.070294508445750E-03
2455072.500000000,6.383446986101780E-02,-4.524933467449995E-01,-4.282675675403339E-02,2.221623630320888E-02,5.374898313431450E-03,-1.599414697502810E-03
2455076.500000000,1.503642757713731E-01,-4.199133610401771E-01,-4.810485753039532E-02,2.085048461269343E-02,1.090956603791544E-02,-1.021902231585271E-03
2455080.500000000,2.289585897972098E-01,-3.653738960142477E-01,-5.086067401134090E-02,1.822346034587352E-02,1.632361664592170E-02,-3.385103192514640E-04
2455084.500000000,2.942461636671718E-01,-2.897973255671544E-01,-5.067670157055200E-02,1.416640140038997E-02,2.137810609902627E-02,4.467243061538717E-04
2455088.500000000,3.401359509520494E-01,-1.953359403790416E-01,-4.716987420409479E-02,8.495690339608274E-03,2.568472350425137E-02,1.318924423646113E-03
2455092.500000000,3.598913231231090E-01,-8.612822803637117E-02,-4.006016431580821E-02,1.092437024697567E-03,2.862453205642035E-02,2.238430828076550E-03
2455096.500000000,3.467179283238679E-01,3.063211252817807E-02,-2.931186506778802E-02,-7.909536452601949E-03,2.928467540547466E-02,3.118381755808745E-03
2455100.500000000,2.954092281059760E-01,1.436086921483077E-01,-1.537343291083998E-02,-1.778210130570441E-02,2.654670116072616E-02,3.800584712355509E-03
2455104.500000000,2.055002763903921E-01,2.373184618962726E-01,5.327999037992684E-04,-2.684481260297367E-02,1.958651010308255E-02,4.063512694987165E-03
2455108.500000000,8.498760679515700E-02,2.951686863647344E-01,1.631741808915201E-02,-3.267284232690891E-02,8.846031907499859E-03,3.720771686991880E-03
2455112.500000000,-4.901202837756354E-02,3.060111736927687E-01,2.949897095265600E-02,-3.342361027616039E-02,-3.423795361834533E-03,2.787193660063503E-03
2455116.500000000,-1.757455384982478E-01,2.697360958424629E-01,3.816419462864074E-02,-2.924348350800167E-02,-1.426941431311769E-02,1.517520184819028E-03
2455120.500000000,-2.787986622454832E-01,1.963050693425938E-01,4.162080848814304E-02,-2.194520303336040E-02,-2.183603498958711E-02,2.296268161617892E-04
2455124.500000000,-3.498683023961649E-01,9.982313535366298E-02,4.025933244165748E-02,-1.354167367017648E-02,-2.584983996896471E-02,-8.694120315010265E-04
2455128.500000000,-3.874809412492776E-01,-6.563629737414697E-03,3.501861663819906E-02,-5.375960476936776E-03,-2.692027616458671E-02,-1.706149937788674E-03
2455132.500000000,-3.940823163231484E-01,-1.126743300156760E-01,2.695488102408799E-02,1.898803477008802E-03,-2.583687463853296E-02,-2.285161557039603E-03
2455136.500000000,-3.737922621257926E-01,-2.112755527720009E-01,1.703714564369271E-02,8.053517011856465E-03,-2.325966707028937E-02,-2.639350498169753E-03
2455140.500000000,-3.311889019324352E-01,-2.973984352043539E-01,6.091464547850253E-03,1.305934219537309E-02,-1.966237533656003E-02,-2.804774724724809E-03
2455144.500000000,-2.707917959727167E-01,-3.676454598988657E-01,-5.189864425080953E-03,1.695965954321904E-02,-1.536472497649886E-02,-2.811537136804598E-03
2455148.500000000,-1.969140066676945E-01,-4.196686728427747E-01,-1.621924339247321E-02,1.980750669254414E-02,-1.057918515567957E-02,-2.681863682520009E-03
2455152.500000000,-1.136880337380606E-01,-4.518230927598866E-01,-2.648307739927291E-02,2.163704464542120E-02,-5.450543158359423E-03,-2.430718439775189E-03
2455156.500000000,-2.517088439789430E-02,-4.629596261325644E-01,-3.551521395330524E-02,2.245034082071891E-02,-8.646288856066390E-05,-2.067087546120060E-03
2455160.500000000,6.451208986013260E-02,-4.523280484313824E-01,-4.287581806767871E-02,2.221020779864831E-02,5.417261386657578E-03,-1.595385387204466E-03
2455164.500000000,1.509999304153976E-01,-4.195787150652114E-01,-4.813616423744128E-02,2.083536625280546E-02,1.095169025051561E-02,-1.017054529157443E-03
2455168.500000000,2.295137120385373E-01,-3.648734759088069E-01,-5.087096539681264E-02,1.819809139145988E-02,1.636408490337130E-02,-3.328542929431616E-04
2455172.500000000,2.946769463237262E-01,-2.891419680780062E-01,-5.066283319242511E-02,1.412935186126772E-02,2.141462325445674E-02,4.531312950359132E-04
2455176.500000000,3.403928354816821E-01,-1.945483458361150E-01,-4.712914804885694E-02,8.445608360227969E-03,2.571354373812285E-02,1.325898978504411E-03
2455180.500000000,3.599209199120480E-01,-8.525009833809190E-02,-3.999108971304390E-02,1.028991541712298E-03,2.863980067803498E-02,2.245523171869016E-03
2455184.500000000,3.464707315363775E-01,3.153091825442512E-02,-2.921561637572121E-02,-7.983620665969570E-03,2.927824032207790E-02,3.124673560793855E-03
2455188.500000000,2.948579318377090E-01,1.444236359322095E-01,-1.525606472449390E-02,-1.785790296231844E-02,2.650998797898406E-02,3.804554187817873E-03
2455192.500000000,2.046693143189663E-01,2.379192029700286E-01,6.583666130762228E-04,-2.690552614497053E-02,1.951656647473278E-02,4.063373997948823E-03
2455196.500000000,8.397647097542342E-02,2.954381358389904E-01,1.643244935274677E-02,-3.269959156144182E-02,8.753385641498475E-03,3.715651482127773E-03
2455200.500000000,-5.004650130528452E-02,3.059016633242839E-01,2.958514143344955E-02,-3.340876407933219E-02,-3.516527770898694E-03,2.778240440148345E-03
2455204.500000000,-1.766507116167413E-01,2.692914678500503E-01,3.821104950067340E-02,-2.919624751257825E-02,-1.434178736128184E-02,1.507252331312813E-03
2455208.500000000,-2.794779157911138E-01,1.956268071706553E-01,4.162775789961671E-02,-2.188219098186299E-02,-2.188023938655306E-02,2.202110303968609E-04
2455212.500000000,-3.502874165121607E-01,9.902131068431130E-02,4.023222981657661E-02,-1.347634184270716E-02,-2.586830049383658E-02,-8.769356479397726E-04
2455216.500000000,-3.876473776180921E-01,-7.397850747803060E-03,3.496560622088696E-02,-5.315757695572593E-03,-2.691907217228438E-02,-1.711592707268063E-03
2455220.500000000,-3.940237940993902E-01,-1.134743183193968E-01,2.688396579617005E-02,1.950814784427107E-03,-2.582182112915599E-02,-2.288717002682998E-03
2455224.500000000,-3.735435690769350E-01,-2.119951891322146E-01,1.695530234332297E-02,8.096572081265871E-03,-2.323515176951047E-02,-2.641306980466562E-03
2455228.500000000,-3.307856634916920E-01,-2.980063019134269E-01,6.004544959890620E-03,1.309362585715667E-02,-1.963141184919594E-02,-2.805395666293883E-03
2455232.500000000,-2.702682334450166E-01,-3.681200370592459E-01,-5.276947119278115E-03,1.698561193229890E-02,-1.532931151191986E-02,-2.811026469230064E-03
2455236.500000000,-1.963026462417045E-01,-4.199949916065810E-01,-1.630226794319388E-02,1.982550048288480E-02,-1.054065045079119E-02,-2.680364449911163E-03
2455240.500000000,-1.130203055231526E-01,-4.519906223074565E-01,-2.655828686507260E-02,2.164723913390064E-02,-5.409816625331435E-03,-2.428321475585801E-03
2455244.500000000,-2.447813422452118E-02,-4.629611129330207E-01,-3.557912801386336E-02,2.245260993361909E-02,-4.428587903138273E-05,-2.063842135541189E-03
2455248.500000000,6.519736367465800E-02,-4.521591423098912E-01,-4.292508902581143E-02,2.220409494005349E-02,5.460146802900535E-03,-1.591310563865210E-03
2455252.500000000,1.516426861571423E-01,-4.192383753128348E-01,-4.816748269132391E-02,2.082005246441531E-02,1.099433242124164E-02,-1.012153244141304E-03
2455256.500000000,2.300748949887438E-01,-3.643653353519681E-01,-5.088103708926929E-02,1.817239383422105E-02,1.640504323085095E-02,-3.271361405626591E-04
2455260.500000000,2.951121725962912E-01,-2.884770533547630E-01,-5.064848094813116E-02,1.409181943729550E-02,2.145155948495378E-02,4.596078483153431E-04
2455264.500000000,3.406519062148810E-01,-1.937497720259508E-01,-4.708765151783582E-02,8.394881472685120E-03,2.574264157098127E-02,1.332946072538838E-03
2455268.500000000,3.599498406740085E-01,-8.436032479009926E-02,-3.992096466831985E-02,9.647702792432798E-04,2.865510538248054E-02,2.252680640305800E-03
2455272.500000000,3.462196608920573E-01,3.244084532530454E-02,-2.911810086005117E-02,-8.058500508251141E-03,2.927149240156306E-02,3.131004742630078E-03
2455276.500000000,2.942998921108914E-01,1.452476655301732E-01,-1.513736211099480E-02,-1.793429869015891E-02,2.647257638478347E-02,3.808514585210311E-03
2455280.500000000,2.038300875803683E-01,2.385256890656788E-01,7.851124853792141E-04,-2.696636961058611E-02,1.944569862378470E-02,4.063167421465127E-03
2455284.500000000,8.295765885134479E-02,2.957097790505349E-01,1.654830434750960E-02,-3.272593350905115E-02,8.659954821733849E-03,3.710428578054466E-03
2455288.500000000,-5.108634151385720E-02,3.057920274524999E-01,2.967173638116942E-02,-3.339323411131717E-02,-3.609611259504668E-03,2.769198062601862E-03
2455292.500000000,-1.775585822510975E-01,2.688461778929226E-01,3.825805514934539E-02,-2.914840837510913E-02,-1.441410696964975E-02,1.496938564791938E-03
2455296.500000000,-2.801579296458840E-01,1.949485407316558E-01,4.163475710572295E-02,-2.181882140330016E-02,-2.192420664037530E-02,2.107879414274846E-04
2455300.500000000,-3.507063290342874E-01,9.822047740672787E-02,4.020519368935048E-02,-1.341087388480960E-02,-2.588652145278853E-02,-8.844467329140405E-04
2455304.500000000,-3.878133667232179E-01,-8.230261045407566E-03,3.491272549938688E-02,-5.255553687629989E-03,-2.691770399201981E-02,-1.717018292351273E-03
2455308.500000000,-3.939649614945305E-01,-1.142720148062301E-01,2.681324429006483E-02,2.002766236974742E-03,-2.580669000977052E-02,-2.292258393408508E-03
2455312.500000000,-3.732948492066908E-01,-2.127123729901833E-01,1.687369786877260E-02,8.139550275723936E-03,-2.321063042733448E-02,-2.643255106426951E-03
2455316.500000000,-3.303827032842076E-01,-2.986118016302083E-01,5.917886162154936E-03,1.312783574785712E-02,-1.960049401372889E-02,-2.806013840766119E-03
2455320.500000000,-2.697452269734308E-01,-3.685925052677436E-01,-5.363767302981400E-03,1.701149937363364E-02,-1.529397922086388E-02,-2.810517493667942E-03
2455324.500000000,-1.956920853904693E-01,-4.203195797185962E-01,-1.638504362367951E-02,1.984343699167160E-02,-1.050222265968791E-02,-2.678870172867855E-03
2455328.500000000,-1.123535958098597E-01,-4.521568941005238E-01,-2.663327246127502E-02,2.165738096872259E-02,-5.369219636631117E-03,-2.425931985871132E-03
2455332.500000000,-2.378660710520861E-02,-4.629619093093325E-01,-3.564285294727540E-02,2.245482941726064E-02,-2.263910465755090E-06,-2.060606682881693E-03
2455336.500000000,6.588122509231721E-02,-4.519902290707530E-01,-4.297421684771614E-02,2.219793791695536E-02,5.502844002867474E-03,-1.587248987091126E-03
2455340.500000000,1.522838775600217E-01,-4.188988654221522E-01,-4.819872029164008E-02,2.080470910369124E-02,1.103674236982776E-02,-1.007270221609809E-03
2455344.500000000,2.306344540561374E-01,-3.638590606653942E-01,-5.089111532563984E-02,1.814670023977668E-02,1.644571408412636E-02,-3.214439486983177E-04
2455348.500000000,2.955459092076754E-01,-2.878152774102040E-01,-5.063426023732422E-02,1.405435684872098E-02,2.148814646239481E-02,4.660472334691907E-04
2455352.500000000,3.409099763651595E-01,-1.929558481248300E-01,-4.704646391947348E-02,8.344338696681594E-03,2.577133644164321E-02,1.339941063089729E-03
2455356.500000000,3.599788271919673E-01,-8.347686121065449E-02,-3.985139102447635E-02,9.009086645840434E-04,2.866999367812648E-02,2.259768923508276E-03
2455360.500000000,3.459705392303269E-01,3.334291992022011E-02,-2.902144335078989E-02,-8.132792845831904E-03,2.926441181215945E-02,3.137253200098454E-03
2455364.500000000,2.937466007632785E-01,1.460629477907976E-01,-1.501985191306855E-02,-1.800989550520997E-02,2.643508215072017E-02,3.812394467998060E-03
2455368.500000000,2.029989725733490E-01,2.391239020368710E-01,9.103976978784931E-04,-2.702637475238172E-02,1.937517181659227E-02,4.062913115391191E-03
2455372.500000000,8.194986606338373E-02,2.959754134687250E-01,1.666262573217368E-02,-3.275171549844329E-02,8.567291116761756E-03,3.705219955228811E-03
2455376.500000000,-5.211390844423694E-02,3.056798763074948E-01,2.975698181179659E-02,-3.337765208013898E-02,-3.701777189683076E-03,2.760229555279343E-03
2455380.500000000,-1.784549149720704E-01,2.684017510464463E-01,3.830406908366729E-02,-2.910095411040811E-02,-1.448569940568063E-02,1.486722857873694E-03
2455384.500000000,-2.808284030531997E-01,1.942733895280903E-01,4.164114353610154E-02,-2.175602278049803E-02,-2.196777854456543E-02,2.014519969782666E-04
2455388.500000000,-3.511179956076871E-01,9.742374696593066E-02,4.017784399309230E-02,-1.334595804512485E-02,-2.590462640603149E-02,-8.918961119745532E-04
2455392.500000000,-3.879741154041149E-01,-9.058473543430694E-03,3.485972796168461E-02,-5.195793579281439E-03,-2.691638588313564E-02,-1.722406250438129E-03
2455396.500000000,-3.939024209013992E-01,-1.150658843395843E-01,2.674251982430097E-02,2.054393557756468E-03,-2.579168193693538E-02,-2.295779226336298E-03
2455400.500000000,-3.730435096964912E-01,-2.134262703677177E-01,1.679215027048746E-02,8.182304119579197E-03,-2.318624999354304E-02,-2.645192869479122E-03
2455404.500000000,-3.299778651101105E-01,-2.992145695692435E-01,5.831313967464970E-03,1.316189492037161E-02,-1.956971050293619E-02,-2.806626843126409E-03
2455408.500000000,-2.692208376683370E-01,-3.690627559072530E-01,-5.450484913559318E-03,1.703728646215013E-02,-1.525877014542787E-02,-2.810005274117147E-03
2455412.500000000,-1.950804745418717E-01,-4.206424320410437E-01,-1.646770393971306E-02,1.986130462718606E-02,-1.046391452668963E-02,-2.677372460370915E-03
2455416.500000000,-1.116860742361356E-01,-4.523219258072585E-01,-2.670812624170922E-02,2.166747042381850E-02,-5.328753836117275E-03,-2.423537558984739E-03
2455420.500000000,-2.309446351197142E-02,-4.629620463810922E-01,-3.570642266635965E-02,2.245700223606237E-02,3.959515669154271E-05,-2.057364555839761E-03
2455424.500000000,6.656551959706997E-02,-4.518214105586998E-01,-4.302316160316796E-02,2.219173604866255E-02,5.545322938764092E-03,-1.583180637420878E-03
2455428.500000000,1.529253379836593E-01,-4.185604763488487E-01,-4.822975427247072E-02,2.078933147755052E-02,1.107885327908004E-02,-1.002384671376888E-03
2455432.500000000,2.311942110816925E-01,-3.633553052373656E-01,-5.090100008551578E-02,1.812101250198299E-02,1.648598121908064E-02,-3.157608194677023E-04
2455436.500000000,2.959800399346681E-01,-2.871578714308412E-01,-5.061992170451627E-02,1.401699913971776E-02,2.152421110750171E-02,4.724560347819311E-04
2455440.500000000,3.411692088920217E-01,-1.921686033616783E-01,-4.700534249927477E-02,8.294093726973524E-03,2.579940562805966E-02,1.346872821125381E-03
2455444.500000000,3.600107549496392E-01,-8.260266892914407E-02,-3.978221737661121E-02,8.376600479251694E-04,2.868423276415433E-02,2.266752619739030E-03
2455448.500000000,3.457276334922930E-01,3.423337635287553E-02,-2.892568693939356E-02,-8.206048504549281E-03,2.925685057206176E-02,3.143357508154928E-03
2455452.500000000,2.932045297769862E-01,1.468655489416480E-01,-1.490386193973445E-02,-1.808404891366526E-02,2.639759891681387E-02,3.816115718723943E-03
2455456.500000000,2.021852174603077E-01,2.397110461394998E-01,1.033587480055336E-03,-2.708483387592007E-02,1.930548161008185E-02,4.062540979799380E-03
2455460.500000000,8.096485147594605E-02,2.962351021286737E-01,1.677456858840206E-02,-3.277644164899163E-02,8.476311801413840E-03,3.699995367943291E-03
2455464.500000000,-5.311633719189155E-02,3.055694505973146E-01,2.984002179819177E-02,-3.336198817657909E-02,-3.791908095940389E-03,2.751359573743270E-03
2455468.500000000,-1.793277471017080E-01,2.679667272735687E-01,3.834842275884118E-02,-2.905434805522283E-02,-1.455558500334865E-02,1.476669816120367E-03
2455472.500000000,-2.814799233701480E-01,1.936131286001306E-01,4.164653890001923E-02,-2.169456756170852E-02,-2.201033833314733E-02,1.922791320450453E-04
2455476.500000000,-3.515163287263757E-01,9.664454516140469E-02,4.015009103036522E-02,-1.328245130616230E-02,-2.592240074199521E-02,-8.992178518169474E-04
2455480.500000000,-3.881268616803172E-01,-9.868892010520464E-03,3.480675179755720E-02,-5.137265176986417E-03,-2.691523006965020E-02,-1.727709064324671E-03
2455484.500000000,-3.938362973959272E-01,-1.158432539500647E-01,2.667208359129977E-02,2.105046537799775E-03,-2.577712861038995E-02,-2.299250015489757E-03
2455488.500000000,-3.727919790274297E-01,-2.141258095242650E-01,1.671103916505127E-02,8.224330408222281E-03,-2.316246514489653E-02,-2.647104770813073E-03
2455492.500000000,-3.295753279920919E-01,-2.998054722501179E-01,5.745249400920869E-03,1.319542664587668E-02,-1.953956541979884E-02,-2.807228839244633E-03
2455496.500000000,-2.687005474127308E-01,-3.695236800730734E-01,-5.536669944972389E-03,1.706269369524966E-02,-1.522418508629705E-02,-2.809490879474321E-03
2455500.500000000,-1.944742622085529E-01,-4.209583703441082E-01,-1.654983583993739E-02,1.987889622297353E-02,-1.042618493822167E-02,-2.675878840268694E-03
2455504.500000000,-1.110248988256784E-01,-4.524822376604677E-01,-2.678248049892636E-02,2.167735857949334E-02,-5.288804535971603E-03,-2.421153678796745E-03
2455508.500000000,-2.240934693941118E-02,-4.629593879757386E-01,-3.576955033912055E-02,2.245903477490194E-02,8.101003283826288E-05,-2.054140851941659E-03
2455512.500000000,6.724234266094124E-02,-4.516514135430499E-01,-4.307175501077420E-02,2.218545232611481E-02,5.587439251955473E-03,-1.579139111263216E-03
2455516.500000000,1.535591161993182E-01,-4.182221767857335E-01,-4.826055776071153E-02,2.077392972845500E-02,1.112069522851298E-02,-9.975320414600101E-04
2455520.500000000,2.317462891997072E-01,-3.628524996680762E-01,-5.091078886231783E-02,1.809534706702634E-02,1.652609048948937E-02,-3.101107162675960E-04
2455524.500000000,2.964066207354893E-01,-2.865017902411010E-01,-5.060560414809970E-02,1.397967516475693E-02,2.156024927028973E-02,4.788412325750621E-04
2455528.500000000,3.414209396932505E-01,-1.913825068728950E-01,-4.696429761571835E-02,8.243824283075069E-03,2.582758871829697E-02,1.353802547910814E-03
2455532.500000000,3.600347953263163E-01,-8.172893437717323E-02,-3.971306468086292E-02,7.742233761503961E-04,2.869869125611681E-02,2.273767830124994E-03
2455536.500000000,3.454755707425503E-01,3.512427132206048E-02,-2.882974825963933E-02,-8.279765724953040E-03,2.924948662261556E-02,3.149531455357629E-03
2455540.500000000,2.926508479067551E-01,1.476689396260591E-01,-1.478735526405745E-02,-1.815895522896317E-02,2.636004551065145E-02,3.819929809118143E-03
2455544.500000000,2.013565636773104E-01,2.402977043340305E-01,1.157646780325887E-03,-2.714412535632455E-02,1.923519152686219E-02,4.062243970771457E-03
2455548.500000000,7.996215496257111E-02,2.964907508870359E-01,1.688756557274376E-02,-3.280165105894595E-02,8.384186522654229E-03,3.694782184883642E-03
2455552.500000000,-5.413707839743082E-02,3.054498749043280E-01,2.992400896503139E-02,-3.334613081378617E-02,-3.883364250102837E-03,2.742427417448825E-03
2455556.500000000,-1.802167962317104E-01,2.675177215895648E-01,3.839338091940403E-02,-2.900692839823398E-02,-1.462649344104128E-02,1.466515390937730E-03
2455560.500000000,-2.821436951344013E-01,1.929358751295999E-01,4.165213030019471E-02,-2.163200392497607E-02,-2.205336411391039E-02,1.830096259104359E-04
2455564.500000000,-3.519224441138462E-01,9.584759938628165E-02,4.012220345137757E-02,-1.321786170401360E-02,-2.594010433460172E-02,-9.066059575769927E-04
2455568.500000000,-3.882834422564180E-01,-1.069595265402068E-02,3.475344680792697E-02,-5.077864505282598E-03,-2.691362429108318E-02,-1.733043071783879E-03
2455572.500000000,-3.937710525918455E-01,-1.166350012363554E-01,2.660125383271721E-02,2.156303412444928E-03,-2.576191951611125E-02,-2.302723570307741E-03
2455576.500000000,-3.725394235478908E-01,-2.148369258375620E-01,1.662956319845583E-02,8.266711740168034E-03,-2.313795434175347E-02,-2.649001300334717E-03
2455580.500000000,-3.291707559305251E-01,-3.004050616026457E-01,5.658901693169373E-03,1.322911867802388E-02,-1.950871195162985E-02,-2.807806713273889E-03
2455584.500000000,-2.681778662962852E-01,-3.699905763566341E-01,-5.623035761231382E-03,1.708812873713688E-02,-1.518895611345541E-02,-2.808950274992913E-03
2455588.500000000,-1.938657175614533E-01,-4.212778658472580E-01,-1.663204582851868E-02,1.989643906393285E-02,-1.038789260638503E-02,-2.674360399874581E-03
2455592.500000000,-1.103616663782288E-01,-4.526440140584873E-01,-2.685681762766350E-02,2.168716345013400E-02,-5.248369687736307E-03,-2.418746877184802E-03
2455596.500000000,-2.172253203028748E-02,-4.629563791590087E-01,-3.583257029431115E-02,2.246097367412320E-02,1.228504881386918E-04,-2.050894333312063E-03
2455600.500000000,6.792047993591178E-02,-4.514794435915058E-01,-4.312014455445948E-02,2.217906933921414E-02,5.629945602044862E-03,-1.575071745136735E-03
2455604.500000000,1.541937792559971E-01,-4.178803726667962E-01,-4.829104201369792E-02,2.075840859656373E-02,1.116291676189864E-02,-9.926469645413244E-04
2455608.500000000,2.322986830576012E-01,-3.623446616734917E-01,-5.092010954386964E-02,1.806950964406090E-02,1.656658557882184E-02,-3.044180854968838E-04
2455612.500000000,2.968326463079448E-01,-2.858391232418687E-01,-5.059062346764766E-02,1.394207871249352E-02,2.159667494306573E-02,4.852817349589078E-04
2455616.500000000,3.416707322987531E-01,-1.905883339057281E-01,-4.692234180963351E-02,8.193127046898278E-03,2.585611835200714E-02,1.360800528881841E-03
2455620.500000000,3.600548063615544E-01,-8.084597220551135E-02,-3.964271051577812E-02,7.101665502940726E-04,2.871335725185140E-02,2.280858300288316E-03
2455624.500000000,3.452166505903386E-01,3.602469635022873E-02,-2.873231899521156E-02,-8.354261227595316E-03,2.924203816766749E-02,3.155770766217603E-03
2455628.500000000,2.920871449967990E-01,1.484806815029849E-01,-1.466916344367036E-02,-1.823462137641661E-02,2.632197102780858E-02,3.823770362994148E-03
2455632.500000000,2.005154039887011E-01,2.408897461565337E-01,1.283370266069550E-03,-2.720384307502395E-02,1.916396594773882E-02,4.061907095153514E-03
2455636.500000000,7.894636734537841E-02,2.967476843130175E-01,1.700193264307556E-02,-3.282670929192580E-02,8.291017397928074E-03,3.689466150953318E-03
2455640.500000000,-5.516923501690936E-02,3.053278822982951E-01,3.000889562743125E-02,-3.332963015492006E-02,-3.975573885674889E-03,2.733371489151014E-03
2455644.500000000,-1.811142383968876E-01,2.670641811021197E-01,3.843877965276575E-02,-2.895869724720724E-02,-1.469770863373880E-02,1.456260601912813E-03
2455648.500000000,-2.828127432588783E-01,1.922535932159458E-01,4.165783885524280E-02,-2.156872211346669E-02,-2.209635983964231E-02,1.736789440109747E-04
2455652.500000000,-3.523313228967063E-01,9.504611864779365E-02,4.009425671643167E-02,-1.315273704303300E-02,-2.595761750524233E-02,-9.140231531976895E-04
2455656.500000000,-3.884409935432947E-01,-1.152667882757972E-02,3.470000848207624E-02,-5.018095703941712E-03,-2.691178812567730E-02,-1.738387131177762E-03
2455660.500000000,-3.937055641573728E-01,-1.174295116668740E-01,2.653027101893179E-02,2.207806878968110E-03,-2.574649454078237E-02,-2.306198224373894E-03
2455664.500000000,-3.722858139035403E-01,-2.155499994021541E-01,1.654793763344401E-02,8.309257045635496E-03,-2.311325701023350E-02,-2.650895626457473E-03
2455668.500000000,-3.287645957230511E-01,-3.010059186640250E-01,5.572415395502643E-03,1.326291672393473E-02,-1.947769931234578E-02,-2.808381503042650E-03
2455672.500000000,-2.676532659287528E-01,-3.704581482265038E-01,-5.709527316089076E-03,1.711362471632842E-02,-1.515358928067250E-02,-2.808406349998872E-03
2455676.500000000,-1.932550902117041E-01,-4.215975202291601E-01,-1.671436767327067E-02,1.991400318035697E-02,-1.034947931810271E-02,-2.672838294433151E-03
2455680.500000000,-1.096963425036645E-01,-4.528054972295225E-01,-2.693125079928635E-02,2.169695150103265E-02,-5.207829918494890E-03,-2.416335794149890E-03
2455684.500000000,-2.103376855426648E-02,-4.629526937197562E-01,-3.589566767530570E-02,2.246285804005940E-02,1.647769448347231E-04,-2.047642787561841E-03
2455688.500000000,6.860027388541055E-02,-4.513065006997739E-01,-4.316859014692314E-02,2.217259529518348E-02,5.672512833642035E-03,-1.570998776131448E-03
2455692.500000000,1.548296672398763E-01,-4.175374166767765E-01,-4.832155961039514E-02,2.074276355080476E-02,1.120516523395860E-02,-9.877562666759348E-04
2455696.500000000,2.328517525969511E-01,-3.618356493295771E-01,-5.092944264719602E-02,1.804352325234493E-02,1.660706313134561E-02,-2.987208229331425E-04
2455700.500000000,2.972587234506209E-01,-2.851754593086938E-01,-5.057564108917634E-02,1.390432211476022E-02,2.163302769293404E-02,4.917243687660768E-04
2455704.500000000,3.419199492548457E-01,-1.897935821704922E-01,-4.688038412459728E-02,8.142280973311570E-03,2.588451066869467E-02,1.367796077705920E-03
2455708.500000000,3.600737238137174E-01,-7.996311542467575E-02,-3.957237757384131E-02,6.460064437014573E-04,2.872781900798079E-02,2.287939188841966E-03
2455712.500000000,3.449563923478150E-01,3.692408403546818E-02,-2.863496805400195E-02,-8.428766851701873E-03,2.923433256936507E-02,3.161990751611814E-03
2455716.500000000,2.915223364533316E-01,1.492903262653837E-01,-1.455114812126886E-02,-1.831015424309626E-02,2.628363631616120E-02,3.827581529964528E-03
2455720.500000000,1.996739879428168E-01,2.414788037643613E-01,1.408789373631847E-03,-2.726327505122739E-02,1.909257681496411E-02,4.061537662016024E-03
2455724.500000000,7.793163701121363E-02,2.970013523989248E-01,1.711588388360965E-02,-3.285142058405428E-02,8.197881860089438E-03,3.684129763976340E-03
2455728.500000000,-5.619908621243400E-02,3.052031628774728E-01,3.009333132379323E-02,-3.331287576663900E-02,-4.067561332949470E-03,2.724319067772408E-03
2455732.500000000,-1.820087011010889E-01,2.666089906511045E-01,3.848378489529119E-02,-2.891038517065711E-02,-1.476862937892750E-02,1.446029248777782E-03
2455736.500000000,-2.834787910916507E-01,1.915708013446412E-01,4.166326721380036E-02,-2.150549989776311E-02,-2.213909129332607E-02,1.643795377787123E-04
2455740.500000000,-3.527376060237771E-01,9.424505615928429E-02,4.006615514581726E-02,-1.308774451616080E-02,-2.597493239071351E-02,-9.214098724184848E-04
2455744.500000000,-3.885965333400132E-01,-1.235632349643081E-02,3.464652953220172E-02,-4.958480353526942E-03,-2.690981677642488E-02,-1.743704803003777E-03
2455748.500000000,-3.936386686781398E-01,-1.182225053218568E-01,2.645934372017095E-02,2.259165150866978E-03,-2.573098498124965E-02,-2.309651206644385E-03
2455752.500000000,-3.720313330097483E-01,-2.162612990162901E-01,1.646644495749713E-02,8.351681571842098E-03,-2.308851387031889E-02,-2.652772908784906E-03
2455756.500000000,-3.283579839684523E-01,-3.016048790323335E-01,5.486121236429727E-03,1.329662652033453E-02,-1.944666952043692E-02,-2.808943668919677E-03
2455760.500000000,-2.671284973924685E-01,-3.709237967433548E-01,-5.795784520528433E-03,1.713906719324174E-02,-1.511822481906794E-02,-2.807853864626886E-03
2455764.500000000,-1.926444429103867E-01,-4.219152861306505E-01,-1.679642809963669E-02,1.993154588719912E-02,-1.031107989714082E-02,-2.671311096338300E-03
2455768.500000000,-1.090310306391015E-01,-4.529651601912975E-01,-2.700540782462608E-02,2.170674359394499E-02,-5.167309725850468E-03,-2.413922302002557E-03
2455772.500000000,-2.034496556227220E-02,-4.629472739153900E-01,-3.595848332082936E-02,2.246476237410383E-02,2.066799204343578E-04,-2.044390743967612E-03
2455776.500000000,6.928020112167932E-02,-4.511319309571310E-01,-4.321675501329243E-02,2.216614639867904E-02,5.715048477614139E-03,-1.566926788240303E-03
2455780.500000000,1.554657834725397E-01,-4.171929952681478E-01,-4.835180379460320E-02,2.072713965158120E-02,1.124736177653642E-02,-9.828684057558447E-04
2455784.500000000,2.334051204961763E-01,-3.613254544039733E-01,-5.093852011497978E-02,1.801755119317311E-02,1.664744681423875E-02,-2.930300752965827E-04
2455788.500000000,2.976851583096687E-01,-2.845111207880720E-01,-5.056044273256113E-02,1.386658453389250E-02,2.166921497425215E-02,4.981528045987421E-04
2455792.500000000,3.421696658255892E-01,-1.889990117035422E-01,-4.683829325316534E-02,8.091495860917121E-03,2.591263658213629E-02,1.374763121920463E-03
2455796.500000000,3.600935851682718E-01,-7.908172477384283E-02,-3.950206781423946E-02,5.820230320028044E-04,2.874190786942880E-02,2.294969072825823E-03
2455800.500000000,3.446981872731552E-01,3.782039001653422E-02,-2.853789903615694E-02,-8.502876948387538E-03,2.922621164627861E-02,3.168132287054310E-03
2455804.500000000,2.909617367018585E-01,1.500954277890577E-01,-1.443377267545775E-02,-1.838500215550318E-02,2.624502740743483E-02,3.831295393594891E-03
2455808.500000000,1.988399823000898E-01,2.420629530991941E-01,1.533190819230128E-03,-2.732182834166576E-02,1.902132190307291E-02,4.061083786815531E-03
2455812.500000000,7.692768640759393E-02,2.972517390078446E-01,1.722857971514739E-02,-3.287539527857516E-02,8.105420410802514E-03,3.678765259709663E-03
2455816.500000000,-5.721612563458889E-02,3.050786250269150E-01,3.017654771211814E-02,-3.329588170978009E-02,-4.158555513363713E-03,2.715311561298092E-03
2455820.500000000,-1.828905281614580E-01,2.661578968737754E-01,3.852785547775570E-02,-2.886237851208519E-02,-1.483864965194822E-02,1.435888234090073E-03
2455824.500000000,-2.841341510495450E-01,1.908950470247113E-01,4.166814205514839E-02,-2.144289872634316E-02,-2.218127383036779E-02,1.551743134464877E-04
2455828.500000000,-3.531358752873643E-01,9.345246061378741E-02,4.003783853217228E-02,-1.302343297185969E-02,-2.599207065491301E-02,-9.287239424581215E-04
2455832.500000000,-3.887466357212122E-01,-1.317738000854211E-02,3.459307058865455E-02,-4.899457247370317E-03,-2.690794154732382E-02,-1.748977453239173E-03
2455836.500000000,-3.935684380000351E-01,-1.190076489830388E-01,2.638856783895770E-02,2.310065984745647E-03,-2.571573158152187E-02,-2.313082321595720E-03
2455840.500000000,-3.717750935462298E-01,-2.169659500706881E-01,1.638515782004709E-02,8.393770118103138E-03,-2.306410479264698E-02,-2.654643643828874E-03
2455844.500000000,-3.279507765589224E-01,-3.021986022499806E-01,5.400041099530796E-03,1.333008366748516E-02,-1.941600669921640E-02,-2.809506981416471E-03
2455848.500000000,-2.666040486856708E-01,-3.713857137421775E-01,-5.881837419928141E-03,1.716429781858875E-02,-1.508324587780203E-02,-2.807304291740035E-03
2455852.500000000,-1.920349420519172E-01,-4.222309089792222E-01,-1.687829327504586E-02,1.994888233479860E-02,-1.027309172941661E-02,-2.669785206976638E-03
2455856.500000000,-1.083677155663652E-01,-4.531244095937862E-01,-2.707937091490313E-02,2.171631504403368E-02,-5.127247265286967E-03,-2.411508452480836E-03
2455860.500000000,-1.965907303794142E-02,-4.629434104461883E-01,-3.602110564129778E-02,2.246643264400826E-02,2.480507448545372E-04,-2.041140251339514E-03
2455864.500000000,6.995629321398308E-02,-4.509612433624581E-01,-4.326474748420906E-02,2.215947571489105E-02,5.756948975967607E-03,-1.562865075023937E-03
2455868.500000000,1.560972852193626E-01,-4.168552387122099E-01,-4.838194900468973E-02,2.071135897362040E-02,1.128880010932365E-02,-9.780086096836569E-04
2455872.500000000,2.339535059417740E-01,-3.608252055803954E-01,-5.094766288990049E-02,1.799156741693371E-02,1.668695114849364E-02,-2.873949943024174E-04
2455876.500000000,2.981070221681993E-01,-2.838604258237123E-01,-5.054560181967761E-02,1.382908266590201E-02,2.170444464462813E-02,5.044897849925062E-04
2455880.500000000,3.424164297244320E-01,-1.882219059698552E-01,-4.679700318641493E-02,8.041300552440268E-03,2.593983408768233E-02,1.381600227196021E-03
2455884.500000000,3.601136872423503E-01,-7.822114837361512E-02,-3.943314386550441E-02,5.190507659868822E-04,2.875528984347601E-02,2.301839133308537E-03
2455888.500000000,3.444450535596642E-01,3.869393591007842E-02,-2.844287424227028E-02,-8.575607026634704E-03,2.921787222859317E-02,3.174110591957195E-03
2455892.500000000,2.904120617107920E-01,1.508783051985055E-01,-1.431902733852635E-02,-1.845836909784681E-02,2.620693435787192E-02,3.834888261477654E-03
2455896.500000000,1.980222420855504E-01,2.426284951568021E-01,1.654645835077921E-03,-2.737928084878440E-02,1.895132885598502E-02,4.060599010956022E-03
2455900.500000000,7.594287311469196E-02,2.974894529532740E-01,1.733841479838507E-02,-3.289907886070902E-02,8.014565799612622E-03,3.673471414193704E-03
2455904.500000000,-5.821456064953716E-02,3.049474848733913E-01,3.025732013253243E-02,-3.327939906484462E-02,-4.248215484394483E-03,2.706430730077256E-03
2455908.500000000,-1.837567146433218E-01,2.657043278676666E-01,3.856999080010898E-02,-2.881525691880374E-02,-1.490796014582096E-02,1.425865941924810E-03
2455912.500000000,-2.847773920439199E-01,1.902184803821124E-01,4.167147932377716E-02,-2.138111857718949E-02,-2.222329736855678E-02,1.460473022008554E-04
2455916.500000000,-3.535248156363319E-01,9.265902304983917E-02,4.000821765635321E-02,-1.295968335699220E-02,-2.600933768600003E-02,-9.359971951408160E-04
2455920.500000000,-3.888891257134315E-01,-1.399997312559913E-02,3.453842442529508E-02,-4.840740877240143E-03,-2.690625512820815E-02,-1.754229348041905E-03
2455924.500000000,-3.934914449965509E-01,-1.197949749779963E-01,2.631667500250644E-02,2.360833232769830E-03,-2.570059841323050E-02,-2.316496939294085E-03
2455928.500000000,-3.715124236236971E-01,-2.176730333423445E-01,1.630282760631099E-02,8.435814132017034E-03,-2.303969643081583E-02,-2.656492993823077E-03
2455932.500000000,-3.275372404530753E-01,-3.027945030478014E-01,5.313018632898452E-03,1.336352733881113E-02,-1.938521638164641E-02,-2.810041292291707E-03
2455936.500000000,-2.660733160703703E-01,-3.718490547172845E-01,-5.968703733237556E-03,1.718951664844339E-02,-1.504801960333539E-02,-2.806719771072432E-03
2455940.500000000,-1.914192190275106E-01,-4.225467471230572E-01,-1.696082577889712E-02,1.996619908572057E-02,-1.023474848185948E-02,-2.668221757499217E-03
2455944.500000000,-1.076982774222140E-01,-4.532822550684217E-01,-2.715384983540843E-02,2.172585602255906E-02,-5.086731426017174E-03,-2.409056535934808E-03
2455948.500000000,-1.896721318271679E-02,-4.629361403183205E-01,-3.608408935955194E-02,2.246805306976638E-02,2.899694261920728E-04,-2.037850130870859E-03
2455952.500000000,7.063807861580521E-02,-4.507847672152601E-01,-4.331293266614820E-02,2.215271235600092E-02,5.799492934415625E-03,-1.558757629884813E-03
2455956.500000000,1.567339537491206E-01,-4.165089273922529E-01,-4.841208004632694E-02,2.069539829685000E-02,1.133097739855411E-02,-9.730897397656473E-04
2455960.500000000,2.345060523868712E-01,-3.603132746223703E-01,-5.095651430366593E-02,1.796524709526192E-02,1.672727569428571E-02,-2.816789567437311E-04
2455964.500000000,2.985312365329471E-01,-2.831946786851701E-01,-5.053008875652622E-02,1.379099520759941E-02,2.174052657967379E-02,5.109372242325019E-04
2455968.500000000,3.426625337925402E-01,-1.874264496238155E-01,-4.675453415475886E-02,7.990169949078063E-03,2.596780255358204E-02,1.388580017534195E-03
2455972.500000000,3.601285688328741E-01,-7.733962912294004E-02,-3.936241780405741E-02,4.547302138773896E-04,2.876915341392922E-02,2.308875144007052E-03
2455976.500000000,3.441805600009268E-01,3.958927792175811E-02,-2.834538202656664E-02,-8.650028922971823E-03,2.920942281548539E-02,3.180248563174715E-03
2455980.500000000,2.898440668016107E-01,1.516808493168248E-01,-1.420127445715902E-02,-1.853344366173601E-02,2.616785249453774E-02,3.838581235192827E-03
2455984.500000000,1.971802820027823E-01,2.432079147567603E-01,1.779292430635843E-03,-2.743786824515236E-02,1.887947240643342E-02,4.060099192855580E-03
2455988.500000000,7.493135687068342E-02,2.977326386429677E-01,1.745112500919578E-02,-3.292282220805787E-02,7.921497519201797E-03,3.668039347633906E-03
2455992.500000000,-5.923776958887155E-02,3.048135677443569E-01,3.034026253283630E-02,-3.326195483235874E-02,-4.339672421234840E-03,2.697349466000320E-03
2455996.500000000,-1.846426560720464E-01,2.652424215177036E-01,3.861350471633614E-02,-2.876669071426965E-02,-1.497823012939261E-02,1.415659084928416E-03
2456000.500000000,-2.854345665414270E-01,1.895313487140267E-01,4.167556308765661E-02,-2.131793970078421E-02,-2.226551533874013E-02,1.367915241691126E-04
2456004.500000000,-3.539226635365477E-01,9.185529707497433E-02,3.997894428914106E-02,-1.289484056937994E-02,-2.602632257906484E-02,-9.433432420779328E-04
2456008.500000000,-3.890368504926122E-01,-1.483123102895559E-02,3.448391929054953E-02,-4.781276239792574E-03,-2.690407569323714E-02,-1.759514861648281E-03
2456012.500000000,-3.934172879451323E-01,-1.205888715087995E-01,2.624483705840833E-02,2.412065395520309E-03,-2.568493171232881E-02,-2.319923578366640E-03
2456016.500000000,-3.712511548661394E-01,-2.183846280844375E-01,1.622052561251057E-02,8.478124391579061E-03,-2.301480128405105E-02,-2.658345239454428E-03
2456020.500000000,-3.271243115836485E-01,-3.033931238630965E-01,5.226018936721854E-03,1.339711236426347E-02,-1.935401962293110E-02,-2.810576133591961E-03
2456024.500000000,-2.655427834409707E-01,-3.723136591686375E-01,-6.055548952939512E-03,1.721480474682214E-02,-1.501247034226660E-02,-2.806135635128966E-03
2456028.500000000,-1.908035059804455E-01,-4.228627035427230E-01,-1.704333765518897E-02,1.998354552268155E-02,-1.019615258634281E-02,-2.666657905056820E-03
2456032.500000000,-1.070287795647074E-01,-4.534393148156664E-01,-2.722830197228346E-02,2.173540392204892E-02,-5.046012452742719E-03,-2.406601618001848E-03
2456036.500000000,-1.827530050076909E-02,-4.629273328982518E-01,-3.614702596185487E-02,2.246966330778273E-02,3.320644608677481E-04,-2.034552560881635E-03
2456040.500000000,7.131983810229864E-02,-4.506060671259083E-01,-4.336102936838131E-02,2.214591861504130E-02,5.842206906361585E-03,-1.554636705010940E-03
2456044.500000000,1.573704168816516E-01,-4.161596985712061E-01,-4.844205419163383E-02,2.067937564918476E-02,1.137333332708272E-02,-9.681498992333726E-04
2456048.500000000,2.350580503567308E-01,-3.597976824262366E-01,-5.096510757409557E-02,1.793881312468362E-02,1.676779345539828E-02,-2.759330447878225E-04
2456052.500000000,2.989542984542738E-01,-2.825244796936460E-01,-5.051417843139379E-02,1.375271416607307E-02,2.177680746216442E-02,5.174244317502925E-04
2456056.500000000,3.429064979733497E-01,-1.866257839426168E-01,-4.671148955917217E-02,7.938734261178589E-03,2.599594267444867E-02,1.395608845318109E-03
2456060.500000000,3.601398306493382E-01,-7.645237570722449E-02,-3.929090823811715E-02,3.899742901534063E-04,2.878309300972969E-02,2.315964794467623E-03
2456064.500000000,3.439104814463537E-01,4.049029736755082E-02,-2.824690117212465E-02,-8.724986183715444E-03,2.920084999432498E-02,3.186432674189509E-03
2456068.500000000,2.892683404451429E-01,1.524880075084062E-01,-1.408239666945992E-02,-1.860902469517902E-02,2.612835223254779E-02,3.842292358323919E-03
2456072.500000000,1.963289908334642E-01,2.437896922992613E-01,1.905046189133166E-03,-2.749670942423555E-02,1.880692717487106E-02,4.059570362964580E-03
2456076.500000000,7.391031078135883E-02,2.979752344687190E-01,1.756473186184357E-02,-3.294640064484014E-02,7.827694414581924E-03,3.662534280119640E-03
2456080.500000000,-6.026909381254762E-02,3.046765151238350E-01,3.042377057864060E-02,-3.324400141460401E-02,-4.431631163069377E-03,2.688181952792534E-03
2456084.500000000,-1.855343865189315E-01,2.647760424570560E-01,3.865726833197732E-02,-2.871751157793887E-02,-1.504866946798069E-02,1.405384206827927E-03
2456088.500000000,-2.860952046961258E-01,1.888396088086422E-01,4.167968224062429E-02,-2.125423095631077E-02,-2.230765300975616E-02,1.274966823795273E-04
2456092.500000000,-3.543221372996527E-01,9.104756985564134E-02,3.994960081262409E-02,-1.282961006207742E-02,-2.604310321349459E-02,-9.507044383867008E-04
2456096.500000000,-3.891849101116190E-01,-1.566558287982122E-02,3.442931584420331E-02,-4.721547636986965E-03,-2.690165781791451E-02,-1.764800815468081E-03
2456100.500000000,-3.933425893035249E-01,-1.213849215342918E-01,2.617291520174897E-02,2.463478735601654E-03,-2.566903774762569E-02,-2.323343631077011E-03
2456104.500000000,-3.709887221319982E-01,-2.190975175017233E-01,1.613817143801905E-02,8.520569864533130E-03,-2.298970464298168E-02,-2.660188805778578E-03
2456108.500000000,-3.267097265877645E-01,-3.039922824786531E-01,5.139001487083708E-03,1.343081127437318E-02,-1.932264465129666E-02,-2.811102680761293E-03
2456112.500000000,-2.650101595424628E-01,-3.727781190691436E-01,-6.142380827252544E-03,1.724019763988500E-02,-1.497675620878917E-02,-2.805544231168618E-03
2456116.500000000,-1.901852959533406E-01,-4.231778636705545E-01,-1.712580834035575E-02,2.000098961696731E-02,-1.015739395203731E-02,-2.665087227905984E-03
2456120.500000000,-1.063564172168770E-01,-4.535949166335908E-01,-2.730268444256994E-02,2.174503638560914E-02,-5.005124363941389E-03,-2.404139041194964E-03
2456124.500000000,-1.758022997801023E-02,-4.629163721586352E-01,-3.620985807182781E-02,2.247133335103269E-02,3.743379856007325E-04,-2.031244990709322E-03
2456128.500000000,7.200492026814118E-02,-4.504244876894745E-01,-4.340897469905765E-02,2.213914482964250E-02,5.885103783042180E-03,-1.550502180545087E-03
2456132.500000000,1.580101767446516E-01,-4.158068736097710E-01,-4.847181446485578E-02,2.066331770883034E-02,1.141586117847426E-02,-9.631924495767730E-04
2456136.500000000,2.356130743363036E-01,-3.592778730774893E-01,-5.097341022912061E-02,1.791227816901489E-02,1.680844392230070E-02,-2.701667724049981E-04
2456140.500000000,2.993798536598172E-01,-2.818496793836409E-01,-5.049789663435383E-02,1.371427028125767E-02,2.181313957079978E-02,5.239307468450873E-04
2456144.500000000,3.431522289655287E-01,-1.858205621291473E-01,-4.666801201070819E-02,7.887107239787632E-03,2.602399994457740E-02,1.402647612273040E-03
2456148.500000000,3.601521648090282E-01,-7.556124588513888E-02,-3.921896409866119E-02,3.250813541718819E-04,2.879677065675335E-02,2.323042986425017E-03
2456152.500000000,3.436412652499855E-01,4.139378809886335E-02,-2.814809750542726E-02,-8.799883545277845E-03,2.919184717014300E-02,3.192570437022279E-03
2456156.500000000,2.886943836164202E-01,1.532957973491084E-01,-1.396346084636202E-02,-1.868419085549458E-02,2.608840229661428E-02,3.845918615553682E-03
2456160.500000000,1.954819129885868E-01,2.443707731136472E-01,2.030475437828927E-03,-2.755476435374023E-02,1.873422802506259E-02,4.058942028181230E-03
2456164.500000000,7.289692175438107E-02,2.982176289548877E-01,1.767767148995225E-02,-3.296911848282847E-02,7.734317926652441E-03,3.656966555748084E-03
2456168.500000000,-6.128995809299955E-02,3.045420750443293E-01,3.050650566096849E-02,-3.322557434139282E-02,-4.522659277312720E-03,2.679026713749979E-03
2456172.500000000,-1.864149583393876E-01,2.643163473038234E-01,3.870044671884607E-02,-2.866845841260186E-02,-1.511807846746576E-02,1.395185354450849E-03
2456176.500000000,-2.867461941453398E-01,1.881582363324815E-01,4.168358151773002E-02,-2.119111013713004E-02,-2.234902041610039E-02,1.183016467511988E-04
2456180.500000000,-3.547148022712103E-01,9.025252190118016E-02,3.992042613599041E-02,-1.276517039444802E-02,-2.605950200614834E-02,-9.579750686644586E-04
2456184.500000000,-3.893293793623601E-01,-1.648645715309366E-02,3.437519742970634E-02,-4.662612270112027E-03,-2.689920884457870E-02,-1.770020390858307E-03
2456188.500000000,-3.932672883172965E-01,-1.221679133807038E-01,2.610169083601210E-02,2.514202099801674E-03,-2.565336776288228E-02,-2.326723491610240E-03
2456192.500000000,-3.707281714334098E-01,-2.197985961255492E-01,1.605662927296749E-02,8.562465251849890E-03,-2.296499385066931E-02,-2.662014430399148E-03
2456196.500000000,-3.262989425917485E-01,-3.045813757266566E-01,5.052832406169971E-03,1.346409869224215E-02,-1.929174692113602E-02,-2.811628094421769E-03
2456200.500000000,-2.644827341099817E-01,-3.732345248755851E-01,-6.228385138522806E-03,1.726529965925724E-02,-1.494156462235080E-02,-2.804963661748254E-03
2456204.500000000,-1.895732440124601E-01,-4.234871043062186E-01,-1.720751274608249E-02,2.001824110216979E-02,-1.011917711347779E-02,-2.663535918623991E-03
2456208.500000000,-1.056908208576027E-01,-4.537467838241573E-01,-2.737639186336558E-02,2.175455464906923E-02,-4.964785982933825E-03,-2.401702541643568E-03
2456212.500000000,-1.689224890591048E-02,-4.629038877767636E-01,-3.627213218338339E-02,2.247295437485701E-02,4.160553995682289E-04,-2.027969948272253E-03
2456216.500000000,7.268283925148293E-02,-4.502436277182190E-01,-4.345650670694261E-02,2.213238350176715E-02,5.927434401019418E-03,-1.546407751185688E-03
2456220.500000000,1.586429574660740E-01,-4.154570607947122E-01,-4.850134036517775E-02,2.064734173210113E-02,1.145780853701748E-02,-9.582847898327958E-04
2456224.500000000,2.361616187006279E-01,-3.587634250846826E-01,-5.098170124490244E-02,1.788591553436525E-02,1.684850149428458E-02,-2.644624722146049E-04
2456228.500000000,2.997998513177468E-01,-2.811826126690027E-01,-5.048187864480960E-02,1.367612111492399E-02,2.184888309193382E-02,5.303611653937603E-04
2456232.500000000,3.433938865214789E-01,-1.850253521211348E-01,-4.662512898027479E-02,7.835933068758339E-03,2.605151711401302E-02,1.409597418316328E-03
2456236.500000000,3.601625936913553E-01,-7.468205758103295E-02,-3.914798711519217E-02,2.608203277803234E-04,2.881004143109648E-02,2.330025527956003E-03
2456240.500000000,3.433729945237922E-01,4.228417873602289E-02,-2.805063348977900E-02,-8.873998892471403E-03,2.918269426924450E-02,3.198620932192170E-03
2456244.500000000,2.881246138714161E-01,1.540906044770657E-01,-1.384615853276321E-02,-1.875854821871786E-02,2.604867492306348E-02,3.849489524716367E-03
2456248.500000000,1.946419524272345E-01,2.449405453570227E-01,2.154153207219492E-03,-2.761220356288629E-02,1.866212874281349E-02,4.058312778133125E-03
2456252.500000000,7.189237142504011E-02,2.984515823527580E-01,1.778897459672183E-02,-3.299161204840982E-02,7.641728607160233E-03,3.651455156516606E-03
2456256.500000000,-6.230191030524534E-02,3.044022183639629E-01,3.058790423880309E-02,-3.320731385745697E-02,-4.613007762332379E-03,2.669959094045003E-03
2456260.500000000,-1.872877482096794E-01,2.638534129612329E-01,3.874264120450831E-02,-2.861976367793276E-02,-1.518708892911140E-02,1.385070168103276E-03
2456264.500000000,-2.873908595453978E-01,1.874746795351801E-01,4.168678808413935E-02,-2.112833428839580E-02,-2.239024220718561E-02,1.091671917733261E-04
2456268.500000000,-3.551023285467610E-01,8.945556312687626E-02,3.989075252814075E-02,-1.270097363410046E-02,-2.607588938258519E-02,-9.652083882180269E-04
2456272.500000000,-3.894694827147667E-01,-1.730928995844527E-02,3.432069599245311E-02,-4.603826779277932E-03,-2.689678262728457E-02,-1.775217791385254E-03
2456276.500000000,-3.931881143341480E-01,-1.229529320214298E-01,2.603015633057256E-02,2.564819822002492E-03,-2.563770466466339E-02,-2.330087843683768E-03
2456280.500000000,-3.704641686304991E-01,-2.205016752810054E-01,1.597483628922509E-02,8.604248238885096E-03,-2.294026365822414E-02,-2.663825114964479E-03
2456284.500000000,-3.258852340745368E-01,-3.051723575797189E-01,4.966477197032810E-03,1.349723014805374E-02,-1.926081587955030E-02,-2.812135765388070E-03
2456288.500000000,-2.639531275721184E-01,-3.736926962642139E-01,-6.314497356165156E-03,1.729018464421348E-02,-1.490634924767624E-02,-2.804361808670143E-03
2456292.500000000,-1.889600021157254E-01,-4.237980800589790E-01,-1.728923513212841E-02,2.003521565634949E-02,-1.008097345907835E-02,-2.661961353349598E-03
2456296.500000000,-1.050252361323074E-01,-4.539005574840331E-01,-2.745002549648375E-02,2.176375301025901E-02,-4.924524176623281E-03,-2.399244053955704E-03
2456300.500000000,-1.620559759425821E-02,-4.628937793999277E-01,-3.633425396887150E-02,2.247424206059916E-02,4.576117608797724E-04,-2.024678362692798E-03
2456304.500000000,7.335813249437713E-02,-4.500659785325310E-01,-4.350383854623578E-02,2.212531475670802E-02,5.969507701981565E-03,-1.542306677426547E-03
2456308.500000000,1.592720110005079E-01,-4.151116805667801E-01,-4.853066632115963E-02,2.063113056798898E-02,1.149940393543138E-02,-9.533845155467274E-04
2456312.500000000,2.367057218982862E-01,-3.582549775364169E-01,-5.098985539841374E-02,1.785943928692862E-02,1.688813215161806E-02,-2.587827237710666E-04
2456316.500000000,3.002152744151213E-01,-2.805233370858839E-01,-5.046585878947672E-02,1.363802567053345E-02,2.188416745120247E-02,5.367486627809754E-04
2456320.500000000,3.436315738020471E-01,-1.842397237922337E-01,-4.658244976391126E-02,7.785010113885651E-03,2.607861183369048E-02,1.416488009217555E-03
2456324.500000000,3.601704513186609E-01,-7.381391720972183E-02,-3.907747279728194E-02,1.970022366352842E-04,2.882301794235895E-02,2.336939491841085E-03
2456328.500000000,3.431042065686581E-01,4.316276067151675E-02,-2.795390490025051E-02,-8.947548090158748E-03,2.917346901227345E-02,3.204606193147839E-03
2456332.500000000,2.875566057979859E-01,1.548738521327416E-01,-1.372981847768813E-02,-1.883236230200513E-02,2.600914500645731E-02,3.853014972598979E-03
2456336.500000000,1.938055694443170E-01,2.455000007307470E-01,2.276748125858863E-03,-2.766930651166678E-02,1.859042961126064E-02,4.057669544577225E-03
2456340.500000000,7.089213397654957E-02,2.986769016085344E-01,1.789919622786133E-02,-3.301407572038110E-02,7.549539752690877E-03,3.645955643626473E-03
2456344.500000000,-6.330991109431558E-02,3.042549568152276E-01,3.066828246034408E-02,-3.318923167875611E-02,-4.703166831562984E-03,2.660905606840199E-03
2456348.500000000,-1.881573480544700E-01,2.633833073430227E-01,3.878383822754261E-02,-2.857123558382878E-02,-1.525616067047528E-02,1.374950244131916E-03
2456352.500000000,-2.880327056043021E-01,1.867834121057380E-01,4.168893466876365E-02,-2.106556474193851E-02,-2.243164346642463E-02,1.000075584846832E-04
2456356.500000000,-3.554867064523027E-01,8.865021588646183E-02,3.985989749119333E-02,-1.263661350202549E-02,-2.609241364602001E-02,-9.724747265054365E-04
2456360.500000000,-3.896055514462668E-01,-1.814080118518928E-02,3.426488896149846E-02,-4.544774464114067E-03,-2.689435509540644E-02,-1.780442367097706E-03
2456364.500000000,-3.931037518712670E-01,-1.237462955500019E-01,2.595723352855811E-02,2.615737878866155E-03,-2.562187615791705E-02,-2.333465629930698E-03
2456368.500000000,-3.701937867627879E-01,-2.212121307372956E-01,1.589163221836612E-02,8.646321246898606E-03,-2.291521891808024E-02,-2.665633916595968E-03
2456372.500000000,-3.254640422537480E-01,-3.057692074462741E-01,4.878745590203379E-03,1.353062182526169E-02,-1.922945022317870E-02,-2.812628496740912E-03
2456376.500000000,-2.634150702278333E-01,-3.741548024329368E-01,-6.401905155535201E-03,1.731529216426304E-02,-1.487060549272134E-02,-2.803734894685981E-03
2456380.500000000,-1.883375058196596E-01,-4.241107180321265E-01,-1.737213540622896E-02,2.005236796893808E-02,-1.004216360560612E-02,-2.660353070505991E-03
2456384.500000000,-1.043497952774607E-01,-4.540534234189594E-01,-2.752468406911973E-02,2.177307166628134E-02,-4.883583822105313E-03,-2.396742525023696E-03
2456388.500000000,-1.550875913959173E-02,-4.628799036686185E-01,-3.639720582936291E-02,2.247557026241391E-02,4.999196920499106E-04,-2.021331816310953E-03
2456392.500000000,7.404355933944477E-02,-4.498814083593246E-01,-4.355175022184540E-02,2.211817167387438E-02,6.012405842717285E-03,-1.538134681069327E-03
2456396.500000000,1.599105900596401E-01,-4.147559453926906E-01,-4.856024846076273E-02,2.061467999522152E-02,1.154188871226559E-02,-9.483925056606884E-04
2456400.500000000,2.372579553904045E-01,-3.577325326368817E-01,-5.099784922425118E-02,1.783249265582771E-02,1.692868716387430E-02,-2.529857768143089E-04
2456404.500000000,3.006363566236538E-01,-2.798464006547610E-01,-5.044915395438333E-02,1.359915188568107E-02,2.192034365777825E-02,5.432813887549979E-04
2456408.500000000,3.438710687474266E-01,-1.834331332155010E-01,-4.653845220577089E-02,7.732930352947476E-03,2.610643767451013E-02,1.423548797435776E-03
2456412.500000000,3.601746843185415E-01,-7.292254700749963E-02,-3.900493110991050E-02,1.316298618470410E-04,2.883635498463732E-02,2.344033960921965E-03
2456416.500000000,3.428249467741546E-01,4.406481271424727E-02,-2.785445848608773E-02,-9.022928894476959E-03,2.916395496924880E-02,3.210748750575629E-03
2456420.500000000,2.869708058797628E-01,1.556776994005549E-01,-1.361026415478293E-02,-1.890792082049961E-02,2.596844656019780E-02,3.856621640149219E-03
2456424.500000000,1.929455509879328E-01,2.460736732938545E-01,2.402643229796155E-03,-2.772748556930505E-02,1.851676216893890E-02,4.056982768720748E-03
2456428.500000000,6.986610756240326E-02,2.989078492657910E-01,1.801228690682481E-02,-3.303650636619711E-02,7.455152583343588E-03,3.640290911902963E-03
2456432.500000000,-6.434145802178871E-02,3.041053424177192E-01,3.075073440613296E-02,-3.317013307383217E-02,-4.795014954341602E-03,2.651634369281096E-03
2456436.500000000,-1.890453849296951E-01,2.629057811167626E-01,3.882627030554945E-02,-2.852127205899949E-02,-1.532606642504140E-02,1.364639037904927E-03
2456440.500000000,-2.886872965918293E-01,1.860829249550271E-01,4.169167233030141E-02,-2.100144525859523E-02,-2.247315731104209E-02,9.071913831434992E-05
2456444.500000000,-3.558790059977430E-01,8.783612320861020E-02,3.982924038824848E-02,-1.257120582417732E-02,-2.610863939603467E-02,-9.798115182394710E-04
2456448.500000000,-3.897459865399218E-01,-1.897948889926674E-02,3.420908285993426E-02,-4.484983000474408E-03,-2.689147519123911E-02,-1.785698414485158E-03
2456452.500000000,-3.930212941400514E-01,-1.245449800346479E-01,2.588423249477290E-02,2.667162040483030E-03,-2.560558831178521E-02,-2.336854048045618E-03
2456456.500000000,-3.699236130161220E-01,-2.219261655031744E-01,1.580832858603173E-02,8.688748605504023E-03,-2.288976728887673E-02,-2.667444113980477E-03
2456460.500000000,-3.250418390789306E-01,-3.063681325138773E-01,4.790917454158829E-03,1.356427703412845E-02,-1.919773807593558E-02,-2.813118817270336E-03
2456464.500000000,-2.628750625503450E-01,-3.746176942965506E-01,-6.489395063066821E-03,1.734061019386728E-02,-1.483455994143888E-02,-2.803103205978916E-03
2456468.500000000,-1.877122897133699E-01,-4.244229869159644E-01,-1.745509319807364E-02,2.006969618812689E-02,-1.000307449812213E-02,-2.658737075427648E-03
2456472.500000000,-1.036709929276471E-01,-4.542048148220896E-01,-2.759936111085103E-02,2.178253466705990E-02,-4.842367251507180E-03,-2.394228909821279E-03
2456476.500000000,-1.480805824262264E-02,-4.628634326504228E-01,-3.646011627395361E-02,2.247700225455388E-02,5.425130593391113E-04,-2.017967143601076E-03
2456480.500000000,7.473315401532599E-02,-4.496930773468193E-01,-4.359953349748528E-02,2.211107396026389E-02,6.055600655476064E-03,-1.533937145441969E-03
2456484.500000000,1.605533637586009E-01,-4.143952563772134E-01,-4.858958424437190E-02,2.059819349382906E-02,1.158467015882568E-02,-9.433671024016509E-04
2456488.500000000,2.378140396075116E-01,-3.572039908189426E-01,-5.100544924911302E-02,1.780540686615740E-02,1.696951075864802E-02,-2.471489298043295E-04
2456492.500000000,3.010605049679011E-01,-2.791624261394140E-01,-5.043188920244734E-02,1.356002484438997E-02,2.195671202510725E-02,5.498562436565826E-04
2456496.500000000,3.441124102328939E-01,-1.826189998362774E-01,-4.649373522213701E-02,7.680500508320540E-03,2.613431109052536E-02,1.430645346868569E-03
2456500.500000000,3.601792758894768E-01,-7.202385880173849E-02,-3.893156199693303E-02,6.588134496505953E-05,2.884952093712594E-02,2.351143929192443E-03
2456504.500000000,3.425447216937786E-01,4.497298869140562E-02,-2.775419210477997E-02,-9.098564317341925E-03,2.915401666888046E-02,3.216869265769727E-03
2456508.500000000,2.863836017386249E-01,1.564855902194142E-01,-1.349007407016259E-02,-1.898341166030589E-02,2.592716341090474E-02,3.860157946168465E-03
2456512.500000000,1.920852653514150E-01,2.466491748400225E-01,2.528814619829004E-03,-2.778516582343146E-02,1.844263195850649E-02,4.056192148925533E-03
2456516.500000000,6.884241191113864E-02,2.991395876596730E-01,1.812524753556753E-02,-3.305819698686024E-02,7.360747636558599E-03,3.634536208359915E-03
2456520.500000000,-6.536792992510441E-02,3.039574570119000E-01,3.083280441064688E-02,-3.315047032564621E-02,-4.886405886602050E-03,2.642331459144993E-03
2456524.500000000,-1.899269261194939E-01,2.624322837759963E-01,3.886831891114403E-02,-2.847117610401611E-02,-1.539534078830697E-02,1.354355071304619E-03
2456528.500000000,-2.893356624758296E-01,1.853887978362801E-01,4.169420288013632E-02,-2.093756515536544E-02,-2.251417404671333E-02,8.148587982273875E-05
2456532.500000000,-3.562664586353336E-01,8.702987721166286E-02,3.979860218469868E-02,-1.250621551951232E-02,-2.612462405712999E-02,-9.870940494864113E-04
2456536.500000000,-3.898833221072185E-01,-1.980985312038679E-02,3.415348554015277E-02,-4.425627825730055E-03,-2.688858755401190E-02,-1.790914924736735E-03
2456540.500000000,-3.929373700323858E-01,-1.253356550111057E-01,2.581156379436077E-02,2.718214175750382E-03,-2.558945206927938E-02,-2.340220018941293E-03
2456544.500000000,-3.696532819330718E-01,-2.226329926341791E-01,1.572541740829949E-02,8.730894629531208E-03,-2.286455435350094E-02,-2.669246010861945E-03
2456548.500000000,-3.246204265810974E-01,-3.069608864274779E-01,4.703493900927128E-03,1.359773740921797E-02,-1.916629829278316E-02,-2.813610655565494E-03
2456552.500000000,-2.623364790834626E-01,-3.750755123454311E-01,-6.576499408902621E-03,1.736580305424593E-02,-1.479878644658162E-02,-2.802478934138614E-03
2456556.500000000,-1.870888917798657E-01,-4.247312362089508E-01,-1.753770186993041E-02,2.008694945533419E-02,-9.964238313840131E-03,-2.657131493057831E-03
2456560.500000000,-1.029942371885394E-01,-4.543531448576690E-01,-2.767373346118560E-02,2.179195591661118E-02,-4.801376144833417E-03,-2.391726872807746E-03
2456564.500000000,-1.410952595958557E-02,-4.628447438969479E-01,-3.652276897208041E-02,2.247841339480931E-02,5.849098916177057E-04,-2.014614264854913E-03
2456568.500000000,7.542052612293283E-02,-4.495032613587736E-01,-4.364710594480346E-02,2.210396942615728E-02,6.098624812608354E-03,-1.529751242342126E-03
2456572.500000000,1.611939120396527E-01,-4.140337235549349E-01,-4.861875521262897E-02,2.058171249689904E-02,1.162730031342127E-02,-9.383530699978547E-04
2456576.500000000,2.383679490382821E-01,-3.566751876925636E-01,-5.101292953732261E-02,1.777834171515867E-02,1.701019240156564E-02,-2.413232980257377E-04
2456580.500000000,3.014826029687484E-01,-2.784787622158188E-01,-5.041455023866830E-02,1.352094114814464E-02,2.199293370760374E-02,5.564193484182262E-04
2456584.500000000,3.443519441348611E-01,-1.818058016523058E-01,-4.644899524665962E-02,7.628152332574486E-03,2.616201605721938E-02,1.437727527370801E-03
2456588.500000000,3.601825126101877E-01,-7.112684546329896E-02,-3.885823909457431E-02,2.848086001518315E-07,2.886248493644002E-02,2.358232835674383E-03
2456592.500000000,3.422639810717061E-01,4.587863524290682E-02,-2.765407796054423E-02,-9.173920688457746E-03,2.914386046973235E-02,3.222957145693129E-03
2456596.500000000,2.857973634742631E-01,1.572901795047576E-01,-1.337019221907002E-02,-1.905843302567829E-02,2.588573491352645E-02,3.863649698083766E-03
2456600.500000000,1.912282066907405E-01,2.472212242857228E-01,2.654495236144630E-03,-2.784220059889601E-02,1.836860544363124E-02,4.055358610576941E-03
2456604.500000000,6.782458516185415E-02,2.993690706866731E-01,1.823759539309560E-02,-3.307925911561070E-02,7.266849536562922E-03,3.628768449024115E-03
2456608.500000000,-6.638654475883717E-02,3.038100865372119E-01,3.091430733120617E-02,-3.313048409729208E-02,-4.976952206340515E-03,2.633065569079328E-03
2456612.500000000,-1.908001951718161E-01,2.619629142965827E-01,3.891003859304971E-02,-2.842119797872709E-02,-1.546370355566372E-02,1.344149505926444E-03
2456616.500000000,-2.899769944977512E-01,1.847021405827315E-01,4.169675757074136E-02,-2.087416027608976E-02,-2.255446155483507E-02,7.234622451696011E-05
2456620.500000000,-3.566492075198686E-01,8.623345400880260E-02,3.976835355429045E-02,-1.244188665843068E-02,-2.614016777398847E-02,-9.942903204687638E-04
2456624.500000000,-3.900187201245326E-01,-2.062921061424558E-02,3.409858706781477E-02,-4.366974628435367E-03,-2.688554258916518E-02,-1.796064169041686E-03
2456628.500000000,-3.928542378165930E-01,-1.261151786190356E-01,2.573981862007550E-02,2.768614396163206E-03,-2.557339090590810E-02,-2.343540990271425E-03
2456632.500000000,-3.693861685509970E-01,-2.233293344961400E-01,1.564356668205158E-02,8.772484431317775E-03,-2.283958999349702E-02,-2.671024056802860E-03
2456636.500000000,-3.242042334740096E-01,-3.075444094903615E-01,4.617188509854001E-03,1.363075438237552E-02,-1.913522962742180E-02,-2.814096964984245E-03
2456640.500000000,-2.618046592504716E-01,-3.755257622477556E-01,-6.662494883999355E-03,1.739066655930088E-02,-1.476346772648115E-02,-2.801864335531565E-03
2456644.500000000,-1.864733570168800E-01,-4.250338567766779E-01,-1.761926611051476E-02,2.010398087785622E-02,-9.925913447983948E-03,-2.655548055323486E-03
2456648.500000000,-1.023260321548096E-01,-4.544979746961659E-01,-2.774717142036965E-02,2.180125371445468E-02,-4.760935879972295E-03,-2.389257450376311E-03
2456652.500000000,-1.341985532078912E-02,-4.628248211312704E-01,-3.658463673085047E-02,2.247979143430795E-02,6.267254662910353E-04,-2.011303407385603E-03
2456656.500000000,7.609907750572138E-02,-4.493145900413620E-01,-4.369408020429963E-02,2.209691834100298E-02,6.141041327805196E-03,-1.525616793835321E-03
2456660.500000000,1.618260310508811E-01,-4.136758138899665E-01,-4.864755441176866E-02,2.056537519854096E-02,1.166929963740347E-02,-9.334010654409162E-04
2456664.500000000,2.389142064699554E-01,-3.561525641468147E-01,-5.102031043603018E-02,1.775152493498934E-02,1.705022917305237E-02,-2.355721622576930E-04
2456668.500000000,3.018982944833588E-01,-2.778038470840298E-01,-5.039743757096164E-02,1.348223724377319E-02,2.202852193658144E-02,5.628939932219859E-04
2456672.500000000,3.445869112251286E-01,-1.810037781155587E-01,-4.640486211685810E-02,7.576349896001922E-03,2.618915379256127E-02,1.444708478463560E-03
2456676.500000000,3.601837407586031E-01,-7.024299304181912E-02,-3.878594301890199E-02,-6.457751069111491E-05,2.887504211971643E-02,2.365214830884745E-03
2456680.500000000,3.419845067715331E-01,4.677002467116356E-02,-2.755540467469691E-02,-9.248386794096694E-03,2.913358549754056E-02,3.228948416646853E-03
2456684.500000000,2.852160532243103E-01,1.580808156311815E-01,-1.325207658476281E-02,-1.913254770877258E-02,2.584459041265866E-02,3.867079965650291E-03
2456688.500000000,1.903793314575601E-01,2.477812889656898E-01,2.778276446874259E-03,-2.789855993885200E-02,1.829526188436802E-02,4.054522924291645E-03
2456692.500000000,6.681678435630968E-02,2.995897716403987E-01,1.834816426269261E-02,-3.310009786719691E-02,7.173817118907261E-03,3.623060666254253E-03
2456696.500000000,-6.739517621950772E-02,3.036572024097476E-01,3.099434999359573E-02,-3.311071686676984E-02,-5.066780234400933E-03,2.623892178040978E-03
2456700.500000000,-1.916648644949520E-01,2.614902593050664E-01,3.895066495083502E-02,-2.837164633542485E-02,-1.553167969212482E-02,1.334029377672484E-03
2456704.500000000,-2.906114385920911E-01,1.840131370631841E-01,4.169850855413547E-02,-2.081115687688268E-02,-2.259464413443316E-02,6.326473346280453E-05
2456708.500000000,-3.570264502056733E-01,8.543479017519538E-02,3.973748007743577E-02,-1.237784386947168E-02,-2.615573869664644E-02,-1.001453841647672E-03
2456712.500000000,-3.901495521309456E-01,-2.145096970240371E-02,3.404316204794148E-02,-4.308514369328075E-03,-2.688253613630322E-02,-1.801195034428765E-03
2456716.500000000,-3.927672260059763E-01,-1.268971762086178E-01,2.566760970721557E-02,2.818854009041095E-03,-2.555732288897834E-02,-2.346847499345297E-03
2456720.500000000,-3.691158452622131E-01,-2.240280159197428E-01,1.556131355248019E-02,8.813892971119322E-03,-2.281456720903879E-02,-2.672785216996715E-03
2456724.500000000,-3.237856502535257E-01,-3.081299685662989E-01,4.530557268466337E-03,1.366353985639555E-02,-1.910407242166118E-02,-2.814561819332255E-03
2456728.500000000,-2.612714895787995E-01,-3.759776849577057E-01,-6.748722321215524E-03,1.741524208921231E-02,-1.472806114273835E-02,-2.801224565296757E-03
2456732.500000000,-1.858577196053726E-01,-4.253378485630472E-01,-1.770095819786948E-02,2.012067990504023E-02,-9.887529766008178E-03,-2.653938219036540E-03
2456736.500000000,-1.016591034783157E-01,-4.546440326092033E-01,-2.782063418952277E-02,2.181019923627532E-02,-4.720485074760380E-03,-2.386763400683745E-03
2456740.500000000,-1.273285811901440E-02,-4.628061938392426E-01,-3.664643884741094E-02,2.248082872017189E-02,6.684969386452505E-04,-2.007972316227763E-03
2456744.500000000,7.677367011511337E-02,-4.491274882861233E-01,-4.374091943317990E-02,2.208957051052334E-02,6.183367619666479E-03,-1.521468003679958E-03
2456748.500000000,1.624531386771939E-01,-4.133198894134701E-01,-4.867617283557141E-02,2.054881187604614E-02,1.171118661971220E-02,-9.284402896769556E-04
2456752.500000000,2.394547133162915E-01,-3.556323584237271E-01,-5.102748246326927E-02,1.772456473601138E-02,1.709016912769979E-02,-2.298150593270441E-04
2456756.500000000,3.023078080747545E-01,-2.771316317789995E-01,-5.038008899137798E-02,1.344345767719003E-02,2.206407327373413E-02,5.693773362871890E-04
2456760.500000000,3.448154503564343E-01,-1.802044197942030E-01,-4.636044009376620E-02,7.524485287530743E-03,2.621634933774302E-02,1.451708608503426E-03
2456764.500000000,3.601781630426573E-01,-6.936138392365038E-02,-3.871324743331781E-02,-1.295855892640469E-04,2.888774574744135E-02,2.372233907799042E-03
2456768.500000000,3.416972874934648E-01,4.765979984223600E-02,-2.745614422770589E-02,-9.323192387564497E-03,2.912345398197450E-02,3.234995520331334E-03
2456772.500000000,2.846251720725354E-01,1.588700861138038E-01,-1.313313522040188E-02,-1.920722760344093E-02,2.580338658963020E-02,3.870569272393741E-03
2456776.500000000,1.895184138416880E-01,2.483389636282718E-01,2.903069058809806E-03,-2.795554180863598E-02,1.822143908907163E-02,4.053714148401784E-03
2456780.500000000,6.579491130582073E-02,2.998052544581614E-01,1.845972668600866E-02,-3.312126799130527E-02,7.079876281699112E-03,3.617313465890856E-03
2456784.500000000,-6.841814649393148E-02,3.034950704797580E-01,3.107508966413453E-02,-3.309073257453000E-02,-5.157648233790810E-03,2.614613771474956E-03
2456788.500000000,-1.925419396967563E-01,2.610045769702732E-01,3.899149515351975E-02,-2.832137675832600E-02,-1.560045442167595E-02,1.323775139812246E-03
2456792.500000000,-2.912548148170911E-01,1.833087471063346E-01,4.169993843860345E-02,-2.074717924779900E-02,-2.263519622349249E-02,5.406034989928263E-05
2456796.500000000,-3.574086164506420E-01,8.462011316431570E-02,3.970585650781391E-02,-1.231280140952567E-02,-2.617126804196659E-02,-1.008707067709026E-03
2456800.500000000,-3.902814866473523E-01,-2.228793834761309E-02,3.398670248161647E-02,-4.249155703557233E-03,-2.687919075159535E-02,-1.806378951604881E-03
2456804.500000000,-3.926779997230155E-01,-1.276926357465920E-01,2.559421730267534E-02,2.869852242799337E-03,-2.554073755705726E-02,-2.350176883951584E-03
2456808.500000000,-3.688405462270363E-01,-2.247378824641772E-01,1.547783097092532E-02,8.855926254736426E-03,-2.278893422275967E-02,-2.674547867821917E-03
2456812.500000000,-3.233598293241345E-01,-3.087241709362451E-01,4.442721268745101E-03,1.369683465389267E-02,-1.907225974027153E-02,-2.815013753412953E-03
2456816.500000000,-2.607292494866887E-01,-3.764355750939315E-01,-6.836081144247184E-03,1.744022638344284E-02,-1.469197382641943E-02,-2.800561451238875E-03
2456820.500000000,-1.852315681318101E-01,-4.256450439624584E-01,-1.778367004012268E-02,2.013769176635320E-02,-9.848445067267611E-03,-2.652295954079076E-03
2456824.500000000,-1.009806115620832E-01,-4.547904496257715E-01,-2.789496821090229E-02,2.181935430215376E-02,-4.679313076247214E-03,-2.384227339259579E-03
2456828.500000000,-1.203369532825916E-02,-4.627850041783882E-01,-3.670892266280808E-02,2.248195372284560E-02,7.110069032029985E-04,-2.004588188473455E-03
2456832.500000000,7.746049117913854E-02,-4.489348533226986E-01,-4.378820359946822E-02,2.208216131320376E-02,6.226437783992955E-03,-1.517253666504677E-03
2456836.500000000,1.630918781776864E-01,-4.129554873119718E-01,-4.870494775353507E-02,2.053200623329518E-02,1.175379584868853E-02,-9.234008713970708E-04
2456840.500000000,2.400054698918794E-01,-3.551009058203622E-01,-5.103447213133058E-02,1.769715151625463E-02,1.713076126809181E-02,-2.239676500174249E-04
2456844.500000000,3.027253073100425E-01,-2.764458222641462E-01,-5.036218094907356E-02,1.340399851126896E-02,2.210013096177194E-02,5.759577123690571E-04
2456848.500000000,3.450488257662081E-01,-1.793899041234261E-01,-4.631507321429037E-02,7.471733109902508E-03,2.624380048649546E-02,1.458802103076825E-03
2456852.500000000,3.601735827576615E-01,-6.846429935087046E-02,-3.863926905380757E-02,-1.956035934533215E-04,2.890033306698153E-02,2.379324996032034E-03
2456856.500000000,3.414070761295227E-01,4.856367949870011E-02,-2.735539536586223E-02,-9.398941788297492E-03,2.911274607193768E-02,3.241069166124014E-03
2456860.500000000,2.840281226989199E-01,1.596702810387004E-01,-1.301272802289104E-02,-1.928250109052953E-02,2.576119576430590E-02,3.874018451537682E-03
2456864.500000000,1.886500883704618E-01,2.489032361569582E-01,3.029032087710531E-03,-2.801252725227982E-02,1.814650797644083E-02,4.052801523866234E-03
2456868.500000000,6.476677452309848E-02,3.000233828250324E-01,1.857198056170225E-02,-3.314190378541384E-02,6.985132374785139E-03,3.611440005432605E-03
2456872.500000000,-6.944475766976113E-02,3.033334064902371E-01,3.115606240423231E-02,-3.307004258146502E-02,-5.248799010984228E-03,2.605239417626230E-03
2456876.500000000,-1.934201004487786E-01,2.605190748525565E-01,3.903227620912489E-02,-2.827057232374216E-02,-1.566913345397015E-02,1.313475587508641E-03
2456880.500000000,-2.918976688875426E-01,1.826052336288133E-01,4.170121936214485E-02,-2.068292893340529E-02,-2.267553415601592E-02,4.484772016676437E-05
2456884.500000000,-3.577895824504161E-01,8.380711439917263E-02,3.967408898123584E-02,-1.224767535415580E-02,-2.618662628418760E-02,-1.015952610882622E-03
2456888.500000000,-3.904120990025280E-01,-2.312271682386816E-02,3.393013747823312E-02,-4.189805753563314E-03,-2.687576089424400E-02,-1.811552728603022E-03
2456892.500000000,-3.925875576912609E-01,-1.284857160415245E-01,2.552075569399375E-02,2.920813530337556E-03,-2.552413699373282E-02,-2.353498592049659E-03
2456896.500000000,-3.685641802385720E-01,-2.254453919653868E-01,1.539430432139225E-02,8.897925103427960E-03,-2.276332209354625E-02,-2.676305447076376E-03
2456900.500000000,-3.229330551746357E-01,-3.093161221264634E-01,4.354858627493848E-03,1.373010758611402E-02,-1.904047501462243E-02,-2.815461777674175E-03
2456904.500000000,-2.601861180444726E-01,-3.768913046513011E-01,-6.923450795513372E-03,1.746520106742559E-02,-1.465590111307083E-02,-2.799894131031715E-03
2456908.500000000,-1.846045466535680E-01,-4.259500873463801E-01,-1.786637352328202E-02,2.015470160662912E-02,-9.809348295338203E-03,-2.650648169232114E-03
2456912.500000000,-1.003012529688787E-01,-4.549345983422968E-01,-2.796926803687800E-02,2.182850856230907E-02,-4.638093931950337E-03,-2.381683784731664E-03
2456916.500000000,-1.133367937726922E-02,-4.627612789595237E-01,-3.677133737509517E-02,2.248307128786181E-02,7.536038706701146E-04,-2.001193983221638E-03
2456920.500000000,7.814810531193207E-02,-4.487392523432299E-01,-4.383537177160310E-02,2.207472739887307E-02,6.269636031752008E-03,-1.513025778488789E-03
2456924.500000000,1.637312527644373E-01,-4.125875298984552E-01,-4.873354343183311E-02,2.051514330312376E-02,1.179657043995347E-02,-9.183431403844896E-04
2456928.500000000,2.405565334011432E-01,-3.545651805885031E-01,-5.104119739339359E-02,1.766962762512560E-02,1.717154362019445E-02,-2.180957615992893E-04
2456932.500000000,3.031425238865680E-01,-2.757549719792287E-01,-5.034389689094113E-02,1.336435130115642E-02,2.213637623284253E-02,5.825693865272401E-04
2456936.500000000,3.452809792590378E-01,-1.785696828542577E-01,-4.626919378599579E-02,7.418697876550502E-03,2.627138560339840E-02,1.465931946339596E-03
2456940.500000000,3.601664687374067E-01,-6.756120803244006E-02,-3.856463267603125E-02,-2.619883144598404E-04,2.891292188339693E-02,2.386450793076573E-03
2456944.500000000,3.411128110255471E-01,4.947315599687434E-02,-2.725387451286235E-02,-9.475063975662792E-03,2.910181898745898E-02,3.247162291448585E-03
2456948.500000000,2.834257830410110E-01,1.604746888599892E-01,-1.289153025596724E-02,-1.935798628683398E-02,2.571853904777088E-02,3.877454974815907E-03
2456952.500000000,1.877762674828769E-01,2.494695689232903E-01,3.155658535706689E-03,-2.806938223704507E-02,1.807100730646686E-02,4.051839334627392E-03
2456956.500000000,6.373439012536028E-02,3.002415674047437E-01,1.868466024552797E-02,-3.316207104896041E-02,6.890004652329592E-03,3.605503324670132E-03
2456960.500000000,-7.047346467884071E-02,3.031709800277458E-01,3.123724232364519E-02,-3.304879716033399E-02,-5.339968444773678E-03,2.595823899430739E-03
2456964.500000000,-1.942984173636527E-01,2.600333557811793E-01,3.907317294077949E-02,-2.821938248717942E-02,-1.573755182734043E-02,1.303171287435426E-03
2456968.500000000,-2.925396307921133E-01,1.819027722172845E-01,4.170265436594646E-02,-2.061853747536492E-02,-2.271552898774913E-02,3.565618392646159E-05
2456972.500000000,-3.581694917333716E-01,8.299645825255716E-02,3.964258266172750E-02,-1.218259344249451E-02,-2.620169749132826E-02,-1.023168260649621E-03
2456976.500000000,-3.905420522902912E-01,-2.395421455028439E-02,3.387394959556584E-02,-4.130596688600401E-03,-2.687215215928522E-02,-1.816699879590889E-03
2456980.500000000,-3.924970934367871E-01,-1.292750213512887E-01,2.544776077248774E-02,2.971606490832990E-03,-2.550746577027740E-02,-2.356802666782357E-03
2456984.500000000,-3.682884456625999E-01,-2.261490274650128E-01,1.531129407870407E-02,8.939770519845670E-03,-2.273772707902838E-02,-2.678055787854692E-03
2456988.500000000,-3.225074583799959E-01,-3.099044028872683E-01,4.267521916666105E-03,1.376326313592803E-02,-1.900877112994165E-02,-2.815911997407436E-03
2456992.500000000,-2.596445478855980E-01,-3.773437796893932E-01,-7.010318810902318E-03,1.749010149116682E-02,-1.461995261680274E-02,-2.799236369175866E-03
2456996.500000000,-1.839792988200327E-01,-4.262524355619753E-01,-1.794862426798248E-02,2.017167878382412E-02,-9.770405293508604E-03,-2.649014865683638E-03
2457000.500000000,-9.962372522124009E-02,-4.550767144665578E-01,-2.804317899252373E-02,2.183766567540887E-02,-4.597051957374623E-03,-2.379157336680994E-03
2457004.500000000,-1.063542397021496E-02,-4.627362788555033E-01,-3.683343395491492E-02,2.248422005274655E-02,7.959980529660711E-04,-1.997817845065235E-03
2457008.500000000,7.883413202064055E-02,-4.485432559510339E-01,-4.388229500408698E-02,2.206734855943119E-02,6.312594701548395E-03,-1.508816489821686E-03
2457012.500000000,1.643693113503451E-01,-4.122202410156996E-01,-4.876197185353411E-02,2.049836251842859E-02,1.183904864765200E-02,-9.133061337119903E-04
2457016.500000000,2.411066904108632E-01,-3.540314660053748E-01,-5.104784951105965E-02,1.764223113624051E-02,1.721194683225829E-02,-2.122512468153411E-04
2457020.500000000,3.035595017918153E-01,-2.750678541601592E-01,-5.032567531365884E-02,1.332492078680905E-02,2.217213718713691E-02,5.891389972878569E-04
2457024.500000000,3.455140690846395E-01,-1.777553448614612E-01,-4.622359219643604E-02,7.366050724325196E-03,2.629838400409644E-02,1.472994300613885E-03
2457028.500000000,3.601623832576323E-01,-6.666645389117684E-02,-3.849061175644108E-02,-3.276928593121149E-04,2.892489043737271E-02,2.393474182089217E-03
2457032.500000000,3.408250850018775E-01,5.037204252971660E-02,-2.715344997805988E-02,-9.550097127772673E-03,2.909043110228549E-02,3.253119211748684E-03
2457036.500000000,2.828351738508126E-01,1.612675358992146E-01,-1.277200287800223E-02,-1.943198846607849E-02,2.567592402806677E-02,3.880747888232791E-03
2457040.500000000,1.869204142751731E-01,2.500261346846226E-01,3.280118468305233E-03,-2.812468780067721E-02,1.799640409140792E-02,4.050784146022194E-03
2457044.500000000,6.272528330078493E-02,3.004553856523730E-01,1.879500774179120E-02,-3.318124142358381E-02,6.796632230504093E-03,3.599583582390601E-03
2457048.500000000,-7.147686910042446E-02,3.030120926336884E-01,3.131639721173597E-02,-3.302757117579183E-02,-5.429060736833110E-03,2.586539474561128E-03
2457052.500000000,-1.951534872518824E-01,2.595589596712546E-01,3.911270734217373E-02,-2.816914365492472E-02,-1.580424840100341E-02,1.293055333612262E-03
2457056.500000000,-2.931632860904953E-01,1.812171708801431E-01,4.170348413871015E-02,-2.055558444051945E-02,-2.275449822905033E-02,2.664630487111111E-05
2457060.500000000,-3.585371003755007E-01,8.220536904430019E-02,3.961112237767513E-02,-1.211902113805577E-02,-2.621641800116874E-02,-1.030242842800413E-03
2457064.500000000,-3.906654650743340E-01,-2.476580350198247E-02,3.381827750585424E-02,-4.072733657418197E-03,-2.686869022950533E-02,-1.821752729682896E-03
2457068.500000000,-3.924049877631811E-01,-1.300456859233923E-01,2.537557624192288E-02,3.021301221995963E-03,-2.549125417638194E-02,-2.360052078675812E-03
2457072.500000000,-3.680149562865340E-01,-2.268362449479359E-01,1.522925092838822E-02,8.980767208515069E-03,-2.271276479200789E-02,-2.679780743492914E-03
2457076.500000000,-3.220870543620729E-01,-3.104789834847522E-01,4.181210892189429E-03,1.379578700344687E-02,-1.897778171844697E-02,-2.816356986989755E-03
2457080.500000000,-2.591103311332403E-01,-3.777854808458056E-01,-7.096169185637569E-03,1.751454659264689E-02,-1.458474617836035E-02,-2.798587000960563E-03
2457084.500000000,-1.833629356526112E-01,-4.265469813470620E-01,-1.802991132642757E-02,2.018834017111151E-02,-9.732202541785171E-03,-2.647399704051996E-03
2457088.500000000,-9.895611443828271E-02,-4.552139590371304E-01,-2.811621532650681E-02,2.184661865738039E-02,-4.556733388677639E-03,-2.376657172481548E-03
2457092.500000000,-9.947709054128680E-03,-4.627092515643547E-01,-3.689477726417831E-02,2.248525926841329E-02,8.376949265210769E-04,-1.994476214731668E-03
2457096.500000000,7.950935725916916E-02,-4.483479520916708E-01,-4.392862099097448E-02,2.205994862299547E-02,6.354893176533272E-03,-1.504650876173445E-03
2457100.500000000,1.649966651848246E-01,-4.118561807040839E-01,-4.878999718912162E-02,2.048165231844776E-02,1.188092329382652E-02,-9.083224948115133E-04
2457104.500000000,2.416466210149584E-01,-3.535032287887480E-01,-5.105432912274314E-02,1.761500430329320E-02,1.725183587640953E-02,-2.064680721040946E-04
2457108.500000000,3.039671320993850E-01,-2.743880164906031E-01,-5.030753358921834E-02,1.328575820719865E-02,2.220751943016909E-02,5.956451650101628E-04
2457112.500000000,3.457390374395914E-01,-1.769494453113379E-01,-4.617831109152899E-02,7.313740108970162E-03,2.632518982594784E-02,1.480001982363068E-03
2457116.500000000,3.601515374461719E-01,-6.578047770962425E-02,-3.841708860063973E-02,-3.930710483981228E-04,2.893688303189288E-02,2.400466098043616E-03
2457120.500000000,3.405316811344737E-01,5.126263649223837E-02,-2.705358053958907E-02,-9.624937430682400E-03,2.907924714578786E-02,3.259080362232388E-03
2457124.500000000,2.822392036864316E-01,1.620530355569997E-01,-1.265293900903652E-02,-1.950603424871392E-02,2.563354306101659E-02,3.884080655445897E-03
2457128.500000000,1.860585834493962E-01,2.505759727199180E-01,3.404312801320913E-03,-2.818023427200515E-02,1.792184108210801E-02,4.049782736590480E-03
2457132.500000000,6.170919669306933E-02,3.006620090374894E-01,1.890527575412852E-02,-3.320062538159181E-02,6.702985242439094E-03,3.593698012065918E-03
2457136.500000000,-7.248763210658254E-02,3.028444475391130E-01,3.139553593752487E-02,-3.300629387849046E-02,-5.518622221292791E-03,2.577252105828163E-03
2457140.500000000,-1.960150656098305E-01,2.590739567744778E-01,3.915215315009676E-02,-2.811854184053931E-02,-1.587136050319394E-02,1.282909457349444E-03
2457144.500000000,-2.937915771088691E-01,1.805197219263480E-01,4.170408815912355E-02,-2.049208705404760E-02,-2.279365535618673E-02,1.760124037214563E-05
2457148.500000000,-3.589070919673784E-01,8.140221604023547E-02,3.957931356443412E-02,-1.205489210870228E-02,-2.623106213553678E-02,-1.037341816517395E-03
2457152.500000000,-3.907892181405031E-01,-2.558870238077984E-02,3.376219249000866E-02,-4.014420032841692E-03,-2.686494058705714E-02,-1.826813088078041E-03
2457156.500000000,-3.923117306654099E-01,-1.308262255977122E-01,2.530298157001497E-02,3.071286940556100E-03,-2.547462715665418E-02,-2.363293145726048E-03
2457160.500000000,-3.677394862532711E-01,-2.275315555128534E-01,1.514685556713999E-02,9.021889359272136E-03,-2.268733887116607E-02,-2.681485948167071E-03
2457164.500000000,-3.216644660671497E-01,-3.110598123500544E-01,4.094640633786599E-03,1.382829219390832E-02,-1.894634209090485E-02,-2.816776099800018E-03
2457168.500000000,-2.585742372134809E-01,-3.782317284196564E-01,-7.182171066409852E-03,1.753886303719823E-02,-1.454914432093814E-02,-2.797910343533078E-03
2457172.500000000,-1.827453664358674E-01,-4.268446428493968E-01,-1.811124403779280E-02,2.020480103348028E-02,-9.693682379037977E-03,-2.645759385803649E-03
2457176.500000000,-9.828818113820707E-02,-4.553532215698966E-01,-2.818920486164659E-02,2.185533631150192E-02,-4.516183647776207E-03,-2.374136196546661E-03
2457180.500000000,-9.260626686727298E-03,-4.626834857098445E-01,-3.695600093060243E-02,2.248606128636506E-02,8.795403132293758E-04,-1.991119018799770E-03
2457184.500000000,8.018304240680045E-02,-4.481534613569491E-01,-4.397477521256813E-02,2.205233574452421E-02,6.397269963870938E-03,-1.500474616833742E-03
2457188.500000000,1.656217046646699E-01,-4.114927304284634E-01,-4.881781584841210E-02,2.046476960591756E-02,1.192282463682564E-02,-9.033317398207658E-04
2457192.500000000,2.421836351070832E-01,-3.529755617870190E-01,-5.106057716355479E-02,1.758764804667115E-02,1.729172188241034E-02,-2.006791670706382E-04
2457196.500000000,3.043713945264899E-01,-2.737087845455403E-01,-5.028913598952033E-02,1.324649568138046E-02,2.224289012063720E-02,6.021581825404516E-04
2457200.500000000,3.459602496337721E-01,-1.761441905676258E-01,-4.613274032943925E-02,7.261329126259017E-03,2.635198848584308E-02,1.487020069505725E-03
2457204.500000000,3.601364660774109E-01,-6.489517592756287E-02,-3.834322444761361E-02,-4.585904940047999E-04,2.894886371830531E-02,2.407473296677557E-03
2457208.500000000,3.402333466411552E-01,5.215242787902120E-02,-2.695330218824194E-02,-9.699991776786210E-03,2.906799957925983E-02,3.265059285949181E-03
2457212.500000000,2.816373162366763E-01,1.628372404585406E-01,-1.253340451141616E-02,-1.958034979678590E-02,2.559096505063420E-02,3.887424279115926E-03
2457216.500000000,1.851898022631980E-01,2.511233465127187E-01,3.528982202935714E-03,-2.823600372190630E-02,1.784688717019317E-02,4.048770160770657E-03
2457220.500000000,6.068561007739162E-02,3.008642743647371E-01,1.901591159585298E-02,-3.322003947961387E-02,6.608801541343098E-03,3.587769605623867E-03
2457224.500000000,-7.350548827103356E-02,3.026702566276066E-01,3.147481615257554E-02,-3.298478189567097E-02,-5.608711694320946E-03,2.567896851195446E-03
2457228.500000000,-1.968823366157118E-01,2.585805746617438E-01,3.919144851722992E-02,-2.806749044811248E-02,-1.593884272932257E-02,1.272688765630244E-03
2457232.500000000,-2.944235140673166E-01,1.798128478701604E-01,4.170425792265128E-02,-2.042803466392802E-02,-2.283296298165013E-02,8.491283427757510E-06
2457236.500000000,-3.592784670387867E-01,8.058945198089276E-02,3.954684663295662E-02,-1.199020002209495E-02,-2.624565622773386E-02,-1.044487121875293E-03
2457240.500000000,-3.909121909100743E-01,-2.642069782183086E-02,3.370530375569637E-02,-3.955594228627703E-03,-2.686099293733674E-02,-1.831900179874913E-03
2457244.500000000,-3.922157929459797E-01,-1.316148583443333E-01,2.522951107023290E-02,3.121708479621268E-03,-2.545770337764088E-02,-2.366544126904427E-03
2457248.500000000,-3.674597559411334E-01,-2.282336332498833E-01,1.506357235184822E-02,9.063365660636136E-03,-2.266155103439844E-02,-2.683187825471410E-03
2457252.500000000,-3.212363586095513E-01,-3.116458643542270E-01,4.007217051766535E-03,1.386107364673281E-02,-1.891449459369501E-02,-2.817181721659534E-03
2457256.500000000,-2.580316647076834E-01,-3.786814923052819E-01,-7.268955874163425E-03,1.756338388484306E-02,-1.451309784796207E-02,-2.797212280945175E-03
2457260.500000000,-1.821206370470782E-01,-4.271439747517334E-01,-1.819326064718073E-02,2.022139868521040E-02,-9.654684098620721E-03,-2.644091107216671E-03
2457264.500000000,-9.761267536677920E-02,-4.554921759774387E-01,-2.826275416822065E-02,2.186412273838919E-02,-4.475122752975149E-03,-2.371581097424909E-03
2457268.500000000,-8.565843814313872E-03,-4.626553014474693E-01,-3.701763464683054E-02,2.248685661042197E-02,9.219294741852141E-04,-1.987720892039882E-03
2457272.500000000,8.086422472485789E-02,-4.479543167153803E-01,-4.402115961072241E-02,2.204462436136725E-02,6.440219688713584E-03,-1.496249019624039E-03
2457276.500000000,1.662536217794741E-01,-4.111222926946002E-01,-4.884564690369899E-02,2.044767048103961E-02,1.196531700688545E-02,-8.982810517443816E-04
2457280.500000000,2.427263685108025E-01,-3.524385467139347E-01,-5.106657318878308E-02,1.755992271330376E-02,1.733219111124101E-02,-1.948177344494787E-04
2457284.500000000,3.047795308171877E-01,-2.730179671592277E-01,-5.027016996610909E-02,1.320667352251043E-02,2.227878492708861E-02,6.087566886915319E-04
2457288.500000000,3.461826684646310E-01,-1.753255137735230E-01,-4.608623853029996E-02,7.208142350920169E-03,2.637916261894097E-02,1.494132809200199E-03
2457292.500000000,3.601190874387898E-01,-6.399546528834230E-02,-3.826805017094143E-02,-5.250809801614968E-04,2.896093657542771E-02,2.414572530353084E-03
2457296.500000000,3.399286142935878E-01,5.305616764750955E-02,-2.685138759664936E-02,-9.776087470634574E-03,2.905640586631862E-02,3.271104385704394E-03
2457300.500000000,2.810251613273114E-01,1.636329770402453E-01,-1.241207284077762E-02,-1.965550114294380E-02,2.554752802680488E-02,3.890777163012586E-03
2457304.500000000,1.843084110423088E-01,2.516780243532876E-01,3.655336532704094E-03,-2.829205868976238E-02,1.777073437042744E-02,4.047692066143480E-03
2457308.500000000,5.964965270305561E-02,3.010690859185154E-01,1.912785198059404E-02,-3.323906142930657E-02,6.513520439276137E-03,3.581724249204769E-03
2457312.500000000,-7.453319146491429E-02,3.024951175195952E-01,3.155492098608541E-02,-3.296246976270685E-02,-5.699414118123251E-03,2.558427684881990E-03
2457316.500000000,-1.977561391605732E-01,2.580848629468719E-01,3.923118854870288E-02,-2.801563994077199E-02,-1.600642663160916E-02,1.262395126830128E-03
2457320.500000000,-2.950592089202657E-01,1.791039180467368E-01,4.170467051540179E-02,-2.036341239158858E-02,-2.287207243365224E-02,-6.485135477926541E-07
2457324.500000000,-3.596518386564902E-01,7.977566161142290E-02,3.951456380322955E-02,-1.192518984879521E-02,-2.625996138137938E-02,-1.051634915232181E-03
2457328.500000000,-3.910362815978575E-01,-2.725259412208841E-02,3.364861675799872E-02,-3.896633352297364E-03,-2.685678398892890E-02,-1.836978146449700E-03
2457332.500000000,-3.921206647553411E-01,-1.324024852490585E-01,2.515628432083944E-02,3.172161056133173E-03,-2.544059081780191E-02,-2.369784423637981E-03
2457336.500000000,-3.671808153853734E-01,-2.289341074162141E-01,1.498056982935893E-02,9.104828807539695E-03,-2.263565203999320E-02,-2.684882411408199E-03
2457340.500000000,-3.208091167405589E-01,-3.122300048181983E-01,3.920093472359357E-03,1.389383479836169E-02,-1.888260162355763E-02,-2.817585051675388E-03
2457344.500000000,-2.574900199829543E-01,-3.791292662705226E-01,-7.355441195743702E-03,1.758789575672587E-02,-1.447705485534343E-02,-2.796516614799876E-03
2457348.500000000,-1.814968382455834E-01,-4.274414023356101E-01,-1.827499476031520E-02,2.023800395390455E-02,-9.615722884136165E-03,-2.642428688531796E-03
2457352.500000000,-9.693804073657815E-02,-4.556294224268925E-01,-2.833604896998985E-02,2.187293029314285E-02,-4.434121643517934E-03,-2.369033917077511E-03
2457356.500000000,-7.871832268377775E-03,-4.626256850205885E-01,-3.707904784217957E-02,2.248767938014432E-02,9.642406882136990E-04,-1.984331726600792E-03
2457360.500000000,8.154474544493642E-02,-4.477540915414361E-01,-4.406736094016614E-02,2.203693936155598E-02,6.483070399577691E-03,-1.492033247861246E-03
2457364.500000000,1.668849739095677E-01,-4.107512293739541E-01,-4.887333741139932E-02,2.043059330632994E-02,1.200767847182908E-02,-8.932420923119807E-04
2457368.500000000,2.432686234981113E-01,-3.519015222315677E-01,-5.107248343383002E-02,1.753222081697349E-02,1.737247975641767E-02,-1.889725373394998E-04
2457372.500000000,3.051873188699326E-01,-2.723279967785173E-01,-5.025119915384844E-02,1.316689850890660E-02,2.231442887201183E-02,6.153300521526405E-04
2457376.500000000,3.464050477972250E-01,-1.745088520057150E-01,-4.603986004332376E-02,7.155072918925811E-03,2.640600321669336E-02,1.501205589762993E-03
2457380.500000000,3.601023986435736E-01,-6.309924606161062E-02,-3.819319842892160E-02,-5.913099155823556E-04,2.897261244889692E-02,2.421611416233741E-03
2457384.500000000,3.396260480078275E-01,5.395483268511705E-02,-2.675007962643055E-02,-9.851694849198575E-03,2.904444008972066E-02,3.277068678043588E-03
2457388.500000000,2.804176352202883E-01,1.644224940962393E-01,-1.229169127991984E-02,-1.972991756307858E-02,2.550392844702261E-02,3.894043201843643E-03
2457392.500000000,1.834348562010155E-01,2.522266249851164E-01,3.780435232831187E-03,-2.834729013562342E-02,1.769484389896327E-02,4.046554808622658E-03
2457396.500000000,5.862444739812462E-02,3.012698284216119E-01,1.923841724768637E-02,-3.325750969133408E-02,6.418959327658440E-03,3.575682176704552E-03
2457400.500000000,-7.554882324114788E-02,3.023192796628156E-01,3.163379774946940E-02,-3.294008988901698E-02,-5.789215300710342E-03,2.549025133711150E-03
2457404.500000000,-1.986185632808451E-01,2.575918061416602E-01,3.927003806416656E-02,-2.796417028742606E-02,-1.607328170224690E-02,1.252196647843613E-03
2457408.500000000,-2.956855406427414E-01,1.783999132257727E-01,4.170456748634976E-02,-2.029937430049774E-02,-2.291078191189251E-02,-9.700533190195870E-06
2457412.500000000,-3.600182257274372E-01,7.896778223427714E-02,3.948207105871669E-02,-1.186075943252798E-02,-2.627415812821588E-02,-1.058718753725419E-03
2457416.500000000,-3.911555180384165E-01,-2.807855537663557E-02,3.359192530932036E-02,-3.838149512532312E-03,-2.685265367972637E-02,-1.842016672209260E-03
2457420.500000000,-3.920223441942566E-01,-1.331847060280896E-01,2.508317110316878E-02,3.222258888884755E-03,-2.542365130467032E-02,-2.373004033644387E-03
2457424.500000000,-3.668998821935213E-01,-2.296299516641195E-01,1.489773727461262E-02,9.146042591509361E-03,-2.260996087551803E-02,-2.686568430338728E-03
2457428.500000000,-3.203807147593534E-01,-3.128103620633590E-01,3.833159277455918E-03,1.392642431240550E-02,-1.885092117036127E-02,-2.817986453959395E-03
2457432.500000000,-2.569477915190432E-01,-3.795740989247921E-01,-7.441735831148938E-03,1.761228699398238E-02,-1.444122019428045E-02,-2.795821680751168E-03
2457436.500000000,-1.808728731643550E-01,-4.277367209891333E-01,-1.835654184805613E-02,2.025451805871810E-02,-9.576971395929815E-03,-2.640767035295174E-03
2457440.500000000,-9.626357173487061E-02,-4.557654261631253E-01,-2.840915741371966E-02,2.188166114088566E-02,-4.393347140212968E-03,-2.366486198965263E-03
2457444.500000000,-7.178278091447902E-03,-4.625958020899411E-01,-3.714027002291152E-02,2.248843249253330E-02,1.006286337534025E-03,-1.980940979107104E-03
2457448.500000000,8.222454699192855E-02,-4.475547822885512E-01,-4.411336659357967E-02,2.202919472676909E-02,6.525591126760219E-03,-1.487817377003461E-03
2457452.500000000,1.675154164070091E-01,-4.103825728720483E-01,-4.890084333076607E-02,2.041348539205516E-02,1.204962063354629E-02,-8.882099313802509E-04
2457456.500000000,2.438099694262933E-01,-3.513687929059183E-01,-5.107826348185422E-02,1.750455934109888E-02,1.741224154143656E-02,-1.831493243012805E-04
2457460.500000000,3.055946170676060E-01,-2.716446488361901E-01,-5.023223335735517E-02,1.312730745522233E-02,2.234943857517909E-02,6.218560161322579E-04
2457464.500000000,3.466281281124834E-01,-1.737015063513838E-01,-4.599374403468826E-02,7.102434292142444E-03,2.643214314010427E-02,1.508195593896850E-03
2457468.500000000,3.600888253154227E-01,-6.221510002139283E-02,-3.811902097482275E-02,-6.567438555326678E-04,2.898363865702987E-02,2.428527147387310E-03
2457472.500000000,3.393306454753233E-01,5.483929363827332E-02,-2.665000824121149E-02,-9.926070163399508E-03,2.903210775835146E-02,3.282878211418753E-03
2457476.500000000,2.798229616026576E-01,1.651974585911394E-01,-1.217317711505014E-02,-1.980275995163424E-02,2.546057985685583E-02,3.897156732400038E-03
2457480.500000000,1.825805264060038E-01,2.527634025389326E-01,3.903157738343426E-03,-2.840100189274179E-02,1.762008924031164E-02,4.045326502950377E-03
2457484.500000000,5.762342157841215E-02,3.014649488449154E-01,1.934645796271837E-02,-3.327509795824429E-02,6.326296921449553E-03,3.569661882401621E-03
2457488.500000000,-7.653885490829973E-02,3.021459892226617E-01,3.171046441372295E-02,-3.291787576831356E-02,-5.876951620907370E-03,2.539751214978546E-03
2457492.500000000,-1.994578836064327E-01,2.571087739198903E-01,3.930730935800281E-02,-2.791371551433861E-02,-1.613854388573795E-02,1.242173833218950E-03
2457496.500000000,-2.962937458590393E-01,1.777108519906541E-01,4.170357858709158E-02,-2.023673007257845E-02,-2.294863348433949E-02,-1.858961150104622E-05
2457500.500000000,-3.603721305066425E-01,7.817691080137208E-02,3.944926644468265E-02,-1.179770811378339E-02,-2.628815021852896E-02,-1.065680583734669E-03
2457504.500000000,-3.912674009643242E-01,-2.888765118949366E-02,3.353532210192271E-02,-3.780832945964571E-03,-2.684876313138173E-02,-1.846976131650669E-03
2457508.500000000,-3.919208185420800E-01,-1.339515753133613E-01,2.501039154330614E-02,3.271449595787324E-03,-2.540720093787135E-02,-2.376178088634696E-03
2457512.500000000,-3.666188910239683E-01,-2.303126599748343E-01,1.481537249742950E-02,9.186582117468853E-03,-2.258487027007287E-02,-2.688231208979249E-03
2457516.500000000,-3.199545742754331E-01,-3.133800613222538E-01,3.746756487012075E-03,1.395851886942016E-02,-1.881986891324215E-02,-2.818378095206152E-03
2457520.500000000,-2.564095369617314E-01,-3.800107620629230E-01,-7.527477548617108E-03,1.763630878890104E-02,-1.440599649567488E-02,-2.795125171694250E-03
2457524.500000000,-1.802541809202263E-01,-4.280262418628275E-01,-1.843754253704795E-02,2.027074654555020E-02,-9.538792627212222E-03,-2.639110172499622E-03
2457528.500000000,-9.559539425056079E-02,-4.558978307036703E-01,-2.848175251335715E-02,2.189016571639592E-02,-4.353098264948671E-03,-2.363950525032256E-03
2457532.500000000,-6.491815641614081E-03,-4.625643200757990E-01,-3.720104507144550E-02,2.248901201721787E-02,1.047858373716463E-03,-1.977571640654755E-03
2457536.500000000,8.289667832943842E-02,-4.473556542461474E-01,-4.415903189744694E-02,2.202133638339401E-02,6.567696763225338E-03,-1.483633500655657E-03
2457540.500000000,1.681378738829626E-01,-4.100156219033674E-01,-4.892815589667126E-02,2.039633547255215E-02,1.209121842135713E-02,-8.832186847090057E-04
2457544.500000000,2.443433139501094E-01,-3.508389719687285E-01,-5.108402309600946E-02,1.747693069852991E-02,1.745175050351898E-02,-1.773703998808817E-04
2457548.500000000,3.059941664640038E-01,-2.709649913498022E-01,-5.021341596840499E-02,1.308780377220658E-02,2.238431485251851E-02,6.283437038489050E-04
2457552.500000000,3.468438302599323E-01,-1.728981058356714E-01,-4.594789718719640E-02,7.049880558669338E-03,2.645829100572102E-02,1.515165717284293E-03
2457556.500000000,3.600680510033930E-01,-6.133459835771521E-02,-3.804513372833886E-02,-7.221931327896532E-04,2.899479940539969E-02,2.435454108716770E-03
2457560.500000000,3.390275894024753E-01,5.572075659798072E-02,-2.655010726797331E-02,-1.000067261063829E-02,2.901993844477423E-02,3.288736361259470E-03
2457564.500000000,2.792192134268033E-01,1.659698046328910E-01,-1.205457889890496E-02,-1.987607883817697E-02,2.541721673980694E-02,3.900344972903678E-03
2457568.500000000,1.817149408883498E-01,2.532967538227649E-01,4.026260695507925E-03,-2.845528183468893E-02,1.754491703625275E-02,4.044164508825952E-03
2457572.500000000,5.660923945217129E-02,3.016540724016373E-01,1.945505886595222E-02,-3.329300849096940E-02,6.232790187008173E-03,3.563660109226081E-03
2457576.500000000,-7.754236470665624E-02,3.019629052713427E-01,3.178764538734020E-02,-3.289547981914320E-02,-5.965677249672443E-03,2.530437521691355E-03
2457580.500000000,-2.003089593483363E-01,2.566123424913107E-01,3.934485703122270E-02,-2.786261097427407E-02,-1.620456619619455E-02,1.232077667249113E-03
2457584.500000000,-2.969105656865034E-01,1.770061930996842E-01,4.170256358391033E-02,-2.017321139689771E-02,-2.298680916322611E-02,-2.755158797907075E-05
2457588.500000000,-3.607311305426839E-01,7.737003781669377E-02,3.941618391791900E-02,-1.173380594456122E-02,-2.630203365187749E-02,-1.072693244323151E-03
2457592.500000000,-3.913812917313232E-01,-2.971163555319174E-02,3.347829368129929E-02,-3.722839398142781E-03,-2.684444805260835E-02,-1.851958472982200E-03
2457596.500000000,-3.918190378316306E-01,-1.347312351315567E-01,2.493714533353706E-02,3.321092991245258E-03,-2.539014764171785E-02,-2.379351127753238E-03
2457600.500000000,-3.663362642248635E-01,-2.310055834052426E-01,1.473257995468680E-02,9.227365383552117E-03,-2.255911051620614E-02,-2.689876959849540E-03
2457604.500000000,-3.195261638077402E-01,-3.139572974942119E-01,3.660012634689920E-03,1.399069620859214E-02,-1.878815609986139E-02,-2.818744611203666E-03
2457608.500000000,-2.558689073035149E-01,-3.804524092801500E-01,-7.613454067037272E-03,1.766030983984111E-02,-1.437016114320495E-02,-2.794401439618587E-03
2457612.500000000,-1.796333147237191E-01,-4.283184233859570E-01,-1.851867077105997E-02,2.028690290640585E-02,-9.500064078340295E-03,-2.637427181808854E-03
2457616.500000000,-9.492536812566643E-02,-4.560308113726407E-01,-2.855437358589284E-02,2.189858451330567E-02,-4.312354416905376E-03,-2.361389977403923E-03
2457620.500000000,-5.803841649859539E-03,-4.625315112416719E-01,-3.726174530124359E-02,2.248950987662095E-02,1.089891134595728E-03,-1.974176182528499E-03
2457624.500000000,8.356999813362874E-02,-4.471533793161941E-01,-4.420450844124744E-02,2.201339532433025E-02,6.610256534996053E-03,-1.479417960943972E-03
2457628.500000000,1.687611425739465E-01,-4.096436747760914E-01,-4.895513346901463E-02,2.037907286262165E-02,1.213329056180769E-02,-8.781851048938641E-04
2457632.500000000,2.448768761740845E-01,-3.503021896466656E-01,-5.108924838070068E-02,1.744910755642120E-02,1.749176821770419E-02,-1.715333277842755E-04
2457636.500000000,3.063928757869873E-01,-2.702762876918312E-01,-5.019379295366173E-02,1.304795268247281E-02,2.241971848936438E-02,6.349093569768799E-04
2457640.500000000,3.470568660255870E-01,-1.720836159028409E-01,-4.590089182327711E-02,6.996749020766677E-03,2.648491584563992E-02,1.522233796893054E-03
2457644.500000000,3.600417474475442E-01,-6.044142808609021E-02,-3.796966868242905E-02,-7.884981156573309E-04,2.900624163192098E-02,2.442490162790013E-03
2457648.500000000,3.387150940243034E-01,5.661526910838473E-02,-2.644820760324120E-02,-1.007635049104563E-02,2.900763928725382E-02,3.294690223235191E-03
2457652.500000000,2.786016748220965E-01,1.667535170023230E-01,-1.193369238983828E-02,-1.995043599411657E-02,2.537312288957487E-02,3.903574799393020E-03
2457656.500000000,1.808321988529072E-01,2.538373745811574E-01,4.151644441472558E-03,-2.851013212751746E-02,1.746846895404428E-02,4.042953584921695E-03
2457660.500000000,5.557712905770090E-02,3.018449447693784E-01,1.956556517025483E-02,-3.331071626930052E-02,6.137893707881053E-03,3.557525677930081E-03
2457664.500000000,-7.856159846234692E-02,3.017766906458104E-01,3.186612336591439E-02,-3.287224353837690E-02,-6.055385387604029E-03,2.520963527585001E-03
2457668.500000000,-2.011718284765348E-01,2.561100533791419E-01,3.938310533404504E-02,-2.781045416095400E-02,-1.627097250892512E-02,1.221850418651729E-03
2457672.500000000,-2.975351453939751E-01,1.762951232706266E-01,4.170182391519433E-02,-2.010876540171861E-02,-2.302491642768350E-02,-3.659474420815054E-05
2457676.500000000,-3.610946579199019E-01,7.655753713655315E-02,3.938314080427108E-02,-1.166921934725979E-02,-2.631562924118891E-02,-1.079745249231772E-03
2457680.500000000,-3.914974336892615E-01,-3.053995048332044E-02,3.342120352324847E-02,-3.664382738628278E-03,-2.683979229652974E-02,-1.856954702965140E-03
2457684.500000000,-3.917179906396051E-01,-1.355139044280481E-01,2.486380941461003E-02,3.371043331647810E-03,-2.537278236272782E-02,-2.382526051217094E-03
2457688.500000000,-3.660533530270503E-01,-2.317003738090597E-01,1.464969992715784E-02,9.268359052023781E-03,-2.253309264140046E-02,-2.691520638591146E-03
2457692.500000000,-3.190967508293476E-01,-3.145354735142156E-01,3.573190875708576E-03,1.402302707714589E-02,-1.875623611300658E-02,-2.819108735955497E-03
2457696.500000000,-2.553267380679109E-01,-3.808942482080930E-01,-7.699500001103752E-03,1.768442793944647E-02,-1.433415646710004E-02,-2.793675838623931E-03
2457700.500000000,-1.790105015851175E-01,-4.286101718367271E-01,-1.859986113231020E-02,2.030314604664181E-02,-9.461190460597933E-03,-2.635742255660265E-03
2457704.500000000,-9.425311195217011E-02,-4.561628107953452E-01,-2.862704716831256E-02,2.190705714120239E-02,-4.271480520946684E-03,-2.358826381834668E-03
2457708.500000000,-5.113499852181135E-03,-4.624972254293125E-01,-3.732248209797210E-02,2.249002139716015E-02,1.132041537765656E-03,-1.970775694488471E-03
2457712.500000000,8.424564620977769E-02,-4.469491884887319E-01,-4.424999686205296E-02,2.200541956806276E-02,6.652916677267285E-03,-1.475195123746462E-03
2457716.500000000,1.693864936577089E-01,-4.092694642395507E-01,-4.898209000908006E-02,2.036172144867839E-02,1.217543342567027E-02,-8.731425538688012E-04
2457720.500000000,2.454120568370531E-01,-3.497629511705911E-01,-5.109441606005136E-02,1.742114212078352E-02,1.753180793082072E-02,-1.656873329683362E-04
2457724.500000000,3.067925449582026E-01,-2.695851761661451E-01,-5.017408157368289E-02,1.300791788393829E-02,2.245507191726971E-02,6.414808467449674E-04
2457728.500000000,3.472700903337472E-01,-1.712671020646998E-01,-4.585378797790934E-02,6.943422431666470E-03,2.651139568738649E-02,1.529300278882884E-03
2457732.500000000,3.600149161225086E-01,-5.954702499623683E-02,-3.789413497913006E-02,-8.549548380337075E-04,2.901743345246388E-02,2.449512043084735E-03
2457736.500000000,3.384016792898480E-01,5.750983028733960E-02,-2.634632855766013E-02,-1.015205806110760E-02,2.899500640516040E-02,3.300613200919636E-03
2457740.500000000,2.779834752032045E-01,1.675359038547489E-01,-1.181298270051325E-02,-2.002462523477498E-02,2.532869611986903E-02,3.906758495391951E-03
2457744.500000000,1.799498811891674E-01,2.543755844323351E-01,4.276656748225542E-03,-2.856461968467369E-02,1.739183828585924E-02,4.041694941488727E-03
2457748.500000000,5.454705863899291E-02,3.020331963658848E-01,1.967554508998927E-02,-3.332801390145904E-02,6.043083074177811E-03,3.551365278100891E-03
2457752.500000000,-7.957740361141152E-02,3.015886829401799E-01,3.194404028728924E-02,-3.284874978412761E-02,-6.144788884931445E-03,2.511498404616866E-03
2457756.500000000,-2.020306953023681E-01,2.556073466144132E-01,3.942088530249520E-02,-2.775826583538814E-02,-1.633702408369636E-02,1.211657810810158E-03
2457760.500000000,-2.981559535167700E-01,1.755849312323165E-01,4.170077614867888E-02,-2.004445014499052E-02,-2.306274294014925E-02,-4.559508445080620E-05
2457764.500000000,-3.614551028066867E-01,7.574682457269144E-02,3.934995631058488E-02,-1.160483307319627E-02,-2.632905015877672E-02,-1.086757942205933E-03
2457768.500000000,-3.916113247557101E-01,-3.136596697011765E-02,3.336411435120150E-02,-3.606134413653011E-03,-2.683505178416420E-02,-1.861919323077187E-03
2457772.500000000,-3.916154898639063E-01,-1.362940722077721E-01,2.479058480125330E-02,3.420806168852018E-03,-2.535539614429133E-02,-2.385677299113325E-03
2457776.500000000,-3.657696783867863E-01,-2.323926692499707E-01,1.456701179914918E-02,9.309195818951484E-03,-2.250709593248430E-02,-2.693147479288327E-03
2457780.500000000,-3.186671384977248E-01,-3.151112972951191E-01,3.486616840380326E-03,1.405523254608080E-02,-1.872436431214558E-02,-2.819461585397607E-03
2457784.500000000,-2.547848123562002E-01,-3.813339649365933E-01,-7.785262389212416E-03,1.770844938526681E-02,-1.429821740817854E-02,-2.792943444247420E-03
2457788.500000000,-1.783882678211307E-01,-4.289000858202245E-01,-1.868074835718901E-02,2.031931718826338E-02,-9.422394492641022E-03,-2.634054219310949E-03
2457792.500000000,-9.358168111900686E-02,-4.562933066284346E-01,-2.869941166411119E-02,2.191547807830505E-02,-4.230694361359579E-03,-2.356262866327461E-03
2457796.500000000,-4.424156121935989E-03,-4.624618088232752E-01,-3.738291620509044E-02,2.249049769169470E-02,1.174092771561015E-03,-1.967378334852697E-03
2457800.500000000,8.492018395849028E-02,-4.467442939305605E-01,-4.429520163285876E-02,2.199742272251200E-02,6.695461324070326E-03,-1.470978776471937E-03
2457804.500000000,1.700106790833247E-01,-4.088950586452830E-01,-4.900879703818227E-02,2.034436402471463E-02,1.221743563603879E-02,-8.681108079445945E-04
2457808.500000000,2.459460885885907E-01,-3.492241511939073E-01,-5.109938900293459E-02,1.739319304103639E-02,1.757166913568164E-02,-1.598583236175591E-04
2457812.500000000,3.071912037800847E-01,-2.688953173248429E-01,-5.015426065018447E-02,1.296794038248092E-02,2.249019444549321E-02,6.480261046346697E-04
2457816.500000000,3.474826723552250E-01,-1.704528867233005E-01,-4.580670498058931E-02,6.890230450671101E-03,2.653758323693178E-02,1.536327018468428E-03
2457820.500000000,3.599882292235490E-01,-5.865619401226174E-02,-3.781881550234876E-02,-9.211415169386144E-04,2.902828698211881E-02,2.456476430982776E-03
2457824.500000000,3.380898742481756E-01,5.839948421283971E-02,-2.624493065949749E-02,-1.022729325109493E-02,2.898206374011379E-02,3.306460954611050E-03
2457828.500000000,2.773692287190829E-01,1.683124599417147E-01,-1.169307299170565E-02,-2.009812142310142E-02,2.528415139273543E-02,3.909861510603884E-03
2457832.500000000,1.790745428911895E-01,2.549082161357091E-01,4.400582343546097E-03,-2.861832627117767E-02,1.731547870880554E-02,4.040379612745368E-03
2457836.500000000,5.352677495917455E-02,3.022178429691895E-01,1.978431598586734E-02,-3.334474465557590E-02,5.948969452347226E-03,3.545204226057811E-03
2457840.500000000,-8.058203732536748E-02,3.014003300106942E-01,3.202086994168742E-02,-3.282515093267155E-02,-6.233318602232368E-03,2.502091936404661E-03
2457844.500000000,-2.028788852851010E-01,2.551075630142875E-01,3.945788319008489E-02,-2.770640172530997E-02,-1.640236133628572E-02,1.201552709632325E-03
2457848.500000000,-2.987678794581570E-01,1.748798924218382E-01,4.169929451520154E-02,-1.998066815509312E-02,-2.310017717526378E-02,-5.451333226786213E-05
2457852.500000000,-3.618088680711390E-01,7.494221230728530E-02,3.931662366004331E-02,-1.154098975607588E-02,-2.634237615963327E-02,-1.093711209456520E-03
2457856.500000000,-3.917205475812949E-01,-3.218593681142536E-02,3.330706474346633E-02,-3.548340394685293E-03,-2.683041580630317E-02,-1.866848971913946E-03
2457860.500000000,-3.915099218314118E-01,-1.370688535729861E-01,2.471749932800560E-02,3.470221308649362E-03,-2.533822285458589E-02,-2.388812568481011E-03
2457864.500000000,-3.654841493920637E-01,-2.330805442527024E-01,1.448450066630018E-02,9.349768165770480E-03,-2.248136255645261E-02,-2.694770206071687E-03
2457868.500000000,-3.182366246183135E-01,-3.156838083759909E-01,3.400223360310468E-03,1.408721959230062E-02,-1.869278125859460E-02,-2.819815834238782E-03
2457872.500000000,-2.542428280603470E-01,-3.817715720274450E-01,-7.870852777190438E-03,1.773226239005334E-02,-1.426259284136864E-02,-2.792213332998296E-03
2457876.500000000,-1.777668349501624E-01,-4.291892263716828E-01,-1.876147025635360E-02,2.033526389649489E-02,-9.383956023415472E-03,-2.632367098963071E-03
2457880.500000000,-9.291200009731504E-02,-4.564245892179922E-01,-2.877161258173005E-02,2.192364906923476E-02,-4.190335828106818E-03,-2.353699733905883E-03
2457884.500000000,-3.737596825302331E-03,-4.624290817471023E-01,-3.744319377031017E-02,2.249071067563246E-02,1.215614982155580E-03,-1.963985101818875E-03
2457888.500000000,8.559091549006062E-02,-4.465444577228438E-01,-4.434028569474747E-02,2.198918684257362E-02,6.737346292351224E-03,-1.466777658823642E-03
2457892.500000000,1.706302551312958E-01,-4.085286447205496E-01,-4.903548206247473E-02,2.032685735832768E-02,1.225862945201110E-02,-8.631148718412381E-04
2457896.500000000,2.464752450820347E-01,-3.486968676016029E-01,-5.110454129442114E-02,1.736527802319510E-02,1.761058078041649E-02,-1.540958114052532E-04
2457900.500000000,3.075856807552138E-01,-2.682209752451848E-01,-5.013496096585061E-02,1.292829589567552E-02,2.252428074488384E-02,6.544658649548346E-04
2457904.500000000,3.476932014318411E-01,-1.696583065306465E-01,-4.576064866785692E-02,6.837787454127216E-03,2.656277712972650E-02,1.543206972476517E-03
2457908.500000000,3.599634462198247E-01,-5.778852420821019E-02,-3.774517789627833E-02,-9.860960925236085E-04,2.903841790436410E-02,2.463263280029035E-03
2457912.500000000,3.377857738587104E-01,5.926414601248836E-02,-2.614593810072658E-02,-1.030089197489556E-02,2.896898368329582E-02,3.312131772964938E-03
2457916.500000000,2.767695286017307E-01,1.690651398922052E-01,-1.157618860124037E-02,-2.016991423097433E-02,2.524033310562761E-02,3.912841530618097E-03
2457920.500000000,1.782197505661517E-01,2.554216520983730E-01,4.521191963307745E-03,-2.867083970589172E-02,1.724068939927210E-02,4.039048425020648E-03
2457924.500000000,5.252992746983409E-02,3.023904839750343E-01,1.988994457226046E-02,-3.336126585686455E-02,5.856761395404814E-03,3.539140977327005E-03
2457928.500000000,-8.156435576820631E-02,3.012070460683325E-01,3.209508570114405E-02,-3.280226007161850E-02,-6.320319542407160E-03,2.492838775370049E-03
2457932.500000000,-2.037085843587264E-01,2.546075200152467E-01,3.949286669530755E-02,-2.765564406238212E-02,-1.646690626573668E-02,1.191584572323664E-03
2457936.500000000,-2.993656842119570E-01,1.741764279902885E-01,4.169625179829789E-02,-1.991790594422619E-02,-2.313744249707107E-02,-6.334337648971470E-05
2457940.500000000,-3.621520313569074E-01,7.413909963695613E-02,3.928199172741580E-02,-1.147787396744270E-02,-2.635585895031796E-02,-1.100618891572123E-03
2457944.500000000,-3.918214824816686E-01,-3.300525444008915E-02,3.324884600845310E-02,-3.490986657668154E-03,-2.682601463307976E-02,-1.871755735966393E-03
2457948.500000000,-3.913973893118702E-01,-1.378438293427263E-01,2.464332094105632E-02,3.519399499652702E-03,-2.532122290306687E-02,-2.391930320849224E-03
2457952.500000000,-3.651923425442450E-01,-2.337690789487883E-01,1.440097360446391E-02,9.390221826719515E-03,-2.245568361200513E-02,-2.696370952941666E-03
2457956.500000000,-3.178001745804192E-01,-3.162569325259139E-01,3.312916597274139E-03,1.411914707276641E-02,-1.866112025068197E-02,-2.820140713706593E-03
2457960.500000000,-2.536950844755667E-01,-3.822092207787398E-01,-7.957226390504429E-03,1.775604309155943E-02,-1.422676169166359E-02,-2.791448049663066E-03
2457964.500000000,-1.771397421261715E-01,-4.294773369044083E-01,-1.884282832664679E-02,2.035119177663914E-02,-9.345189342056649E-03,-2.630642096508907E-03
2457968.500000000,-9.223672156459102E-02,-4.565532934788704E-01,-2.884429585870274E-02,2.193180590538085E-02,-4.149531661627855E-03,-2.351097583386223E-03
2457972.500000000,-3.045512471071796E-03,-4.623917585615454E-01,-3.750379280843089E-02,2.249089761096477E-02,1.257700971466723E-03,-1.960549792754948E-03
2457976.500000000,8.626699096221438E-02,-4.463375272753677E-01,-4.438550785108141E-02,2.198087891414890E-02,6.779917200852845E-03,-1.462525698719299E-03
2457980.500000000,1.712547022710443E-01,-4.081521468211765E-01,-4.906207034381767E-02,2.030917432842893E-02,1.230063112215512E-02,-8.580507737765925E-04
2457984.500000000,2.470082197178292E-01,-3.481560523394893E-01,-5.110927329622084E-02,1.733699622314968E-02,1.765040231692365E-02,-1.482380879933862E-04
2457988.500000000,3.079819460742170E-01,-2.675293543016807E-01,-5.011479175304968E-02,1.288798344379181E-02,2.255931461775887E-02,6.610360482372783E-04
2457992.500000000,3.479020494021984E-01,-1.688428032439572E-01,-4.571312612585994E-02,6.784260511376474E-03,2.658881315557417E-02,1.550254198978794E-03
2457996.500000000,3.599316946045393E-01,-5.689717818935416E-02,-3.766934968774147E-02,-1.052610656852200E-03,2.904903073930228E-02,2.470241046662565E-03
2458000.500000000,3.374676548404778E-01,6.015310799801555E-02,-2.604400266225458E-02,-1.037641451387968E-02,2.895567132536307E-02,3.317978998702591E-03
2458004.500000000,2.761480334669313E-01,1.698392200731141E-01,-1.145578898787762E-02,-2.024357157998354E-02,2.519526743363566E-02,3.915919442488584E-03
2458008.500000000,1.773369657147517E-01,2.559495115414893E-01,4.645445392987789E-03,-2.872446819259771E-02,1.716372415230344E-02,4.037677271579808E-03
2458012.500000000,5.150306128814507E-02,3.025680396098413E-01,1.999877242914892E-02,-3.337765076847498E-02,5.762124536396906E-03,3.532903408991619E-03
2458016.500000000,-8.257381996734887E-02,3.010099204894582E-01,3.217165944814165E-02,-3.277815559332084E-02,-6.409154400787011E-03,2.483355663094546E-03
2458020.500000000,-2.045594935013972E-01,2.540982225507803E-01,3.952932738711013E-02,-2.760324793742126E-02,-1.653231399154094E-02,1.181416920350410E-03
2458024.500000000,-2.999782863374957E-01,1.734619895505693E-01,4.169402020470719E-02,-1.985364287880521E-02,-2.317475802776822E-02,-7.230510876345990E-05
2458028.500000000,-3.625047118945232E-01,7.332585431272227E-02,3.924777475861071E-02,-1.141363471696034E-02,-2.636892846797360E-02,-1.107595954065494E-03
2458032.500000000,-3.919282284849844E-01,-3.383263192997062E-02,3.319085402905361E-02,-3.432892853796950E-03,-2.682102923366492E-02,-1.876691010917734E-03
2458036.500000000,-3.912883307070087E-01,-1.386244959917667E-01,2.456930211706574E-02,3.569023793849665E-03,-2.530364283061332E-02,-2.395056041409955E-03
2458040.500000000,-3.649026402748539E-01,-2.344611382272355E-01,1.431759140103720E-02,9.430929904051836E-03,-2.242950920019406E-02,-2.697972749422475E-03
2458044.500000000,-3.173650534836358E-01,-3.168318125051727E-01,3.225751996580263E-03,1.415121931852707E-02,-1.862907086137394E-02,-2.820466536719794E-03
2458048.500000000,-2.531482152373108E-01,-3.826472754020874E-01,-8.043464818282428E-03,1.777991311038722E-02,-1.419064104026291E-02,-2.790685268386811E-03
2458052.500000000,-1.765132249810428E-01,-4.297648572753344E-01,-1.892406230353276E-02,2.036718279552399E-02,-9.306209857054196E-03,-2.628919763004046E-03
2458056.500000000,-9.156179826777570E-02,-4.566806654084588E-01,-2.891686196806328E-02,2.194001041596818E-02,-4.108564753828601E-03,-2.348495814625117E-03
2458060.500000000,-2.353624801775571E-03,-4.623525096541229E-01,-3.756426789486213E-02,2.249111509117459E-02,1.299924727926588E-03,-1.957110406869831E-03
2458064.500000000,8.694294223202793E-02,-4.461281362595444E-01,-4.443057830594444E-02,2.197257447426878E-02,6.822620393151318E-03,-1.458263758326173E-03
2458068.500000000,1.718789592349798E-01,-4.077726498566592E-01,-4.908845375323549E-02,2.029145172435164E-02,1.234277082507404E-02,-8.529699782184652E-04
2458072.500000000,2.475407259763395E-01,-3.476116712980891E-01,-5.111371959937298E-02,1.730861116986979E-02,1.769036822795209E-02,-1.423566414268014E-04
2458076.500000000,3.083771644985085E-01,-2.668335974049892E-01,-5.009422833624280E-02,1.284748122071766E-02,2.259448541077216E-02,6.676366167121795E-04
2458080.500000000,3.481088848541969E-01,-1.680226844836967E-01,-4.566507713584870E-02,6.730438269602156E-03,2.661494412657352E-02,1.557336664390074E-03
2458084.500000000,3.598965321867215E-01,-5.600101945578772E-02,-3.759285195212896E-02,-1.119526160523852E-03,2.905963450380649E-02,2.477253871741866E-03
2458088.500000000,3.371443793791027E-01,6.104649905207356E-02,-2.594127452579527E-02,-1.045239454287229E-02,2.894216195497164E-02,3.323850419970720E-03
2458092.500000000,2.755196446331139E-01,1.706164537936741E-01,-1.133454788196702E-02,-2.031761067113304E-02,2.514975816027680E-02,3.918994821853661E-03
2458096.500000000,1.764462287488079E-01,2.564783323936149E-01,4.770455819822615E-03,-2.877821460942560E-02,1.708613155691170E-02,4.036265951233026E-03
2458100.500000000,5.046849126223348E-02,3.027440266649878E-01,2.010813408042970E-02,-3.339379500145695E-02,5.666892595624675E-03,3.526598205910442E-03
2458104.500000000,-8.358946940865238E-02,3.008092790322722E-01,3.224848810802577E-02,-3.275356568120134E-02,-6.498346331107326E-03,2.473805643012220E-03
2458108.500000000,-2.054145062771749E-01,2.535845379957007E-01,3.956581551760049E-02,-2.755032744737947E-02,-1.659780940613087E-02,1.171204370772136E-03
2458112.500000000,-3.005930510446746E-01,1.727432060423192E-01,4.169168749071321E-02,-1.978894550322288E-02,-2.321198316062006E-02,-8.128697385917598E-05
2458116.500000000,-3.628580572451766E-01,7.250881390615069E-02,3.921341403040562E-02,-1.134908006732328E-02,-2.638182665066221E-02,-1.114575660930472E-03
2458120.500000000,-3.920345866173929E-01,-3.466306224162206E-02,3.313272893248768E-02,-3.374583394951555E-03,-2.681585073538981E-02,-1.881619483968958E-03
2458124.500000000,-3.911781730279332E-01,-1.394074477055344E-01,2.449518648971995E-02,3.618792564650614E-03,-2.528587448092488E-02,-2.398171117772054E-03
2458128.500000000,-3.646113628597168E-01,-2.351547544272635E-01,1.423415704661186E-02,9.471734817494250E-03,-2.240315939603855E-02,-2.699563226767783E-03
2458132.500000000,-3.169280375650633E-01,-3.174075734114868E-01,3.138579229078714E-03,1.418335659530084E-02,-1.859685838721932E-02,-2.820781824407018E-03
2458136.500000000,-2.525992385848450E-01,-3.830855770676554E-01,-8.129671609196970E-03,1.780382542215527E-02,-1.415436579862282E-02,-2.789913120511895E-03
2458140.500000000,-1.758844696856760E-01,-4.300520161109337E-01,-1.900522915054886E-02,2.038319714850462E-02,-9.267080021343670E-03,-2.627188967501032E-03
2458144.500000000,-9.088458130924172E-02,-4.568070773973044E-01,-2.898932788285158E-02,2.194821901275178E-02,-4.067448642212158E-03,-2.345885848577537E-03
2458148.500000000,-1.659470902681056E-03,-4.623117046376453E-01,-3.762460917828189E-02,2.249131398013879E-02,1.342297201247823E-03,-1.953662273815627E-03
2458152.500000000,8.762103081202986E-02,-4.459165997992073E-01,-4.447547753250797E-02,2.196422309181017E-02,6.865468575242764E-03,-1.453991738200651E-03
2458156.500000000,1.725050980484567E-01,-4.073904489636878E-01,-4.911462210164128E-02,2.027364728365479E-02,1.238504262444046E-02,-8.478773219380636E-04
2458160.500000000,2.480747084675335E-01,-3.470641116446109E-01,-5.111790028956114E-02,1.728010478603426E-02,1.773043553702170E-02,-1.364619578042249E-04
2458164.500000000,3.087732980536091E-01,-2.661343643160752E-01,-5.007334674686248E-02,1.280682149742656E-02,2.262969768506698E-02,6.742496668038269E-04
2458168.500000000,3.483159662359369E-01,-1.671991097355473E-01,-4.561666942111788E-02,6.676445267559217E-03,2.664101611857836E-02,1.564425759835026E-03
2458172.500000000,3.598609989204638E-01,-5.510191181433887E-02,-3.751599505053790E-02,-1.186564984580586E-03,2.907003849292782E-02,2.484258481983846E-03
2458176.500000000,3.368205141791034E-01,6.194174377120795E-02,-2.583826842672348E-02,-1.052833803282958E-02,2.892831162620396E-02,3.329687800340429E-03
2458180.500000000,2.748913591039288E-01,1.713940570708446E-01,-1.121322561724917E-02,-2.039132171279570E-02,2.510387987318264E-02,3.922006682992065E-03
2458184.500000000,1.755575551269554E-01,2.570064049892104E-01,4.895261389299077E-03,-2.883132650494289E-02,1.700839862965457E-02,4.034780751793366E-03
2458188.500000000,4.943876521553827E-02,3.029195798186056E-01,2.021704264667833E-02,-3.340924494203355E-02,5.571976807094794E-03,3.520249940701437E-03
2458192.500000000,-8.459800890596250E-02,3.006103212489986E-01,3.232480609259936E-02,-3.272858843857170E-02,-6.586836225712294E-03,2.464271290837760E-03
2458196.500000000,-2.062617826365560E-01,2.530755995239062E-01,3.960195939336805E-02,-2.749748019267158E-02,-1.666253192201015E-02,1.161054748451671E-03
2458200.500000000,-3.012011329363421E-01,1.720319316617877E-01,4.168930446099221E-02,-1.972467056649951E-02,-2.324862906495937E-02,-9.018994780447438E-05
2458204.500000000,-3.632067850000079E-01,7.170103665614341E-02,3.917930748632813E-02,-1.128510576771536E-02,-2.639442954469510E-02,-1.121484873189087E-03
2458208.500000000,-3.921387121893853E-01,-3.548358187311942E-02,3.307510345093471E-02,-3.316868159881204E-03,-2.681063421361781E-02,-1.886496565492655E-03
2458212.500000000,-3.910680516890789E-01,-1.401807427637367E-01,2.442173453780124E-02,3.668028946625739E-03,-2.526825970420647E-02,-2.401255313693532E-03
2458216.500000000,-3.643220761870281E-01,-2.358396038104993E-01,1.415147318941910E-02,9.512096804676382E-03,-2.237709161217634E-02,-2.701140557720098E-03
2458220.500000000,-3.164945994510330E-01,-3.179758711968157E-01,3.052180465867515E-03,1.421514235863934E-02,-1.856500941381478E-02,-2.821097878632667E-03
2458224.500000000,-2.520550767955628E-01,-3.835179804457983E-01,-8.215129532896243E-03,1.782746889956651E-02,-1.411850581637115E-02,-2.789152292923873E-03
2458228.500000000,-1.752614574643216E-01,-4.303350133422315E-01,-1.908570946591649E-02,2.039901455600865E-02,-9.228401655699077E-03,-2.625477733053018E-03
2458232.500000000,-9.021376550445241E-02,-4.569311961329145E-01,-2.906119994055941E-02,2.195629460735540E-02,-4.026815047829500E-03,-2.343302575004382E-03
2458236.500000000,-9.721268527976536E-04,-4.622706004750438E-01,-3.768447758801709E-02,2.249144182106234E-02,1.384154487880749E-03,-1.950248050757458E-03
2458240.500000000,8.829215828208048E-02,-4.457068981313429E-01,-4.452005579289448E-02,2.195586900998680E-02,6.907764132447221E-03,-1.449762048560032E-03
2458244.500000000,1.731244279395269E-01,-4.070123747365219E-01,-4.914065909862515E-02,2.025592544159594E-02,1.242672096931422E-02,-8.428375627156634E-04
2458248.500000000,2.486024293967281E-01,-3.465231285462528E-01,-5.112218679107250E-02,1.725179535658497E-02,1.776987332080790E-02,-1.306334075533823E-04
2458252.500000000,3.091642523831545E-01,-2.654442631756796E-01,-5.005286588728101E-02,1.276651340708365E-02,2.266426809725234E-02,6.807811556053030E-04
2458256.500000000,3.485196585639443E-01,-1.663871689445276E-01,-4.556901958953091E-02,6.623002439693064E-03,2.666649267760356E-02,1.571418309255282E-03
2458260.500000000,3.598247224628860E-01,-5.421655180372702E-02,-3.744030228024230E-02,-1.252830703377887E-03,2.908000442288860E-02,2.491158453722120E-03
2458264.500000000,3.364993911517980E-01,6.282206693618224E-02,-2.573683368073402E-02,-1.060332800735447E-02,2.891434128191879E-02,3.335430216337589E-03
2458268.500000000,2.742697328881777E-01,1.721571545760742E-01,-1.109378852942642E-02,-2.046406848018565E-02,2.505834593786216E-02,3.924961839940055E-03
2458272.500000000,1.746789411954911E-01,2.575223037828723E-01,5.018078522392290E-03,-2.888375464105514E-02,1.693146459972126E-02,4.033303565053810E-03
2458276.500000000,4.842083984422456E-02,3.030866568593482E-01,2.032413020826505E-02,-3.342452878236392E-02,5.478048727987886E-03,3.513974052269517E-03
2458280.500000000,-8.559510188157694E-02,3.004065814224916E-01,3.239966633367354E-02,-3.270392120890979E-02,-6.674520108755793E-03,2.454838618539104E-03
2458284.500000000,-2.070993614950615E-01,2.525643852499143E-01,3.963703964316316E-02,-2.744514682754264E-02,-1.672681436513414E-02,1.150995166424796E-03
2458288.500000000,-3.018015443055052E-01,1.713194855506786E-01,4.168615996333033E-02,-1.966086609210017E-02,-2.328514004318037E-02,-9.903271802474526E-05
2458292.500000000,-3.635494516152504E-01,7.089226898764878E-02,3.914462406867430E-02,-1.122146096443359E-02,-2.640705236442760E-02,-1.128360411351370E-03
2458296.500000000,-3.922378229228358E-01,-3.630527531168958E-02,3.301700091568387E-02,-3.259353763481271E-03,-2.680547509091290E-02,-1.891355519853091E-03
2458300.500000000,-3.909535487464683E-01,-1.409554118958641E-01,2.434786411147588E-02,3.717139779567552E-03,-2.525068245908490E-02,-2.404326952930483E-03
2458304.500000000,-3.640288531247128E-01,-2.365259102900910E-01,1.406842154338861E-02,9.552353447082697E-03,-2.235102805796747E-02,-2.702704278971150E-03
2458308.500000000,-3.160576778698357E-01,-3.185455910204401E-01,2.965476690895253E-03,1.424680157628619E-02,-1.853314154434783E-02,-2.821395815998488E-03
2458312.500000000,-2.515080220095725E-01,-3.839517178739904E-01,-8.300809329547968E-03,1.785094132953225E-02,-1.408262469716410E-02,-2.788368091422888E-03
2458316.500000000,-1.746363377208895E-01,-4.306192968629600E-01,-1.916630982643404E-02,2.041461064534014E-02,-9.189724789509758E-03,-2.623739364739674E-03
2458320.500000000,-8.954181490733515E-02,-4.570566939920862E-01,-2.913308099887159E-02,2.196410777709891E-02,-3.986230282414452E-03,-2.340691533946517E-03
2458324.500000000,-2.847460500925963E-04,-4.622312013927607E-01,-3.774424938930768E-02,2.249128753031259E-02,1.425894607629798E-03,-1.946809522580000E-03
2458328.500000000,8.896220546276490E-02,-4.454995316784537E-01,-4.456445463353343E-02,2.194724450085067E-02,6.949860237506576E-03,-1.445516015710255E-03
2458332.500000000,1.737416836751173E-01,-4.066376057056861E-01,-4.916647464574746E-02,2.023798416710857E-02,1.246811434780295E-02,-8.377938331424694E-04
2458336.500000000,2.491273737825227E-01,-3.459867448096963E-01,-5.112626718720880E-02,1.722336173005729E-02,1.780895248663237E-02,-1.248170430078325E-04
2458340.500000000,3.095521980686896E-01,-2.647602936619112E-01,-5.003226430127352E-02,1.272622035686504E-02,2.269843828732095E-02,6.872819133704651E-04
2458344.500000000,3.487207406676606E-01,-1.655829538221897E-01,-4.552140932982099E-02,6.569747808928064E-03,2.669158402465193E-02,1.578361765419991E-03
2458348.500000000,3.597869524899905E-01,-5.334029716409160E-02,-3.736487580676751E-02,-1.318728788837202E-03,2.908968070003490E-02,2.497995317148988E-03
2458352.500000000,3.361785379772908E-01,6.369246961784961E-02,-2.563593008160825E-02,-1.067781744244423E-02,2.890026739204204E-02,3.341105475261048E-03
2458356.500000000,2.736504588102842E-01,1.729104037022979E-01,-1.097513473280870E-02,-2.053630022071528E-02,2.501295622322122E-02,3.927860787106376E-03
2458360.500000000,1.738044903161225E-01,2.580293953073393E-01,5.139933762242357E-03,-2.893581994891762E-02,1.685489040041833E-02,4.031794863866385E-03
2458364.500000000,4.740801150945460E-02,3.032465447938320E-01,2.043018366407145E-02,-3.343971559055171E-02,5.384534849142832E-03,3.507692116257736E-03
2458368.500000000,-8.658718491259210E-02,3.001970770386763E-01,3.247349419004854E-02,-3.267937136554651E-02,-6.761931895792179E-03,2.445409398754255E-03
2458372.500000000,-2.079325424496553E-01,2.520480660377032E-01,3.967108926305293E-02,-2.739297176265177E-02,-1.679103574294218E-02,1.140931024854226E-03
2458376.500000000,-3.023980258645268E-01,1.706018761688499E-01,4.168194154518944E-02,-1.959712335427679E-02,-2.332172084749935E-02,-1.078920025714261E-04
2458380.500000000,-3.638881733967502E-01,7.007800385355706E-02,3.910878819419544E-02,-1.115774893092069E-02,-2.641975401645585E-02,-1.135257062185851E-03
2458384.500000000,-3.923325134616422E-01,-3.713264893041981E-02,3.295766816378004E-02,-3.201676843378467E-03,-2.680031867958299E-02,-1.896230909731495E-03
2458388.500000000,-3.908338635871231E-01,-1.417355523521129E-01,2.427271737946724E-02,3.766462140774845E-03,-2.523299529014221E-02,-2.407404644004847E-03
2458392.500000000,-3.637295620505643E-01,-2.372170129416590E-01,1.398409285769726E-02,9.592837295146523E-03,-2.232473788326314E-02,-2.704262414579800E-03
2458396.500000000,-3.156137814093328E-01,-3.191189842185194E-01,2.877539079920879E-03,1.427868460782301E-02,-1.850094119788741E-02,-2.821678103172975E-03
2458400.500000000,-2.509531261915929E-01,-3.843876095274739E-01,-8.387643650269058E-03,1.787462080156007E-02,-1.404631841880202E-02,-2.787560129853074E-03
2458404.500000000,-1.740026070620035E-01,-4.309038641615153E-01,-1.924795477389090E-02,2.043038165115158E-02,-9.150538815135247E-03,-2.621969738505876E-03
2458408.500000000,-8.886065249057605E-02,-4.571802774647321E-01,-2.920586493973959E-02,2.197204225739486E-02,-3.945055760100636E-03,-2.338040566349048E-03
2458412.500000000,4.121763371920700E-04,-4.621873690274601E-01,-3.780474282058023E-02,2.249117102520937E-02,1.468304209811686E-03,-1.943319757760953E-03
2458416.500000000,8.964171336586056E-02,-4.452848997932584E-01,-4.460934162002102E-02,2.193853417337437E-02,6.992701701574028E-03,-1.441203820588449E-03
2458420.500000000,1.743677259095834E-01,-4.062524588655171E-01,-4.919247709150812E-02,2.021978207003913E-02,1.251031485559636E-02,-8.326649649136920E-04
2458424.500000000,2.496596090753070E-01,-3.454366846242511E-01,-5.113014962224835E-02,1.719442999293634E-02,1.784886550994951E-02,-1.188928640523558E-04
2458428.500000000,3.099448539316188E-01,-2.640593704524159E-01,-5.001098460391511E-02,1.268512385191083E-02,2.273339709224821E-02,6.939149265633685E-04
2458432.500000000,3.489226090072160E-01,-1.647589261808993E-01,-4.547254743030796E-02,6.515328013247675E-03,2.671728838681705E-02,1.585458447890638E-03
2458436.500000000,3.597445674336949E-01,-5.244246078777042E-02,-3.728756442666468E-02,-1.386153785988004E-03,2.909958768901128E-02,2.504991858834829E-03
2458440.500000000,3.358464399634591E-01,6.458417444841541E-02,-2.553254048685087E-02,-1.075405363590973E-02,2.888577886343727E-02,3.346914518162625E-03
2458444.500000000,2.730130987435994E-01,1.736816496914979E-01,-1.085359223848911E-02,-2.061012214786600E-02,2.496631519994205E-02,3.930818592307542E-03
2458448.500000000,1.729068250636482E-01,2.585479501428841E-01,5.264689771378133E-03,-2.898876857223875E-02,1.677636317464998E-02,4.030229771454677E-03
2458452.500000000,4.637052294712957E-02,3.034095981024296E-01,2.053868992952252E-02,-3.345472453143970E-02,5.288946836215966E-03,3.501250245969094E-03
2458456.500000000,-8.760132384014603E-02,2.999833521055307E-01,3.254903604344634E-02,-3.265377227580064E-02,-6.850876662506238E-03,2.435783920565792E-03
2458460.500000000,-2.087827277845213E-01,2.515229931952109E-01,3.970611305115267E-02,-2.733941209235283E-02,-1.685598892302717E-02,1.130701391963704E-03
2458464.500000000,-3.030060774321927E-01,1.698739790527590E-01,4.167814785775134E-02,-1.953209925125209E-02,-2.335838070104621E-02,-1.168595434260539E-04
2458468.500000000,-3.642338856295001E-01,6.925397508840175E-02,3.907305087721005E-02,-1.109304021970212E-02,-2.643215915076693E-02,-1.142211090783005E-03
2458472.500000000,-3.924308026020772E-01,-3.796823710400267E-02,3.289827746308040E-02,-3.143293274684940E-03,-2.679471352074376E-02,-1.901130126940869E-03
2458476.500000000,-3.907154299577785E-01,-1.425220391880628E-01,2.419745786641583E-02,3.816263467911643E-03,-2.521483756627052E-02,-2.410488046888112E-03
2458480.500000000,-3.634299447041618E-01,-2.379126417686693E-01,1.389964755988862E-02,9.633641665055485E-03,-2.229801338201212E-02,-2.705817903529657E-03
2458484.500000000,-3.151684992034603E-01,-3.196952670598052E-01,2.789503745037513E-03,1.431078450626069E-02,-1.846835688578080E-02,-2.821954042149722E-03
2458488.500000000,-2.503961191344020E-01,-3.848249443619616E-01,-8.474545666593881E-03,1.789845110117178E-02,-1.400967053695370E-02,-2.786743575544241E-03
2458492.500000000,-1.733662538757637E-01,-4.311885661995475E-01,-1.932962848377681E-02,2.044626013782538E-02,-9.111037285097066E-03,-2.620189135902212E-03
2458496.500000000,-8.817650582792527E-02,-4.573027568408701E-01,-2.927862753250767E-02,2.198005078828855E-02,-3.903574736131208E-03,-2.335375323673740E-03
2458500.500000000,1.112311728910710E-03,-4.621412013148635E-01,-3.786514899629984E-02,2.249109373078498E-02,1.511024709646732E-03,-1.939811063728617E-03
2458504.500000000,9.032450370117651E-02,-4.450666677000603E-01,-4.465405375353223E-02,2.192981663967723E-02,7.035865024233093E-03,-1.436866502629514E-03
2458508.500000000,1.749968964818577E-01,-4.058624074211530E-01,-4.921818955119059E-02,2.020150619343715E-02,1.255284378798920E-02,-8.275034959259278E-04
2458512.500000000,2.501945026024255E-01,-3.448804244142137E-01,-5.113359605914990E-02,1.716533269226627E-02,1.788909260613207E-02,-1.129283977717437E-04
2458516.500000000,3.103392836842213E-01,-2.633510886211493E-01,-4.998909553112107E-02,1.264374811715885E-02,2.276861150555566E-02,7.005936637926910E-04
2458520.500000000,3.491248993434370E-01,-1.639267496879714E-01,-4.542289257233771E-02,6.460514573237305E-03,2.674311804064764E-02,1.592599591430155E-03
2458524.500000000,3.597008739070032E-01,-5.153638715044739E-02,-3.720930550912960E-02,-1.454035381081804E-03,2.910939821651421E-02,2.512018449670202E-03
2458528.500000000,3.355112967027203E-01,6.548316220504975E-02,-2.542814315837212E-02,-1.083067009901865E-02,2.887090490667060E-02,3.352720272824882E-03
2458532.500000000,2.723716837923491E-01,1.744581184122516E-01,-1.073114985687024E-02,-2.068403105127042E-02,2.491905531745380E-02,3.933724540916451E-03
2458536.500000000,1.720056295125397E-01,2.590691926054128E-01,5.390050213216498E-03,-2.904136215548117E-02,1.669724611985913E-02,4.028573427250874E-03
2458540.500000000,4.533162911811713E-02,3.035736178271732E-01,2.064742458366333E-02,-3.346907803543517E-02,5.193130910913859E-03,3.494720297087619E-03
2458544.500000000,-8.861426886109383E-02,2.997705928210307E-01,3.262453615162173E-02,-3.262759159315124E-02,-6.939613054213004E-03,2.426115788177228E-03
2458548.500000000,-2.096300029934370E-01,2.510002332385856E-01,3.974102866687185E-02,-2.728559311197832E-02,-1.692052597201138E-02,1.120478618933103E-03
2458552.500000000,-3.036108294736235E-01,1.691500309735715E-01,4.167433452638859E-02,-1.946712129514840E-02,-2.339467043497534E-02,-1.257942062639665E-04
2458556.500000000,-3.645768695022334E-01,6.843507026301628E-02,3.903743724692958E-02,-1.102854722302221E-02,-2.644435428918063E-02,-1.149129291926757E-03
2458560.500000000,-3.925273565780940E-01,-3.879819442807569E-02,3.283913795097728E-02,-3.085174874402178E-03,-2.678905961492919E-02,-1.906002527751309E-03
2458564.500000000,-3.905962988912354E-01,-1.433029526190582E-01,2.412253269072354E-02,3.865818509400266E-03,-2.519674904425790E-02,-2.413556714634637E-03
2458568.500000000,-3.631305266522658E-01,-2.386031302490045E-01,1.381557327880836E-02,9.674246125960774E-03,-2.227142911817124E-02,-2.707369375989676E-03
2458572.500000000,-3.147241135897347E-01,-3.202670502677954E-01,2.701838702283765E-03,1.434273522230758E-02,-1.843594778088160E-02,-2.822233860742164E-03
2458576.500000000,-2.498405133424285E-01,-3.852585094866433E-01,-8.561103874418842E-03,1.792217679374371E-02,-1.397320948030028E-02,-2.785935941256423E-03
2458580.500000000,-1.727316468538506E-01,-4.314702461917092E-01,-1.941100011560474E-02,2.046206917421530E-02,-9.071721341503953E-03,-2.618420137499460E-03
2458584.500000000,-8.749432803276139E-02,-4.574229444440688E-01,-2.935113684871428E-02,2.198801608475227E-02,-3.862272918632230E-03,-2.332722642342282E-03
2458588.500000000,1.810346277887502E-03,-4.620934457170178E-01,-3.792535210948072E-02,2.249099285009633E-02,1.553572051224907E-03,-1.936314780883267E-03
2458592.500000000,9.100513233092911E-02,-4.448475348651858E-01,-4.469861122428632E-02,2.192109208952167E-02,7.078856940869842E-03,-1.432540940414415E-03
2458596.500000000,1.756239119536139E-01,-4.054721492156570E-01,-4.924379318560452E-02,2.018324132470982E-02,1.259519567455183E-02,-8.223532769645142E-04
2458600.500000000,2.507273324124750E-01,-3.443246931253429E-01,-5.113697914944144E-02,1.713627195264338E-02,1.792912707596677E-02,-1.069756758978080E-04
2458604.500000000,3.107318722600191E-01,-2.626441561839011E-01,-4.996719454403064E-02,1.260245071305913E-02,2.280360649691518E-02,7.072579293817138E-04
2458608.500000000,3.493257911394372E-01,-1.630968680152060E-01,-4.537329528866221E-02,6.405850315325887E-03,2.676869405201102E-02,1.599719683464008E-03
2458612.500000000,3.596565947707194E-01,-5.063367839752191E-02,-3.713120988562949E-02,-1.521650410569139E-03,2.911893213532919E-02,2.519012405764631E-03
2458616.500000000,3.351769675207537E-01,6.637772007141933E-02,-2.532406893214071E-02,-1.090684385205542E-02,2.885579101839638E-02,3.358478716630159E-03
2458620.500000000,2.717332663158259E-01,1.752294895183913E-01,-1.060924179099235E-02,-2.075729364125345E-02,2.487173168902516E-02,3.936574409419392E-03
2458624.500000000,1.711102883299820E-01,2.595857552253473E-01,5.514668501734172E-03,-2.909320597018785E-02,1.661843053468754E-02,4.026874202193322E-03
2458628.500000000,4.430136191180389E-02,3.037350611974904E-01,2.075532291087033E-02,-3.348284835512563E-02,5.098057242066174E-03,3.488190334079496E-03
2458632.500000000,-8.961705704178920E-02,2.995588393092123E-01,3.269930823394947E-02,-3.260125734426420E-02,-7.027350330354626E-03,2.416500778146029E-03
2458636.500000000,-2.104674665515380E-01,2.504824590205104E-01,3.977550629916116E-02,-2.723208492169897E-02,-1.698412087661062E-02,1.110343013833632E-03
2458640.500000000,-3.042076891527276E-01,1.684343433393228E-01,4.167045230064116E-02,-1.940275850447325E-02,-2.343028559588934E-02,-1.346356710951712E-04
2458644.500000000,-3.649147036646991E-01,6.762648182067543E-02,3.900210605114383E-02,-1.096478198966105E-02,-2.645619468040927E-02,-1.155967127924792E-03
2458648.500000000,-3.926216585136094E-01,-3.961699822925521E-02,3.278056253196023E-02,-3.027760487411836E-03,-2.678333161661568E-02,-1.910815018964958E-03
2458652.500000000,-3.904775530059329E-01,-1.440728656432590E-01,2.404836838833746E-02,3.914766904708713E-03,-2.517879955722932E-02,-2.416586683616316E-03
2458656.500000000,-3.628336713973374E-01,-2.392834896047744E-01,1.373237588900214E-02,9.714370670440836E-03,-2.224513140134991E-02,-2.708901020145393E-03
2458660.500000000,-3.142839488207021E-01,-3.208300541293823E-01,2.615097684999201E-03,1.437433590591512E-02,-1.840391929779729E-02,-2.822509359387664E-03
2458664.500000000,-2.492902852621456E-01,-3.856849382364939E-01,-8.646746136748748E-03,1.794567159424971E-02,-1.393718391965730E-02,-2.785136141163770E-03
2458668.500000000,-1.721031306479875E-01,-4.317465965866800E-01,-1.949150663195611E-02,2.047774949180150E-02,-9.032870049926183E-03,-2.616668314878501E-03
2458672.500000000,-8.681858218794973E-02,-4.575396945621068E-01,-2.942286501303725E-02,2.199593658837889E-02,-3.821451103064848E-03,-2.330094526821214E-03
2458676.500000000,2.501910396843996E-03,-4.620441956182277E-01,-3.798488549537466E-02,2.249091526171582E-02,1.595627808955495E-03,-1.932849607728920E-03
2458680.500000000,9.167950188238905E-02,-4.446289024537482E-01,-4.474263705473235E-02,2.191244894728696E-02,7.121341890411795E-03,-1.428253512953477E-03
2458684.500000000,1.762451078404713E-01,-4.050844623807605E-01,-4.926903477672800E-02,2.016511582195564E-02,1.263701783696657E-02,-8.172501681920900E-04
2458688.500000000,2.512550368357134E-01,-3.437737057746489E-01,-5.114021183810507E-02,1.710742275631616E-02,1.796860516248401E-02,-1.010822773481413E-04
2458692.500000000,3.111203769186197E-01,-2.619442318524063E-01,-4.994541093222608E-02,1.256146950986956E-02,2.283802976155888E-02,7.138471099698560E-04
2458696.500000000,3.495241533256206E-01,-1.622762474934132E-01,-4.532415055900738E-02,6.351656000842493E-03,2.679372604787793E-02,1.606747346104817E-03
2458700.500000000,3.596120566823784E-01,-4.974220818196536E-02,-3.705396590293930E-02,-1.588594280786709E-03,2.912804125626748E-02,2.525900617514507E-03
2458704.500000000,3.348454792138159E-01,6.725981130641852E-02,-2.522127471800673E-02,-1.098214686032813E-02,2.884051508625988E-02,3.364132082991030E-03
2458708.500000000,2.711013978722343E-01,1.759885380360435E-01,-1.048899076710415E-02,-2.082960586428398E-02,2.482466384102215E-02,3.939346063130484E-03
2458712.500000000,1.702250317374321E-01,2.600919667884991E-01,5.637422927807589E-03,-2.914428490822723E-02,1.654033490213954E-02,4.025154152521868E-03
2458716.500000000,4.328337714198747E-02,3.038896766530857E-01,2.086141373664529E-02,-3.349631851045083E-02,5.003971176156143E-03,3.481708276743174E-03
2458720.500000000,-9.060742633371213E-02,2.993441336634247E-01,3.277256548932830E-02,-3.257513637095167E-02,-7.114197073183052E-03,2.406977556196548E-03
2458724.500000000,-2.112940514509520E-01,2.499646443875031E-01,3.980885415039017E-02,-2.717908611252106E-02,-1.704717035785058E-02,1.100301903358482E-03
2458728.500000000,-3.047958544259179E-01,1.677200701811364E-01,4.166577678929476E-02,-1.933894402334459E-02,-2.346570308094916E-02,-1.434056046824519E-04
2458732.500000000,-3.652458694857971E-01,6.681961356272355E-02,3.896621316135493E-02,-1.090147107965378E-02,-2.646805544425727E-02,-1.162759951816483E-03
2458736.500000000,-3.927108857054644E-01,-4.043437464967661E-02,3.272156506408068E-02,-2.970692826075347E-03,-2.677771161396917E-02,-1.915600992479739E-03
2458740.500000000,-3.903549701938335E-01,-1.448418155548789E-01,2.397386795777798E-02,3.963434576918890E-03,-2.516096535878976E-02,-2.419598703610491E-03
2458744.500000000,-3.625340530929304E-01,-2.399633037123250E-01,1.364890977118766E-02,9.754231715396825E-03,-2.221892553809829E-02,-2.710416017922752E-03
2458748.500000000,-3.138421015866870E-01,-3.213928339029398E-01,2.528158321147625E-03,1.440565559956490E-02,-1.837196180548870E-02,-2.822766033723649E-03
2458752.500000000,-2.487395625534209E-01,-3.861114156751548E-01,-8.732506270350878E-03,1.796885248023775E-02,-1.390122757440424E-02,-2.784315105041916E-03
2458756.500000000,-1.714754397057840E-01,-4.320233075558282E-01,-1.957204426368957E-02,2.049308554556291E-02,-8.994109124326180E-03,-2.614894802156154E-03
2458760.500000000,-8.614507263904088E-02,-4.576572408451846E-01,-2.949454170188752E-02,2.200349973450036E-02,-3.780759027766074E-03,-2.327447365921470E-03
2458764.500000000,3.189827783447944E-03,-4.619963545383214E-01,-3.804430203982055E-02,2.249049510447948E-02,1.637506694663106E-03,-1.929371306168960E-03
2458768.500000000,9.234893960244658E-02,-4.444124722790040E-01,-4.478650971200492E-02,2.190351155942835E-02,7.163609602290249E-03,-1.423961334675070E-03
2458772.500000000,1.768603463917480E-01,-4.046998907380076E-01,-4.929412231735156E-02,2.014677656837504E-02,1.267860619950423E-02,-8.121512456754818E-04
2458776.500000000,2.517761269778270E-01,-3.432267365241772E-01,-5.114332160354278E-02,1.707846045564598E-02,1.800787362297660E-02,-9.519954294958443E-05
2458780.500000000,3.115020106712795E-01,-2.612490296212350E-01,-4.992355021888549E-02,1.252046866802502E-02,2.287231962911218E-02,7.204254184385994E-04
2458784.500000000,3.497156750604484E-01,-1.614606483123170E-01,-4.527495665988230E-02,6.297483322100634E-03,2.681874768829356E-02,1.613773769907521E-03
2458788.500000000,3.595606787682529E-01,-4.885553132450522E-02,-3.697663996052234E-02,-1.655580970751885E-03,2.913726986388963E-02,2.532808074206933E-03
2458792.500000000,3.345066290249935E-01,6.813772417612714E-02,-2.511827034453649E-02,-1.105768795269067E-02,2.882540226401787E-02,3.369830024532662E-03
2458796.500000000,2.704607026343576E-01,1.767438134507067E-01,-1.036831783051340E-02,-2.090240768137216E-02,2.477759202994997E-02,3.942174854905338E-03
2458800.500000000,1.693287042765672E-01,2.605936336516689E-01,5.760796349426621E-03,-2.919594875079328E-02,1.646182665017160E-02,4.023468337265452E-03
2458804.500000000,4.225237211723628E-02,3.040371688189549E-01,2.096814911613798E-02,-3.351011561786064E-02,4.909031864299838E-03,3.475200570693098E-03
2458808.500000000,-9.161110866219414E-02,2.991184509135518E-01,3.284623199185326E-02,-3.254881307924535E-02,-7.202051976145227E-03,2.397365445844366E-03
2458812.500000000,-2.121320850063642E-01,2.494321544914975E-01,3.984218056444980E-02,-2.712538625283727E-02,-1.711100786655751E-02,1.090141268677367E-03
2458816.500000000,-3.053920464694746E-01,1.669887875193524E-01,4.166060657247338E-02,-1.927416358419205E-02,-2.350148492502174E-02,-1.522872748896894E-04
2458820.500000000,-3.655810699677476E-01,6.599515026675959E-02,3.892943477157150E-02,-1.083716156388487E-02,-2.647985666374703E-02,-1.169634336436233E-03
2458824.500000000,-3.928003306615215E-01,-4.126842718062310E-02,3.266142652303149E-02,-2.912729400611341E-03,-2.677171234263297E-02,-1.920433484503319E-03
2458828.500000000,-3.902293165357271E-01,-1.456254877912932E-01,2.389810243060168E-02,4.012848248721096E-03,-2.514255187819612E-02,-2.422627536830794E-03
2458832.500000000,-3.622286803787185E-01,-2.406552828929886E-01,1.356415678008827E-02,9.794691074356524E-03,-2.219203255476068E-02,-2.711926453447023E-03
2458836.500000000,-3.133923701017534E-01,-3.219649123785717E-01,2.439980899566694E-03,1.443744553114533E-02,-1.833926464436917E-02,-2.823003821600680E-03
2458840.500000000,-2.481792970721729E-01,-3.865441742717165E-01,-8.819407906705124E-03,1.799239510213499E-02,-1.386450448059993E-02,-2.783465154606128E-03
2458844.500000000,-1.708369558839419E-01,-4.323031919538715E-01,-1.965359072526341E-02,2.050868577028991E-02,-8.954561247803952E-03,-2.613083932335572E-03
2458848.500000000,-8.545990893554954E-02,-4.577747702974430E-01,-2.956706025550498E-02,2.201122795627762E-02,-3.739258293313478E-03,-2.324753842401053E-03
2458852.500000000,3.889838199475565E-03,-4.619452154719009E-01,-3.810435379129620E-02,2.249012559402359E-02,1.680217298775935E-03,-1.925835621212454E-03
2458856.500000000,9.303039808773741E-02,-4.441893799927674E-01,-4.483076156577241E-02,2.189448153601679E-02,7.206725468946599E-03,-1.419598085100974E-03
2458860.500000000,1.774868831834873E-01,-4.043052659844585E-01,-4.931927338530653E-02,2.012816130730465E-02,1.272103624324476E-02,-8.069652799243095E-04
2458864.500000000,2.523069689371589E-01,-3.426664364688518E-01,-5.114611354931903E-02,1.704899353728766E-02,1.804792834712377E-02,-8.921336131148261E-05
2458868.500000000,3.118908554544191E-01,-2.605375982654799E-01,-4.990093008013648E-02,1.247869776475146E-02,2.290725446087406E-02,7.271200077617030E-04
2458872.500000000,3.499107840566850E-01,-1.606267329883234E-01,-4.522452864409721E-02,6.242273636260338E-03,2.684414241467144E-02,1.620918725587692E-03
2458876.500000000,3.595083195453686E-01,-4.794986346035122E-02,-3.689763409890034E-02,-1.723791746499054E-03,2.914643438209406E-02,2.539815454058594E-03
2458880.500000000,3.341618618602366E-01,6.903324694060946E-02,-2.501327458683352E-02,-1.113442317880954E-02,2.880964787119309E-02,3.375578026397795E-03
2458884.500000000,2.698099561899443E-01,1.775129721423098E-01,-1.024560635766277E-02,-2.097601691039995E-02,2.472932589601356E-02,3.944973456210222E-03
2458888.500000000,1.684204478471776E-01,2.611038048347799E-01,5.885915913400510E-03,-2.924771043777857E-02,1.638190483803229E-02,4.021670182435185E-03
2458892.500000000,4.121050360915196E-02,3.041879564367017E-01,2.107608660201926E-02,-3.352332544754388E-02,4.812983093899015E-03,3.468543896704740E-03
2458896.500000000,-9.262258430438543E-02,2.988927973356623E-01,3.292053774880590E-02,-3.252162316761009E-02,-7.290418696295571E-03,2.387629321391737E-03
2458900.500000000,-2.129746003303052E-01,2.488987002610774E-01,3.987575378103522E-02,-2.707094457927656E-02,-1.717487246326434E-02,1.079909227908831E-03
2458904.500000000,-3.059902852877807E-01,1.662569459031479E-01,4.165549015808134E-02,-1.920891111595118E-02,-2.353707934296767E-02,-1.611973279032024E-04
2458908.500000000,-3.659169136221569E-01,6.517096410751612E-02,3.889264805272057E-02,-1.077260815369717E-02,-2.649144881010794E-02,-1.176514595311567E-03
2458912.500000000,-3.928897501746816E-01,-4.210146666241916E-02,3.260127475706535E-02,-2.854661406272746E-03,-2.676555964895692E-02,-1.925264327767780E-03
2458916.500000000,-3.901033746721955E-01,-1.464076638512607E-01,2.382233258034277E-02,4.062298113560454E-03,-2.512404836328039E-02,-2.425654199545033E-03
2458920.500000000,-3.619229356695738E-01,-2.413455031158000E-01,1.347940562047863E-02,9.835161285186380E-03,-2.216509441143577E-02,-2.713436026852560E-03
2458924.500000000,-3.129422347380315E-01,-3.225351033115780E-01,2.351806752706826E-03,1.446924287882340E-02,-1.830654485201684E-02,-2.823241580387912E-03
2458928.500000000,-2.476185892918315E-01,-3.869749681231531E-01,-8.906305848890647E-03,1.801595010936322E-02,-1.382776275319891E-02,-2.782614804065798E-03
2458932.500000000,-1.701979690217448E-01,-4.325810217376154E-01,-1.973512895383392E-02,2.052430350583998E-02,-8.914985209650611E-03,-2.611270978450488E-03
2458936.500000000,-8.477416969416438E-02,-4.578900976789531E-01,-2.963955679394817E-02,2.201897372398668E-02,-3.697710830105662E-03,-2.322055315619357E-03
2458940.500000000,4.590480148057143E-03,-4.618916413709846E-01,-3.816435580331898E-02,2.248976477569435E-02,1.722998128944801E-03,-1.922290904892799E-03
2458944.500000000,9.371248552366765E-02,-4.439635232116142E-01,-4.487491790548125E-02,2.188543927033766E-02,7.249935470837261E-03,-1.415220844587350E-03
2458948.500000000,1.781139338067466E-01,-4.039074605053388E-01,-4.934426196321710E-02,2.010949808681383E-02,1.276357869080782E-02,-8.017597575988661E-04
2458952.500000000,2.528380345406860E-01,-3.421024919983196E-01,-5.114865359858457E-02,1.701942684303561E-02,1.808809911353475E-02,-8.320213340145534E-05
2458956.500000000,3.122793976854328E-01,-2.598220948425216E-01,-4.987794899961023E-02,1.243676195162678E-02,2.294228107150073E-02,7.338436528020528E-04
2458960.500000000,3.501047958178266E-01,-1.597884992413562E-01,-4.517362170379116E-02,6.186833358041799E-03,2.686955952461817E-02,1.628092626898365E-03
2458964.500000000,3.594538541156194E-01,-4.704002462024767E-02,-3.681804674288936E-02,-1.792267021221537E-03,2.915549254518024E-02,2.546843387830039E-03
2458968.500000000,3.338140005528058E-01,6.993217130511740E-02,-2.490765242163978E-02,-1.121136722559763E-02,2.879361122541012E-02,3.381325651131697E-03
2458972.500000000,2.691556307640879E-01,1.782840826851783E-01,-1.012233167810389E-02,-2.104963415967340E-02,2.468063370773169E-02,3.947739840206928E-03
2458976.500000000,1.675091783309503E-01,2.616142076052114E-01,6.011410645729506E-03,-2.929917713295747E-02,1.630158938723533E-02,4.019813240253817E-03
2458980.500000000,4.016728311144863E-02,3.043378706058714E-01,2.118415633449772E-02,-3.353603594822154E-02,4.716806174300301E-03,3.461830451342333E-03
2458984.500000000,-9.363343833962966E-02,2.986664295699364E-01,3.299480434723505E-02,-3.249398902086334E-02,-7.378589938288771E-03,2.377867259676215E-03
2458988.500000000,-2.138151483811710E-01,2.483657176348497E-01,3.990925582895761E-02,-2.701628673121871E-02,-1.723837402975420E-02,1.069685533996529E-03
2458992.500000000,-3.065861573509139E-01,1.655270443181608E-01,4.165038032546266E-02,-1.914366293092160E-02,-2.357232683733763E-02,-1.700798409623364E-04
2458996.500000000,-3.662506955457270E-01,6.434989938024244E-02,3.885598910754678E-02,-1.070818605158346E-02,-2.650280510621624E-02,-1.183363945533142E-03
2459000.500000000,-3.929777332226057E-01,-4.293069778413446E-02,3.254136442645575E-02,-2.796762393443769E-03,-2.675929754182142E-02,-1.930070251694192E-03
2459004.500000000,-3.899766475998794E-01,-1.471858108783842E-01,2.374688530442370E-02,4.111598007695737E-03,-2.510553858334577E-02,-2.428665430218776E-03
2459008.500000000,-3.616169190152813E-01,-2.420318194658585E-01,1.339501954384762E-02,9.875527317049814E-03,-2.213821952805905E-02,-2.714939571745808E-03
2459012.500000000,-3.124921392930548E-01,-3.231017304964934E-01,2.264005954912574E-03,1.450098834334414E-02,-1.827392740138869E-02,-2.823480839820537E-03
2459016.500000000,-2.470580322734954E-01,-3.874026472949845E-01,-8.992847268370513E-03,1.803949998397664E-02,-1.379114033719789E-02,-2.781770920404247E-03
2459020.500000000,-1.695590791657043E-01,-4.328562259731376E-01,-1.981634208498821E-02,2.053995096781979E-02,-8.875533245462976E-03,-2.609466859760279E-03
2459024.500000000,-8.408836254589246E-02,-4.580033004890097E-01,-2.971176457737544E-02,2.202676982965498E-02,-3.656290351130598E-03,-2.319365822243519E-03
2459028.500000000,5.291410043454066E-03,-4.618364693505576E-01,-3.822410327001292E-02,2.248946172281865E-02,1.765640234629982E-03,-1.918754154833041E-03
2459032.500000000,9.439509192436095E-02,-4.437366781265353E-01,-4.491884955446441E-02,2.187645408606653E-02,7.292975160238770E-03,-1.410850783451085E-03
2459036.500000000,1.787417323134873E-01,-4.035094603013577E-01,-4.936905699360158E-02,2.009089402004481E-02,1.280588881842127E-02,-7.965633361277415E-04
2459040.500000000,2.533701218523009E-01,-3.415394681016333E-01,-5.115104995213746E-02,1.698994395634758E-02,1.812793816715921E-02,-7.720809538599572E-05
2459044.500000000,3.126694317063631E-01,-2.591090953861566E-01,-4.985492561413740E-02,1.239499022410242E-02,2.297684368037687E-02,7.405317524581116E-04
2459048.500000000,3.503012793080952E-01,-1.589549027759679E-01,-4.512287340781179E-02,6.131740582823206E-03,2.689437848389950E-02,1.635199293380248E-03
2459052.500000000,3.594038627038120E-01,-4.613737249902337E-02,-3.673897086333721E-02,-1.860061313734886E-03,2.916389777479518E-02,2.553760849214956E-03
2459056.500000000,3.334742547570734E-01,7.082153965818812E-02,-2.480307112552029E-02,-1.128715524496846E-02,2.877709692512892E-02,3.386921380387667E-03
2459060.500000000,2.685150028090600E-01,1.790447309156295E-01,-1.000074045955639E-02,-2.112164733157302E-02,2.463204270745623E-02,3.950345651511602E-03
2459064.500000000,1.666183170047355E-01,2.621164055141206E-01,6.134673757077185E-03,-2.934899599176567E-02,1.622234351093778E-02,4.017856047753472E-03
2459068.500000000,3.914996530575102E-02,3.044858202598537E-01,2.128983103210039E-02,-3.354776632022543E-02,4.622615346935729E-03,3.455142255120030E-03
2459072.500000000,-9.461669390706706E-02,2.984468580603774E-01,3.306703844833968E-02,-3.246651473582218E-02,-7.464503456809394E-03,2.368253920525172E-03
2459076.500000000,-2.146308533019791E-01,2.478478269732711E-01,3.994146014883120E-02,-2.696277661886103E-02,-1.730008140404046E-02,1.059667264445605E-03
2459080.500000000,-3.071629172441343E-01,1.648178526378554E-01,4.164478784388842E-02,-1.908004422567314E-02,-2.360657620020552E-02,-1.787691698456523E-04
2459084.500000000,-3.665720707460934E-01,6.355199404587235E-02,3.881953219547657E-02,-1.064542959631940E-02,-2.651390642043517E-02,-1.190066956896909E-03
2459088.500000000,-3.930596089366097E-01,-4.373689540383683E-02,3.248213617822310E-02,-2.740322890134307E-03,-2.675331589855827E-02,-1.934781745471295E-03
2459092.500000000,-3.898490855463760E-01,-1.479427634188365E-01,2.367240765804337E-02,4.159725412642007E-03,-2.508763711129629E-02,-2.431625375385743E-03
2459096.500000000,-3.613141859581518E-01,-2.426997622922174E-01,1.331174188495430E-02,9.915001333225306E-03,-2.211212587002362E-02,-2.716423084835201E-03
2459100.500000000,-3.120484021553697E-01,-3.236532801877418E-01,2.177348732959676E-03,1.453208029544535E-02,-1.824216400900133E-02,-2.823721094240107E-03
2459104.500000000,-2.465060529841058E-01,-3.878187085144326E-01,-9.078278788464310E-03,1.806258574981330E-02,-1.375538665922932E-02,-2.780941975981138E-03
2459108.500000000,-1.689303176000354E-01,-4.331232626296797E-01,-1.989652599588305E-02,2.055528107175770E-02,-8.836934309951593E-03,-2.607687737604648E-03
2459112.500000000,-8.341371251542869E-02,-4.581116905578522E-01,-2.978306085273719E-02,2.203436499192014E-02,-3.615692603310196E-03,-2.316710169033331E-03
2459116.500000000,5.980582596470290E-03,-4.617797004521251E-01,-3.828309311012760E-02,2.248905798764426E-02,1.807498553948031E-03,-1.915260703631479E-03
2459120.500000000,9.506573225119394E-02,-4.435112758037595E-01,-4.496221782891362E-02,2.186746574592695E-02,7.335281363466629E-03,-1.406534732264384E-03
2459124.500000000,1.793577581130318E-01,-4.031157022286915E-01,-4.939352689907549E-02,2.007239148586183E-02,1.284753762113702E-02,-7.914318809490784E-04
2459128.500000000,2.538910682015229E-01,-3.409831269949443E-01,-5.115339896200052E-02,1.696067642016058E-02,1.816722599643875E-02,-7.128713316889584E-05
2459132.500000000,3.130494109774359E-01,-2.584046757907442E-01,-4.983215115277483E-02,1.235354318924563E-02,2.301101884923993E-02,7.471466151981759E-04
2459136.500000000,3.504891643106867E-01,-1.581310107041282E-01,-4.507264520245347E-02,6.077039705740817E-03,2.691903117799914E-02,1.642246345668783E-03
2459140.500000000,3.593468164761209E-01,-4.524458973541113E-02,-3.666059719692528E-02,-1.927497746829321E-03,2.917238634400088E-02,2.560649805324156E-03
2459144.500000000,3.331285715823014E-01,7.170179492171647E-02,-2.469921878078209E-02,-1.136276789926880E-02,2.876085691365048E-02,3.392533622621145E-03
2459148.500000000,2.678685708960521E-01,1.797974426852023E-01,-9.879722755272583E-03,-2.119377604981601E-02,2.458372266107618E-02,3.953010014231880E-03
2459152.500000000,1.657206934666651E-01,2.626112944909840E-01,6.257636587359176E-03,-2.939914489565369E-02,1.614310124978476E-02,4.015970143885376E-03
2459156.500000000,3.812459580513670E-02,3.046257064636327E-01,2.139544673323433E-02,-3.355975585957007E-02,4.528049767199174E-03,3.448497609374770E-03
2459160.500000000,-9.560842053751316E-02,2.982172263500862E-01,3.313929626405743E-02,-3.243896416843853E-02,-7.550992038988346E-03,2.358638447320346E-03
2459164.500000000,-2.154539725313104E-01,2.473176851235501E-01,3.997360898548069E-02,-2.690883180705145E-02,-1.736226355761518E-02,1.049615725080655E-03
2459168.500000000,-3.077449071007770E-01,1.640950570375531E-01,4.163898849593287E-02,-1.901580332669120E-02,-2.364101046772108E-02,-1.874969080890241E-04
2459172.500000000,-3.668961502064926E-01,6.274038705793783E-02,3.878273681981194E-02,-1.058206098614168E-02,-2.652487845968664E-02,-1.196795381382053E-03
2459176.500000000,-3.931419897134911E-01,-4.455576579946901E-02,3.242250594853151E-02,-2.683410451869221E-03,-2.674696564947683E-02,-1.939499362586653E-03
2459180.500000000,-3.897205111251861E-01,-1.487106085088316E-01,2.359753990329672E-02,4.208135495683633E-03,-2.506923124619690E-02,-2.434573994874189E-03
2459184.500000000,-3.610096904077567E-01,-2.433764673253651E-01,1.322814528675083E-02,9.954571524292896E-03,-2.208548503889185E-02,-2.717883396345141E-03
2459188.500000000,-3.116028372878677E-01,-3.242114359754280E-01,2.090478549301835E-03,1.456311581501528E-02,-1.820987884715980E-02,-2.823932568431621E-03
2459192.500000000,-2.459527001176141E-01,-3.882394135700398E-01,-9.163806220708032E-03,1.808550902892469E-02,-1.371917858355359E-02,-2.780084060338365E-03
2459196.500000000,-1.683009635648556E-01,-4.333932956238521E-01,-1.997669608116288E-02,2.057039089178756E-02,-8.797967572300629E-03,-2.605883181871538E-03
2459200.500000000,-8.273939340914273E-02,-4.582217832603661E-01,-2.985425197047339E-02,2.204172525260372E-02,-3.574814708865847E-03,-2.314034418974018E-03
2459204.500000000,6.668513246453566E-03,-4.617236697020442E-01,-3.834190815582122E-02,2.248843824213716E-02,1.849561980920893E-03,-1.911752352651185E-03
2459208.500000000,9.573434054744004E-02,-4.432859059110658E-01,-4.500535919696934E-02,2.185830039925466E-02,7.377739477740248E-03,-1.402207077847134E-03
2459212.500000000,1.799711302816196E-01,-4.027214320118698E-01,-4.941772478096675E-02,2.005375407530512E-02,1.288931118243365E-02,-7.862888378085341E-04
2459216.500000000,2.544088807161826E-01,-3.404257880602379E-01,-5.115542295661944E-02,1.693129899136436E-02,1.820663528358000E-02,-6.535057513828542E-05
2459220.500000000,3.134258059816627E-01,-2.576987549036365E-01,-4.980897472757046E-02,1.231197277608878E-02,2.304532483975073E-02,7.537849191986731E-04
2459224.500000000,3.506728550093171E-01,-1.573050895436186E-01,-4.502190130471068E-02,6.022147443452726E-03,2.694381194444748E-02,1.649326965703945E-03
2459228.500000000,3.592845831957971E-01,-4.434935312563338E-02,-3.658155517639437E-02,-1.995246026492895E-03,2.918094579400100E-02,2.567580702135958E-03
2459232.500000000,3.327761829727972E-01,7.258450489109286E-02,-2.459452797746585E-02,-1.143882294914600E-02,2.874452554174199E-02,3.398186498604499E-03
2459236.500000000,2.672135323335462E-01,1.805517133402918E-01,-9.757738279481291E-03,-2.126638703197875E-02,2.453502990223782E-02,3.955693950542684E-03
2459240.500000000,1.648127854949717E-01,2.631056189386040E-01,6.381564189124269E-03,-2.944961105408029E-02,1.606318087895135E-02,4.014060799841724E-03
2459244.500000000,3.708835118474817E-02,3.047619497888414E-01,2.150183460253471E-02,-3.357170242898921E-02,4.432664604418292E-03,3.441781566827886E-03
2459248.500000000,-9.661006540364912E-02,2.979808327552081E-01,3.321197572917828E-02,-3.241099277905844E-02,-7.638179830067814E-03,2.348923961301087E-03
2459252.500000000,-2.162848057023202E-01,2.467785358728401E-01,4.000577747060609E-02,-2.685423668541810E-02,-1.742485450498720E-02,1.039466558455688E-03
2459256.500000000,-3.083318471476381E-01,1.633622479945409E-01,4.163285546465886E-02,-1.895085555650969E-02,-2.367554637407257E-02,-1.963017083855511E-04
2459260.500000000,-3.672224357838659E-01,6.191885785295439E-02,3.874535173787563E-02,-1.051803947175307E-02,-2.653571858451491E-02,-1.203574743973267E-03
2459264.500000000,-3.932241558122028E-01,-4.538371424257573E-02,3.236213026588234E-02,-2.625943847317065E-03,-2.674033865711198E-02,-1.944244784993480E-03
2459268.500000000,-3.895897155559472E-01,-1.494862500368042E-01,2.352185227455896E-02,4.256995671702309E-03,-2.505046985496565E-02,-2.437532972578385E-03
2459272.500000000,-3.607013643222704E-01,-2.440594566712374E-01,1.314371360174640E-02,9.994498623531254E-03,-2.205844804837574E-02,-2.719341666809264E-03
2459276.500000000,-3.111521779134612E-01,-3.247742421952671E-01,2.002800308371708E-03,1.459442842857621E-02,-1.817717463111884E-02,-2.824132990832745E-03
2459280.500000000,-2.453932872766779E-01,-3.886630578035283E-01,-9.250082686711510E-03,1.810863903484834E-02,-1.368253423577123E-02,-2.779207865576759E-03
2459284.500000000,-1.676648569337817E-01,-4.336644883897106E-01,-2.005752867296428E-02,2.058564026235121E-02,-8.758547119581015E-03,-2.604053643131094E-03
2459288.500000000,-8.205790278799856E-02,-4.583311827751377E-01,-2.992599172921981E-02,2.204915424056966E-02,-3.533463777949761E-03,-2.311326595441295E-03
2459292.500000000,7.363732305513284E-03,-4.616650139448382E-01,-3.840112778371204E-02,2.248780590175654E-02,1.892118027261790E-03,-1.908203844960566E-03
2459296.500000000,9.640999667289836E-02,-4.430559077982503E-01,-4.504872620419273E-02,2.184902395654389E-02,7.420705220775613E-03,-1.397829884910030E-03
2459300.500000000,1.805908709868165E-01,-4.023204934576258E-01,-4.944192929764294E-02,2.003488379802162E-02,1.293159391743991E-02,-7.810856658699535E-04
2459304.500000000,2.549318414472445E-01,-3.398597846619843E-01,-5.115719089975702E-02,1.690153959458547E-02,1.824652715898306E-02,-5.934284137679007E-05
2459308.500000000,3.138054792237185E-01,-2.569823723147795E-01,-4.978523743679605E-02,1.226984583916936E-02,2.308003600452224E-02,7.605039478375620E-04
2459312.500000000,3.508572287160562E-01,-1.564673722086410E-01,-4.497026281386682E-02,5.966515352093977E-03,2.696883806851572E-02,1.656492312182457E-03
2459316.500000000,3.592197593079197E-01,-4.344184700036530E-02,-3.650129116054306E-02,-2.063878375073308E-03,2.918947531494801E-02,2.574587721412348E-03
2459320.500000000,3.324175832433878E-01,7.347860907700064E-02,-2.448836276659883E-02,-1.151577110035511E-02,2.872777028585131E-02,3.403885150502487E-03
2459324.500000000,2.665491066491371E-01,1.813148220883398E-01,-9.634200604012549E-03,-2.133964195612214E-02,2.448549447301965E-02,3.958367785871782E-03
2459328.500000000,1.638938989117715E-01,2.636048677787562E-01,6.506872384033100E-03,-2.950019414502780E-02,1.598220250193554E-02,4.012076650033449E-03
2459332.500000000,3.604184374331965E-02,3.048991118907607E-01,2.160921636709788E-02,-3.358319845384757E-02,4.336401889893995E-03,3.434954723457495E-03
2459336.500000000,-9.761947995659109E-02,2.977427186473523E-01,3.328521643013641E-02,-3.238228827933031E-02,-7.725790840751024E-03,2.339111252744141E-03
2459340.500000000,-2.171204975032232E-01,2.462368542198067E-01,4.003819068557523E-02,-2.679896268767591E-02,-1.748745616842430E-02,1.029258994988053E-03
2459344.500000000,-3.089213284871730E-01,1.626273550439803E-01,4.162681151922112E-02,-1.888543698104445E-02,-2.370988163519683E-02,-2.051280492827706E-04
2459348.500000000,-3.675497990950863E-01,6.109617756364269E-02,3.870801836682908E-02,-1.045374823201330E-02,-2.654631338560540E-02,-1.210353839131277E-03
2459352.500000000,-3.933066153585673E-01,-4.621189192735387E-02,3.230182816284057E-02,-2.568343007756510E-03,-2.673350375944225E-02,-1.948981281562637E-03
2459356.500000000,-3.894588381692232E-01,-1.502614092718124E-01,2.344627748441621E-02,4.305918340676095E-03,-2.503156144142183E-02,-2.440482126253179E-03
2459360.500000000,-3.603927737279108E-01,-2.447414924953897E-01,1.305942956276018E-02,1.003446003989115E-02,-2.203132057396848E-02,-2.720792667909076E-03
2459364.500000000,-3.107011310322130E-01,-3.253358236162359E-01,1.915292021525642E-03,1.462577072834251E-02,-1.814442278111907E-02,-2.824329519166354E-03
2459368.500000000,-2.448333613489510E-01,-3.890853487814256E-01,-9.336179565923341E-03,1.813180258271218E-02,-1.364587123929442E-02,-2.778330588270920E-03
2459372.500000000,-1.670280966591570E-01,-4.339342940410902E-01,-2.013818115433682E-02,2.060092552603304E-02,-8.719127219655919E-03,-2.602224731865694E-03
2459376.500000000,-8.137562158333385E-02,-4.584392284420883E-01,-2.999755555070582E-02,2.205661437031884E-02,-3.492128872855213E-03,-2.308620099317512E-03
2459380.500000000,8.059842448018334E-03,-4.616051037329109E-01,-3.846017738329229E-02,2.248719132054853E-02,1.934639213990692E-03,-1.904656977422976E-03
2459384.500000000,9.708657735260541E-02,-4.428248494441152E-01,-4.509193131827220E-02,2.183974597604489E-02,7.463606221712485E-03,-1.393455350829997E-03
2459388.500000000,1.812114925503866E-01,-4.019188433317036E-01,-4.946598799291874E-02,2.001599445340776E-02,1.297376337148505E-02,-7.758883856828348E-04
2459392.500000000,2.554555949066950E-01,-3.392936600412435E-01,-5.115884950888483E-02,1.687175941186055E-02,1.828623282166583E-02,-5.334830825319834E-05
2459396.500000000,3.141859173391426E-01,-2.562668005144387E-01,-4.976146807794607E-02,1.222773443229093E-02,2.311446400166298E-02,7.671963695239439E-04
2459400.500000000,3.510426108153812E-01,-1.556318118532629E-01,-4.491873802022936E-02,5.911003771315192E-03,2.699347542373787E-02,1.663610091878363E-03
2459404.500000000,3.591567981939395E-01,-4.253821433355647E-02,-3.642138439530921E-02,-2.132185760609953E-03,2.919754772545645E-02,2.581519851294215E-03
2459408.500000000,3.320627269559603E-01,7.436707001147663E-02,-2.438290851908785E-02,-1.159209166021036E-02,2.871061879265798E-02,3.409483396920344E-03
2459412.500000000,2.658915672823601E-01,1.820712172508142E-01,-9.511795298498535E-03,-2.141197014224685E-02,2.443586779610826E-02,3.960937040686237E-03
2459416.500000000,1.629858450174640E-01,2.640980891656922E-01,6.630693371248642E-03,-2.954979445926130E-02,1.590168631125216E-02,4.010028086438726E-03
2459420.500000000,3.500948330831679E-02,3.050332324681619E-01,2.171500570133128E-02,-3.359409234978069E-02,4.241130725341749E-03,3.428143314416902E-03
2459424.500000000,-9.861361766419070E-02,2.975059693583617E-01,3.335708456145129E-02,-3.235363254086446E-02,-7.812271837087624E-03,2.329387495338020E-03
2459428.500000000,-2.179422540006547E-01,2.457005954851940E-01,4.006965967836470E-02,-2.674426384688602E-02,-1.754920978763104E-02,1.019168139351973E-03
2459432.500000000,-3.094997021080734E-01,1.619004125820538E-01,4.162027218899083E-02,-1.882080551694587E-02,-2.374380286546734E-02,-2.138516292566780E-04
2459436.500000000,-3.678691965924250E-01,6.028233531831095E-02,3.867054063452757E-02,-1.039021205377150E-02,-2.655685692176420E-02,-1.217061126032420E-03
2459440.500000000,-3.933838657395013E-01,-4.703152129124625E-02,3.224160709299364E-02,-2.511356854194823E-03,-2.672684239036015E-02,-1.953675861739270E-03
2459444.500000000,-3.893248931020806E-01,-1.510289625082310E-01,2.337090447785093E-02,4.354382988988515E-03,-2.501293472924915E-02,-2.443411351229539E-03
2459448.500000000,-3.600826723875539E-01,-2.454171348910026E-01,1.297539717289384E-02,1.007409540054696E-02,-2.200450865001262E-02,-2.722237405165157E-03
2459452.500000000,-3.102496722689809E-01,-3.258922731121942E-01,1.828044238126760E-03,1.465688385606239E-02,-1.811198219402166E-02,-2.824526997599703E-03
2459456.500000000,-2.442738002405624E-01,-3.895037195560357E-01,-9.422026741078476E-03,1.815480234410638E-02,-1.360950226418625E-02,-2.777457219648075E-03
2459460.500000000,-1.663922655410863E-01,-4.342013247101203E-01,-2.021860121767352E-02,2.061608934088405E-02,-8.679987487094289E-03,-2.600400285282862E-03
2459464.500000000,-8.069469530308290E-02,-4.585456138493516E-01,-3.006890412954459E-02,2.206398147536194E-02,-3.451074101242277E-03,-2.305917677545522E-03
2459468.500000000,8.754272116157253E-03,-4.615446865298172E-01,-3.851902768304356E-02,2.248650680976952E-02,1.976860234390568E-03,-1.901114198429324E-03
2459472.500000000,9.776124862026145E-02,-4.425945622978185E-01,-4.513495664515367E-02,2.183042498599965E-02,7.506164561697548E-03,-1.389086997907450E-03
2459476.500000000,1.818301110725257E-01,-4.015194551594055E-01,-4.948990244892276E-02,1.999710535518501E-02,1.301552710473822E-02,-7.707035893385427E-04
2459480.500000000,2.559774868093340E-01,-3.387315701341678E-01,-5.116043670639846E-02,1.684205734228781E-02,1.832545670962389E-02,-4.737891479442834E-05
2459484.500000000,3.145650549772632E-01,-2.555573396958932E-01,-4.973776595957409E-02,1.218583728679867E-02,2.314833865133034E-02,7.738432831418732E-04
2459488.500000000,3.512279553091185E-01,-1.548046603557138E-01,-4.486751561441141E-02,5.855924549114007E-03,2.701752833741140E-02,1.670654820417330E-03
2459492.500000000,3.590961172798053E-01,-4.164522874752517E-02,-3.634213313161694E-02,-2.199752963972888E-03,2.920511031708154E-02,2.588348745148129E-03
2459496.500000000,3.317138198692032E-01,7.524331056809024E-02,-2.427857067890523E-02,-1.166731885620292E-02,2.869323216965969E-02,3.414957463867882E-03
2459500.500000000,2.652449214432911E-01,1.828154580454353E-01,-9.390999052743459E-03,-2.148295628713294E-02,2.438655593020331E-02,3.963391117316873E-03
2459504.500000000,1.620939992702004E-01,2.645818819140489E-01,6.752542841480535E-03,-2.959815921861528E-02,1.582222934526910E-02,4.007922020047757E-03
2459508.500000000,3.399721865880026E-02,3.051634769380164E-01,2.181877774438317E-02,-3.360435356693711E-02,4.147514541500984E-03,3.421369324108838E-03
2459512.500000000,-9.958683744966720E-02,2.972723267137072E-01,3.342726406694994E-02,-3.232520270019832E-02,-7.897014871124061E-03,2.319784165205125E-03
2459516.500000000,-2.187454657825684E-01,2.451736881916183E-01,4.010000460683795E-02,-2.669046782373415E-02,-1.760963854919669E-02,1.009229862614369E-03
2459520.500000000,-3.100638585122854E-01,1.611869348691014E-01,4.161320283399045E-02,-1.875737257615426E-02,-2.377699634508685E-02,-2.224363505694299E-04
2459524.500000000,-3.681792301976475E-01,5.948376962076419E-02,3.863302304055845E-02,-1.032786639566907E-02,-2.656719877637178E-02,-1.223663594892974E-03
2459528.500000000,-3.934562215727959E-01,-4.783585736337857E-02,3.218169365110789E-02,-2.455400281361681E-03,-2.672034727582247E-02,-1.958300736826851E-03
2459532.500000000,-3.891897647000775E-01,-1.517823729918367E-01,2.329605880637534E-02,4.402022930190035E-03,-2.499469579987142E-02,-2.446299039149221E-03
2459536.500000000,-3.597742910984378E-01,-2.460804449793472E-01,1.289201562664967E-02,1.011309935384132E-02,-2.197819990792280E-02,-2.723660670028082E-03
2459540.500000000,-3.098021253766606E-01,-3.264385146053209E-01,1.741504157574679E-03,1.468752648711018E-02,-1.808009177574436E-02,-2.824716648632378E-03
2459544.500000000,-2.437197703575424E-01,-3.899141046675910E-01,-9.507155196736517E-03,1.817745738729588E-02,-1.357368905628862E-02,-2.776585722082303E-03
2459548.500000000,-1.657631432131031E-01,-4.344625606097263E-01,-2.029832649679167E-02,2.063100496160528E-02,-8.641384159547174E-03,-2.598585852061027E-03
2459552.500000000,-8.002131172468845E-02,-4.586482824692709E-01,-3.013961448289251E-02,2.207117750745479E-02,-3.410519404072694E-03,-2.303233663565461E-03
2459556.500000000,9.440613202924200E-03,-4.614824555355659E-01,-3.857733174034413E-02,2.248571986186275E-02,2.018632330627290E-03,-1.897599120320427E-03
2459560.500000000,9.842755776914969E-02,-4.423641285016888E-01,-4.517756516518151E-02,2.182106999182144E-02,7.548341120473359E-03,-1.384755435998221E-03
2459564.500000000,1.824403699163096E-01,-4.011212824040044E-01,-4.951356100575004E-02,1.997825096736849E-02,1.305699500091354E-02,-7.655616597811239E-04
2459568.500000000,2.564912797107099E-01,-3.381716710224641E-01,-5.116194123100697E-02,1.681244732282680E-02,1.836449252398993E-02,-4.145187783948968E-05
2459572.500000000,3.149365217108285E-01,-2.548505710032589E-01,-4.971413369533758E-02,1.214405347209541E-02,2.318215341341447E-02,7.804581316228043E-04
2459576.500000000,3.514060141616564E-01,-1.539801724320771E-01,-4.481645149174749E-02,5.800910042226766E-03,2.704165324442309E-02,1.677689344203797E-03
2459580.500000000,3.590281495798379E-01,-4.075441601397297E-02,-3.626301978853617E-02,-2.267403037307025E-03,2.921283284206310E-02,2.595199233022554E-03
2459584.500000000,3.313568432256986E-01,7.611799470952441E-02,-2.417421643148262E-02,-1.174286388044467E-02,2.867596382950043E-02,3.420486009615925E-03
2459588.500000000,2.645884674535629E-01,1.835581822054997E-01,-9.269927964245434E-03,-2.155447530062057E-02,2.433710723728453E-02,3.965915160217159E-03
2459592.500000000,1.611901174688788E-01,2.650627804741561E-01,6.874919176062001E-03,-2.964705202786939E-02,1.574220639459547E-02,4.005865309727758E-03
2459596.500000000,3.297138274459690E-02,3.052877702746803E-01,2.192317613833722E-02,-3.361480312242644E-02,4.052974320023400E-03,3.414592736007408E-03
2459600.500000000,-1.005733598140048E-01,2.970288521127114E-01,3.349795194195797E-02,-3.229644634253229E-02,-7.982709532916720E-03,2.310127752502252E-03
2459604.500000000,-2.195597982456424E-01,2.446336724086162E-01,4.013059173200424E-02,-2.663594527390034E-02,-1.767071213240568E-02,9.992173244650071E-04
2459608.500000000,-3.106358588111030E-01,1.604586472890991E-01,4.160608871524901E-02,-1.869307161142111E-02,-2.381039115804273E-02,-2.310863067188594E-04
2459612.500000000,-3.684937370212567E-01,5.867041528701348E-02,3.859524648313169E-02,-1.026473183110031E-02,-2.657734666731774E-02,-1.230306656900830E-03
2459616.500000000,-3.935302645108412E-01,-4.865362815446982E-02,3.212141266432229E-02,-2.398850533920506E-03,-2.671339265998713E-02,-1.962939852937545E-03
2459620.500000000,-3.890543994244967E-01,-1.525470740730422E-01,2.322083222341848E-02,4.450032550319567E-03,-2.497586428451913E-02,-2.449180448814725E-03
2459624.500000000,-3.594646043809493E-01,-2.467525847198032E-01,1.280830596141237E-02,1.015227482964546E-02,-2.195126708086123E-02,-2.725065140324204E-03
2459628.500000000,-3.093529032118570E-01,-3.269911401307486E-01,1.654723935202119E-03,1.471819154050631E-02,-1.804761055590111E-02,-2.824882137708801E-03
2459632.500000000,-2.431641830863280E-01,-3.903286366135628E-01,-9.592425105920023E-03,1.820003983961388E-02,-1.353735128663017E-02,-2.775689655362300E-03
2459636.500000000,-1.651328617632555E-01,-4.347259952410871E-01,-2.037809849471723E-02,2.064580120167596E-02,-8.602331139012109E-03,-2.596748793044521E-03
2459640.500000000,-7.934727782919804E-02,-4.587514884656504E-01,-3.021028502034617E-02,2.207824320960150E-02,-3.369581135697451E-03,-2.300528785047322E-03
2459644.500000000,1.012709647037541E-02,-4.614193272760842E-01,-3.863551254875409E-02,2.248481081580372E-02,2.060742287535122E-03,-1.894062676403096E-03
2459648.500000000,9.909354018830208E-02,-4.421314928232328E-01,-4.521995810645388E-02,2.181160089382110E-02,7.590836922120823E-03,-1.380398405932119E-03
2459652.500000000,1.830498301837074E-01,-4.007196209327624E-01,-4.953688694983095E-02,1.995926952075647E-02,1.309879134761319E-02,-7.603859606511848E-04
2459656.500000000,2.570036736291562E-01,-3.376069162566842E-01,-5.116295427009994E-02,1.678265548934972E-02,1.840388512190468E-02,-3.547847681067635E-05
2459660.500000000,3.153056537761381E-01,-2.541374647013012E-01,-4.968979295864798E-02,1.210197215873389E-02,2.321634851301115E-02,7.871355817203758E-04
2459664.500000000,3.515801985405328E-01,-1.531478527754438E-01,-4.476439377402694E-02,5.745411684480388E-03,2.706613116869457E-02,1.684803520722915E-03
2459668.500000000,3.589539079051682E-01,-3.985460324124968E-02,-3.618256947029214E-02,-2.335772317406497E-03,2.922075949357607E-02,2.602139639812507E-03
2459672.500000000,3.309902915572436E-01,7.700188326507847E-02,-2.406817708307588E-02,-1.181932010855048E-02,2.865855811810459E-02,3.426093746088813E-03
2459676.500000000,2.639187505658522E-01,1.843085630300380E-01,-9.146935589667999E-03,-2.162687182562123E-02,2.428700403948914E-02,3.968471378212744E-03
2459680.500000000,1.602701666124574E-01,2.655477021207199E-01,6.999193081403747E-03,-2.969640448634396E-02,1.566105841331674E-02,4.003761493656239E-03
2459684.500000000,3.192897487422823E-02,3.054112406482429E-01,2.202912805530646E-02,-3.362502986982622E-02,3.957218520790006E-03,3.407696788070438E-03
2459688.500000000,-1.015743410899165E-01,2.967802886206798E-01,3.356965065511200E-02,-3.226690732872821E-02,-8.069265196269037E-03,2.300329026522020E-03
2459692.500000000,-2.203849396223197E-01,2.440861537258849E-01,4.016165972210943E-02,-2.658044142096402E-02,-1.773213438851640E-02,9.890878318320182E-04
2459696.500000000,-3.112148508319398E-01,1.597223120874295E-01,4.159907263531047E-02,-1.862787539147419E-02,-2.384374106663902E-02,-2.398103360772246E-04
2459700.500000000,-3.688120307525512E-01,5.784966192099840E-02,3.855734906321072E-02,-1.020089589943672E-02,-2.658724370401094E-02,-1.236987142602038E-03
2459704.500000000,-3.936056774979545E-01,-4.947762096593798E-02,3.206091233286782E-02,-2.341787898848847E-03,-2.670611703788841E-02,-1.967592948654470E-03
2459708.500000000,-3.889186585684195E-01,-1.533166982132892E-01,2.314535812950054E-02,4.498409880254351E-03,-2.495671154110362E-02,-2.452063453146786E-03
2459712.500000000,-3.591532895602689E-01,-2.474284108151883E-01,1.272435510532176E-02,1.019171484789322E-02,-2.192403916878236E-02,-2.726465669514550E-03
2459716.500000000,-3.089011511813454E-01,-3.275463336381542E-01,1.567723296613318E-03,1.474904645276916E-02,-1.801486504774660E-02,-2.825041519509637E-03
2459720.500000000,-2.426054293018348E-01,-3.907447360229799E-01,-9.677888830152937E-03,1.822275225785217E-02,-1.350077682594135E-02,-2.774786463901382E-03
2459724.500000000,-1.644990044608486E-01,-4.349900994518940E-01,-2.045803391202020E-02,2.066067235856884E-02,-8.563065489728613E-03,-2.594903620169805E-03
2459728.500000000,-7.866947923721859E-02,-4.588545607525177E-01,-3.028108408547340E-02,2.208532804740400E-02,-3.328454252166044E-03,-2.297814540036377E-03
2459732.500000000,1.081730537797583E-02,-4.613553666860916E-01,-3.869378185197919E-02,2.248386276581578E-02,2.103011566638567E-03,-1.890515631098699E-03
2459736.500000000,9.976297448174995E-02,-4.418974638813411E-01,-4.526239565452580E-02,2.180203417440899E-02,7.633451495428640E-03,-1.376030215819788E-03
2459740.500000000,1.836622415162917E-01,-4.003161995604266E-01,-4.956021423162973E-02,1.994013676901344E-02,1.314064901298407E-02,-7.552001422890755E-04
2459744.500000000,2.575183280810478E-01,-3.370403057681592E-01,-5.116393459644195E-02,1.675267316567061E-02,1.844326063952321E-02,-2.949872764111096E-05
2459748.500000000,3.156762517067840E-01,-2.534227636058095E-01,-4.966540807962260E-02,1.205969041276118E-02,2.325042705172476E-02,7.938116347376182E-04
2459752.500000000,3.517551060786429E-01,-1.523146275876067E-01,-4.471232124597132E-02,5.689752647404605E-03,2.709038031435930E-02,1.691903543487746E-03
2459756.500000000,3.588799441399197E-01,-3.895501073168280E-02,-3.610219492779676E-02,-2.404189720883981E-03,2.922835746280924E-02,2.609048223238164E-03
2459760.500000000,3.306241915789635E-01,7.788413245530454E-02,-2.396237982826565E-02,-1.189562839764953E-02,2.864078824913440E-02,3.431650479838884E-03
2459764.500000000,2.632505565489174E-01,1.850559978741031E-01,-9.024416119183027E-03,-2.169888181564477E-02,2.423664094148602E-02,3.970965828793106E-03
2459768.500000000,1.593536399494671E-01,2.660291462641299E-01,7.122762392292015E-03,-2.974522319089861E-02,1.557992968488985E-02,4.001608516466852E-03
2459772.500000000,3.089202578656030E-02,3.055319977333178E-01,2.213425089905369E-02,-3.363481880288038E-02,3.861815276030877E-03,3.400791028417465E-03
2459776.500000000,-1.025686804174303E-01,2.965308343960626E-01,3.364057183422584E-02,-3.223723264735404E-02,-8.155303451208072E-03,2.290563899672137E-03
2459780.500000000,-2.212035226985456E-01,2.435397421073906E-01,4.019213769104595E-02,-2.652509736152844E-02,-1.779310619796970E-02,9.790140536539149E-04
2459784.500000000,-3.117882841543992E-01,1.589885477392344E-01,4.159169358244520E-02,-1.856299378816344E-02,-2.387681495627902E-02,-2.484794382667797E-04
2459788.500000000,-3.691261136168009E-01,5.703224535603560E-02,3.851928710006269E-02,-1.013740356005280E-02,-2.659702605812244E-02,-1.243624102311862E-03
2459792.500000000,-3.936781973091529E-01,-5.029805173538032E-02,3.200039622938761E-02,-2.285034571729305E-03,-2.669883424558811E-02,-1.972214893767977E-03
2459796.500000000,-3.887811576713288E-01,-1.540828633288436E-01,2.306997238542361E-02,4.546530793819793E-03,-2.493761075644813E-02,-2.454925024473824E-03
2459800.500000000,-3.588411349614648E-01,-2.481010479269555E-01,1.264056384099018E-02,1.023095025972959E-02,-2.189689025308753E-02,-2.727851590742048E-03
2459804.500000000,-3.084492845325749E-01,-3.280986756058591E-01,1.480930543244954E-03,1.477974231055704E-02,-1.798220703785782E-02,-2.825191113722432E-03
2459808.500000000,-2.420471159307853E-01,-3.911583335021586E-01,-9.763113251196505E-03,1.824534537273394E-02,-1.346428854471025E-02,-2.773877234073132E-03
2459812.500000000,-1.638659929439588E-01,-4.352520353218300E-01,-2.053771249793230E-02,2.067545943709136E-02,-8.523879952409530E-03,-2.593055663958040E-03
2459816.500000000,-7.799279942066441E-02,-4.589557695894435E-01,-3.035162114807086E-02,2.209235968627863E-02,-3.287399571801042E-03,-2.295100433190219E-03
2459820.500000000,1.150623573925677E-02,-4.612898155971280E-01,-3.875179485209802E-02,2.248288700252717E-02,2.145216378042540E-03,-1.886971212524942E-03
2459824.500000000,1.004310590537037E-01,-4.416620905058578E-01,-4.530459148244952E-02,2.179245831973707E-02,7.676006832134455E-03,-1.371666600293185E-03
2459828.500000000,1.842732908490826E-01,-3.999116697994629E-01,-4.958332123192385E-02,1.992100575843098E-02,1.318244643826823E-02,-7.500204297021438E-04
2459832.500000000,2.580316384273756E-01,-3.364728486637098E-01,-5.116472221514420E-02,1.672269738885494E-02,1.848256293325837E-02,-2.352676112449370E-05
2459836.500000000,3.160455404743748E-01,-2.527075654668256E-01,-4.964086691459671E-02,1.201742065685468E-02,2.328440027242870E-02,8.004769043031504E-04
2459840.500000000,3.519287862521773E-01,-1.514814305258788E-01,-4.466014643825197E-02,5.634127047805237E-03,2.711446830509691E-02,1.698986658145292E-03
2459844.500000000,3.588049943397086E-01,-3.805623165757280E-02,-3.602180587467187E-02,-2.472510378032937E-03,2.923572364449413E-02,2.615928971218058E-03
2459848.500000000,3.302577305789733E-01,7.876453418911732E-02,-2.385670830271203E-02,-1.197170852458067E-02,2.862274391028849E-02,3.437164705735731E-03
2459852.500000000,2.625832794180596E-01,1.858005749280061E-01,-8.902216718526359E-03,-2.177047760624610E-02,2.418607399935501E-02,3.973407510254448E-03
2459856.500000000,1.584399957708643E-01,2.665073552680667E-01,7.245809920070842E-03,-2.979349682506605E-02,1.549884411613970E-02,3.999411830903769E-03
2459860.500000000,2.986006420281532E-02,3.056503597588895E-01,2.223873938320987E-02,-3.364414299185368E-02,3.766784517160747E-03,3.393876121453722E-03
2459864.500000000,-1.035567056244546E-01,2.962809314486806E-01,3.371090750609379E-02,-3.220738050287607E-02,-8.240779504915944E-03,2.280831024879074E-03
2459868.500000000,-2.220157174203262E-01,2.429951110751933E-01,4.022221403058089E-02,-2.646987987967566E-02,-1.785355997590648E-02,9.689958254504447E-04
2459872.500000000,-3.123562397254476E-01,1.582582969967043E-01,4.158414211132897E-02,-1.849841599865885E-02,-2.390955121549360E-02,-2.570926668920271E-04
2459876.500000000,-3.694360605292970E-01,5.621929618636094E-02,3.848125307234468E-02,-1.007426047892456E-02,-2.660666450545634E-02,-1.250217986561012E-03
2459880.500000000,-3.937479314702524E-01,-5.111375705184634E-02,3.194004827826093E-02,-2.228599084843979E-03,-2.669155753653183E-02,-1.976809760741207E-03
2459884.500000000,-3.886420286038917E-01,-1.548445427267899E-01,2.299483417326838E-02,4.594392213682114E-03,-2.491861640712284E-02,-2.457773398606603E-03
2459888.500000000,-3.585282755286503E-01,-2.487697639621207E-01,1.255705176843673E-02,1.026998138643477E-02,-2.186991288082504E-02,-2.729234150203412E-03
2459892.500000000,-3.079974480664981E-01,-3.286478815636931E-01,1.394418004813718E-03,1.481027135510916E-02,-1.794976861125048E-02,-2.825342865517444E-03
2459896.500000000,-2.414894623917481E-01,-3.915697652720490E-01,-9.848070748411300E-03,1.826778676735632E-02,-1.342806677782854E-02,-2.772971965444967E-03
2459900.500000000,-1.632342517039300E-01,-4.355129821419929E-01,-2.061713953836612E-02,2.069009038057721E-02,-8.485018869544990E-03,-2.591211245984115E-03
2459904.500000000,-7.731804139319559E-02,-4.590574344089918E-01,-3.042192000898405E-02,2.209922135466369E-02,-3.246746728634339E-03,-2.292389781307301E-03
2459908.500000000,1.219254598101638E-02,-4.612265232302809E-01,-3.880958883197343E-02,2.248173507187608E-02,2.186917296835679E-03,-1.883433828051363E-03
2459912.500000000,1.010958531226807E-01,-4.414312386811070E-01,-4.534661469333654E-02,2.178273072523623E-02,7.717930663902368E-03,-1.367320556921108E-03
2459916.500000000,1.848805836696105E-01,-3.995144757514327E-01,-4.960636255192709E-02,1.990180568060691E-02,1.322346651236060E-02,-7.448783568604239E-04
2459920.500000000,2.585412238037218E-01,-3.359161279199958E-01,-5.116565279177997E-02,1.669282370032159E-02,1.852094580907835E-02,-1.762326826342541E-05
2459924.500000000,3.164120441579433E-01,-2.520069940585167E-01,-4.961682081765192E-02,1.197553962255922E-02,2.331736137413839E-02,8.070332960467128E-04
2459928.500000000,3.521020178501342E-01,-1.506668980725916E-01,-4.460899094781678E-02,5.579300071144462E-03,2.713757919922673E-02,1.705916753864639E-03
2459932.500000000,3.587337561048588E-01,-3.717957935217724E-02,-3.594312318757215E-02,-2.539545388452068E-03,2.924238530847033E-02,2.622622554922794E-03
2459936.500000000,3.299010110758405E-01,7.962108965095725E-02,-2.375350912074717E-02,-1.204609228067282E-02,2.860460430658375E-02,3.442490983744278E-03
2459940.500000000,2.619328078272473E-01,1.865226778287249E-01,-8.783148367477657E-03,-2.184032447092446E-02,2.413632131385753E-02,3.975718827848978E-03
2459944.500000000,1.575492469028803E-01,2.669682030285065E-01,7.365421989374231E-03,-2.984058319880356E-02,1.541945159022679E-02,3.997200193541660E-03
2459948.500000000,2.885373698325529E-02,3.057590371461810E-01,2.233998598236065E-02,-3.365332471998354E-02,3.673771947688422E-03,3.387067467708752E-03
2459952.500000000,-1.045205609574151E-01,2.960287950672915E-01,3.377857184266865E-02,-3.217833533458295E-02,-8.324652197600391E-03,2.271263519304100E-03
2459956.500000000,-2.228079847104815E-01,2.424531462835067E-01,4.025027043812194E-02,-2.641587730300493E-02,-1.791318049351205E-02,9.591282961895501E-04
2459960.500000000,-3.129090834406602E-01,1.575326500916072E-01,4.157508067296625E-02,-1.843497221808971E-02,-2.394210804287137E-02,-2.656033445181219E-04
2459964.500000000,-3.697348769388499E-01,5.541084987736287E-02,3.844202636611767E-02,-1.001196053441915E-02,-2.661648403390671E-02,-1.256753247306569E-03
2459968.500000000,-3.938093007328161E-01,-5.192597585104881E-02,3.187868412030933E-02,-2.172712771798368E-03,-2.668457529225368E-02,-1.981371856268850E-03
2459972.500000000,-3.884962708193375E-01,-1.556038823104585E-01,2.291878768171423E-02,4.641919552759719E-03,-2.489988440777740E-02,-2.460598320085691E-03
2459976.500000000,-3.582098394719720E-01,-2.494370056999573E-01,1.247272453488052E-02,1.030880767639818E-02,-2.184309960369230E-02,-2.730592491281854E-03
2459980.500000000,-3.075407067484318E-01,-3.291960336194944E-01,1.307195842819161E-03,1.484066104270245E-02,-1.791737506097897E-02,-2.825465888225575E-03
2459984.500000000,-2.409273958432531E-01,-3.919800815083688E-01,-9.933614711745713E-03,1.829011748680303E-02,-1.339177004022837E-02,-2.772034222655761E-03
2459988.500000000,-1.625985119703977E-01,-4.357722833664623E-01,-2.069702011111115E-02,2.070462321214057E-02,-8.445968807861942E-03,-2.589333283757595E-03
2459992.500000000,-7.663966396774820E-02,-4.591564791446051E-01,-3.049253933705301E-02,2.210599050124979E-02,-3.205796232163157E-03,-2.289646207256471E-03
2459996.500000000,1.288210103639617E-02,-4.611592055160294E-01,-3.886757112482128E-02,2.248048572285779E-02,2.229023465849741E-03,-1.879862746097800E-03
2460000.500000000,1.017634546619822E-01,-4.411945196599891E-01,-4.538868204371820E-02,2.177287611105049E-02,7.760371008083893E-03,-1.362935004131515E-03
2460004.500000000,1.854900426303317E-01,-3.991091195365296E-01,-4.962926534369246E-02,1.988240189453324E-02,1.326511745684208E-02,-7.396829306592304E-04
2460008.500000000,2.590518868259321E-01,-3.353485067464810E-01,-5.116618763636246E-02,1.666259445936780E-02,1.856006281115740E-02,-1.164286749172028E-05
2460012.500000000,3.167777314459975E-01,-2.512924521364204E-01,-4.959200868069629E-02,1.193304807707470E-02,2.335111012267116E-02,8.136991874150062E-04
2460016.500000000,3.522712884422975E-01,-1.498353284743892E-01,-4.455655846182285E-02,5.523493446017183E-03,2.716140647653753E-02,1.712992605113564E-03
2460020.500000000,3.586537667802677E-01,-3.628354272631393E-02,-3.586252155667351E-02,-2.607998274483571E-03,2.924945391657246E-02,2.629487886381040E-03
2460024.500000000,3.295291073892343E-01,8.049747147644974E-02,-2.364770567031393E-02,-1.212223660258465E-02,2.858621714890182E-02,3.447979801249847E-03
2460028.500000000,2.612600391634378E-01,1.872617697269246E-01,-8.660944389172493E-03,-2.191187085199695E-02,2.408536799977523E-02,3.978121758599282E-03
2460032.500000000,1.566306240155408E-01,2.674393739088285E-01,7.488291974796571E-03,-2.988864539300301E-02,1.533799062747213E-02,3.994952089026905E-03
2460036.500000000,2.781794828077204E-02,3.058690440236742E-01,2.244408149582447E-02,-3.366229586457243E-02,3.578472539392212E-03,3.380098485435474E-03
2460040.500000000,-1.055108612187912E-01,2.957697668620776E-01,3.384831304888424E-02,-3.214807503273624E-02,-8.410243900889873E-03,2.261485292857413E-03
2460044.500000000,-2.236208275856528E-01,2.418992090298271E-01,4.027959594043277E-02,-2.636026109447080E-02,-1.797361374888364E-02,9.490773679946095E-04
2460048.500000000,-3.134761574635563E-01,1.567934072547440E-01,4.156667317052987E-02,-1.837003141266122E-02,-2.397471068605351E-02,-2.742364623410602E-04
2460052.500000000,-3.700425928912716E-01,5.458964268586322E-02,3.840308272255009E-02,-9.948508971777287E-03,-2.662589179662538E-02,-1.263354000573056E-03
2460056.500000000,-3.938757090000570E-01,-5.274885350610770E-02,3.181742486028913E-02,-2.116040673199628E-03,-2.667699008538164E-02,-1.985960842797332E-03
2460060.500000000,-3.883530299976213E-01,-1.563713823820787E-01,2.284278488737156E-02,4.689936718780478E-03,-2.488052648279044E-02,-2.463429561461096E-03
2460064.500000000,-3.578924054023709E-01,-2.501100123272764E-01,1.238843482606788E-02,1.034791568741006E-02,-2.181572354851778E-02,-2.731949188793969E-03
2460068.500000000,-3.070841285014331E-01,-3.297478870714915E-01,1.220021577192584E-03,1.487119919501485E-02,-1.788451500010313E-02,-2.825586060652047E-03
2460072.500000000,-2.403650727995191E-01,-3.923924341190268E-01,-1.001910112123930E-02,1.831251654810243E-02,-1.335510620957115E-02,-2.771094563424579E-03
2460076.500000000,-1.619623453791207E-01,-4.360323325282311E-01,-2.077683643895772E-02,2.071917683469663E-02,-8.406638811519804E-03,-2.587453639232150E-03
2460080.500000000,-7.596084140594141E-02,-4.592552952272723E-01,-3.056308528848292E-02,2.211274980614307E-02,-3.164633984280190E-03,-2.286899455233116E-03
2460084.500000000,1.357201273027436E-02,-4.610909149643074E-01,-3.892546172923241E-02,2.247920240499911E-02,2.271293138081751E-03,-1.876285486981824E-03
2460088.500000000,1.024312290940878E-01,-4.409562414863091E-01,-4.543062543096871E-02,2.176296308541766E-02,7.802943370973999E-03,-1.358539391403422E-03
2460092.500000000,1.860993837485646E-01,-3.987017199222235E-01,-4.965199545189741E-02,1.986290989108784E-02,1.330687966969734E-02,-7.344731702249883E-04
2460096.500000000,2.595620044425106E-01,-3.347784330866918E-01,-5.116648382475788E-02,1.663223783170957E-02,1.859927261729743E-02,-5.643851544011308E-06
2460100.500000000,3.171422664043264E-01,-2.505751366683911E-01,-4.956687574778258E-02,1.189037860028612E-02,2.338492384146532E-02,8.203873412465922E-04
2460104.500000000,3.524385792822639E-01,-1.490008203396075E-01,-4.450371195166647E-02,5.467450610596832E-03,2.718524548197488E-02,1.720092266743778E-03
2460108.500000000,3.585707471062964E-01,-3.538469759445401E-02,-3.578141526606297E-02,-2.676736060390028E-03,2.925643714642825E-02,2.636373557684006E-03
2460112.500000000,3.291530113153421E-01,8.137603907677582E-02,-2.354133777692675E-02,-1.219866380784123E-02,2.856759670168127E-02,3.453476315319316E-03
2460116.500000000,2.605821224585589E-01,1.880017836670830E-01,-8.538189338154345E-03,-2.198359044642462E-02,2.403402103379776E-02,3.980508721264167E-03
2460120.500000000,1.557065858766857E-01,2.679097023744603E-01,7.611593928974794E-03,-2.993665380271575E-02,1.525606608335776E-02,3.992661224026827E-03
2460124.500000000,2.677745510996582E-02,3.059764997244092E-01,2.254840504397251E-02,-3.367097772189381E-02,3.482810001632085E-03,3.373073860018852E-03
2460128.500000000,-1.065044412044305E-01,2.955071309062420E-01,3.391807039955261E-02,-3.211741842649189E-02,-8.495996045575311E-03,2.251659773632470E-03
2460132.500000000,-2.244353901645364E-01,2.413413898196397E-01,4.030878496283205E-02,-2.630427766402570E-02,-1.803403627430405E-02,9.389978740783238E-04
2460136.500000000,-3.140436453319867E-01,1.560505335998612E-01,4.155805001147958E-02,-1.830480767287009E-02,-2.400721062791891E-02,-2.828815174469339E-04
2460140.500000000,-3.703497583368618E-01,5.376530176218427E-02,3.836389905959740E-02,-9.884855230044558E-03,-2.663515996451940E-02,-1.269955934512725E-03
2460144.500000000,-3.939408854614191E-01,-5.357427706150073E-02,3.175593432879133E-02,-2.059226523986834E-03,-2.666925280686075E-02,-1.990544876293458E-03
2460148.500000000,-3.882080761065656E-01,-1.571408091248149E-01,2.276657800625679E-02,4.738055356147542E-03,-2.486101146832354E-02,-2.466252511783652E-03
2460152.500000000,-3.575729077336967E-01,-2.507843084826347E-01,1.230397801378456E-02,1.038709962039451E-02,-2.178818577641295E-02,-2.733295894209214E-03
2460156.500000000,-3.066252157230234E-01,-3.303003703035534E-01,1.132721873429668E-03,1.490179827621915E-02,-1.785148627069507E-02,-2.825695509085450E-03
2460160.500000000,-2.398001908619563E-01,-3.928047221690575E-01,-1.010466940644772E-02,1.833496742288795E-02,-1.331826321898753E-02,-2.770143868219528E-03
2460164.500000000,-1.613234288353954E-01,-4.362915726120704E-01,-2.085668965696733E-02,2.073377382891296E-02,-8.367115005281497E-03,-2.585562450160216E-03
2460168.500000000,-7.527911945972122E-02,-4.593524909269604E-01,-3.063361962744308E-02,2.211953917905030E-02,-3.123259321960886E-03,-2.284139804850446E-03
2460172.500000000,1.426490104659310E-02,-4.610201130425952E-01,-3.898328417755743E-02,2.247792545732963E-02,2.313795975334227E-03,-1.872692589889100E-03
2460176.500000000,1.031019331075331E-01,-4.407144804779775E-01,-4.547242986732293E-02,2.175301719480023E-02,7.845767371290424E-03,-1.354123740012361E-03
2460180.500000000,1.867114124899433E-01,-3.982898096590621E-01,-4.967449509558283E-02,1.984332632804640E-02,1.334890145051740E-02,-7.292374965663938E-04
2460184.500000000,2.600742920556288E-01,-3.342028318571021E-01,-5.116643303934511E-02,1.660171086611461E-02,1.863872584892486E-02,3.874460632769858E-07
2460188.500000000,3.175081085348323E-01,-2.498514212963528E-01,-4.954125644674325E-02,1.184744723464577E-02,2.341892107386111E-02,8.271123137055467E-04
2460192.500000000,3.526059586842870E-01,-1.481594061341362E-01,-4.445023205691335E-02,5.411065563242413E-03,2.720914114739112E-02,1.727227102455536E-03
2460196.500000000,3.584863801033608E-01,-3.447910676503319E-02,-3.569955791918989E-02,-2.745832850505728E-03,2.926327112461949E-02,2.643280246310012E-03
2460200.500000000,3.287743239717758E-01,8.226025907097757E-02,-2.343419210722390E-02,-1.227532314647134E-02,2.854858002281300E-02,3.458962235909151E-03
2460204.500000000,2.599012695918431E-01,1.887455001795971E-01,-8.414784013067597E-03,-2.205521981327164E-02,2.398212891738191E-02,3.982842244256816E-03
2460208.500000000,1.547808011581202E-01,2.683817225221192E-01,7.735266084508608E-03,-2.998416580269583E-02,1.517374138397978E-02,3.990289279577119E-03
2460212.500000000,2.573770209680412E-02,3.060848778002253E-01,2.265279096438308E-02,-3.367897351922276E-02,3.387194782438710E-03,3.365984550444540E-03
2460216.500000000,-1.074948132751570E-01,2.952465613259543E-01,3.398772932802934E-02,-3.208627194880994E-02,-8.581254759867906E-03,2.241821388085285E-03
2460220.500000000,-2.252455706387935E-01,2.407880524333819E-01,4.033792835491733E-02,-2.624820626741203E-02,-1.809379850123497E-02,9.289542945006206E-04
2460224.500000000,-3.146071390674717E-01,1.553146396846011E-01,4.154958000229791E-02,-1.823984259496385E-02,-2.403915575554425E-02,-2.914677476492890E-04
2460228.500000000,-3.706543921658811E-01,5.294971628544026E-02,3.832510858880152E-02,-9.821646859704661E-03,-2.664410416860298E-02,-1.276499732003507E-03
2460232.500000000,-3.940054419734318E-01,-5.439013802148343E-02,3.169504506919801E-02,-2.002903765709209E-03,-2.666143137584716E-02,-1.995084292123658E-03
2460236.500000000,-3.880644063485612E-01,-1.579007478437713E-01,2.269111600504806E-02,4.785723497129607E-03,-2.484160892525081E-02,-2.469048440682819E-03
2460240.500000000,-3.572563405261940E-01,-2.514498684350011E-01,1.222033985475278E-02,1.042591469673314E-02,-2.176090261906455E-02,-2.734632360682477E-03
2460244.500000000,-3.061705241700963E-01,-3.308453385522979E-01,1.046252859476385E-03,1.493212092093416E-02,-1.781880656070688E-02,-2.825808632131455E-03
2460248.500000000,-2.392404585963906E-01,-3.932110193455235E-01,-1.018944409535421E-02,1.835722880675796E-02,-1.328182854639492E-02,-2.769207537124345E-03
2460252.500000000,-1.606902659173589E-01,-4.365465353353800E-01,-2.093582358527377E-02,2.074825613155193E-02,-8.328037078409971E-03,-2.583693696746888E-03
2460256.500000000,-7.460348143699350E-02,-4.594472500213771E-01,-3.070353785579391E-02,2.212627627181163E-02,-3.082358451010843E-03,-2.281409170457342E-03
2460260.500000000,1.495160671675270E-02,-4.609488245039230E-01,-3.904061932908380E-02,2.247665068978579E-02,2.355796901902922E-03,-1.869135191810861E-03
2460264.500000000,1.037665712071427E-01,-4.404743075701312E-01,-4.551390407289149E-02,2.174312850817447E-02,7.888054431522922E-03,-1.349751485800745E-03
2460268.500000000,1.873177336034294E-01,-3.978817203345619E-01,-4.969685848495003E-02,1.982386816796125E-02,1.339034249870218E-02,-7.240560058801587E-04
2460272.500000000,2.605815563915819E-01,-3.336334684207788E-01,-5.116649083203961E-02,1.657140713276407E-02,1.867755213750689E-02,6.349802821000063E-06
2460276.500000000,3.178700925259706E-01,-2.491365195102068E-01,-4.951605767962593E-02,1.180488446989840E-02,2.345226305148288E-02,8.337497307363273E-04
2460280.500000000,3.527713427286259E-01,-1.473293933984129E-01,-4.439756268033530E-02,5.355252975985806E-03,2.723241290264451E-02,1.734254816042214E-03
2460284.500000000,3.584027935026537E-01,-3.358715420215220E-02,-3.561896907877111E-02,-2.814111224826359E-03,2.926963772731836E-02,2.650067221221836E-03
2460288.500000000,3.284001454878945E-01,8.312959594472243E-02,-2.332878699993807E-02,-1.235095349309051E-02,2.852944311478633E-02,3.464336662429065E-03
2460292.500000000,2.592291737715994E-01,1.894748626327351E-01,-8.293491863492394E-03,-2.212580163658270E-02,2.393064178854228E-02,3.985107431139822E-03
2460296.500000000,1.538674393709975E-01,2.688420926459997E-01,7.856696300100592E-03,-3.003095345067045E-02,1.509233642296730E-02,3.987924937994039E-03
2460300.500000000,2.471212490884431E-02,3.061858304063585E-01,2.275512507031533E-02,-3.368683922321034E-02,3.292699312605907E-03,3.358978768068076E-03
2460304.500000000,-1.084716378479787E-01,2.949827165182716E-01,3.405575815767280E-02,-3.205553018842505E-02,-8.665617505847264E-03,2.232101622447026E-03
2460308.500000000,-2.260443815234748E-01,2.402341891687346E-01,4.036590512425654E-02,-2.619276253550419E-02,-1.815308879678941E-02,9.190177807615214E-04
2460312.500000000,-3.151617364292099E-01,1.545793491766716E-01,4.154030849646820E-02,-1.817545444221799E-02,-2.407098279445001E-02,-2.999796184744414E-04
2460316.500000000,-3.709521308291276E-01,5.213477640049428E-02,3.828575008700663E-02,-9.758856702939687E-03,-2.665311840558294E-02,-1.282999645004848E-03
2460320.500000000,-3.940644675854000E-01,-5.520577859688453E-02,3.163372054183348E-02,-1.946852720931570E-03,-2.665373587253406E-02,-1.999599229111637E-03
2460324.500000000,-3.879160959914280E-01,-1.586609573311323E-01,2.261529632767893E-02,4.833207174752000E-03,-2.482231928338851E-02,-2.471828480030933E-03
2460328.500000000,-3.569358026711032E-01,-2.521160854870195E-01,1.213640385624733E-02,1.046456971805917E-02,-2.173369933536714E-02,-2.735953794831817E-03
2460332.500000000,-3.057125364361691E-01,-3.313912288997736E-01,9.595522230232467E-04,1.496226012298532E-02,-1.778618248527223E-02,-2.825903228718536E-03
2460336.500000000,-2.386782585440057E-01,-3.936184502068942E-01,-1.027436691884865E-02,1.837925686362570E-02,-1.324544862689671E-02,-2.768248053621103E-03
2460340.500000000,-1.600556800121352E-01,-4.368028974743458E-01,-2.101500622390036E-02,2.076245019542343E-02,-8.289042294562701E-03,-2.581798870055206E-03
2460344.500000000,-7.392766286782093E-02,-4.595438469307424E-01,-3.077340076532590E-02,2.213268411185025E-02,-3.041598175882909E-03,-2.278653361827546E-03
2460348.500000000,1.563714114898688E-02,-4.608800917174875E-01,-3.909780858973304E-02,2.247503540692233E-02,2.397576273774572E-03,-1.865558585236850E-03
2460352.500000000,1.044287227298232E-01,-4.402377621622289E-01,-4.555517662454947E-02,2.173293068302305E-02,7.930026223118775E-03,-1.345371460841671E-03
2460356.500000000,1.879204800064946E-01,-3.974787045806225E-01,-4.971902056559985E-02,1.980418430036760E-02,1.343137801122578E-02,-7.188832104462719E-04
2460360.500000000,2.610846035944200E-01,-3.330709429682931E-01,-5.116642136304335E-02,1.654101713798734E-02,1.871590817167945E-02,1.228341913538249E-05
2460364.500000000,3.182278794079654E-01,-2.484303824838804E-01,-4.949088869494282E-02,1.176242510160904E-02,2.348512329041472E-02,8.403375419417918E-04
2460368.500000000,3.529333744921136E-01,-1.465099614942809E-01,-4.434515820835055E-02,5.299760824936398E-03,2.725527448986670E-02,1.741215625169077E-03
2460372.500000000,3.583175463117386E-01,-3.270710760054184E-02,-3.553893260279291E-02,-2.881873377888476E-03,2.927576983475273E-02,2.656779500025110E-03
2460376.500000000,3.280266148735163E-01,8.398660365817578E-02,-2.322422340535679E-02,-1.242596930857694E-02,2.851034097390170E-02,3.469644200204723E-03
2460380.500000000,2.585600972812355E-01,1.901926288155206E-01,-8.173263259248902E-03,-2.219584560213993E-02,2.387947974300633E-02,3.987331102096195E-03
2460384.500000000,1.529587781706777E-01,2.692925772447671E-01,7.976965105134983E-03,-3.007746231557389E-02,1.501142940035679E-02,3.985553176118796E-03
2460388.500000000,2.369172355535983E-02,3.062788500098947E-01,2.285632144975499E-02,-3.369473753685368E-02,3.198640791032690E-03,3.351988732719669E-03
2460392.500000000,-1.094438240495186E-01,2.947122277397125E-01,3.412271755753326E-02,-3.202498858569253E-02,-8.749789046398400E-03,2.222396155936295E-03
2460396.500000000,-2.268393265474403E-01,2.396739345843136E-01,4.039283593659780E-02,-2.613747456531779E-02,-1.821242724618319E-02,9.090775248426108E-04
2460400.500000000,-3.157127901223301E-01,1.538372255740607E-01,4.152994058213290E-02,-1.811106445205024E-02,-2.410295550989652E-02,-3.085114285104716E-04
2460404.500000000,-3.712460044840357E-01,5.131247123418707E-02,3.824520249092720E-02,-9.695916073241637E-03,-2.666223421996018E-02,-1.289523802750863E-03
2460408.500000000,-3.941188335778573E-01,-5.602896104812213E-02,3.157112065707874E-02,-1.890566481919648E-03,-2.664601952561642E-02,-2.004131598728192E-03
2460412.500000000,-3.877621222544713E-01,-1.594283383015291E-01,2.253815576801550E-02,4.880949027296879E-03,-2.480286517319952E-02,-2.474613370539211E-03
2460416.500000000,-3.566085905731355E-01,-2.527885440848512E-01,1.205115430628190E-02,1.050346766044935E-02,-2.170619885213320E-02,-2.737266958357977E-03
2460420.500000000,-3.052469645878912E-01,-3.319419441737491E-01,8.715934401042662E-04,1.499260959793984E-02,-1.775315134670237E-02,-2.825978907062891E-03
2460424.500000000,-2.381077120493647E-01,-3.940288960746828E-01,-1.036045570249007E-02,1.840145472995580E-02,-1.320857404171797E-02,-2.767261755505798E-03
2460428.500000000,-1.594121617691338E-01,-4.370601475962198E-01,-2.109523404643322E-02,2.077676574223595E-02,-8.249480511685732E-03,-2.579870484427382E-03
2460432.500000000,-7.324254378529883E-02,-4.596389327565459E-01,-3.084415987551598E-02,2.213915166072621E-02,-3.000206117631472E-03,-2.275856296888817E-03
2460436.500000000,1.633205595681939E-02,-4.608071967541277E-01,-3.915570929946721E-02,2.247339575143462E-02,2.440048932868527E-03,-1.861930280720921E-03
2460440.500000000,1.050999350077629E-01,-4.399941657036627E-01,-4.559692646506880E-02,2.172259075946347E-02,7.972747785598875E-03,-1.340925322485226E-03
2460444.500000000,1.885314077625535E-01,-3.970655480792805E-01,-4.974135914157164E-02,1.978419393597488E-02,1.347320469667862E-02,-7.136253858019197E-04
2460448.500000000,2.615941804443691E-01,-3.324950855176697E-01,-5.116614362786267E-02,1.651009708857713E-02,1.875505990077835E-02,1.832490702591317E-05
2460452.500000000,3.185895197369903E-01,-2.477078385656475E-01,-4.946503130830718E-02,1.171914717240674E-02,2.351870846883993E-02,8.470573895921671E-04
2460456.500000000,3.530953194649408E-01,-1.456715761264328E-01,-4.429149557580980E-02,5.243112255299584E-03,2.727865616221086E-02,1.748327638258141E-03
2460460.500000000,3.582269189846510E-01,-3.180676851437054E-02,-3.545702063204601E-02,-2.951113475627183E-03,2.928201166834961E-02,2.663645024033257E-03
2460464.500000000,3.276413939848213E-01,8.486311205639864E-02,-2.311722218314555E-02,-1.250261641103830E-02,2.849069498189328E-02,3.475072230403394E-03
2460468.500000000,2.578731166782089E-01,1.909261435970011E-01,-8.050260293202752E-03,-2.226728229610400E-02,2.382698470340510E-02,3.989594699937422E-03
2460472.500000000,1.520279795629237E-01,2.697521752085824E-01,8.099946245423123E-03,-3.012461880796014E-02,1.492861067710870E-02,3.983108821736228E-03
2460476.500000000,2.264857672456740E-02,3.063731363429770E-01,2.295974087324120E-02,-3.370229420327586E-02,3.102684598401656E-03,3.344835381380811E-03
2460480.500000000,-1.104357790217770E-01,2.944364510684884E-01,3.419117470491702E-02,-3.199337800752990E-02,-8.835274404355168E-03,2.212503378993571E-03
2460484.500000000,-2.276491526171967E-01,2.391046465314532E-01,4.042056933689431E-02,-2.608089138354769E-02,-1.827233353205189E-02,8.989835024668163E-04
2460488.500000000,-3.162737379885864E-01,1.530850280674632E-01,4.151986557634752E-02,-1.804551613328922E-02,-2.413492281462176E-02,-3.171439345459255E-04
2460492.500000000,-3.715456642548891E-01,5.048083241957468E-02,3.820464139519174E-02,-9.632086401148760E-03,-2.667102451147271E-02,-1.296102800822513E-03
2460496.500000000,-3.941759611528771E-01,-5.685987179521067E-02,3.150835414757536E-02,-1.833648494455216E-03,-2.663785104226128E-02,-2.008688241816694E-03
2460500.500000000,-3.876087930518657E-01,-1.602015822814286E-01,2.246078967858157E-02,4.929129423505180E-03,-2.478294295038914E-02,-2.477405269810593E-03
2460504.500000000,-3.562805430148213E-01,-2.534650483484376E-01,1.196567085171926E-02,1.054267692938093E-02,-2.167826180524514E-02,-2.738578295098246E-03
2460508.500000000,-3.047794801655774E-01,-3.324950402413185E-01,7.834185144011388E-04,1.502319301887328E-02,-1.771972352616103E-02,-2.826047898357802E-03
2460512.500000000,-2.375344169495343E-01,-3.944401970566263E-01,-1.044672618621350E-02,1.842384042953479E-02,-1.317133025220836E-02,-2.766264925073289E-03
2460516.500000000,-1.587652086783183E-01,-4.373167972105559E-01,-2.117559290350555E-02,2.079123778228375E-02,-8.209556508870871E-03,-2.577927106796930E-03
2460520.500000000,-7.255342383731145E-02,-4.597319482064930E-01,-3.091497871520991E-02,2.214574464173517E-02,-2.958438189784238E-03,-2.273038264819799E-03
2460524.500000000,1.703139187657477E-02,-4.607306733540032E-01,-3.921357055086443E-02,2.247183760953542E-02,2.482926692527864E-03,-1.858272977972083E-03
2460528.500000000,1.057757671438220E-01,-4.397452499658002E-01,-4.563850103555312E-02,2.171226365372960E-02,8.015909564792485E-03,-1.336439914140753E-03
2460532.500000000,1.891468127342346E-01,-3.966452538584549E-01,-4.976334163941563E-02,1.976411300883388E-02,1.351549711361388E-02,-7.083162109275305E-04
2460536.500000000,2.621075990945049E-01,-3.319102264410701E-01,-5.116527940669425E-02,1.647894328525898E-02,1.879466991963719E-02,2.443007277668045E-05
2460540.500000000,3.189537215927700E-01,-2.469745778469973E-01,-4.943831260420199E-02,1.167545884321452E-02,2.355267880933342E-02,8.538500090860636E-04
2460544.500000000,3.532578176864260E-01,-1.448212475893155E-01,-4.423667683886229E-02,5.185874081307371E-03,2.730224533250658E-02,1.755511993018970E-03
2460548.500000000,3.581342288512520E-01,-3.089422997406345E-02,-3.537369343323192E-02,-3.021051151157814E-03,2.928815225575905E-02,2.670563842396581E-03
2460552.500000000,3.272514028449216E-01,8.575062023325311E-02,-2.300867452238691E-02,-1.257987622682054E-02,2.847054370167194E-02,3.480507904938448E-03
2460556.500000000,2.571795749226518E-01,1.916679084156847E-01,-7.925810669859741E-03,-2.233895109931320E-02,2.377365478896679E-02,3.991799039163255E-03
2460560.500000000,1.510908348704300E-01,2.702165630907177E-01,8.224014237088755E-03,-3.017142772682065E-02,1.484497297393822E-02,3.980549725660757E-03
2460564.500000000,2.160141511055734E-02,3.064697073749129E-01,2.306376264492287E-02,-3.370909627359034E-02,3.006348247567919E-03,3.337565299064232E-03
2460568.500000000,-1.114286675045396E-01,2.941625553893014E-01,3.425985707289971E-02,-3.196105601726298E-02,-8.920602634559139E-03,2.202544262043181E-03
2460572.500000000,-2.284577112732731E-01,2.385385366098871E-01,4.044838380424561E-02,-2.602394204537354E-02,-1.833180463266876E-02,8.888812976548801E-04
2460576.500000000,-3.168326819038907E-01,1.523377888052718E-01,4.150991620237358E-02,-1.797994772683600E-02,-2.416647393566630E-02,-3.257508892540982E-04
2460580.500000000,-3.718436988940438E-01,4.965550499431017E-02,3.816433064431666E-02,-9.568440094236456E-03,-2.667956622431503E-02,-1.302648494812059E-03
2460584.500000000,-3.942323669245827E-01,-5.768385810120952E-02,3.144595983859815E-02,-1.776980044464982E-03,-2.662962097540773E-02,-2.013218810061158E-03
2460588.500000000,-3.874557227371350E-01,-1.609679666753795E-01,2.238387590442145E-02,4.977078664691134E-03,-2.476310601608195E-02,-2.480183448166043E-03
2460592.500000000,-3.559535739389305E-01,-2.541352387392986E-01,1.188067019091784E-02,1.058171076326443E-02,-2.165050374131948E-02,-2.739887754623648E-03
2460596.500000000,-3.043136489489987E-01,-3.330426472788102E-01,6.957148330404537E-04,1.505366407698815E-02,-1.768652257230835E-02,-2.826123983912736E-03
2460600.500000000,-2.369631107323943E-01,-3.948469559447231E-01,-1.053256614308213E-02,1.844616851744881E-02,-1.313432883066159E-02,-2.765280824606118E-03
2460604.500000000,-1.581203895480953E-01,-4.375698715066466E-01,-2.125557852712605E-02,2.080569224655612E-02,-8.169871376564436E-03,-2.575999235560528E-03
2460608.500000000,-7.186645417357515E-02,-4.598223223948750E-01,-3.098548843492200E-02,2.215234460216009E-02,-2.916897954443162E-03,-2.270236536903571E-03
2460612.500000000,1.772863270883186E-02,-4.606523979190231E-01,-3.927118774060947E-02,2.247029837071752E-02,2.525586705190721E-03,-1.854631832751138E-03
2460616.500000000,1.064495907863256E-01,-4.394954455448193E-01,-4.567989594127429E-02,2.170196038991247E-02,8.058855663128134E-03,-1.331970663656556E-03
2460620.500000000,1.897603151265669E-01,-3.962249495620299E-01,-4.978521101889746E-02,1.974406229835927E-02,1.355756361637895E-02,-7.030244545111155E-04
2460624.500000000,2.626192682114321E-01,-3.313263049078055E-01,-5.116437803084005E-02,1.644783911342837E-02,1.883402973914691E-02,3.051418907825779E-05
2460628.500000000,3.193164552783553E-01,-2.462433243108011E-01,-4.941165374958994E-02,1.163186767669099E-02,2.358636319940329E-02,8.606145271587082E-04
2460632.500000000,3.534194047717987E-01,-1.439741446144026E-01,-4.418205131955884E-02,5.128826396054799E-03,2.732551312707843E-02,1.762657066727554E-03
2460636.500000000,3.580416769740081E-01,-2.998622879028328E-02,-3.529074494012828E-02,-3.090643667040143E-03,2.929396777181871E-02,2.677428883344664E-03
2460640.500000000,3.268633404286001E-01,8.663242636154898E-02,-2.290074824727028E-02,-1.265657935017735E-02,2.845015757234743E-02,3.485877111219827E-03
2460644.500000000,2.564906150862040E-01,1.924034891208422E-01,-7.802252785362280E-03,-2.240986285485720E-02,2.372035214528481E-02,3.993938429800807E-03
2460648.500000000,1.501614446203355E-01,2.706757116196263E-01,8.346981166156266E-03,-3.021745235372190E-02,1.476180066235204E-02,3.977956551700858E-03
2460652.500000000,2.056467963305101E-02,3.065638101133018E-01,2.316665808539927E-02,-3.371539983837979E-02,2.910906112742856E-03,3.330319369860696E-03
2460656.500000000,-1.124101082521833E-01,2.938902010744242E-01,3.432762863044842E-02,-3.192873556408813E-02,-9.004878624989046E-03,2.192665411754730E-03
2460660.500000000,-2.292557798792581E-01,2.379779402998540E-01,4.047567330902192E-02,-2.596744246549039E-02,-1.839038455770231E-02,8.788860000272231E-04
2460664.500000000,-3.173834968519785E-01,1.515990104426053E-01,4.149987052984045E-02,-1.791507407889854E-02,-2.419745335374978E-02,-3.342543840238566E-04
2460668.500000000,-3.721365509591442E-01,4.884026709825691E-02,3.812430120446672E-02,-9.505547209872872E-03,-2.668785738845517E-02,-1.309110360556211E-03
2460672.500000000,-3.942865232174054E-01,-5.849728795548627E-02,3.138413446608048E-02,-1.721012084854800E-03,-2.662139510506689E-02,-2.017689442322756E-03
2460676.500000000,-3.873030085256687E-01,-1.617241946342014E-01,2.230772540124238E-02,5.024430196457658E-03,-2.474345331076241E-02,-2.482923861184285E-03
2460680.500000000,-3.556291195414756E-01,-2.547962651924737E-01,1.179654556096317E-02,1.062026341988061E-02,-2.162304901982122E-02,-2.741177949943843E-03
2460684.500000000,-3.038520287863907E-01,-3.335824666069689E-01,6.089335114611446E-04,1.508376668044935E-02,-1.765370046466235E-02,-2.826195596635612E-03
2460688.500000000,-2.363972814216357E-01,-3.952475434642782E-01,-1.061749024697812E-02,1.846823010930452E-02,-1.309775298968200E-02,-2.764304019092552E-03
2460692.500000000,-1.574819296512969E-01,-4.378185397074346E-01,-2.133469732167001E-02,2.081997011437083E-02,-8.130641185354670E-03,-2.574088306065298E-03
2460696.500000000,-7.118638789137409E-02,-4.599101528341829E-01,-3.105521625823735E-02,2.215884765431463E-02,-2.875833003738286E-03,-2.267460213872772E-03
2460700.500000000,1.841873057734888E-02,-4.605735144159202E-01,-3.932814099179823E-02,2.246873562161477E-02,2.567754363981510E-03,-1.851024292899171E-03
2460704.500000000,1.071163220916554E-01,-4.392470360387749E-01,-4.572077861782265E-02,2.169170641856077E-02,8.101292582134491E-03,-1.327543833443838E-03
2460708.500000000,1.903670779872650E-01,-3.958081096544649E-01,-4.980675764798269E-02,1.972414055868996E-02,1.359910504168738E-02,-6.977852905443257E-04
2460712.500000000,2.631248979554203E-01,-3.307479691909709E-01,-5.116338746327614E-02,1.641695950716115E-02,1.887285618676571E-02,3.653384994456671E-05
2460716.500000000,3.196742796198158E-01,-2.455197711269139E-01,-4.938518920225598E-02,1.158862178613444E-02,2.361952959611083E-02,8.673017331217850E-04
2460720.500000000,3.535777545836065E-01,-1.431367032556579E-01,-4.412795297274110E-02,5.072274051926062E-03,2.734832971828641E-02,1.769713667079377E-03
2460724.500000000,3.579482007799391E-01,-2.908942169990052E-02,-3.520868915771715E-02,-3.159575373910279E-03,2.929948555654278E-02,2.684201414684057E-03
2460728.500000000,3.264772803281070E-01,8.750234100673732E-02,-2.279406933208708E-02,-1.273249303479637E-02,2.842973971101316E-02,3.491164690185917E-03
2460732.500000000,2.558068698015241E-01,1.931277486154484E-01,-7.680210899747633E-03,-2.247998914656709E-02,2.366737542532969E-02,3.996029083584549E-03
2460736.500000000,1.492400406796738E-01,2.711255483662309E-01,8.468338256402214E-03,-3.026291575386322E-02,1.467928801759635E-02,3.975367396290061E-03
2460740.500000000,1.953740112597952E-02,3.066515870386441E-01,2.326806958655639E-02,-3.372154495121044E-02,2.816249842093792E-03,3.323129811661240E-03
2460744.500000000,-1.133822528213295E-01,2.936144363493594E-01,3.439420387089202E-02,-3.189662918849362E-02,-9.088522842954423E-03,2.182868084276879E-03
2460748.500000000,-2.300458221281858E-01,2.374158875076859E-01,4.050208665834334E-02,-2.591132588068131E-02,-1.844862428746651E-02,8.689649335942482E-04
2460752.500000000,-3.179278301496445E-01,1.508596142964049E-01,4.148920192453433E-02,-1.785056838605681E-02,-2.422833566963029E-02,-3.427063764204180E-04
2460756.500000000,-3.724242313015569E-01,4.802451217442101E-02,3.808381020240428E-02,-9.442939009141397E-03,-2.669617576120112E-02,-1.315541908832351E-03
2460760.500000000,-3.943365024159091E-01,-5.931142488667410E-02,3.132194037689310E-02,-1.665263808801322E-03,-2.661322511403064E-02,-2.022142419126547E-03
2460764.500000000,-3.871469460425115E-01,-1.624813239527794E-01,2.223126588513277E-02,5.071578735845857E-03,-2.472383775591967E-02,-2.485650888827939E-03
2460768.500000000,-3.553021692814954E-01,-2.554582867667327E-01,1.171216649273595E-02,1.065858720098799E-02,-2.159560530058086E-02,-2.742453643891809E-03
2460772.500000000,-3.033889227149146E-01,-3.341232984845750E-01,5.219617237862332E-04,1.511359101607348E-02,-1.762088010913184E-02,-2.826249663324022E-03
2460776.500000000,-2.358311865238371E-01,-3.956491766190355E-01,-1.070252957099390E-02,1.848996082862881E-02,-1.306119667831933E-02,-2.763307449294033E-03
2460780.500000000,-1.568446119250048E-01,-4.380684126364400E-01,-2.141385190001423E-02,2.083387854303417E-02,-8.091475030143985E-03,-2.572157935279110E-03
2460784.500000000,-7.050897504420249E-02,-4.599995673200961E-01,-3.112490817833946E-02,2.216496992605616E-02,-2.834896032434166E-03,-2.264668049712027E-03
2460788.500000000,1.910468834309223E-02,-4.604968694363791E-01,-3.938500754539288E-02,2.246681682147170E-02,2.609722748806787E-03,-1.847407671305076E-03
2460792.500000000,1.077776050583200E-01,-4.390017937773748E-01,-4.576155575337567E-02,2.168116103671009E-02,8.143467269230740E-03,-1.323116914707342E-03
2460796.500000000,1.909674192854777E-01,-3.953955706272219E-01,-4.982821752056247E-02,1.970402909310377E-02,1.364034793350557E-02,-6.925554871958675E-04
2460800.500000000,2.636235945318123E-01,-3.301751280081401E-01,-5.116236329820185E-02,1.638601610708799E-02,1.891139341084251E-02,4.253693548635575E-05
2460804.500000000,3.200251687329068E-01,-2.448027516973008E-01,-4.935876289733342E-02,1.154543490972650E-02,2.365247629805539E-02,8.739708589088488E-04
2460808.500000000,3.537295791716549E-01,-1.423064328155495E-01,-4.407395326120175E-02,5.015854908751425E-03,2.737105592540109E-02,1.776759932435944E-03
2460812.500000000,3.578487133398069E-01,-2.819983476383696E-02,-3.512673963605610E-02,-3.228405335114649E-03,2.930506784767498E-02,2.690982147330647E-03
2460816.500000000,3.260853183496287E-01,8.836551902522508E-02,-2.268741501279338E-02,-1.280847626130032E-02,2.840947818937949E-02,3.496484912164887E-03
2460820.500000000,2.551164428275941E-01,1.938457828450920E-01,-7.558027511394281E-03,-2.255043643181937E-02,2.361445735301351E-02,3.998166492834112E-03
2460824.500000000,1.483103214280953E-01,2.715687923193375E-01,8.590001045987105E-03,-3.030883493192086E-02,1.459650106556450E-02,3.972806965851067E-03
2460828.500000000,1.850022366123057E-02,3.067308617816571E-01,2.336980425185736E-02,-3.372796876815582E-02,2.720929362383178E-03,3.315916179685085E-03
2460832.500000000,-1.143645861113871E-01,2.933270850245775E-01,3.446088566969595E-02,-3.186436545313553E-02,-9.172989255161733E-03,2.172989070316889E-03
2460836.500000000,-2.308445098159726E-01,2.368392052549776E-01,4.052820906335156E-02,-2.585461632290457E-02,-1.850751540018682E-02,8.589330243817629E-04
2460840.500000000,-3.184778671470201E-01,1.501036772671304E-01,4.147780112412759E-02,-1.778522142843301E-02,-2.425950675088513E-02,-3.512630885516380E-04
2460844.500000000,-3.727140939483501E-01,4.719183253261696E-02,3.804221947127228E-02,-9.379438645794899E-03,-2.670440593017020E-02,-1.322050354002502E-03
2460848.500000000,-3.943852058522206E-01,-6.014151166612394E-02,3.125840608946128E-02,-1.608691247365317E-03,-2.660467317231916E-02,-2.026638855556735E-03
2460852.500000000,-3.869865276348995E-01,-1.632524600723520E-01,2.215335286978692E-02,5.119440366800174E-03,-2.470364843719417E-02,-2.488392271482132E-03
2460856.500000000,-3.549682397112888E-01,-2.561317742262440E-01,1.162632220142247E-02,1.069751104852549E-02,-2.156747532591075E-02,-2.743722082589475E-03
2460860.500000000,-3.029166440132945E-01,-3.346727083835742E-01,4.335859629859069E-04,1.514391402277064E-02,-1.758730720250734E-02,-2.826281204249134E-03
2460864.500000000,-2.352541101222103E-01,-3.960562801425768E-01,-1.078885870524866E-02,1.851209820106703E-02,-1.302384057197215E-02,-2.762276682858315E-03
2460868.500000000,-1.561948689406288E-01,-4.383204684920814E-01,-2.149413801608830E-02,2.084810105355390E-02,-8.051464633458091E-03,-2.570182571830506E-03
2460872.500000000,-6.981808649221688E-02,-4.600876937889317E-01,-3.119552827109435E-02,2.217129983551032E-02,-2.793067332085235E-03,-2.261818850455688E-03
2460876.500000000,1.980469478712716E-02,-4.604152734906181E-01,-3.944254585884181E-02,2.246497097366172E-02,2.652630108017548E-03,-1.843719379350892E-03
2460880.500000000,1.084528913080294E-01,-4.387477676960045E-01,-4.580268362171765E-02,2.167051198581927E-02,8.186615861715887E-03,-1.318600672791061E-03
2460884.500000000,1.915809095514358E-01,-3.949703343548943E-01,-4.984963155045031E-02,1.968358481664993E-02,1.368256555462335E-02,-6.872165047693106E-04
2460888.500000000,2.641335577093881E-01,-3.295857944143110E-01,-5.116081690393373E-02,1.635445567253195E-02,1.895083882716266E-02,4.866861288074839E-05
2460892.500000000,3.203842159843887E-01,-2.440659195607848E-01,-4.933126960388772E-02,1.150130700093816E-02,2.368615180837776E-02,8.807821708746454E-04
2460896.500000000,3.538851537786071E-01,-1.414540599339442E-01,-4.401831352789248E-02,4.958181464070763E-03,2.739416670130266E-02,1.783947069471988E-03
2460900.500000000,3.577475053557712E-01,-2.728762560259428E-02,-3.504263291905448E-02,-3.298683657079692E-03,2.931049284417207E-02,2.697874865663999E-03
2460904.500000000,3.256859063862758E-01,8.924933939731283E-02,-2.257827714319628E-02,-1.288581174578044E-02,2.838837252834528E-02,3.501849491537944E-03
2460908.500000000,2.544140728320141E-01,1.945797919542429E-01,-7.433377799614424E-03,-2.262170166319530E-02,2.356009407392607E-02,4.000247646625136E-03
2460912.500000000,1.473670762049289E-01,2.720217374361326E-01,8.713706393406292E-03,-3.035470203695763E-02,1.451212607349411E-02,3.970097253112261E-03
2460916.500000000,1.745134801287214E-02,3.068142494793289E-01,2.347289793571045E-02,-3.373359771901938E-02,2.624488787812898E-03,3.308523574765468E-03
2460920.500000000,-1.153548207707887E-01,2.930408204468929E-01,3.452827668793014E-02,-3.183109429458744E-02,-9.257851916580668E-03,2.162972985642429E-03
2460924.500000000,-2.316474375736066E-01,2.362631635941949E-01,4.055462603101469E-02,-2.579712963906576E-02,-1.856629117618968E-02,8.488304577158470E-04
2460928.500000000,-3.190297326702818E-01,1.493492853496034E-01,4.146651951469184E-02,-1.771944185904457E-02,-2.429039054727613E-02,-3.598413412054637E-04
2460932.500000000,-3.730046125776627E-01,4.636180456309563E-02,3.800071507406263E-02,-9.315763710922104E-03,-2.671239241184638E-02,-1.328557593507063E-03
2460936.500000000,-3.944341766543757E-01,-6.096819568676908E-02,3.119497682759738E-02,-1.552080767957220E-03,-2.659599247302369E-02,-2.031129189457652E-03
2460940.500000000,-3.868263452331058E-01,-1.640198991593455E-01,2.207556502297700E-02,5.167290717419656E-03,-2.468343563289184E-02,-2.491130291990989E-03
2460944.500000000,-3.546346052830180E-01,-2.568016204718344E-01,1.154060834268375E-02,1.073642171153075E-02,-2.153939007633210E-02,-2.744991143979442E-03
2460948.500000000,-3.024446823812987E-01,-3.352187291503519E-01,3.453324391924748E-04,1.517424063755729E-02,-1.755381006908408E-02,-2.826315882544943E-03
2460952.500000000,-2.346772983233886E-01,-3.964603111406053E-01,-1.087507968542267E-02,1.853425749201863E-02,-1.298656317298993E-02,-2.761249480258203E-03
2460956.500000000,-1.555452781697096E-01,-4.385697407618231E-01,-2.157432797629862E-02,2.086235608479052E-02,-8.011517734474435E-03,-2.568209385178415E-03
2460960.500000000,-6.912721848347336E-02,-4.601732428332800E-01,-3.126605596824830E-02,2.217766088286807E-02,-2.751277200066360E-03,-2.258969200153912E-03
2460964.500000000,2.050478028506685E-02,-4.603311985564314E-01,-3.949998358382142E-02,2.246314156159376E-02,2.695526827265070E-03,-1.840027388008577E-03
2460968.500000000,1.091282713046035E-01,-4.384912528456614E-01,-4.584368941943808E-02,2.165985181209192E-02,8.229779094065741E-03,-1.314077419226165E-03
2460972.500000000,1.921943750051283E-01,-3.945425129049888E-01,-4.987088941501582E-02,1.966309073628526E-02,1.372481485592846E-02,-6.818675834872050E-04
2460976.500000000,2.646432053500065E-01,-3.289937386320653E-01,-5.115906998144849E-02,1.632279868880070E-02,1.899031785808480E-02,5.481235859224050E-05
2460980.500000000,3.207424625338012E-01,-2.433262658826991E-01,-4.930352553694770E-02,1.145703337883765E-02,2.371983836010388E-02,8.876061992819668E-04
2460984.500000000,3.540392596657901E-01,-1.405989247536601E-01,-4.396237545296580E-02,4.900323010735955E-03,2.741722986244729E-02,1.791144588883528E-03
2460988.500000000,3.576440641551991E-01,-2.637303473716882E-02,-3.495819985004251E-02,-3.369149914461401E-03,2.931576812457879E-02,2.704770012316139E-03
2460992.500000000,3.252836296136583E-01,9.013468690323648E-02,-2.246883243241574E-02,-1.296325763291943E-02,2.836698899026357E-02,3.507200517859018E-03
2460996.500000000,2.537087412421609E-01,1.953140206244628E-01,-7.308517340090589E-03,-2.269288690051617E-02,2.350537235894680E-02,4.002294328020501E-03
2461000.500000000,1.464216804627782E-01,2.724735587466777E-01,8.837455252109664E-03,-3.040024806357625E-02,1.442747093392130E-02,3.967341624078877E-03
2461004.500000000,1.640191016857523E-02,3.068958473678807E-01,2.357586929860155E-02,-3.373878823345874E-02,2.528012543123080E-03,3.301098362048473E-03
2461008.500000000,-1.163439937078501E-01,2.927531406511263E-01,3.459547429767884E-02,-3.179748036553024E-02,-9.342508848900142E-03,2.152954959216186E-03
2461012.500000000,-2.324483235343264E-01,2.356867748426666E-01,4.058089788418427E-02,-2.573949922027678E-02,-1.862476557565724E-02,8.387517290885003E-04
2461016.500000000,-3.195793381796964E-01,1.485957146610503E-01,4.145521414311936E-02,-1.765368508538344E-02,-2.432100651164778E-02,-3.683852752259561E-04
2461020.500000000,-3.732931676628182E-01,4.553350485787253E-02,3.795932394731685E-02,-9.252201916305321E-03,-2.672019631567738E-02,-1.335032093340626E-03
2461024.500000000,-3.944817105849345E-01,-6.179259649127521E-02,3.113177809210893E-02,-1.495612485202430E-03,-2.658721457137029E-02,-2.035594168667104E-03
2461028.500000000,-3.866652892680544E-01,-1.647848066844556E-01,2.199809134288642E-02,5.215005787724293E-03,-2.466319226722444E-02,-2.493851872388794E-03
2461032.500000000,-3.543005934812189E-01,-2.574689110127241E-01,1.145525739233740E-02,1.077522133030861E-02,-2.151132007544500E-02,-2.746252074073508E-03
2461036.500000000,-3.019727274170420E-01,-3.357623174832237E-01,2.574601475002813E-04,1.520448669947778E-02,-1.752035688060118E-02,-2.826349245493806E-03
2461040.500000000,-2.341007534453589E-01,-3.968621219045705E-01,-1.096092484150281E-02,1.855636690854051E-02,-1.294934634896378E-02,-2.760225991920733E-03
2461044.500000000,-1.548960971811841E-01,-4.388170560275289E-01,-2.165416400627180E-02,2.087658888371845E-02,-7.971641171052932E-03,-2.566243138775473E-03
2461048.500000000,-6.843680140141342E-02,-4.602571324379454E-01,-3.133626117042433E-02,2.218402277325987E-02,-2.709565775279170E-03,-2.256128079096541E-03
2461052.500000000,2.120445640880496E-02,-4.602458028092140E-01,-3.955713396159990E-02,2.246133137648060E-02,2.738331519423845E-03,-1.836344291183399E-03
2461056.500000000,1.098033502067391E-01,-4.382338315882300E-01,-4.588444336570637E-02,2.164922637369296E-02,8.272824322211096E-03,-1.309563067255838E-03
2461060.500000000,1.928077120110917E-01,-3.941143433584600E-01,-4.989193282757608E-02,1.964264940312577E-02,1.376689868997583E-02,-6.765288719402387E-04
2461064.500000000,2.651529930538896E-01,-3.284021392001716E-01,-5.115715828273409E-02,1.629122725682249E-02,1.902955493338127E-02,6.094050135657372E-05
2461068.500000000,3.211013166681887E-01,-2.425882387639513E-01,-4.927570229002765E-02,1.141291740377777E-02,2.375317789044060E-02,8.944014025010183E-04
2461072.500000000,3.541948724562763E-01,-1.397470326808767E-01,-4.390651818364175E-02,4.842773845990442E-03,2.743983445781881E-02,1.798288944701944E-03
2461076.500000000,3.575438721135262E-01,-2.546366194169145E-02,-3.487412728463538E-02,-3.439031063558564E-03,2.932053343663830E-02,2.711577213987912E-03
2461080.500000000,3.248877110989801E-01,9.101296594517615E-02,-2.236017207281825E-02,-1.303971963431074E-02,2.834523642301707E-02,3.512429434050573E-03
2461084.500000000,2.530145081322396E-01,1.960405513879278E-01,-7.184957408499453E-03,-2.276271353743936E-02,2.345077155499998E-02,4.004212697523502E-03
2461088.500000000,1.454930306938006E-01,2.729197418736086E-01,8.959474575521332E-03,-3.044442015898727E-02,1.434375867313408E-02,3.964511132233697E-03
2461092.500000000,1.537372039003796E-02,3.069772079795332E-01,2.367701562901722E-02,-3.374320105401817E-02,2.433234110843261E-03,3.293705266140081E-03
2461096.500000000,-1.173107113071269E-01,2.924726291914383E-01,3.466119040172809E-02,-3.176405754155726E-02,-9.425275896884959E-03,2.143069749188235E-03
2461100.500000000,-2.332292676116690E-01,2.351244464010961E-01,4.060632719784807E-02,-2.568287343685008E-02,-1.868175981764954E-02,8.288486653081100E-04
2461104.500000000,-3.201139453323307E-01,1.478608164380933E-01,4.144375672590902E-02,-1.758932357295314E-02,-2.435080801806842E-02,-3.767667263015509E-04
2461108.500000000,-3.735724600692073E-01,4.472585654022862E-02,3.791835423244418E-02,-9.190066530496303E-03,-2.672780199599411E-02,-1.341384531674879E-03
2461112.500000000,-3.945253995587832E-01,-6.259651113615076E-02,3.106939931555110E-02,-1.440406617911005E-03,-2.657868764463728E-02,-2.039981330779554E-03
2461116.500000000,-3.865049816530418E-01,-1.655308486605938E-01,2.192167131420794E-02,5.261690709168172E-03,-2.464348373819587E-02,-2.496532875771544E-03
2461120.500000000,-3.539709803011862E-01,-2.581198290441342E-01,1.137106385854959E-02,1.081322260101900E-02,-2.148394494296660E-02,-2.747500151027912E-03
2461124.500000000,-3.015079471593569E-01,-3.362924920914850E-01,1.707554440608524E-04,1.523413723710685E-02,-1.748767788641499E-02,-2.826389179042670E-03
2461128.500000000,-2.335334191456325E-01,-3.972536909627259E-01,-1.104565727316109E-02,1.857804814087131E-02,-1.291293560993811E-02,-2.759222593788183E-03
2461132.500000000,-1.542575581914980E-01,-4.390573731816360E-01,-2.173298862132034E-02,2.089052962836412E-02,-7.932577467337358E-03,-2.564307079261475E-03
2461136.500000000,-6.775796073147859E-02,-4.603372671379362E-01,-3.140559347145036E-02,2.219020675449607E-02,-2.668661652434546E-03,-2.253325970015428E-03
2461140.500000000,2.189205300108507E-02,-4.601598571616153E-01,-3.961358550685323E-02,2.245944674593295E-02,2.780342387197175E-03,-1.832709369993192E-03
2461144.500000000,1.104662585116302E-01,-4.379789909690840E-01,-4.592471137711809E-02,2.163863093995032E-02,8.315100765703997E-03,-1.305107182249341E-03
2461148.500000000,1.934092244070505E-01,-3.936917434944371E-01,-4.991274602141661E-02,1.962235350900452E-02,1.380826204013720E-02,-6.712595098743802E-04
2461152.500000000,2.656517943480554E-01,-3.278188287473249E-01,-5.115531298193504E-02,1.625993173461322E-02,1.906816156058384E-02,6.699033916367766E-05
2461156.500000000,3.214505606014254E-01,-2.418607416960492E-01,-4.924826642014179E-02,1.136921226194401E-02,2.378603916401735E-02,9.011160284087172E-04
2461160.500000000,3.543427441599935E-01,-1.389071561856607E-01,-4.385135487048568E-02,4.785738383969333E-03,2.746218662904909E-02,1.805363215004480E-03
2461164.500000000,3.574380512820424E-01,-2.456676265826770E-02,-3.479097903682284E-02,-3.508391972102468E-03,2.932532701139998E-02,2.718342430244285E-03
2461168.500000000,3.244879978642383E-01,9.187942612390733E-02,-2.225251952057215E-02,-1.311581400786328E-02,2.832376823759237E-02,3.517660517845686E-03
2461172.500000000,2.523173880663213E-01,1.967566615601804E-01,-7.062302195717800E-03,-2.283246881560297E-02,2.339654558257081E-02,4.006178594858231E-03
2461176.500000000,1.445611818916093E-01,2.733567419612192E-01,9.080832652255726E-03,-3.048879581897838E-02,1.426024748423407E-02,3.961748666296145E-03
2461180.500000000,1.434134327365584E-02,3.070495394207947E-01,2.377774770506692E-02,-3.374785390964891E-02,2.338326665690336E-03,3.286361680336613E-03
2461184.500000000,-1.182821871136053E-01,2.921820516466666E-01,3.472661249574996E-02,-3.173064907538244E-02,-9.508395419155616E-03,2.133194364424692E-03
2461188.500000000,-2.340144254585196E-01,2.345506121791073E-01,4.063143418742905E-02,-2.562596881560944E-02,-1.873908082936636E-02,8.189249988908735E-04
2461192.500000000,-3.206512400059085E-01,1.471134805873435E-01,4.143187137220808E-02,-1.752450461371155E-02,-2.438073055773323E-02,-3.851767003341960E-04
2461196.500000000,-3.738525219437688E-01,4.390578838174722E-02,3.787685737616935E-02,-9.127453561069403E-03,-2.673528031323163E-02,-1.347756023470962E-03
2461200.500000000,-3.945681062368527E-01,-6.341191208907743E-02,3.100644950348246E-02,-1.384815836371870E-03,-2.656983353384930E-02,-2.044370967525411E-03
2461204.500000000,-3.863424311507468E-01,-1.662868010691096E-01,2.184470339268741E-02,5.308617020463651E-03,-2.462332808128726E-02,-2.499200352515132E-03
2461208.500000000,-3.536384590904438E-01,-2.587787572486316E-01,1.128640157206121E-02,1.085131702465399E-02,-2.145607798253263E-02,-2.748723053309819E-03
2461212.500000000,-3.010401488762603E-01,-3.368287180170157E-01,8.369712450918384E-05,1.526375464389245E-02,-1.745451895169416E-02,-2.826397580242703E-03
2461216.500000000,-2.329633960492304E-01,-3.976494782256871E-01,-1.113061244409332E-02,1.859960401049300E-02,-1.287609257973626E-02,-2.758185967158575E-03
2461220.500000000,-1.536169548976167E-01,-4.393003063730893E-01,-2.181190544884975E-02,2.090428946796708E-02,-7.893146536950059E-03,-2.562339405186811E-03
2461224.500000000,-6.707783397591896E-02,-4.604186857918594E-01,-3.147489784964649E-02,2.219618754725761E-02,-2.627458168892201E-03,-2.250495550736437E-03
2461228.500000000,2.258012262741009E-02,-4.600741219372077E-01,-3.966990284890526E-02,2.245736220696713E-02,2.822592662239756E-03,-1.829049498546944E-03
2461232.500000000,1.111288729410313E-01,-4.377234994443915E-01,-4.596474999386564E-02,2.162785325182669E-02,8.357571208051161E-03,-1.300628319093987E-03
2461236.500000000,1.940097519939277E-01,-3.932677799014289E-01,-4.993323797100603E-02,1.960189307651565E-02,1.384979040245711E-02,-6.659667552672631E-04
2461240.500000000,2.661489635071804E-01,-3.272335306201711E-01,-5.115304759826889E-02,1.622847294112351E-02,1.910691644985733E-02,7.306660903406506E-05
2461244.500000000,3.217974705949221E-01,-2.411306944602170E-01,-4.922029539578388E-02,1.132531315599420E-02,2.381903182901544E-02,9.078619201468575E-04
2461248.500000000,3.544873791028259E-01,-1.380642718636758E-01,-4.379552189286399E-02,4.728439274615923E-03,2.748462964807771E-02,1.812473102635199E-03
2461252.500000000,3.573277530327829E-01,-2.366666462447585E-02,-3.470701720575802E-02,-3.578110596757727E-03,2.933011224163835E-02,2.725142630707553E-03
2461256.500000000,3.240822230643142E-01,9.274870634963869E-02,-2.214393355424352E-02,-1.319233086780378E-02,2.830210341407741E-02,3.522913861980092E-03
2461260.500000000,2.516125740163971E-01,1.974743029560919E-01,-6.938679867531745E-03,-2.290258958711875E-02,2.334186772065805E-02,4.008136014915123E-03
2461264.500000000,1.436205969773068E-01,2.737930174382588E-01,9.203038997835209E-03,-3.053329856745132E-02,1.417608345321882E-02,3.958934639792981E-03
2461268.500000000,1.330038996332116E-02,3.071184515993584E-01,2.387904621295221E-02,-3.375229842604295E-02,2.242763638291176E-03,3.278932153635596E-03
2461272.500000000,-1.192608409765246E-01,2.918857728773067E-01,3.479223069850308E-02,-3.169677408809269E-02,-9.591977261923483E-03,2.123224348352572E-03
2461276.500000000,-2.348046414854481E-01,2.339697433552867E-01,4.065638082984276E-02,-2.556849564161189E-02,-1.879660698036939E-02,8.089203984445294E-04
2461280.500000000,-3.211913191664523E-01,1.463587397176357E-01,4.141954672258900E-02,-1.745913067605785E-02,-2.441064521831429E-02,-3.936447013962933E-04
2461284.500000000,-3.741332669878223E-01,4.307864535795414E-02,3.783473464859263E-02,-9.064348859050048E-03,-2.674261368259252E-02,-1.354163404564320E-03
2461288.500000000,-3.946096745561051E-01,-6.423364065633937E-02,3.094276667713017E-02,-1.328805702067715E-03,-2.656075870533546E-02,-2.048779172755366E-03
2461292.500000000,-3.861772004847049E-01,-1.670481082133849E-01,2.176695454652615E-02,5.355896256542934E-03,-2.460291041281583E-02,-2.501873909594889E-03
2461296.500000000,-3.533019660029525E-01,-2.594419348104071E-01,1.120095322307788E-02,1.088970536939964E-02,-2.142792143123073E-02,-2.749942856718914E-03
2461300.500000000,-3.005673143932504E-01,-3.373679849398796E-01,-4.119691682182403E-06,1.529361043802585E-02,-1.742104531356067E-02,-2.826395493242618E-03
2461304.500000000,-2.323874962627534E-01,-3.980469944365017E-01,-1.121627074785703E-02,1.862134104250511E-02,-1.283890777015824E-02,-2.757132210019514E-03
2461308.500000000,-1.529698745733892E-01,-4.395435428622396E-01,-2.189144391036065E-02,2.091816692635180E-02,-7.853344219318556E-03,-2.560348103497089E-03
2461312.500000000,-6.639090298331990E-02,-4.604988609440985E-01,-3.154471609267553E-02,2.220221238560604E-02,-2.585852725411899E-03,-2.247634824690481E-03
2461316.500000000,2.327500419320653E-02,-4.599854771536586E-01,-3.972659883077765E-02,2.245523505195923E-02,2.865273290454201E-03,-1.825352235134696E-03
2461320.500000000,1.117979292999316E-01,-4.374633311808794E-01,-4.600500248257254E-02,2.161693023591931E-02,8.400493102337486E-03,-1.296104335654325E-03
2461324.500000000,1.946159030678999E-01,-3.928373157096759E-01,-4.995374644899022E-02,1.958116522849115E-02,1.389177571273317E-02,-6.606203009373520E-04
2461328.500000000,2.666504051760246E-01,-3.266399386652569E-01,-5.115056552364924E-02,1.619660217734017E-02,1.914610464647082E-02,7.920584682161741E-05
2461332.500000000,3.221466788013976E-01,-2.403907471805033E-01,-4.919183782564250E-02,1.128083579916487E-02,2.385238355494641E-02,9.146794732414769E-04
2461336.500000000,3.546316490177575E-01,-1.372103298455846E-01,-4.373890417889924E-02,4.670388004614011E-03,2.750727582615922E-02,1.819659294453425E-03
2461340.500000000,3.572137837004944E-01,-2.275519633512886E-02,-3.462197272831566E-02,-3.648717493489682E-03,2.933482923564724E-02,2.732012918483590E-03
2461344.500000000,3.236691532415847E-01,9.362833462368250E-02,-2.203402920298288E-02,-1.326973855626306E-02,2.827997948385003E-02,3.528210914737611E-03
2461348.500000000,2.508973078896490E-01,1.981996027543522E-01,-6.813658555443992E-03,-2.297334783881039E-02,2.328631602755840E-02,4.010086491089833E-03
2461352.500000000,1.426679889821202E-01,2.742329219529482E-01,9.326496131142224E-03,-3.057791666121057E-02,1.409083369356101E-02,3.956054822212105E-03
2461356.500000000,1.224810914343566E-02,3.071868588086434E-01,2.398125355976700E-02,-3.375630368526673E-02,2.146282516594228E-03,3.271404407253639E-03
2461360.500000000,-1.202483724974545E-01,2.915861289934463E-01,3.485837260570145E-02,-3.166217077467150E-02,-9.676052616378068E-03,2.113166229874615E-03
2461364.500000000,-2.356007773931251E-01,2.333843822467381E-01,4.068156258090404E-02,-2.551031228892569E-02,-1.885422502854410E-02,7.988610461003306E-04
2461368.500000000,-3.217347966897530E-01,1.455996749694688E-01,4.140730483576683E-02,-1.739321783480386E-02,-2.444041222277355E-02,-4.021356806636339E-04
2461372.500000000,-3.744156394410378E-01,4.224799742246325E-02,3.779264755099680E-02,-9.000893517234380E-03,-2.674970420350179E-02,-1.360573374539015E-03
2461376.500000000,-3.946517796560068E-01,-6.505786156210719E-02,3.087913181246264E-02,-1.272592403917846E-03,-2.655142995800132E-02,-2.053180078701144E-03
2461380.500000000,-3.860119042087505E-01,-1.678109391434179E-01,2.168929056592899E-02,5.403281432068000E-03,-2.458226610594898E-02,-2.504537175980472E-03
2461384.500000000,-3.529651064785332E-01,-2.601058074043850E-01,1.111563011355782E-02,1.092814411856330E-02,-2.139957778702849E-02,-2.751153197487618E-03
2461388.500000000,-3.000939718995512E-01,-3.379072772169772E-01,-9.177818027760960E-05,1.532349052022128E-02,-1.738742310023263E-02,-2.826386475264455E-03
2461392.500000000,-2.318110116817676E-01,-3.984440077221501E-01,-1.130174877492993E-02,1.864309435162778E-02,-1.280160603154403E-02,-2.756074378439850E-03
2461396.500000000,-1.523221445382884E-01,-4.397858582250414E-01,-2.197079072107446E-02,2.093206132394960E-02,-7.813448432874666E-03,-2.558355051491794E-03
2461400.500000000,-6.570325032863535E-02,-4.605777767805678E-01,-3.161433873645393E-02,2.220825590064985E-02,-2.544170874946565E-03,-2.244773695718882E-03
2461404.500000000,2.397067857242135E-02,-4.598952970676425E-01,-3.978309856796110E-02,2.245312365627010E-02,2.908015377836379E-03,-1.821654904507828E-03
2461408.500000000,1.124678226611067E-01,-4.372014177830291E-01,-4.604505806633258E-02,2.160601213861623E-02,8.443457044121860E-03,-1.291580065371917E-03
2461412.500000000,1.952228763791294E-01,-3.924049973207188E-01,-4.997405704594515E-02,1.956042423026577E-02,1.393377049314213E-02,-6.552738584833539E-04
2461416.500000000,2.671525782981495E-01,-3.260445567754890E-01,-5.114788969518554E-02,1.616470027823076E-02,1.918524655338610E-02,8.534245680503137E-05
2461420.500000000,3.224964832091303E-01,-2.396493583377075E-01,-4.916320981634986E-02,1.123632708722844E-02,2.388560180067181E-02,9.214869549641786E-04
2461424.500000000,3.547764646493495E-01,-1.363557059332189E-01,-4.368218344237913E-02,4.612354422702412E-03,2.752967210788978E-02,1.826820394096744E-03
2461428.500000000,3.571006739706389E-01,-2.184428542120985E-02,-3.453697037062279E-02,-3.719166654686258E-03,2.933918198309180E-02,2.738834429904707E-03
2461432.500000000,3.232580464959904E-01,9.450584477254423E-02,-2.192441701590298E-02,-1.334673493979826E-02,2.825746443348224E-02,3.533432232669830E-03
2461436.500000000,2.501862547369259E-01,1.989215085580821E-01,-6.689266174157745E-03,-2.304340008360477E-02,2.323056318254857E-02,4.011948925821885E-03
2461440.500000000,1.417227501668370E-01,2.746694554276968E-01,9.449009635209893E-03,-3.062171591593222E-02,1.400582916731296E-02,3.953113425352173E-03
2461444.500000000,1.120606474467156E-02,3.072538729908759E-01,2.408239188819768E-02,-3.375975928253869E-02,2.050517217390108E-03,3.263879293816727E-03
2461448.500000000,-1.212244862096910E-01,2.912884087619620E-01,3.492358865872981E-02,-3.162754018113144E-02,-9.759252838164345E-03,2.103172772994022E-03
2461452.500000000,-2.363863393381484E-01,2.328041471364989E-01,4.070614171082119E-02,-2.545254244804841E-02,-1.891116067184730E-02,7.888917233648463E-04
2461456.500000000,-3.222698270303719E-01,1.448478113534566E-01,4.139481086647773E-02,-1.732791396382620E-02,-2.446982824743453E-02,-4.105455815662749E-04
2461460.500000000,-3.746920447517996E-01,4.142534481897046E-02,3.775058685341523E-02,-8.938045218256868E-03,-2.675673363748163E-02,-1.366926173019670E-03
2461464.500000000,-3.946901694107244E-01,-6.587425656346284E-02,3.081570205144068E-02,-1.216889513750892E-03,-2.654223019005016E-02,-2.057548167063153E-03
2461468.500000000,-3.858446958863250E-01,-1.685666880841271E-01,2.161192307128073E-02,5.450275272819430E-03,-2.456185245878421E-02,-2.507186481835718E-03
2461472.500000000,-3.526276795325646E-01,-2.607636217196092E-01,1.103063241220071E-02,1.096629843020611E-02,-2.137150809357227E-02,-2.752362026366559E-03
2461476.500000000,-2.996210245960741E-01,-3.384416380435165E-01,-1.791208686561918E-04,1.535316961138097E-02,-1.735408707282374E-02,-2.826382989581093E-03
2461480.500000000,-2.312355990907629E-01,-3.988372380153878E-01,-1.138694034145368E-02,1.866470664356414E-02,-1.276459185948515E-02,-2.755025136310289E-03
2461484.500000000,-1.516759630502152E-01,-4.400255472180841E-01,-2.204988693928831E-02,2.094585581541516E-02,-7.773844866892810E-03,-2.556371013372465E-03
2461488.500000000,-6.501748555118068E-02,-4.606552650515698E-01,-3.168374528343310E-02,2.221422818021409E-02,-2.502799041944344E-03,-2.241920703682198E-03
2461492.500000000,2.466422819966219E-02,-4.598049972006865E-01,-3.983941319370332E-02,2.245096504022694E-02,2.950409928827632E-03,-1.817965144837419E-03
2461496.500000000,1.131354579650740E-01,-4.369408876259986E-01,-4.608496146630774E-02,2.159507670343508E-02,8.486013206009469E-03,-1.287065330583700E-03
2461500.500000000,1.958276148745187E-01,-3.919758493662016E-01,-4.999426589463854E-02,1.953971751252028E-02,1.397527651973796E-02,-6.499442231555805E-04
2461504.500000000,2.676528271387575E-01,-3.254544831323877E-01,-5.114520681613217E-02,1.613292913746133E-02,1.922380795695031E-02,9.144702040602025E-05
2461508.500000000,3.228451969518434E-01,-2.389157670799209E-01,-4.913474908320468E-02,1.119211910935807E-02,2.391816128151929E-02,9.282377511507961E-04
2461512.500000000,3.549218943229920E-01,-1.355115782197244E-01,-4.362592001514332E-02,4.554890076288527E-03,2.755139423327517E-02,1.833892195939433E-03
2461516.500000000,3.569911587375158E-01,-2.094636993446999E-02,-3.445285124916974E-02,-3.788682045808408E-03,2.934299280439492E-02,2.745533169620673E-03
2461520.500000000,3.228550546303849E-01,9.536886687584002E-02,-2.181622406741845E-02,-1.342241459542449E-02,2.823479595955668E-02,3.538512830231359E-03
2461524.500000000,2.494890864794042E-01,1.996296130150241E-01,-6.566829077826848E-03,-2.311193879390885E-02,2.317535386019364E-02,4.013692749263892E-03
2461528.500000000,1.407971094575896E-01,2.750960493448669E-01,9.569230231614550E-03,-3.066426651570481E-02,1.392220434114612E-02,3.950130446430167E-03
2461532.500000000,1.018717624770720E-02,3.073177295807288E-01,2.418128383222525E-02,-3.376275228939404E-02,1.956675755670336E-03,3.256419400361241E-03
2461536.500000000,-1.221775097183299E-01,2.909952939767421E-01,3.498699540444172E-02,-3.159338640771392E-02,-9.840600528037808E-03,2.093323832756550E-03
2461540.500000000,-2.371521419656424E-01,2.322349253195078E-01,4.072954992270932E-02,-2.539588900058218E-02,-1.896679433637663E-02,7.790875201483215E-04
2461544.500000000,-3.227901162826826E-01,1.441108225627974E-01,4.138176967134470E-02,-1.726393852988576E-02,-2.449860853663862E-02,-4.188135708392891E-04
2461548.500000000,-3.749589218755819E-01,4.061896347962406E-02,3.770847024856171E-02,-8.876440551144078E-03,-2.676367086721369E-02,-1.373175922034889E-03
2461552.500000000,-3.947235955406430E-01,-6.667479002339508E-02,3.075255299021573E-02,-1.162214455378363E-03,-2.653329769072615E-02,-2.061849817954140E-03
2461556.500000000,-3.856761534713711E-01,-1.693080935263096E-01,2.153504304913099E-02,5.496480431454803E-03,-2.454190828733651E-02,-2.509797249969923E-03
2461560.500000000,-3.522916369238653E-01,-2.614091844729537E-01,1.094623574662679E-02,1.100387543394676E-02,-2.134400044221959E-02,-2.753551263704618E-03
2461564.500000000,-2.991514220889794E-01,-3.389660617245007E-01,-2.658102874057449E-04,1.538243799264597E-02,-1.732133774444201E-02,-2.826372075767412E-03
2461568.500000000,-2.306649162075838E-01,-3.992228599574082E-01,-1.147146609892451E-02,1.868603030680764E-02,-1.272815088020334E-02,-2.753976611759632E-03
2461572.500000000,-1.510354837392403E-01,-4.402598588463377E-01,-2.212833376639441E-02,2.095944761408904E-02,-7.734781368188184E-03,-2.554394422509981E-03
2461576.500000000,-6.433810410580709E-02,-4.607294524437515E-01,-3.175254642908844E-02,2.222005968623459E-02,-2.461924134087492E-03,-2.239082474286352E-03
2461580.500000000,2.535093534994792E-02,-4.597132863231606E-01,-3.989519857212315E-02,2.244871693267101E-02,2.992357616189341E-03,-1.814298937897266E-03
2461584.500000000,1.137959954565513E-01,-4.366806210218770E-01,-4.612444891427990E-02,2.158410392542856E-02,8.528180499014276E-03,-1.282583649684229E-03
2461588.500000000,1.964252202798527E-01,-3.915483862909001E-01,-5.001420768626906E-02,1.951903131011260E-02,1.401646301833631E-02,-6.446554347964515E-04
2461592.500000000,2.681461420264189E-01,-3.248672078883423E-01,-5.114242816873475E-02,1.610123573891813E-02,1.926213515067900E-02,9.750787841279018E-05
2461596.500000000,3.231873740004931E-01,-2.381857096827879E-01,-4.910636032267458E-02,1.114802660585800E-02,2.395059002067665E-02,9.349499104654535E-04
2461600.500000000,3.550612503096188E-01,-1.346712823749207E-01,-4.356985672974689E-02,4.497531303889893E-03,2.757309757052915E-02,1.840940232567805E-03
2461604.500000000,3.568758526165973E-01,-2.005217234577630E-02,-3.436898211740444E-02,-3.858174862637908E-03,2.934687033650738E-02,2.752231897024774E-03
2461608.500000000,3.224460777720253E-01,9.622846913193987E-02,-2.170822816624000E-02,-1.349822100562005E-02,2.821218833814671E-02,3.543619284946368E-03
2461612.500000000,2.487851270636735E-01,2.003342817008962E-01,-6.444450757331781E-03,-2.318074069530688E-02,2.312004939959196E-02,4.015476554730486E-03
2461616.500000000,1.398635808411392E-01,2.755183064137517E-01,9.689540315962317E-03,-3.070706740692387E-02,1.383821692332077E-02,3.947177238541068E-03
2461620.500000000,9.159781633848953E-03,3.073753295376442E-01,2.428032797209865E-02,-3.376577429171718E-02,1.862263564454020E-03,3.248959331515516E-03
2461624.500000000,-1.231385284827788E-01,2.906935686032606E-01,3.505049207493736E-02,-3.155894885935798E-02,-9.922514595664844E-03,2.083445911455253E-03
2461628.500000000,-2.379242964736252E-01,2.316551907069046E-01,4.075290204920309E-02,-2.533872201976103E-02,-1.902278771146390E-02,7.692426118450498E-04
2461632.500000000,-3.233145141586046E-01,1.433624547585265E-01,4.136851670607601E-02,-1.719938233012286E-02,-2.452745926358903E-02,-4.271163109431587E-04
2461636.500000000,-3.752276914101090E-01,3.980146473925426E-02,3.766603246265755E-02,-8.814326713170045E-03,-2.677041792630758E-02,-1.379444766578278E-03
2461640.500000000,-3.947571578887473E-01,-6.748529309945601E-02,3.068904127634552E-02,-1.107177886500137E-03,-2.652399676073424E-02,-2.066153377372896E-03
2461644.500000000,-3.855066364591259E-01,-1.700577876656211E-01,2.145782185115925E-02,5.542879914447962E-03,-2.452150574341835E-02,-2.512396177376344E-03
2461648.500000000,-3.519541522673539E-01,-2.620611446144017E-01,1.086156401923860E-02,1.104149672290020E-02,-2.131601536044462E-02,-2.754720196547050E-03
2461652.500000000,-2.986804422894226E-01,-3.394950171182839E-01,-3.526853205746525E-04,1.541163652171004E-02,-1.728813883149900E-02,-2.826337515537743E-03
2461656.500000000,-2.300932934764250E-01,-3.996113145981947E-01,-1.155608294701323E-02,1.870721217927258E-02,-1.269131228494250E-02,-2.752904982098711E-03
2461660.500000000,-1.503947074785160E-01,-4.404955278571556E-01,-2.220678418811852E-02,2.097286597651274E-02,-7.695377310794422E-03,-2.552397375376802E-03
2461664.500000000,-6.365912691940341E-02,-4.608037348297575E-01,-3.182127512297768E-02,2.222571847028416E-02,-2.420755927215597E-03,-2.236226517545088E-03
2461668.500000000,2.603658331321261E-02,-4.596205585368277E-01,-3.995084310189352E-02,2.244631587396284E-02,3.034572145346422E-03,-1.810615773531834E-03
2461672.500000000,1.144549061589821E-01,-4.364182771646511E-01,-4.616372325508070E-02,2.157299863258625E-02,8.570616144925561E-03,-1.278082049569871E-03
2461676.500000000,1.970206771921643E-01,-3.911177193862562E-01,-5.003384248480093E-02,1.949821103768095E-02,1.405794913476520E-02,-6.393386852292343E-04
2461680.500000000,2.686366941262343E-01,-3.242754289377404E-01,-5.113920470610407E-02,1.606935910437378E-02,1.930081477122776E-02,1.036107270852514E-04
2461684.500000000,3.235258384261996E-01,-2.374496339831322E-01,-4.907732061971929E-02,1.110362827701925E-02,2.398341934648623E-02,9.417240202155535E-04
2461688.500000000,3.551952762788594E-01,-1.338233549808194E-01,-4.351284870014994E-02,4.439654807035760E-03,2.759519082984637E-02,1.848073219310648E-03
2461692.500000000,3.567525987699987E-01,-1.914903005823878E-02,-3.428379000658694E-02,-3.928464321304475E-03,2.935098197301042E-02,2.759032583987985E-03
2461696.500000000,3.220254496540323E-01,9.709726020614345E-02,-2.159850306423806E-02,-1.357505970345297E-02,2.818942561533179E-02,3.548821148139607E-03
2461700.500000000,2.480653129011799E-01,2.010463577669841E-01,-6.320044186355543E-03,-2.325054716854472E-02,2.306398756302722E-02,4.017306485127473E-03
2461704.500000000,1.389109785249499E-01,2.759437566310363E-01,9.811894884605437E-03,-3.075039710987149E-02,1.375292333935758E-02,3.944182247213037E-03
2461708.500000000,8.112720926959119E-03,3.074304881095807E-01,2.438107399893558E-02,-3.376854736846326E-02,1.766434292578660E-03,3.241375651503280E-03
2461712.500000000,-1.241168199962182E-01,2.903843959575310E-01,3.511511732633554E-02,-3.152361965173934E-02,-1.000544982946155E-02,2.073415334038489E-03
2461716.500000000,-2.387095318872150E-01,2.310651001618022E-01,4.077680636030224E-02,-2.528041860459435E-02,-1.907921346502875E-02,7.592685596598528E-04
2461720.500000000,-3.238475299137088E-01,1.426030211203322E-01,4.135538686483749E-02,-1.713376925029642E-02,-2.455626482840051E-02,-4.355035504753874E-04
2461724.500000000,-3.755012678537435E-01,3.897369583883774E-02,3.762346454686154E-02,-8.751373901205265E-03,-2.677684461152995E-02,-1.385757593626018E-03
2461728.500000000,-3.947926350383775E-01,-6.830451484831342E-02,3.062528315686937E-02,-1.051529483565101E-03,-2.651426157399091E-02,-2.070473341757271E-03
2461732.500000000,-3.853369717766065E-01,-1.708144031002140E-01,2.138032309973475E-02,5.589707582453830E-03,-2.450064962266556E-02,-2.514995990908302E-03
2461736.500000000,-3.516150874564765E-01,-2.627182523419349E-01,1.077662776851796E-02,1.107941411596555E-02,-2.128760124382592E-02,-2.755882780767965E-03
2461740.500000000,-2.982068901687063E-01,-3.400274792496222E-01,-4.397932573113137E-04,1.544104081957009E-02,-1.725454921769237E-02,-2.826294009649931E-03
2461744.500000000,-2.295184078909399E-01,-4.000017892963100E-01,-1.164089526565549E-02,1.872853693500732E-02,-1.265412019153287E-02,-2.751823725720449E-03
2461748.500000000,-1.497501974036338E-01,-4.407318667037957E-01,-2.228539064042594E-02,2.098637824153696E-02,-7.655650458494391E-03,-2.550390152442774E-03
2461752.500000000,-6.297613206404444E-02,-4.608774467129196E-01,-3.189011671354414E-02,2.223142497241047E-02,-2.379289599985041E-03,-2.233358983352969E-03
2461756.500000000,2.672633963100679E-02,-4.595261131483198E-01,-4.000654949392794E-02,2.244391106266869E-02,3.077061882613553E-03,-1.806918489793465E-03
2461760.500000000,1.151177912301742E-01,-4.361531682173400E-01,-4.620299646048691E-02,2.156182830230834E-02,8.613298693720756E-03,-1.273563000654681E-03
2461764.500000000,1.976197087077950E-01,-3.906833796537790E-01,-5.005339976881705E-02,1.947725455341182E-02,1.409963878255661E-02,-6.340013389358304E-04
2461768.500000000,2.691301254041233E-01,-3.236792921378688E-01,-5.113581769845001E-02,1.603727126022589E-02,1.933962792799498E-02,1.097355228531890E-04
2461772.500000000,3.238662023609796E-01,-2.367088679296886E-01,-4.904803330373484E-02,1.105895512352328E-02,2.401627432405935E-02,9.485172957719643E-04
2461776.500000000,3.553300351858720E-01,-1.329709222916456E-01,-4.345553322187994E-02,4.381479676921755E-03,2.761715917379020E-02,1.855215529143419E-03
2461780.500000000,3.566289654764416E-01,-1.824223435570498E-02,-3.419828857701155E-02,-3.998993499429533E-03,2.935479140517431E-02,2.765823203537537E-03
2461784.500000000,3.216038050251690E-01,9.796818072015273E-02,-2.148856248780189E-02,-1.365195472438489E-02,2.816621685050739E-02,3.553985312547000E-03
2461788.500000000,2.473448193515157E-01,2.017587147332088E-01,-6.195626757332007E-03,-2.332011859993561E-02,2.300748246022762E-02,4.019073867143921E-03
2461792.500000000,1.379591894488619E-01,2.763681107862644E-01,9.933996439973945E-03,-3.079324148075467E-02,1.366742241446376E-02,3.941123447980549E-03
2461796.500000000,7.068524669991365E-03,3.074844479521436E-01,2.448136643085594E-02,-3.377083084441070E-02,1.670761254537300E-03,3.233760102606150E-03
2461800.500000000,-1.250907256375768E-01,2.900752001766885E-01,3.517925052668690E-02,-3.148804608996210E-02,-1.008799129687464E-02,2.063396531138676E-03
2461804.500000000,-2.394900011140332E-01,2.304766444692478E-01,4.080032816374489E-02,-2.522215906710923E-02,-1.913523752613428E-02,7.493335666353567E-04
2461808.500000000,-3.243763595417276E-01,1.418466012667514E-01,4.134204770707509E-02,-1.706838023626479E-02,-2.458479343210329E-02,-4.438462488568760E-04
2461812.500000000,-3.757717112237188E-01,3.814975637724405E-02,3.758085410480455E-02,-8.688707420920006E-03,-2.678313745008824E-02,-1.392032739731241E-03
2461816.500000000,-3.948261221192537E-01,-6.911960819777697E-02,3.056161278343237E-02,-9.961583208813428E-04,-2.650450418883334E-02,-2.074765946530470E-03
2461820.500000000,-3.851663519984240E-01,-1.715669603834543E-01,2.130300189758571E-02,5.636297709372673E-03,-2.447984502124577E-02,-2.517577965197131E-03
2461824.500000000,-3.512759230822242E-01,-2.633716041039256E-01,1.069192476282666E-02,1.111714144698441E-02,-2.125928259188734E-02,-2.757034995887528E-03
2461828.500000000,-2.977339070798181E-01,-3.405566203609603E-01,-5.266379756091520E-04,1.547030001710656E-02,-1.722107899812547E-02,-2.826245578682109E-03
2461832.500000000,-2.289445920594292E-01,-4.003894469977669E-01,-1.172543279613188E-02,1.874975525900288E-02,-1.261705921044838E-02,-2.750741382806528E-03
2461836.500000000,-1.491071172847389E-01,-4.409659247995387E-01,-2.236372369373936E-02,2.099981568258497E-02,-7.616059915877274E-03,-2.548384564396993E-03
2461840.500000000,-6.229481419271136E-02,-4.609494290501432E-01,-3.195869573346810E-02,2.223708180409779E-02,-2.337962483418452E-03,-2.230495158862873E-03
2461844.500000000,2.741426186572210E-02,-4.594305021938140E-01,-4.006201191627884E-02,2.244147668808784E-02,3.119408394399186E-03,-1.803226805488905E-03
2461848.500000000,1.157787590234360E-01,-4.358874810882643E-01,-4.624205230317270E-02,2.155064571796944E-02,8.655829836773897E-03,-1.269051753427576E-03
2461852.500000000,1.982168090597612E-01,-3.902490949733605E-01,-5.007277669701257E-02,1.945630391274585E-02,1.414116183126434E-02,-6.286749019594822E-04
2461856.500000000,2.696216948772291E-01,-3.230839223619721E-01,-5.113230278872244E-02,1.600521402131284E-02,1.937825004914774E-02,1.158446571216004E-04
2461860.500000000,3.242049012839419E-01,-2.359696977024502E-01,-4.901869426727362E-02,1.101435347815698E-02,2.404890466923780E-02,9.552876537665718E-04
2461864.500000000,3.554635442391021E-01,-1.321210573997140E-01,-4.339827745359422E-02,4.323446953798409E-03,2.763886701793569E-02,1.862324499068709E-03
2461868.500000000,3.565048667319193E-01,-1.733909223070140E-02,-3.411300567042781E-02,-4.069264563885391E-03,2.935832512029338E-02,2.772567539735379E-03
2461872.500000000,3.211830363279202E-01,9.883442069905415E-02,-2.137904967069403E-02,-1.372843202279641E-02,2.814278769857750E-02,3.559092140665509E-03
2461876.500000000,2.466271929483994E-01,2.024658372187599E-01,-6.071870256977916E-03,-2.338912257686294E-02,2.295094690824932E-02,4.020785171423480E-03
2461880.500000000,1.370126334456530E-01,2.767877237153656E-01,1.005525389645180E-02,-3.083550508047163E-02,1.358221189391110E-02,3.938033486829941E-03
2461884.500000000,6.031522641946920E-03,3.075354613008746E-01,2.458077561772178E-02,-3.377275154772788E-02,1.575671144284431E-03,3.226157659512909E-03
2461888.500000000,-1.260566758212472E-01,2.897656213738933E-01,3.524263677496593E-02,-3.145245839587030E-02,-1.016987819663096E-02,2.053429589039440E-03
2461892.500000000,-2.402630569428086E-01,2.298901739531487E-01,4.082334756375356E-02,-2.516415966756290E-02,-1.919075872164093E-02,7.394645529773122E-04
2461896.500000000,-3.248990912085202E-01,1.410937152318725E-01,4.132846019457071E-02,-1.700336254014725E-02,-2.461305217726106E-02,-4.521304947870265E-04
2461900.500000000,-3.760375450139048E-01,3.733000706410979E-02,3.753819669217096E-02,-8.626399072978762E-03,-2.678936174176050E-02,-1.398266257976742E-03
2461904.500000000,-3.948563030192868E-01,-6.993052799237238E-02,3.049802712108102E-02,-9.410762983917176E-04,-2.649481248146747E-02,-2.079033898373160E-03
2461908.500000000,-3.849934272527182E-01,-1.723157754616802E-01,2.122583624756266E-02,5.682674891735832E-03,-2.445918258243900E-02,-2.520148386073642E-03
2461912.500000000,-3.509351803417652E-01,-2.640218730753413E-01,1.060740538936217E-02,1.115471433425386E-02,-2.123114763992191E-02,-2.758183926379628E-03
2461916.500000000,-2.972598912410322E-01,-3.410834724873856E-01,-6.132948945488504E-04,1.549943605084264E-02,-1.718782157729752E-02,-2.826197672406132E-03
2461920.500000000,-2.283702205520921E-01,-4.007757322141529E-01,-1.180978626724146E-02,1.877085386863805E-02,-1.258024589373286E-02,-2.749659929231891E-03
2461924.500000000,-1.484639917187983E-01,-4.411997007525526E-01,-2.244187376260755E-02,2.101311488971561E-02,-7.576770896533759E-03,-2.546378541862123E-03
2461928.500000000,-6.161405941043544E-02,-4.610224881915730E-01,-3.202708862412440E-02,2.224257246004999E-02,-2.297018452878778E-03,-2.227630659375626E-03
2461932.500000000,2.810091369866339E-02,-4.593377173195159E-01,-4.011729214065627E-02,2.243885859572387E-02,3.161257760037383E-03,-1.799538845722565E-03
2461936.500000000,1.164377432065970E-01,-4.356268913514150E-01,-4.628096280299980E-02,2.153929898490707E-02,8.697717506519587E-03,-1.264556847244735E-03
2461940.500000000,1.988114184364899E-01,-3.898228151982437E-01,-5.009211694398660E-02,1.943527828513079E-02,1.418187235287251E-02,-6.233884666184966E-04
2461944.500000000,2.701108216033716E-01,-3.225001463823883E-01,-5.112897918024194E-02,1.597327644811068E-02,1.941589436536502E-02,1.218777443237926E-04
2461948.500000000,3.245422509938168E-01,-2.352462792672216E-01,-4.898994170251924E-02,1.097020379290174E-02,2.408044993095409E-02,9.619350127304968E-04
2461952.500000000,3.555984241613348E-01,-1.312912672544358E-01,-4.334220267188349E-02,4.266344842701292E-03,2.765953371867205E-02,1.869259565461670E-03
2461956.500000000,3.563869877269311E-01,-1.645965509622753E-02,-3.402968444207505E-02,-4.138037801012327E-03,2.936114354898657E-02,2.779099512766817E-03
2461960.500000000,3.207754942073998E-01,9.967540073104569E-02,-2.127236311085108E-02,-1.380294544399307E-02,2.811936662416521E-02,3.563988529796331E-03
2461964.500000000,2.459309063961237E-01,2.031497931595847E-01,-5.951664801624204E-03,-2.345613954457168E-02,2.289548484700286E-02,4.022357510145044E-03
2461968.500000000,1.360942012634452E-01,2.771905814267965E-01,1.017266438940741E-02,-3.087648967903769E-02,1.349906832613714E-02,3.934941858028410E-03
2461972.500000000,5.025354956341776E-03,3.075789122368291E-01,2.467662258402615E-02,-3.377463364947994E-02,1.482959885569628E-03,3.218691848008645E-03
2461976.500000000,-1.269939715988422E-01,2.894571552729566E-01,3.530316466131883E-02,-3.141791566749670E-02,-1.024992070019028E-02,2.043662106093241E-03
2461980.500000000,-2.410127657041680E-01,2.293103984254309E-01,4.084428673137411E-02,-2.510765680089184E-02,-1.924534354773004E-02,7.297745767541118E-04
2461984.500000000,-3.254044049426330E-01,1.403496465588466E-01,4.131339895131020E-02,-1.693974782704561E-02,-2.464113587443909E-02,-4.602923261056547E-04
2461988.500000000,-3.762909492962683E-01,3.651880380917354E-02,3.749444626693273E-02,-8.565166297649406E-03,-2.679584217518957E-02,-1.404429044524178E-03
2461992.500000000,-3.948776650035393E-01,-7.073430775323372E-02,3.043356083559293E-02,-8.867334958207861E-04,-2.648553064985898E-02,-2.083262896326393E-03
2461996.500000000,-3.848140997262443E-01,-1.730591013190560E-01,2.114791400040365E-02,5.728567088979468E-03,-2.443891610154924E-02,-2.522693195719971E-03
2462000.500000000,-3.505896234088323E-01,-2.646680634394100E-01,1.052222569292254E-02,1.119196383118585E-02,-2.120331378420815E-02,-2.759309020240450E-03
2462004.500000000,-2.967821539663856E-01,-3.416072051347401E-01,-7.005116328099387E-04,1.552833980253545E-02,-1.715474022334874E-02,-2.826123075416669E-03
2462008.500000000,-2.277929480843438E-01,-4.011593397065560E-01,-1.189458724516109E-02,1.879176986444102E-02,-1.254347737393910E-02,-2.748549367947530E-03
2462012.500000000,-1.478186291413114E-01,-4.414307187255106E-01,-2.252035451922060E-02,2.102626309092296E-02,-7.537397492319756E-03,-2.544343678486209E-03
2462016.500000000,-6.093162030318887E-02,-4.610921977124898E-01,-3.209570065592700E-02,2.224793677255847E-02,-2.255863088692409E-03,-2.224739268269882E-03
2462020.500000000,2.878877845356565E-02,-4.592404809070771E-01,-4.017268551415927E-02,2.243612836924537E-02,3.203447623797483E-03,-1.795824113804740E-03
2462024.500000000,1.170974787958843E-01,-4.353602175309891E-01,-4.631987001370672E-02,2.152782709076847E-02,8.740082520389080E-03,-1.260029121431613E-03
2462028.500000000,1.994061669611950E-01,-3.893882545385227E-01,-5.011129450831674E-02,1.941405983944668E-02,1.422320449049122E-02,-6.180532560552911E-04
2462032.500000000,2.705990378053119E-01,-3.219053238459879E-01,-5.112524575361256E-02,1.594098879933659E-02,1.945429575121623E-02,1.279877197373202E-04
2462036.500000000,3.248767719703424E-01,-2.345085943392297E-01,-4.896039568852629E-02,1.092542189712048E-02,2.411283297946722E-02,9.686989336619380E-04
2462040.500000000,3.557271472117918E-01,-1.304439197869282E-01,-4.328477824905708E-02,4.208189071206852E-03,2.768097352138171E-02,1.876356006754045E-03
2462044.500000000,3.562577325275540E-01,-1.556014291262520E-02,-3.394429398525830E-02,-4.208369771167533E-03,2.936438807281256E-02,2.785825759140258E-03
2462048.500000000,3.203494752126019E-01,1.005367972307238E-01,-2.116282887696444E-02,-1.387940363668346E-02,2.809561859751041E-02,3.569069820641059E-03
2462052.500000000,2.452083353376881E-01,2.038507453625024E-01,-5.828009977671288E-03,-2.352500141305155E-02,2.283861064533496E-02,4.024032404876261E-03
2462056.500000000,1.351435754072894E-01,2.776027364715415E-01,1.029365441098738E-02,-3.091845875168577E-02,1.341356926525663E-02,3.931806638243827E-03
2462060.500000000,3.985689297958290E-03,3.076215749177544E-01,2.477558330037695E-02,-3.377616229379462E-02,1.387722929357107E-03,3.211046270440840E-03
2462064.500000000,-1.279609964365671E-01,2.891389666375909E-01,3.536595095414802E-02,-3.138194016349926E-02,-1.033179448918979E-02,2.033663318244516E-03
2462068.500000000,-2.417854541069811E-01,2.287156273975392E-01,4.086660383839761E-02,-2.504932817878296E-02,-1.930073009218332E-02,7.198860175697584E-04
2462072.500000000,-3.259255909423073E-01,1.395891854286635E-01,4.129905348950717E-02,-1.687447106752479E-02,-2.466917046371400E-02,-4.685849475694944E-04
2462076.500000000,-3.765543507844591E-01,3.569252026330084E-02,3.745101945865456E-02,-8.502674752229343E-03,-2.680177352634937E-02,-1.410659909906185E-03
2462080.500000000,-3.949048407602005E-01,-7.155048772752087E-02,3.036923787063544E-02,-8.315484373387392E-04,-2.647549859817594E-02,-2.087517629453223E-03
2462084.500000000,-3.846379132640446E-01,-1.738117567414240E-01,2.107008241319315E-02,5.774971035439566E-03,-2.441788732857572E-02,-2.525241539410598E-03
2462088.500000000,-3.502456428814608E-01,-2.653206824359230E-01,1.043714195625107E-02,1.122950100146693E-02,-2.117480174637200E-02,-2.760429752549251E-03
2462092.500000000,-2.963051341475157E-01,-3.421348871250847E-01,-7.876131492387196E-04,1.555739847966637E-02,-1.712109958288450E-02,-2.826044010959348E-03
2462096.500000000,-2.272159264676980E-01,-4.015448994971801E-01,-1.197925966357285E-02,1.881277266306538E-02,-1.250626748103930E-02,-2.747436649906125E-03
2462100.500000000,-1.471732396625011E-01,-4.416621280851612E-01,-2.259870117748071E-02,2.103946759430336E-02,-7.497680742313977E-03,-2.542307821158662E-03
2462104.500000000,-6.024896147110842E-02,-4.611610749877964E-01,-3.216417246747794E-02,2.225334221629214E-02,-2.214434327111039E-03,-2.221845317628805E-03
2462108.500000000,2.947699765998378E-02,-4.591414104483514E-01,-4.022792059356024E-02,2.243342314089103E-02,3.245869412356692E-03,-1.792102488649299E-03
2462112.500000000,1.177576174025964E-01,-4.350908259060947E-01,-4.635857903684355E-02,2.151635164497866E-02,8.782660431232516E-03,-1.255488055024928E-03
2462116.500000000,2.000012139406174E-01,-3.889501416912463E-01,-5.013020530849727E-02,1.939278870254419E-02,1.426474156282986E-02,-6.126969547308322E-04
2462120.500000000,2.710872012379846E-01,-3.213061507232041E-01,-5.112114503627745E-02,1.590857380923453E-02,1.949288891304072E-02,1.341267953602406E-04
2462124.500000000,3.252105394856717E-01,-2.337658582907146E-01,-4.893035205996769E-02,1.088041352206966E-02,2.414536802339515E-02,9.754984542140741E-04
2462128.500000000,3.558539902325913E-01,-1.295910755732403E-01,-4.322670786634333E-02,4.149696912051165E-03,2.770247323840083E-02,1.883489887577684E-03
2462132.500000000,3.561250671693422E-01,-1.465520050295139E-02,-3.385811908282611E-02,-4.279121049724026E-03,2.936752614255722E-02,2.792581742535176E-03
2462136.500000000,3.199183498157203E-01,1.014027462735873E-01,-2.105243060082580E-02,-1.395626752062649E-02,2.807153086887303E-02,3.574158457925988E-03
2462140.500000000,2.444793382567327E-01,2.045544243009660E-01,-5.703531257655904E-03,-2.359408630066581E-02,2.278117721102498E-02,4.025678311136261E-03
2462144.500000000,1.341862613071256E-01,2.780151930235229E-01,1.041527784365210E-02,-3.096032297791301E-02,1.332745607069714E-02,3.928607441560201E-03
2462148.500000000,2.940389398279858E-03,3.076623778311898E-01,2.487488943609957E-02,-3.377729305268996E-02,1.292053182988127E-03,3.203325964769280E-03
2462152.500000000,-1.289318018304086E-01,2.888177544445293E-01,3.542881154043417E-02,-3.134547217433475E-02,-1.041381810048796E-02,2.023607186018706E-03
2462156.500000000,-2.425600675812090E-01,2.281176902622888E-01,4.088882052934002E-02,-2.499058255351175E-02,-1.935605857826029E-02,7.099673733951845E-04
2462160.500000000,-3.264472865178078E-01,1.388260035352665E-01,4.128453293871601E-02,-1.680890380246755E-02,-2.469705749825654E-02,-4.768864360584087E-04
2462164.500000000,-3.768173219129695E-01,3.486415168538052E-02,3.740740834136710E-02,-8.439997689513026E-03,-2.680754259171388E-02,-1.416887951403894E-03
2462168.500000000,-3.949309922146924E-01,-7.236812763857248E-02,3.030475330884344E-02,-7.762462369484544E-04,-2.646531842267611E-02,-2.091764673092415E-03
2462172.500000000,-3.844603215733636E-01,-1.745653170319489E-01,2.099212327622761E-02,5.821452000405868E-03,-2.439672872002458E-02,-2.527780936771022E-03
2462176.500000000,-3.498999997561140E-01,-2.659737152957314E-01,1.035196628368154E-02,1.126709178597459E-02,-2.114617284952564E-02,-2.761541746290104E-03
2462180.500000000,-2.958262698116952E-01,-3.426625291796884E-01,-8.747726523387400E-04,1.558649525065505E-02,-1.708734769778084E-02,-2.825956693609029E-03
2462184.500000000,-2.266369348709505E-01,-4.019299744731505E-01,-1.206395754544229E-02,1.883380007657158E-02,-1.246894544532829E-02,-2.746315837533369E-03
2462188.500000000,-1.465258111189665E-01,-4.418925941176139E-01,-2.267704023258227E-02,2.105268149366306E-02,-7.457846275350893E-03,-2.540263406793059E-03
2462192.500000000,-5.956426328509259E-02,-4.612285224317506E-01,-3.223260027941287E-02,2.225873751178777E-02,-2.172879826957631E-03,-2.218941595395945E-03
2462196.500000000,3.016716637524663E-02,-4.590403910145892E-01,-4.028306885534619E-02,2.243068195609348E-02,3.288424737294557E-03,-1.788369099617430E-03
2462200.500000000,1.184194973589692E-01,-4.348189411312098E-01,-4.639714902365615E-02,2.150480669284428E-02,8.825375892126249E-03,-1.250932544622351E-03
2462204.500000000,2.005976430576274E-01,-3.885089913879806E-01,-5.014891320037410E-02,1.937140608151026E-02,1.430641116613278E-02,-6.073231385382165E-04
2462208.500000000,2.715762045669200E-01,-3.207034468027378E-01,-5.111676556522631E-02,1.587599833591512E-02,1.953159250535896E-02,1.402861291153838E-04
2462212.500000000,3.255444043722783E-01,-2.330192396820871E-01,-4.889994588200451E-02,1.083519536476891E-02,2.417796253678963E-02,9.823191121263186E-04
2462216.500000000,3.559800181068703E-01,-1.287342821981783E-01,-4.316819589228452E-02,4.090963777534037E-03,2.772393862140797E-02,1.890641034219556E-03
2462220.500000000,3.559906458029545E-01,-1.374671602471243E-02,-3.377145551522087E-02,-4.350087914824854E-03,2.937048795812737E-02,2.799342135020200E-03
2462224.500000000,3.194848355962898E-01,1.022712129015635E-01,-2.094157154112880E-02,-1.403320906633452E-02,2.804711174362733E-02,3.579226898966674E-03
2462228.500000000,2.437481516186275E-01,2.052591251736557E-01,-5.578732877813576E-03,-2.366297512174063E-02,2.272335728581469E-02,4.027274460511829E-03
2462232.500000000,1.332281615107807E-01,2.784274016542787E-01,1.053698674415115E-02,-3.100169718905386E-02,1.324113953016188E-02,3.925345977242025E-03
2462236.500000000,1.896522800946418E-03,3.077028512599042E-01,2.497406655982257E-02,-3.377785665807844E-02,1.196560138024498E-03,3.195566630892246E-03
2462240.500000000,-1.298992658158398E-01,2.884976153293455E-01,3.549147549265465E-02,-3.130865662437174E-02,-1.049535044153792E-02,2.013557186439838E-03
2462244.500000000,-2.433306197025757E-01,2.275230162967182E-01,4.091094408452054E-02,-2.493182390356442E-02,-1.941082531120443E-02,7.000909277587544E-04
2462248.500000000,-3.269654264768688E-01,1.380681238344607E-01,4.127012223549800E-02,-1.674358100971090E-02,-2.472450889241402E-02,-4.851323302163171E-04
2462252.500000000,-3.770780070526613E-01,3.404243642996599E-02,3.736412498209930E-02,-8.377690024511287E-03,-2.681307522047145E-02,-1.423064801304952E-03
2462256.500000000,-3.949564045780340E-01,-7.317855933783823E-02,3.024077676085149E-02,-7.213347062892431E-04,-2.645509191532464E-02,-2.095973564716673E-03
2462260.500000000,-3.842834917334029E-01,-1.753117988225678E-01,2.091479446710059E-02,5.867579593320815E-03,-2.437567390650814E-02,-2.530297317573712E-03
2462264.500000000,-3.495564132825282E-01,-2.666203135433761E-01,1.026748450345966E-02,1.130439039775104E-02,-2.111775563966188E-02,-2.762644619153173E-03
2462268.500000000,-2.953505011913699E-01,-3.431847417503032E-01,-9.612255585124176E-04,1.561536404584456E-02,-1.705388210508315E-02,-2.825871714024236E-03
2462272.500000000,-2.260618334916125E-01,-4.023108764754703E-01,-1.214797700784615E-02,1.885465664295216E-02,-1.243196275990524E-02,-2.745206422651871E-03
2462276.500000000,-1.458828579343422E-01,-4.421203318783971E-01,-2.275476165807578E-02,2.106577220213608E-02,-7.418393970644852E-03,-2.538237803693586E-03
2462280.500000000,-5.888444960377032E-02,-4.612948536172508E-01,-3.230049951652086E-02,2.226405084050897E-02,-2.131749790141058E-03,-2.216063621198806E-03
2462284.500000000,3.085220496763322E-02,-4.589400484439312E-01,-4.033780668457554E-02,2.242790088471024E-02,3.330506334200533E-03,-1.784669307532969E-03
2462288.500000000,1.190761896117886E-01,-4.345497449516030E-01,-4.643546238310295E-02,2.149327598939157E-02,8.867557262482896E-03,-1.246420856320791E-03
2462292.500000000,2.011890922022131E-01,-3.880728041181747E-01,-5.016756623943006E-02,1.935011909141441E-02,1.434747653559520E-02,-6.020071074676999E-04
2462296.500000000,2.720608464406571E-01,-3.201082647191824E-01,-5.111259795237304E-02,1.584364580944297E-02,1.956962272409853E-02,1.463691039811674E-04
2462300.500000000,3.258751596242979E-01,-2.322829347658115E-01,-4.887010131049421E-02,1.079039224318771E-02,2.420984263871982E-02,9.890407493650000E-04
2462304.500000000,3.561051034338313E-01,-1.278906201011940E-01,-4.311068864813982E-02,4.032910598398404E-03,2.774472898239249E-02,1.897670170286372E-03
2462308.500000000,3.558586170674047E-01,-1.285373190829883E-02,-3.368631747396013E-02,-4.420065571201269E-03,2.937297443975715E-02,2.805966918837812E-03
2462312.500000000,3.190582146302856E-01,1.031230641386766E-01,-2.083276725350545E-02,-1.410891425120755E-02,2.802265255857590E-02,3.584172308312456E-03
2462316.500000000,2.430288987640543E-01,2.059482885757182E-01,-5.456386674210259E-03,-2.373064260016361E-02,2.266613671694813E-02,4.028802627881023E-03
2462320.500000000,1.322861379811214E-01,2.788277289499760E-01,1.065614784590927E-02,-3.104229474344603E-02,1.315601059744393E-02,3.922108204338528E-03
2462324.500000000,8.703893634322365E-04,3.077367156319109E-01,2.507097275254743E-02,-3.377838640207011E-02,1.102424692282578E-03,3.187916221540249E-03
2462328.500000000,-1.308502114992201E-01,2.881757696755105E-01,3.555239037531578E-02,-3.127242833432852E-02,-1.057585416610133E-02,2.003648748235565E-03
2462332.500000000,-2.440875990478676E-01,2.269297011025723E-01,4.093185699239633E-02,-2.487388405755196E-02,-1.946508936909328E-02,6.903357118689900E-04
2462336.500000000,-3.274731778300996E-01,1.373127172401136E-01,4.125490531334369E-02,-1.667899644038636E-02,-2.475187349723357E-02,-4.932979517121413E-04
2462340.500000000,-3.773308767463869E-01,3.322304810179730E-02,3.732028108993291E-02,-8.315925699883927E-03,-2.681873611013148E-02,-1.429197029640528E-03
2462344.500000000,-3.949758031807480E-01,-7.398733885266191E-02,3.017636997343315E-02,-6.667897688410072E-04,-2.644505539943462E-02,-2.100159546679901E-03
2462348.500000000,-3.841018698973859E-01,-1.760573689016399E-01,2.083710543774795E-02,5.913450822005731E-03,-2.435479150079507E-02,-2.532799799271995E-03
2462352.500000000,-3.492089548071673E-01,-2.672666078068200E-01,1.018269516955380E-02,1.134147531461035E-02,-2.108946914272453E-02,-2.763733977325347E-03
2462356.500000000,-2.948717163970465E-01,-3.437070992995754E-01,-1.047924599088316E-03,1.564401226351606E-02,-1.702051323259478E-02,-2.825769111221927E-03
2462360.500000000,-2.254846598906670E-01,-4.026922795415581E-01,-1.223216192106105E-02,1.887525931729607E-02,-1.239506595065221E-02,-2.744074413625263E-03
2462364.500000000,-1.452389258074465E-01,-4.423489401184947E-01,-2.283255120362994E-02,2.107857099212907E-02,-7.379045347544725E-03,-2.536186654252162E-03
2462368.500000000,-5.820488139607663E-02,-4.613625520647818E-01,-3.236836505811643E-02,2.226904732957727E-02,-2.090768619135450E-03,-2.213161032200203E-03
2462372.500000000,3.153572385864497E-02,-4.588417950172690E-01,-4.039242206250401E-02,2.242480499330950E-02,3.372373235655042E-03,-1.780950564493804E-03
2462376.500000000,1.197301676386900E-01,-4.342836459462270E-01,-4.647359677464445E-02,2.148146971545393E-02,8.909448997505395E-03,-1.241900606954903E-03
2462380.500000000,2.017768754032052E-01,-3.876410139637678E-01,-5.018603362372141E-02,1.932863933122265E-02,1.438818431250894E-02,-5.966968397768350E-04
2462384.500000000,2.725412909043174E-01,-3.195190041265453E-01,-5.110830053045121E-02,1.581122722043356E-02,1.960725482202886E-02,1.524297390178665E-04
2462388.500000000,3.262017667942247E-01,-2.315541441606316E-01,-4.884024916049309E-02,1.074568400608931E-02,2.424133486994441E-02,9.957239923410390E-04
2462392.500000000,3.562267629122434E-01,-1.270558861956266E-01,-4.305335287373661E-02,3.975121892071402E-03,2.776521346179481E-02,1.904649286597907E-03
2462396.500000000,3.557245068457870E-01,-1.197060382716362E-02,-3.360156016166235E-02,-4.489646623392004E-03,2.937531487367396E-02,2.812538904654173E-03
2462400.500000000,3.186312105137544E-01,1.039648874054539E-01,-2.072454084266762E-02,-1.418418773953076E-02,2.799825688497918E-02,3.589073958075779E-03
2462404.500000000,2.423108331433685E-01,2.066280709924140E-01,-5.334757863129323E-03,-2.379797927765605E-02,2.260916337582176E-02,4.030305842504339E-03
2462408.500000000,1.313462399908801E-01,2.792198377679275E-01,1.077453158954477E-02,-3.108276224070272E-02,1.307118835069005E-02,3.918864245636138E-03
2462412.500000000,-1.534851203833243E-04,3.077634289558189E-01,2.516709454516367E-02,-3.377896345254159E-02,1.008492640799479E-03,3.180265620308413E-03
2462416.500000000,-1.317992185695076E-01,2.878472285784203E-01,3.561250479469297E-02,-3.123628596128868E-02,-1.065633386741035E-02,1.993730496106708E-03
2462420.500000000,-2.448428258074807E-01,2.263295129520771E-01,4.095190092241402E-02,-2.481593632832482E-02,-1.951944771758665E-02,6.805565205682923E-04
2462424.500000000,-3.279788796107149E-01,1.365500235949011E-01,4.123870679062764E-02,-1.661427314930205E-02,-2.477933192894178E-02,-5.014940706806296E-04
2462428.500000000,-3.775809379543003E-01,3.239615400782890E-02,3.727533908334794E-02,-8.253930071422276E-03,-2.682440255935683E-02,-1.435355376466943E-03
2462432.500000000,-3.949913784116770E-01,-7.480340477454347E-02,3.011078253522180E-02,-6.119772980083141E-04,-2.643490160743639E-02,-2.104359886135055E-03
2462436.500000000,-3.839153532705972E-01,-1.768095094010630E-01,2.075820634345212E-02,5.959585506306662E-03,-2.433367040096558E-02,-2.535302651053540E-03
2462440.500000000,-3.488555883859961E-01,-2.679183015200564E-01,1.009671975239269E-02,1.137880198120689E-02,-2.106083905638909E-02,-2.764811493458951E-03
2462444.500000000,-2.943861067079699E-01,-3.442333034790392E-01,-1.135743751007740E-03,1.567287716713517E-02,-1.698671434531749E-02,-2.825645952953612E-03
2462448.500000000,-2.248998461542985E-01,-4.030756599997987E-01,-1.231737220178398E-02,1.889605234795248E-02,-1.235766615435354E-02,-2.742915878678682E-03
2462452.500000000,-1.445866562807430E-01,-4.425773786901777E-01,-2.291124926434554E-02,2.109152592539514E-02,-7.339126520793330E-03,-2.534103465481575E-03
2462456.500000000,-5.751644864187166E-02,-4.614276655817225E-01,-3.243699699228570E-02,2.227414714298574E-02,-2.049149682881478E-03,-2.210218919234704E-03
2462460.500000000,3.222836526514702E-02,-4.587382676417027E-01,-4.044762471763739E-02,2.242172846261913E-02,3.414946838907302E-03,-1.777181056276403E-03
2462464.500000000,1.203931055051981E-01,-4.340093145230443E-01,-4.651208512661562E-02,2.146955414078556E-02,8.952111465402987E-03,-1.237313649117547E-03
2462468.500000000,2.023728290896155E-01,-3.871978109480974E-01,-5.020454831672785E-02,1.930686348423558E-02,1.442970622686337E-02,-5.912992389913458E-04
2462472.500000000,2.730282351013850E-01,-3.189150624708126E-01,-5.110365394223167E-02,1.577825754019775E-02,1.964569556774844E-02,1.586016031672724E-04
2462476.500000000,3.265320451731485E-01,-2.308075954396544E-01,-4.880955494740193E-02,1.070010265456210E-02,2.427353668209947E-02,1.002541885626465E-03
2462480.500000000,3.563478848409966E-01,-1.262010018195977E-01,-4.299460132190430E-02,3.916100685108470E-03,2.778615275960735E-02,1.911778337751345E-03
2462484.500000000,3.555842710580338E-01,-1.106637546526735E-02,-3.351478948744868E-02,-4.560769028159240E-03,2.937763460340335E-02,2.819254806459357E-03
2462488.500000000,3.181916348497344E-01,1.048263801711533E-01,-2.061379853485617E-02,-1.426108658059767E-02,2.797313427918638E-02,3.594075337430689E-03
2462492.500000000,2.415742345931252E-01,2.073230343262999E-01,-5.210380389193611E-03,-2.386658415071316E-02,2.255068794012362E-02,4.031818892867215E-03
2462496.500000000,1.303842876220104E-01,2.796200189471217E-01,1.089548135172787E-02,-3.112365940548402E-02,1.298440253932352E-02,3.915520153852049E-03
2462500.500000000,-1.199151972126268E-03,3.077904823708797E-01,2.526521372409726E-02,-3.377900408207016E-02,9.127676735838022E-04,3.172441338908255E-03
