# NASA/JPL Horizons target 699 (saturn), center 500@10, ECLIPTIC/ICRF, AU and AU/day
# State vectors 1977-08-21..2030-01-02 every 20d; retrieved 2026-09-24 by scripts/fetch_horizons.ps1
julian_date,x_au,y_au,z_au,vx_au_d,vy_au_d,vz_au_d
2443376.500000000,-7.132912665510455E+00,5.777347233579777E+00,1.824493418692264E-01,-3.818799904968287E-03,-4.350677027983262E-03,2.280042530213416E-04
2443396.500000000,-7.208748702584010E+00,5.689902168682049E+00,1.869907235911662E-01,-3.763935247551419E-03,-4.393800357287217E-03,2.260985035091183E-04
2443416.500000000,-7.283485172288581E+00,5.601585491800647E+00,1.915023905567288E-01,-3.709577328129362E-03,-4.437049151935241E-03,2.246984375983842E-04
2443436.500000000,-7.357112254509652E+00,5.512407371637894E+00,1.959861076669442E-01,-3.653824045328368E-03,-4.480584743735659E-03,2.237176159151705E-04
2443456.500000000,-7.429614545301237E+00,5.422382269696638E+00,2.004410950129352E-01,-3.596344551982962E-03,-4.522484071036584E-03,2.221315024107964E-04
2443476.500000000,-7.500982455332658E+00,5.331530517695214E+00,2.048640536115946E-01,-3.539583955577455E-03,-4.562594177562481E-03,2.200983199269012E-04
2443496.500000000,-7.571212286125308E+00,5.239867468250107E+00,2.092548542672472E-01,-3.483362670723386E-03,-4.602884716991777E-03,2.186189714947453E-04
2443516.500000000,-7.640295022095874E+00,5.147403634045633E+00,2.136153598502346E-01,-3.425598784318066E-03,-4.643386186676303E-03,2.175100901296764E-04
2443536.500000000,-7.708216387813607E+00,5.054154449970864E+00,2.179444671538429E-01,-3.366419406941712E-03,-4.682086998141152E-03,2.157435835298673E-04
2443556.500000000,-7.774968647094052E+00,4.960140238180824E+00,2.222390744257177E-01,-3.307960403516302E-03,-4.719173893770364E-03,2.136193192100691E-04
2443576.500000000,-7.840548860783739E+00,4.865376014091385E+00,2.264992603833291E-01,-3.250089704525820E-03,-4.756421726589236E-03,2.120427932263606E-04
2443596.500000000,-7.904948485929742E+00,4.769872265433587E+00,2.307269015730285E-01,-3.190581721092677E-03,-4.793901086783953E-03,2.108318004230897E-04
2443616.500000000,-7.968153656275965E+00,4.673644945506400E+00,2.349206054384868E-01,-3.129728890260838E-03,-4.829395016324473E-03,2.088792324895209E-04
2443636.500000000,-8.030157809787013E+00,4.576714826997593E+00,2.390773080102745E-01,-3.069851311100794E-03,-4.863371181865753E-03,2.066525021782285E-04
2443656.500000000,-8.090958456262046E+00,4.479096860007587E+00,2.431974256560832E-01,-3.010338800646033E-03,-4.897594252925641E-03,2.050127145939122E-04
2443676.500000000,-8.150547297169155E+00,4.380802486094879E+00,2.472827131952052E-01,-2.949247089369285E-03,-4.931868333697811E-03,2.036672098540522E-04
2443696.500000000,-8.208911750930596E+00,4.281848678857693E+00,2.513316019133929E-01,-2.886920219660004E-03,-4.964063120386601E-03,2.015507254847805E-04
2443716.500000000,-8.266046954460927E+00,4.182256717550027E+00,2.553411491688643E-01,-2.825783173299447E-03,-4.994796592597518E-03,1.992209263129867E-04
2443736.500000000,-8.321951809408175E+00,4.082041358952019E+00,2.593121008069713E-01,-2.764949944199755E-03,-5.025932273504666E-03,1.975517277144875E-04
2443756.500000000,-8.376618711610549E+00,3.981214095233899E+00,2.632461925971058E-01,-2.702406632621843E-03,-5.056904652027579E-03,1.960473607663350E-04
2443776.500000000,-8.430036718338584E+00,3.879792269406861E+00,2.671415733327532E-01,-2.639036502616615E-03,-5.085797133031453E-03,1.937929054801001E-04
2443796.500000000,-8.482202329792418E+00,3.777796246276189E+00,2.709955704549676E-01,-2.576766565974108E-03,-5.113401226007929E-03,1.913927137690892E-04
2443816.500000000,-8.533114745455222E+00,3.675240134003324E+00,2.748090815314390E-01,-2.514787298952264E-03,-5.141440979458100E-03,1.896606971106403E-04
2443836.500000000,-8.582766235885765E+00,3.572135304858081E+00,2.785837767883648E-01,-2.450996311649643E-03,-5.169217583325360E-03,1.880302873956139E-04
2443856.500000000,-8.631146305206427E+00,3.468499816649502E+00,2.823175322813100E-01,-2.386578178224933E-03,-5.194807033496927E-03,1.856175327088493E-04
2443876.500000000,-8.678252383796284E+00,3.364354054263301E+00,2.860078666127400E-01,-2.323327375693905E-03,-5.219304704703786E-03,1.831794501015755E-04
2443896.500000000,-8.724083611286797E+00,3.259712338450333E+00,2.896559143420150E-01,-2.260170539739935E-03,-5.244126939987926E-03,1.813521549871982E-04
2443916.500000000,-8.768632672901870E+00,3.154587214852962E+00,2.932631760728995E-01,-2.195339222981261E-03,-5.268600316774921E-03,1.796156062191578E-04
2443936.500000000,-8.811890491321586E+00,3.048997876514160E+00,2.968274389468141E-01,-2.129972011437727E-03,-5.290789304948667E-03,1.770700803666182E-04
2443956.500000000,-8.853856485149247E+00,2.942964956115705E+00,3.003464124048440E-01,-2.065957954595124E-03,-5.311966258725176E-03,1.745567503184217E-04
2443976.500000000,-8.894531003594063E+00,2.836502369532111E+00,3.038215193426277E-01,-2.001959832465261E-03,-5.333591189461479E-03,1.727081056817042E-04
2443996.500000000,-8.933907511221054E+00,2.729622761425279E+00,3.072541194411502E-01,-1.936262237481769E-03,-5.354647648278540E-03,1.708205281070335E-04
2444016.500000000,-8.971978660760179E+00,2.622345440157644E+00,3.106418206391058E-01,-1.870316459002895E-03,-5.373511300289496E-03,1.681851944088395E-04
2444036.500000000,-9.008745187723402E+00,2.514690096760531E+00,3.139826117921654E-01,-1.805718393603239E-03,-5.391427392276325E-03,1.655943146238744E-04
2444056.500000000,-9.044207783176782E+00,2.406669779738775E+00,3.172780334224979E-01,-1.741084442839581E-03,-5.409938229418259E-03,1.637264018273251E-04
2444076.500000000,-9.078359741274804E+00,2.298297079712103E+00,3.205293100287718E-01,-1.674631309360267E-03,-5.427693112144191E-03,1.617078768203980E-04
2444096.500000000,-9.111194483745367E+00,2.189591916941544E+00,3.237337908730241E-01,-1.608231567549809E-03,-5.443178576946785E-03,1.589330012749397E-04
2444116.500000000,-9.142713814121018E+00,2.080573791832391E+00,3.268897997963477E-01,-1.543168598997650E-03,-5.457981042437494E-03,1.563467594012268E-04
2444136.500000000,-9.172918578001003E+00,1.971255664872760E+00,3.299990239852486E-01,-1.477915007622879E-03,-5.473229039967983E-03,1.543952552168117E-04
2444156.500000000,-9.201802674488352E+00,1.861650871119459E+00,3.330625011915617E-01,-1.410948594568210E-03,-5.487651939277084E-03,1.522737951152426E-04
2444176.500000000,-9.229361029155298E+00,1.751779862142010E+00,3.360775134747895E-01,-1.344237050501009E-03,-5.499749672309802E-03,1.493875415273493E-04
2444196.500000000,-9.255597103394198E+00,1.641661767336560E+00,3.390426740987437E-01,-1.278928623011680E-03,-5.511355455137537E-03,1.467880700350327E-04
2444216.500000000,-9.280512523839121E+00,1.531308750653783E+00,3.419599097214930E-01,-1.213259215499330E-03,-5.523427579211496E-03,1.447990416631431E-04
2444236.500000000,-9.304101590307726E+00,1.420734077760249E+00,3.448299706243916E-01,-1.146038200269904E-03,-5.534466781866526E-03,1.425330872705765E-04
2444256.500000000,-9.326360537394372E+00,1.309957960834894E+00,3.476501105839296E-01,-1.079180947658258E-03,-5.543392949502545E-03,1.396092484261856E-04
2444276.500000000,-9.347293324263829E+00,1.198998761923431E+00,3.504191743212805E-01,-1.013716794708168E-03,-5.551798331193197E-03,1.369499214260460E-04
2444296.500000000,-9.366901704241847E+00,1.087868286218243E+00,3.531392027388398E-01,-9.478086604047182E-04,-5.560773494632520E-03,1.349412930676211E-04
2444316.500000000,-9.385179849439934E+00,9.765800971933091E-01,3.558107175975798E-01,-8.803351366779739E-04,-5.568517188817379E-03,1.325547899686577E-04
2444336.500000000,-9.402125014604175E+00,8.651551594327718E-01,3.584308341424475E-01,-8.134769645750050E-04,-5.574156595185618E-03,1.295491286560313E-04
2444356.500000000,-9.417742158311624E+00,7.536117095672838E-01,3.609987616937330E-01,-7.479263593060252E-04,-5.579421859706244E-03,1.268852305452751E-04
2444376.500000000,-9.432033575886921E+00,6.419618956049682E-01,3.635166017823985E-01,-6.819590657804345E-04,-5.585141143049098E-03,1.248216804474853E-04
2444396.500000000,-9.444994721685561E+00,5.302197004540498E-01,3.659847434357182E-01,-6.144301369022603E-04,-5.589591090942148E-03,1.223518664245599E-04
2444416.500000000,-9.456624609737561E+00,4.184061746316352E-01,3.684002379652506E-01,-5.478080070070458E-04,-5.591884121388994E-03,1.192528954906186E-04
2444436.500000000,-9.466929891777651E+00,3.065385988957885E-01,3.707626399196335E-01,-4.825193162362056E-04,-5.594062489843894E-03,1.166128884191141E-04
2444456.500000000,-9.475913343762153E+00,1.946280984569068E-01,3.730741926411276E-01,-4.166009373729075E-04,-5.596665955289930E-03,1.145147396986618E-04
2444476.500000000,-9.483571150531668E+00,8.268843309074966E-02,3.753349682016890E-01,-3.493693540761055E-04,-5.597846567233995E-03,1.119258778673613E-04
2444496.500000000,-9.489903435230392E+00,-2.926028726351788E-02,3.775420708562760E-01,-2.830878892725823E-04,-5.597068412437557E-03,1.087940769190800E-04
2444516.500000000,-9.494917038352080E+00,-1.412017464585681E-01,3.796952611380641E-01,-2.181626542510474E-04,-5.596254107859742E-03,1.061515130245487E-04
2444536.500000000,-9.498614407653990E+00,-2.531253634161134E-01,3.817968721756270E-01,-1.523703000492412E-04,-5.595865727792785E-03,1.040257249874476E-04
2444556.500000000,-9.500991656295227E+00,-3.650167508322231E-01,3.838466677441845E-01,-8.544239729843779E-05,-5.593829628155080E-03,1.013120265301271E-04
2444576.500000000,-9.502050115346691E+00,-4.768555909570011E-01,3.858417882625324E-01,-1.965289577417078E-05,-5.590011435962871E-03,9.816890457658321E-05
2444596.500000000,-9.501797080817211E+00,-5.886258765915542E-01,3.877823487661157E-01,4.498460244209828E-05,-5.586196194163057E-03,9.552425320057893E-05
2444616.500000000,-9.500235445372430E+00,-7.003166540981984E-01,3.896706530200700E-01,1.103799576927828E-04,-5.582704389468595E-03,9.335580904415418E-05
2444636.500000000,-9.497362435261396E+00,-8.119130883987553E-01,3.915063429647258E-01,1.768827922826219E-04,-5.577499190572305E-03,9.056685015031931E-05
2444656.500000000,-9.493181266438791E+00,-9.233949963284356E-01,3.932865976007717E-01,2.419918882438274E-04,-5.570590286111263E-03,8.739365398054595E-05
2444676.500000000,-9.487700343404162E+00,-1.034747555503937E+00,3.950118743625897E-01,3.060346200519949E-04,-5.563846599011812E-03,8.477794187183643E-05
2444696.500000000,-9.480922761975162E+00,-1.145960468678302E+00,3.966844668913440E-01,3.709305208301077E-04,-5.557333863810915E-03,8.256139392627841E-05
2444716.500000000,-9.472846505771162E+00,-1.257018962033065E+00,3.983037344102539E-01,4.367149209822915E-04,-5.549090302656034E-03,7.971859848277187E-05
2444736.500000000,-9.463475830090431E+00,-1.367903542390689E+00,3.998669974456781E-01,5.011184904294120E-04,-5.539205288397108E-03,7.650692583230239E-05
2444756.500000000,-9.452819474611502E+00,-1.478600250740306E+00,4.013748786125338E-01,5.643728898498479E-04,-5.529633294963541E-03,7.392561192552849E-05
2444776.500000000,-9.440880232634134E+00,-1.589099090626591E+00,4.028297178238658E-01,6.287377943191518E-04,-5.520222420683140E-03,7.168291350169716E-05
2444796.500000000,-9.427656525935191E+00,-1.699384536490465E+00,4.042305366065236E-01,6.937532247021693E-04,-5.508893285667063E-03,6.874140030004952E-05
2444816.500000000,-9.413154124887351E+00,-1.809437065367846E+00,4.055748452961737E-01,7.572227059258587E-04,-5.496117803570098E-03,6.554948648813158E-05
2444836.500000000,-9.397382563207511E+00,-1.919243340065484E+00,4.068635765194088E-01,8.196917951400928E-04,-5.483685355041680E-03,6.298054431291203E-05
2444856.500000000,-9.380345220850364E+00,-2.028793496573264E+00,4.080990105241401E-01,8.832407839767182E-04,-5.471390696922928E-03,6.072985128071079E-05
2444876.500000000,-9.362041626495687E+00,-2.138072034803695E+00,4.092800003645883E-01,9.473202198111933E-04,-5.457025661883785E-03,5.769538321667996E-05
2444896.500000000,-9.342479191708346E+00,-2.247060179766463E+00,4.104041860362949E-01,1.009625253913105E-03,-5.441460548773534E-03,5.453828398203639E-05
2444916.500000000,-9.321668027753816E+00,-2.355746125013049E+00,4.114728579196833E-01,1.071152007342264E-03,-5.426365042060730E-03,5.201881908972534E-05
2444936.500000000,-9.299611173948479E+00,-2.464120775820284E+00,4.124881194747696E-01,1.133785462702740E-03,-5.411225435776480E-03,4.969998160577930E-05
2444956.500000000,-9.276308571775409E+00,-2.572168762341386E+00,4.134485975701773E-01,1.196742969794755E-03,-5.394108909257498E-03,4.665211313287018E-05
2444976.500000000,-9.251767961916164E+00,-2.679871940501300E+00,4.143521082059913E-01,1.257978273595565E-03,-5.375818679803735E-03,4.348633052921322E-05
2444996.500000000,-9.225999409592033E+00,-2.787218867164947E+00,4.152001354600134E-01,1.318473618377949E-03,-5.358133444885216E-03,4.102702534782159E-05
2445016.500000000,-9.199005562794870E+00,-2.894200306988568E+00,4.159947049283841E-01,1.380194630796126E-03,-5.340198947406875E-03,3.865383448921001E-05
2445036.500000000,-9.170787094270921E+00,-3.000799906459982E+00,4.167341661913552E-01,1.441977758609905E-03,-5.320251996928006E-03,3.556885598677134E-05
2445056.500000000,-9.141353146433881E+00,-3.106999590041389E+00,4.174166374070112E-01,1.502032248653899E-03,-5.299281332280488E-03,3.244720302298721E-05
2445076.500000000,-9.110714535760474E+00,-3.212788146292842E+00,4.180438016673287E-01,1.561350918777334E-03,-5.278853529005068E-03,2.999537737159225E-05
2445096.500000000,-9.078874951813784E+00,-3.318156539086625E+00,4.186176415082937E-01,1.621910581449092E-03,-5.258241262599621E-03,2.764147310989347E-05
2445116.500000000,-9.045836243030275E+00,-3.423088685296655E+00,4.191363015601218E-01,1.682353750143077E-03,-5.235456203309245E-03,2.448616023684935E-05
2445136.500000000,-9.011609094580429E+00,-3.527567607636040E+00,4.195981178337514E-01,1.740934352472979E-03,-5.211924777699535E-03,2.142425309023748E-05
2445156.500000000,-8.976204482364723E+00,-3.631583593421573E+00,4.200050263489154E-01,1.798968417547132E-03,-5.189009159787298E-03,1.902624436547278E-05
2445176.500000000,-8.939625971328990E+00,-3.735128123185862E+00,4.203587864459363E-01,1.858229224830631E-03,-5.165767821461917E-03,1.662870739236558E-05
2445196.500000000,-8.901875918807180E+00,-3.838185614589929E+00,4.206573757754730E-01,1.917253196029818E-03,-5.140431535374493E-03,1.346549566745391E-05
2445216.500000000,-8.862965222910896E+00,-3.940739779459250E+00,4.208992943957872E-01,1.974329743546308E-03,-5.114401038036693E-03,1.042282804356011E-05
2445236.500000000,-8.822904679096249E+00,-4.042781509274429E+00,4.210867042185432E-01,2.031085630915728E-03,-5.089157737499897E-03,8.112043051471315E-06
2445256.500000000,-8.781697461688600E+00,-4.144301887189671E+00,4.212211657333801E-01,2.089055523652015E-03,-5.063278755183019E-03,5.644332771442257E-06
2445276.500000000,-8.739347153345634E+00,-4.245284885405202E+00,4.213004955331903E-01,2.146500548398119E-03,-5.035394110057482E-03,2.478630993175330E-06
2445296.500000000,-8.695865596680081E+00,-4.345714895235338E+00,4.213235456893796E-01,2.202092462828716E-03,-5.006985798108630E-03,-4.901696109257833E-07
2445316.500000000,-8.651263959009386E+00,-4.445583289793992E+00,4.212925976050071E-01,2.257375315138711E-03,-4.979303327866088E-03,-2.774642646568606E-06
2445336.500000000,-8.605545892865047E+00,-4.544881438770949E+00,4.212091108929936E-01,2.313914224534541E-03,-4.950954845848946E-03,-5.250223841980432E-06
2445356.500000000,-8.558716105214328E+00,-4.643593580686039E+00,4.210707363883884E-01,2.369633921701444E-03,-4.920586463761841E-03,-8.429876782796686E-06
2445376.500000000,-8.510787247884744E+00,-4.741705546110202E+00,4.208766362659787E-01,2.423609754063185E-03,-4.889951773026824E-03,-1.131123569814840E-05
2445396.500000000,-8.461770003161995E+00,-4.839209670356795E+00,4.206291873803099E-01,2.477399779482531E-03,-4.859978333047587E-03,-1.356881419460931E-05
2445416.500000000,-8.411667807006706E+00,-4.936097355036680E+00,4.203295783040968E-01,2.532346243497057E-03,-4.829260360701262E-03,-1.605952462006652E-05
2445436.500000000,-8.360485905193402E+00,-5.032352887934727E+00,4.199754148186725E-01,2.586458475130576E-03,-4.796580088955880E-03,-1.922637423173043E-05
2445456.500000000,-8.308237370448852E+00,-5.127962587118224E+00,4.195660247424103E-01,2.638694621561333E-03,-4.763688113772084E-03,-2.205947828914823E-05
2445476.500000000,-8.254932751766367E+00,-5.222919138267294E+00,4.191039762745286E-01,2.690992800831740E-03,-4.731533372660460E-03,-2.424970959548250E-05
2445496.500000000,-8.200575652257070E+00,-5.317213321659656E+00,4.185901766026181E-01,2.744312668104550E-03,-4.698404773817431E-03,-2.677921128921289E-05
2445516.500000000,-8.145172908610945E+00,-5.410829243249410E+00,4.180222231159545E-01,2.796599493555578E-03,-4.663415006448483E-03,-2.992071203654778E-05
2445536.500000000,-8.088738812914313E+00,-5.503754199633548E+00,4.173997825682042E-01,2.847043143933759E-03,-4.628341522759484E-03,-3.268718796403621E-05
2445556.500000000,-8.031284361750977E+00,-5.595981846940362E+00,4.167254915515921E-01,2.897566764522687E-03,-4.594066574113515E-03,-3.480473341255511E-05
2445576.500000000,-7.972813504214482E+00,-5.687503584951859E+00,4.160000950802469E-01,2.949196328056526E-03,-4.558679195037275E-03,-3.736992186966875E-05
2445596.500000000,-7.913334110877877E+00,-5.778304187642046E+00,4.152210578732491E-01,2.999426973713568E-03,-4.521534191186522E-03,-4.048541029635343E-05
2445616.500000000,-7.852860878269497E+00,-5.868372646695783E+00,4.143884341478024E-01,3.048019059694546E-03,-4.484553937901536E-03,-4.314492494662603E-05
2445636.500000000,-7.791403956326031E+00,-5.957703715015458E+00,4.135048290625207E-01,3.096838577798263E-03,-4.448283205371583E-03,-4.523530954235373E-05
2445656.500000000,-7.728966834553508E+00,-6.046288791529867E+00,4.125706965972327E-01,3.146632217729855E-03,-4.410817167662371E-03,-4.781070380916756E-05
2445676.500000000,-7.665557612929488E+00,-6.134112767751803E+00,4.115835106129511E-01,3.194992709352235E-03,-4.371648791791999E-03,-5.090450276747244E-05
2445696.500000000,-7.601191115938762E+00,-6.221164925671250E+00,4.105435707813671E-01,3.241686163707184E-03,-4.332801307529832E-03,-5.345212243038463E-05
2445716.500000000,-7.535877186442348E+00,-6.307440199247647E+00,4.094535946438261E-01,3.288863001638307E-03,-4.294533606669171E-03,-5.552340755893397E-05
2445736.500000000,-7.469619656809555E+00,-6.392929195930789E+00,4.083136977137498E-01,3.336731614381425E-03,-4.254954341878971E-03,-5.811017849886701E-05
2445756.500000000,-7.402428116511569E+00,-6.477616909117335E+00,4.071215037550581E-01,3.383102962682504E-03,-4.213830632125231E-03,-6.113359377908822E-05
2445776.500000000,-7.334318169963027E+00,-6.561493416586952E+00,4.058775856792458E-01,3.427853777436380E-03,-4.173047840728727E-03,-6.362047981904304E-05
2445796.500000000,-7.265300219446504E+00,-6.644554397826446E+00,4.045847045912097E-01,3.473083684859826E-03,-4.132932365110989E-03,-6.561124136001457E-05
2445816.500000000,-7.195378410126095E+00,-6.726791035598399E+00,4.032427302146139E-01,3.519004420713406E-03,-4.091339342729055E-03,-6.823020644639449E-05
2445836.500000000,-7.124563366717946E+00,-6.808189080225208E+00,4.018492813174605E-01,3.563197269292944E-03,-4.048415187636273E-03,-7.117758245656653E-05
2445856.500000000,-7.052870662193909E+00,-6.888740098342701E+00,4.004052494218447E-01,3.605950599217126E-03,-4.005916527256495E-03,-7.358069598369370E-05
2445876.500000000,-6.980310117799632E+00,-6.968440294353617E+00,3.989133010710895E-01,3.649244144861861E-03,-3.964047993227571E-03,-7.552839598298692E-05
2445896.500000000,-6.906885865098600E+00,-7.047280942081932E+00,3.973730606785596E-01,3.693165762241330E-03,-3.920651493369939E-03,-7.813366002436786E-05
2445916.500000000,-6.832608921315627E+00,-7.125247961795560E+00,3.957821772284999E-01,3.735236797335724E-03,-3.875912947846390E-03,-8.106391282785498E-05
2445936.500000000,-6.757495191737365E+00,-7.202333477618838E+00,3.941418387188954E-01,3.775913118186791E-03,-3.831863204305599E-03,-8.331860162596333E-05
2445956.500000000,-6.681554210195443E+00,-7.278533837342185E+00,3.924547217966231E-01,3.817322247010358E-03,-3.788215040290514E-03,-8.525784235645725E-05
2445976.500000000,-6.604791078021095E+00,-7.353839983090449E+00,3.907201630541304E-01,3.859072323803927E-03,-3.743019299650213E-03,-8.785644537486162E-05
2445996.500000000,-6.527218006209118E+00,-7.428238750384282E+00,3.889360219156155E-01,3.898914924964083E-03,-3.696654659622055E-03,-9.070156977626160E-05
2446016.500000000,-6.448851238492943E+00,-7.501723465362142E+00,3.871037180664574E-01,3.937443940492658E-03,-3.651057755208176E-03,-9.286377239017512E-05
2446036.500000000,-6.369700141356152E+00,-7.574291427046495E+00,3.852259136467182E-01,3.976836003930243E-03,-3.605874484921277E-03,-9.473983666846697E-05
2446056.500000000,-6.289769919379022E+00,-7.645933876276225E+00,3.833016403581818E-01,4.016353310549030E-03,-3.558971404118760E-03,-9.736896303885368E-05
2446076.500000000,-6.209073359741489E+00,-7.716638784747088E+00,3.813289123964343E-01,4.053944363357757E-03,-3.511240662064374E-03,-1.000849659248443E-04
2446096.500000000,-6.127625866664464E+00,-7.786400507406028E+00,3.793093704277127E-01,4.090422309663480E-03,-3.464222777547900E-03,-1.021724012809783E-04
2446116.500000000,-6.045436037990132E+00,-7.855216284331473E+00,3.772455002931470E-01,4.127766808249351E-03,-3.417532416443499E-03,-1.040191293377531E-04
2446136.500000000,-5.962509174501181E+00,-7.923076827702116E+00,3.751361511816955E-01,4.165149699444729E-03,-3.369108217037960E-03,-1.066110775905472E-04
2446156.500000000,-5.878858811023325E+00,-7.989970135944494E+00,3.729794557223066E-01,4.200490921189994E-03,-3.319878024626509E-03,-1.092690007105867E-04
2446176.500000000,-5.794500639973959E+00,-8.055891014442929E+00,3.707773446589017E-01,4.234873142526553E-03,-3.271525112387126E-03,-1.112264050765887E-04
2446196.500000000,-5.709443337634287E+00,-8.120836528936405E+00,3.685321691871821E-01,4.270088517839611E-03,-3.223271982434914E-03,-1.130651480637960E-04
2446216.500000000,-5.623693535435133E+00,-8.184797276870654E+00,3.662426086892299E-01,4.305171940535134E-03,-3.173363494264774E-03,-1.156074107732407E-04
2446236.500000000,-5.537266087601490E+00,-8.247762358429327E+00,3.639070476770677E-01,4.338158839128098E-03,-3.122757825879347E-03,-1.181851787421996E-04
2446256.500000000,-5.450177001858022E+00,-8.309728076656413E+00,3.615275758202990E-01,4.370207542559781E-03,-3.073151213818802E-03,-1.200311679824999E-04
2446276.500000000,-5.362434633671485E+00,-8.370692528652011E+00,3.591064737083285E-01,4.403300172592115E-03,-3.023626046261164E-03,-1.218167034723660E-04
2446296.500000000,-5.274045784057487E+00,-8.430646687053260E+00,3.566420934711323E-01,4.435953190715351E-03,-2.972326322135756E-03,-1.243621046204825E-04
2446316.500000000,-5.185025707185983E+00,-8.489580900970358E+00,3.541331049686677E-01,4.466586696743688E-03,-2.920632158666592E-03,-1.268110171775698E-04
2446336.500000000,-5.095389541830757E+00,-8.547492548321257E+00,3.515817190986377E-01,4.496423879680232E-03,-2.869925993228826E-03,-1.285618361252203E-04
2446356.500000000,-5.005144805888555E+00,-8.604379708973390E+00,3.489900199510100E-01,4.527366430707176E-03,-2.819185171878834E-03,-1.303175020101194E-04
2446376.500000000,-4.914298436821738E+00,-8.660232954049290E+00,3.463561871402292E-01,4.557727173302947E-03,-2.766626108805951E-03,-1.328401973816576E-04
2446396.500000000,-4.822866319043485E+00,-8.715042812259327E+00,3.436791070150038E-01,4.585932313333782E-03,-2.713829902315416E-03,-1.351687980914651E-04
2446416.500000000,-4.730863673008646E+00,-8.768807321696871E+00,3.409612858816803E-01,4.613661680968151E-03,-2.662081511537756E-03,-1.368078507817304E-04
2446436.500000000,-4.638297935432253E+00,-8.821524402779398E+00,3.382045248583700E-01,4.642307421934845E-03,-2.610077180305716E-03,-1.385589121378687E-04
2446456.500000000,-4.545177173713149E+00,-8.873184799685227E+00,3.354069477434809E-01,4.670253325545473E-03,-2.556391387595694E-03,-1.410093253277576E-04
2446476.500000000,-4.451517922786479E+00,-8.923780133437136E+00,3.325676934413937E-01,4.696066539244344E-03,-2.502578968047578E-03,-1.432318215261087E-04
2446496.500000000,-4.357335408504418E+00,-8.973309525512869E+00,3.296894084060350E-01,4.721460481358668E-03,-2.449886215663537E-03,-1.447575364319673E-04
2446516.500000000,-4.262636556932560E+00,-9.021771581331091E+00,3.267736935345316E-01,4.747888796590063E-03,-2.396810728784726E-03,-1.464925779991489E-04
2446536.500000000,-4.167429753753253E+00,-9.069157159186386E+00,3.238184392009660E-01,4.773320398087107E-03,-2.342130705710566E-03,-1.488729405852563E-04
2446556.500000000,-4.071731573284636E+00,-9.115458919420238E+00,3.208231130287026E-01,4.796828196746553E-03,-2.287445533270749E-03,-1.509886296577910E-04
2446576.500000000,-3.975556591350528E+00,-9.160676285688091E+00,3.177903840195855E-01,4.819916422463023E-03,-2.233862051268325E-03,-1.524198730020984E-04
2446596.500000000,-3.878911559229737E+00,-9.204807725074410E+00,3.147216800832253E-01,4.844085510676871E-03,-2.179821940957139E-03,-1.541074520641682E-04
2446616.500000000,-3.781805403867701E+00,-9.247843815211496E+00,3.116147585104504E-01,4.867122175762504E-03,-2.124118013423705E-03,-1.564585149119258E-04
2446636.500000000,-3.684255616195836E+00,-9.289777731082118E+00,3.084693684655768E-01,4.888111153063075E-03,-2.068628340248469E-03,-1.584274327535932E-04
2446656.500000000,-3.586276799901841E+00,-9.330609677420997E+00,3.052883816623410E-01,4.908955362686884E-03,-2.014203817636774E-03,-1.597692503472766E-04
2446676.500000000,-3.487876177447668E+00,-9.370338234266800E+00,3.020729399369052E-01,4.930686593072510E-03,-1.959246067026116E-03,-1.614170099396007E-04
2446696.500000000,-3.389063625031564E+00,-9.408954937577175E+00,2.988207983710569E-01,4.951197061615154E-03,-1.902702311263662E-03,-1.637065286476276E-04
2446716.500000000,-3.289856894542942E+00,-9.446454406941582E+00,2.955319350140730E-01,4.969657843959949E-03,-1.846554127061542E-03,-1.655474153987029E-04
2446736.500000000,-3.190269966790856E+00,-9.482838175732963E+00,2.922093337653273E-01,4.988176539015642E-03,-1.791556691484553E-03,-1.667594865143599E-04
2446756.500000000,-3.090309229193961E+00,-9.518105117725600E+00,2.888538319108399E-01,5.007578467294290E-03,-1.735764643856303E-03,-1.684293791219725E-04
2446776.500000000,-2.989984838889485E+00,-9.552247169562573E+00,2.854630872286114E-01,5.025519447776901E-03,-1.678634282332589E-03,-1.706010502732399E-04
2446796.500000000,-2.889313861674635E+00,-9.585259817810080E+00,2.820373957531608E-01,5.041663624531611E-03,-1.621930625753565E-03,-1.723303498962872E-04
2446816.500000000,-2.788309421209126E+00,-9.617144502840841E+00,2.785797048824964E-01,5.057923312528057E-03,-1.566335211724056E-03,-1.734512751351509E-04
2446836.500000000,-2.686977681224076E+00,-9.647899402007630E+00,2.750906497922708E-01,5.075001769435148E-03,-1.509803029563804E-03,-1.750879068857113E-04
2446856.500000000,-2.585329802002927E+00,-9.677516094906748E+00,2.715678684667193E-01,5.090451352477497E-03,-1.451977085990431E-03,-1.771904158860055E-04
2446876.500000000,-2.483383547604936E+00,-9.705990760926962E+00,2.680119951184397E-01,5.104174857252355E-03,-1.394793028996185E-03,-1.787503974120158E-04
2446896.500000000,-2.381151987278158E+00,-9.733325274089918E+00,2.644260097878317E-01,5.118116291846097E-03,-1.338526997008965E-03,-1.798263976840699E-04
2446916.500000000,-2.278641976066188E+00,-9.759517888219873E+00,2.608102849884800E-01,5.132700458513947E-03,-1.281388360997109E-03,-1.813869312592985E-04
2446936.500000000,-2.175865670488800E+00,-9.784561106228535E+00,2.571625488534479E-01,5.145604523175450E-03,-1.223010155176065E-03,-1.834112649354757E-04
2446956.500000000,-2.072841019806124E+00,-9.808452655975881E+00,2.534836249192328E-01,5.156792779542721E-03,-1.165424071210551E-03,-1.848443837027673E-04
2446976.500000000,-1.969580329939938E+00,-9.831195523899815E+00,2.497765322758056E-01,5.168400676904172E-03,-1.108815092506656E-03,-1.858016415933559E-04
2446996.500000000,-1.866089868562863E+00,-9.852788031914486E+00,2.460412761511746E-01,5.180540763403818E-03,-1.051105743776607E-03,-1.873658248768838E-04
2447016.500000000,-1.762382211471064E+00,-9.873223106163234E+00,2.422756631280550E-01,5.190916838248356E-03,-9.924047788234215E-04,-1.892613201200553E-04
2447036.500000000,-1.658474851165042E+00,-9.892499308920721E+00,2.384807563698932E-01,5.199667764529183E-03,-9.344897317163914E-04,-1.905865869435642E-04
2447056.500000000,-1.554379441964740E+00,-9.910619727903921E+00,2.346595359099816E-01,5.208983048475705E-03,-8.775718963718027E-04,-1.914361922794715E-04
2447076.500000000,-1.450102242635400E+00,-9.927582204719242E+00,2.308117711850053E-01,5.218732737335716E-03,-8.193708469001203E-04,-1.929793161505746E-04
2447096.500000000,-1.345656864568199E+00,-9.943379744563918E+00,2.269353321884076E-01,5.226481316244139E-03,-7.602874265136364E-04,-1.947817170276949E-04
2447116.500000000,-1.241061306814245E+00,-9.958012045720679E+00,2.230316792226397E-01,5.232825038565411E-03,-7.022379682823528E-04,-1.959244466199000E-04
2447136.500000000,-1.136326761387450E+00,-9.971482879279639E+00,2.191036652462396E-01,5.239761470388609E-03,-6.449600872102453E-04,-1.967338460983829E-04
2447156.500000000,-1.031459828221986E+00,-9.983790368348547E+00,2.151508339493152E-01,5.247013041559095E-03,-5.864638387640146E-04,-1.982110554126222E-04
2447176.500000000,-9.264744634214539E-01,-9.994928476795716E+00,2.111711646092359E-01,5.252183784927773E-03,-5.271889509105435E-04,-1.999058429372037E-04
2447196.500000000,-8.213883240261246E-01,-1.000489805047257E+01,2.071663487925650E-01,5.256088011554726E-03,-4.690864030832342E-04,-2.008994514415291E-04
2447216.500000000,-7.162115209528501E-01,-1.001370350628047E+01,2.031391540145064E-01,5.260777234384752E-03,-4.116512531037637E-04,-2.016423148506133E-04
2447236.500000000,-6.109502487396189E-01,-1.002134247429792E+01,1.990887452174562E-01,5.265497522381385E-03,-3.528892523045854E-04,-2.030825823462407E-04
2447256.500000000,-5.056187999442779E-01,-1.002780922074845E+01,1.950133393460950E-01,5.268272909657254E-03,-2.935632070553865E-04,-2.046368179530183E-04
2447276.500000000,-4.002344467955776E-01,-1.003310472023051E+01,1.909147752718646E-01,5.269763184530533E-03,-2.353337623980633E-04,-2.055219096840468E-04
2447296.500000000,-2.948073107085975E-01,-1.003723326688873E+01,1.867957838713937E-01,5.272142893596427E-03,-1.777621145637597E-04,-2.061758835673496E-04
2447316.500000000,-1.893440932338017E-01,-1.004019212239228E+01,1.826552832234657E-01,5.274402969263030E-03,-1.187603168102874E-04,-2.075708427818885E-04
2447336.500000000,-8.386038365985528E-02,-1.004197606009248E+01,1.784916697066808E-01,5.274553030231570E-03,-5.935103410616780E-05,-2.089996944128690E-04
2447356.500000000,2.162626811359411E-02,-1.004258735533074E+01,1.743070947609831E-01,5.273643533448492E-03,-1.151855670552987E-06,-2.097437997221112E-04
2447376.500000000,1.271058128088640E-01,-1.004203093677880E+01,1.701040997495378E-01,5.273530532029649E-03,5.647253540964510E-05,-2.103219712032118E-04
2447396.500000000,2.325711962376830E-01,-1.004030494186294E+01,1.658814334838698E-01,5.273302704643788E-03,1.155027804005627E-04,-2.116588350331362E-04
2447416.500000000,3.380067330975831E-01,-1.003740531064804E+01,1.616375943457504E-01,5.270826425254922E-03,1.748117063418614E-04,-2.129724310137008E-04
2447436.500000000,4.433955821341183E-01,-1.003333565128647E+01,1.573749587278460E-01,5.267490627610076E-03,2.327440283548177E-04,-2.135499321795481E-04
2447456.500000000,5.487290081842409E-01,-1.002810118478245E+01,1.530958912165375E-01,5.265136232372506E-03,2.903025698833965E-04,-2.140901123731196E-04
2447476.500000000,6.540000142218203E-01,-1.002169973269061E+01,1.487988371131320E-01,5.262342132474933E-03,3.492621104892067E-04,-2.153592872358019E-04
2447496.500000000,7.591930161685752E-01,-1.001412775063256E+01,1.444825886639970E-01,5.257469381265924E-03,4.083622311951262E-04,-2.165442080831544E-04
2447516.500000000,8.642916796767490E-01,-1.000538891883867E+01,1.401496373100835E-01,5.251766809478379E-03,4.660577916417590E-04,-2.169755735910240E-04
2447536.500000000,9.692875791108549E-01,-9.995488161169650E+00,1.358022581046520E-01,5.247154251070019E-03,5.235517645884765E-04,-2.174656970650389E-04
2447556.500000000,1.074172863555441E+00,-9.984422840705362E+00,1.314386868772268E-01,5.241827550792181E-03,5.824614664307361E-04,-2.186778201587632E-04
2447576.500000000,1.178930984558711E+00,-9.972190354733346E+00,1.270580099841321E-01,5.234409303085503E-03,6.412533551513368E-04,-2.196832528414023E-04
2447596.500000000,1.283545870483063E+00,-9.958795410005528E+00,1.226629063804087E-01,5.226405555911229E-03,6.987144137134408E-04,-2.200180200503860E-04
2447616.500000000,1.388009233971384E+00,-9.944243235394103E+00,1.182553869277566E-01,5.219329191712602E-03,7.559925670944701E-04,-2.204243578326861E-04
2447636.500000000,1.492312850825047E+00,-9.928531707412489E+00,1.138335970269766E-01,5.211520418756214E-03,8.146763275096381E-04,-2.215668629167638E-04
2447656.500000000,1.596440022938762E+00,-9.911659363991372E+00,1.093967716601516E-01,5.201582041545592E-03,8.730725480945792E-04,-2.224319983615248E-04
2447676.500000000,1.700375565978687E+00,-9.893631869685505E+00,1.049477448626033E-01,5.191246707245441E-03,9.300885479044998E-04,-2.226255487223775E-04
2447696.500000000,1.804112119733215E+00,-9.874454289809643E+00,1.004882435537169E-01,5.181868257939067E-03,9.871264412524437E-04,-2.230041533387311E-04
2447716.500000000,1.907641036861181E+00,-9.854124156734313E+00,9.601628215399258E-02,5.171558082758173E-03,1.045441778157364E-03,-2.240289543295614E-04
2447736.500000000,2.010945365428734E+00,-9.832640588276030E+00,9.153138628615724E-02,5.159203132490132E-03,1.103476016722775E-03,-2.247956926384021E-04
2447756.500000000,2.114010069923731E+00,-9.810009636010411E+00,8.703647600543785E-02,5.146487761306572E-03,1.159988778250177E-03,-2.248246736399600E-04
2447776.500000000,2.216827899030699E+00,-9.786236370887396E+00,8.253313256381110E-02,5.134806452277754E-03,1.216720328865585E-03,-2.251582179282940E-04
2447796.500000000,2.319389233647306E+00,-9.761318421812794E+00,7.801921529913425E-02,5.121923564562003E-03,1.274699062480034E-03,-2.261156269924714E-04
2447816.500000000,2.421676383230074E+00,-9.735256321351374E+00,7.349462367128785E-02,5.107039762424386E-03,1.332101818625452E-03,-2.266923083668132E-04
2447836.500000000,2.523674995650966E+00,-9.708057504695230E+00,6.896232952309253E-02,5.091995124937150E-03,1.388074296456636E-03,-2.266264395870075E-04
2447856.500000000,2.625378366597124E+00,-9.679727511217537E+00,6.442364515647267E-02,5.077944792899257E-03,1.444261559946785E-03,-2.268789392302520E-04
2447876.500000000,2.726777022708048E+00,-9.650264497596300E+00,5.987633152616179E-02,5.062563223052889E-03,1.501728028624025E-03,-2.277733379354409E-04
2447896.500000000,2.827853603144419E+00,-9.619669881007811E+00,5.532053062577253E-02,5.045252243747173E-03,1.558369974622930E-03,-2.281714117587495E-04
2447916.500000000,2.928594971135726E+00,-9.587951705339956E+00,5.075930446026358E-02,5.028044697229971E-03,1.613645005286248E-03,-2.279878518706742E-04
2447936.500000000,3.028995311991053E+00,-9.555114785595789E+00,4.619358385379138E-02,5.011678145226763E-03,1.669380772893467E-03,-2.282265708831258E-04
2447956.500000000,3.129044563651385E+00,-9.521156883525405E+00,4.162116925848702E-02,4.993901984995387E-03,1.726171173754032E-03,-2.289739487440891E-04
2447976.500000000,3.228725234680257E+00,-9.486079619674676E+00,3.704246169591694E-02,4.974236767167718E-03,1.782198462705682E-03,-2.292561280863168E-04
2447996.500000000,3.328023943049796E+00,-9.449891226130799E+00,3.246061861815788E-02,4.954780715306359E-03,1.836777733499737E-03,-2.289349571820995E-04
2448016.500000000,3.426934678699253E+00,-9.412596513755052E+00,2.787631164378576E-02,4.936055519957600E-03,1.891997017878188E-03,-2.291327756493772E-04
2448036.500000000,3.525446157396097E+00,-9.374193691192021E+00,2.328732877861140E-02,4.915745235096549E-03,1.948114834821215E-03,-2.297636677348387E-04
2448056.500000000,3.623540556975124E+00,-9.334685952638718E+00,1.869441658274107E-02,4.893706211833677E-03,2.003297126805317E-03,-2.298823593876070E-04
2448076.500000000,3.721205041631749E+00,-9.294082518669324E+00,1.410066822556072E-02,4.871873427827108E-03,2.057115665662616E-03,-2.294688952088343E-04
2448096.500000000,3.818433900852473E+00,-9.252388936499260E+00,9.506524697318983E-03,4.850845903873733E-03,2.111524116712277E-03,-2.295806349452254E-04
2448116.500000000,3.915216030619499E+00,-9.209604018281679E+00,4.909693328113615E-03,4.828057249143032E-03,2.166850193741666E-03,-2.301334755164459E-04
2448136.500000000,4.011534058548046E+00,-9.165731985506936E+00,3.111941560408697E-04,4.803666413782544E-03,2.221022643573443E-03,-2.300790890053599E-04
2448156.500000000,4.107376416148705E+00,-9.120782379747173E+00,-4.285881316401240E-03,4.779699510592987E-03,2.273921172110682E-03,-2.295600168301907E-04
2448176.500000000,4.202737674680886E+00,-9.074760168204232E+00,-8.881436479096635E-03,4.756340372091384E-03,2.327569750753279E-03,-2.296324689745868E-04
2448196.500000000,4.297606269080241E+00,-9.027664350727095E+00,-1.347763449776751E-02,4.731223208162537E-03,2.381977867458591E-03,-2.300626331340948E-04
2448216.500000000,4.391964810773054E+00,-8.979499600889024E+00,-1.807323461640722E-02,4.704454698457468E-03,2.435168125599743E-03,-2.298527872194435E-04
2448236.500000000,4.485801983195995E+00,-8.930275934453826E+00,-2.266506648271697E-02,4.678382444800532E-03,2.487094411056320E-03,-2.292174467793912E-04
2448256.500000000,4.579112175722017E+00,-8.879998181822993E+00,-2.725335593855115E-02,4.652667331180691E-03,2.539941997310704E-03,-2.292601393646301E-04
2448276.500000000,4.671882955339049E+00,-8.828666307675475E+00,-3.184015233732076E-02,4.625079357641316E-03,2.593296527781012E-03,-2.295387483949998E-04
2448296.500000000,4.764097416608848E+00,-8.776286389562378E+00,-3.642392443218227E-02,4.596115039935999E-03,2.645338848144252E-03,-2.291749475438070E-04
2448316.500000000,4.855745161238750E+00,-8.722868968206543E+00,-4.100166873330124E-02,4.567810009180879E-03,2.696218665313549E-03,-2.284499120030046E-04
2448336.500000000,4.946820994892509E+00,-8.668418952434024E+00,-4.557382963397802E-02,4.539879579200866E-03,2.748063744482862E-03,-2.284344297001872E-04
2448356.500000000,5.037312363210070E+00,-8.612936704436104E+00,-5.014244052957282E-02,4.509915059741282E-03,2.800280268856451E-03,-2.285798143398446E-04
2448376.500000000,5.127203023457917E+00,-8.556429039735363E+00,-5.470569342661558E-02,4.478812143036228E-03,2.851104570369152E-03,-2.280599197086038E-04
2448396.500000000,5.216483494109525E+00,-8.498906258646564E+00,-5.926072923493237E-02,4.448431855208286E-03,2.900933954972293E-03,-2.272695107267635E-04
2448416.500000000,5.305148233314851E+00,-8.440372582052634E+00,-6.380824673289590E-02,4.418195050022362E-03,2.951728417663958E-03,-2.271624397792384E-04
2448436.500000000,5.393183798179149E+00,-8.380828777074276E+00,-6.835004657041371E-02,4.386001226442859E-03,3.002827363437896E-03,-2.272004931392155E-04
2448456.500000000,5.480573684443350E+00,-8.320282492653051E+00,-7.288415777756939E-02,4.352582715806903E-03,3.052401512603371E-03,-2.265122848378467E-04
2448476.500000000,5.567308639809057E+00,-8.258744760322420E+00,-7.740771780742182E-02,4.320112219528338E-03,3.101055807417724E-03,-2.256347648061737E-04
2448496.500000000,5.653382773000997E+00,-8.196220058115983E+00,-8.192174938929313E-02,4.287546901526413E-03,3.150720272260877E-03,-2.254673674180498E-04
2448516.500000000,5.738782017373087E+00,-8.132710500875838E+00,-8.642781902475558E-02,4.252984364004573E-03,3.200463369306988E-03,-2.253526251993443E-04
2448536.500000000,5.823490651788653E+00,-8.068225399918129E+00,-9.092378159362571E-02,4.217406832029529E-03,3.248627858132965E-03,-2.245316880996720E-04
2448556.500000000,5.907500633570338E+00,-8.002776420816351E+00,-9.540696426158703E-02,4.182826961417498E-03,3.295869987163266E-03,-2.235394390357668E-04
2448576.500000000,5.990806810844751E+00,-7.936368125667153E+00,-9.987863289653846E-02,4.148127309827150E-03,3.344289712234158E-03,-2.233481655881618E-04
2448596.500000000,6.073395258663501E+00,-7.869002941978225E+00,-1.043402351836870E-01,4.111290377480587E-03,3.392546935412560E-03,-2.230678664583893E-04
2448616.500000000,6.155251140612308E+00,-7.800690803420909E+00,-1.087893490261582E-01,4.073735417338540E-03,3.439190123833055E-03,-2.220917168644872E-04
2448636.500000000,6.236367442547690E+00,-7.731442895204206E+00,-1.132235567488714E-01,4.037199864417395E-03,3.485145771814939E-03,-2.210592321703392E-04
2448656.500000000,6.316738539679599E+00,-7.661263106827651E+00,-1.176442893461945E-01,4.000311479744939E-03,3.532206223304381E-03,-2.207632871317805E-04
2448676.500000000,6.396349927063758E+00,-7.590154247221029E+00,-1.220527388987561E-01,3.961330139124293E-03,3.579061209937931E-03,-2.203644101419375E-04
2448696.500000000,6.475186507562054E+00,-7.518126932434368E+00,-1.264462806990197E-01,3.921707576436774E-03,3.624131544554442E-03,-2.192046110584693E-04
2448716.500000000,6.553241636338200E+00,-7.445192937799715E+00,-1.308226615237710E-01,3.883171576773017E-03,3.668745401986124E-03,-2.181381208767368E-04
2448736.500000000,6.630509143416615E+00,-7.371356397390345E+00,-1.351835623555113E-01,3.844035137260011E-03,3.714344155767516E-03,-2.177430436416133E-04
2448756.500000000,6.706974310073923E+00,-7.296621551357445E+00,-1.395298762467623E-01,3.802925717006040E-03,3.759542487017081E-03,-2.171787501090391E-04
2448776.500000000,6.782622937559559E+00,-7.221000059862508E+00,-1.438589176638602E-01,3.761276528334855E-03,3.803023119707786E-03,-2.159170462257857E-04
2448796.500000000,6.857449184262660E+00,-7.144504199096123E+00,-1.481686306474511E-01,3.720772990839641E-03,3.845993575946617E-03,-2.147414288474481E-04
2448816.500000000,6.931447382791921E+00,-7.067138104933143E+00,-1.524609300167879E-01,3.679556713971020E-03,3.890085621792507E-03,-2.143027451261651E-04
2448836.500000000,7.004602807818704E+00,-6.988906527226012E+00,-1.567364777962495E-01,3.636380948337699E-03,3.933536272392493E-03,-2.135696352848737E-04
2448856.500000000,7.076902139859783E+00,-6.909821552952677E+00,-1.609924235344675E-01,3.592839851831581E-03,3.975316689735434E-03,-2.121794193495603E-04
2448876.500000000,7.148339848734771E+00,-6.829895089596143E+00,-1.652269611649902E-01,3.550403541331270E-03,4.016718959799131E-03,-2.109471392567307E-04
2448896.500000000,7.218909682876100E+00,-6.749131388210881E+00,-1.694420799299522E-01,3.507155508916538E-03,4.059155537474802E-03,-2.104048346615465E-04
2448916.500000000,7.288596559793563E+00,-6.667536023207882E+00,-1.736382204469769E-01,3.461859892290290E-03,4.100900022932030E-03,-2.095520333377210E-04
2448936.500000000,7.357387415926248E+00,-6.585122255562201E+00,-1.778123300890703E-01,3.416451142170062E-03,4.140769026341241E-03,-2.079781761208944E-04
2448956.500000000,7.425277436865231E+00,-6.501902418758913E+00,-1.819628795309089E-01,3.372111255660795E-03,4.180527453906581E-03,-2.067235401433368E-04
2448976.500000000,7.492260075352172E+00,-6.417881448077488E+00,-1.860920032265908E-01,3.326778414156756E-03,4.221154784088037E-03,-2.060785190888234E-04
2448996.500000000,7.558320895341141E+00,-6.333066269316848E+00,-1.901998532656161E-01,3.279561744551926E-03,4.260910616517170E-03,-2.050586671317526E-04
2449016.500000000,7.623448217823139E+00,-6.247470763763558E+00,-1.942833867328453E-01,3.232356770255019E-03,4.298859353543338E-03,-2.033725753824499E-04
2449036.500000000,7.687638344713818E+00,-6.161107055074926E+00,-1.983413007090276E-01,3.186311134905577E-03,4.336792192786476E-03,-2.020577050231484E-04
2449056.500000000,7.750884775275690E+00,-6.073979653036969E+00,-2.023759043482842E-01,3.138994190205029E-03,4.375608922434400E-03,-2.013338023335153E-04
2449076.500000000,7.813173204755591E+00,-5.986095960697305E+00,-2.063870139046673E-01,3.090007295690240E-03,4.413338206223725E-03,-2.001343010605673E-04
2449096.500000000,7.874492706750403E+00,-5.897469799069631E+00,-2.103715579610947E-01,3.041131700892298E-03,4.449414919264753E-03,-1.983554068392452E-04
2449116.500000000,7.934839448785470E+00,-5.808112746023640E+00,-2.143285004701007E-01,2.993252051392723E-03,4.485563887674214E-03,-1.969805076008151E-04
2449136.500000000,7.994205908593797E+00,-5.718029575233437E+00,-2.182600924021440E-01,2.944077653783476E-03,4.522464720106825E-03,-1.961429186197108E-04
2449156.500000000,8.052577363704117E+00,-5.627228912615551E+00,-2.221659499216510E-01,2.893153955618225E-03,4.558186406504705E-03,-1.948001647161320E-04
2449176.500000000,8.109943368798517E+00,-5.535725849796291E+00,-2.260428793791633E-01,2.842616621889248E-03,4.592191018767387E-03,-1.928970818451542E-04
2449196.500000000,8.166300641806592E+00,-5.443532388333072E+00,-2.298902163381449E-01,2.792904723457627E-03,4.626398482757850E-03,-1.914747407383616E-04
2449216.500000000,8.221641450465659E+00,-5.350654202555949E+00,-2.337101871413967E-01,2.741867931825803E-03,4.661185660295074E-03,-1.905194166878625E-04
2449236.500000000,8.275951857871128E+00,-5.257101367580868E+00,-2.375021889764494E-01,2.689214513773142E-03,4.694701256644863E-03,-1.890450524369860E-04
2449256.500000000,8.329222892283719E+00,-5.162889606994645E+00,-2.412630900437626E-01,2.637031365666521E-03,4.726477749263660E-03,-1.870116779468996E-04
2449276.500000000,8.381452430752104E+00,-5.068030730008570E+00,-2.449924753583752E-01,2.585804990775516E-03,4.758628390425321E-03,-1.855600769647748E-04
2449296.500000000,8.432632768455916E+00,-4.972530090167547E+00,-2.486926582696910E-01,2.532953046044653E-03,4.791281280725142E-03,-1.844986435713680E-04
2449316.500000000,8.482750218070512E+00,-4.876398401134168E+00,-2.523626484850732E-01,2.478727212117832E-03,4.822505948007132E-03,-1.828624552220896E-04
2449336.500000000,8.531796719082310E+00,-4.779651478659987E+00,-2.559993925207810E-01,2.425075001812298E-03,4.852106461346493E-03,-1.807372208814099E-04
2449356.500000000,8.579770158326166E+00,-4.682300750599350E+00,-2.596027233134280E-01,2.372232567360957E-03,4.882168353934238E-03,-1.792300324831042E-04
2449376.500000000,8.626662277418653E+00,-4.584352008736217E+00,-2.631748705752223E-01,2.317711292715719E-03,4.912640492421540E-03,-1.780743048634730E-04
2449396.500000000,8.672459331260516E+00,-4.485817032614318E+00,-2.667145873666111E-01,2.261830302036126E-03,4.941458109692615E-03,-1.762456548157534E-04
2449416.500000000,8.717154239817251E+00,-4.386712722664557E+00,-2.702188229660909E-01,2.206831099860768E-03,4.968799441280935E-03,-1.740589093917105E-04
2449436.500000000,8.760745452469768E+00,-4.287050492659353E+00,-2.736878289678163E-01,2.152360987413239E-03,4.996644560991904E-03,-1.724988840125992E-04
2449456.500000000,8.803224754960938E+00,-4.186836934615239E+00,-2.771236890479527E-01,2.096267148102417E-03,5.024708997487701E-03,-1.712069150554326E-04
2449476.500000000,8.844579413446956E+00,-4.086084608059442E+00,-2.805249895317880E-01,2.038972956052423E-03,5.051111370370074E-03,-1.692591152018253E-04
2449496.500000000,8.884803400928234E+00,-3.984810617832881E+00,-2.838887687065664E-01,1.982623850226566E-03,5.076041798735582E-03,-1.669649350927717E-04
2449516.500000000,8.923895917170679E+00,-3.883025942888974E+00,-2.872155820564544E-01,1.926770112919205E-03,5.101666743151922E-03,-1.653901277748410E-04
2449536.500000000,8.961848317048563E+00,-3.780737108611181E+00,-2.905074251180711E-01,1.869151982765674E-03,5.127280982282822E-03,-1.639470033861870E-04
2449556.500000000,8.998648226107834E+00,-3.677957334084141E+00,-2.937625766479922E-01,1.810536398714842E-03,5.151256635433057E-03,-1.618826700038606E-04
2449576.500000000,9.034289937151904E+00,-3.574703805263193E+00,-2.969782046834131E-01,1.752857298309429E-03,5.173797918126719E-03,-1.595060382263082E-04
2449596.500000000,9.068772430801742E+00,-3.470987833051551E+00,-3.001550647194155E-01,1.695599307147094E-03,5.197026738298153E-03,-1.578561447578331E-04
2449616.500000000,9.102086780563280E+00,-3.366816877098088E+00,-3.032950549075762E-01,1.636512304656609E-03,5.220202776466981E-03,-1.563351084142710E-04
2449636.500000000,9.134221039758391E+00,-3.262205639584653E+00,-3.063962089869859E-01,1.576536361839721E-03,5.241461595177807E-03,-1.540812252937578E-04
2449656.500000000,9.165170953812050E+00,-3.157172160508247E+00,-3.094558212544961E-01,1.517701687678702E-03,5.261497591163604E-03,-1.516653114571704E-04
2449676.500000000,9.194936067708472E+00,-3.051727998601870E+00,-3.124749906018242E-01,1.459117874483906E-03,5.282172826307868E-03,-1.499527746239208E-04
2449696.500000000,9.223508225992212E+00,-2.945881461197868E+00,-3.154554456484870E-01,1.398752832224325E-03,5.302678783975508E-03,-1.483157448440987E-04
2449716.500000000,9.250876889752492E+00,-2.839647727490009E+00,-3.183950950289912E-01,1.337654052077008E-03,5.321221131929818E-03,-1.459333672342109E-04
2449736.500000000,9.277039254677820E+00,-2.733044560285963E+00,-3.212913430842123E-01,1.277879783322785E-03,5.338622162462238E-03,-1.434356070543825E-04
2449756.500000000,9.301995247369062E+00,-2.626082581267425E+00,-3.241456022648304E-01,1.218115727852190E-03,5.356874319827011E-03,-1.417222131559219E-04
2449776.500000000,9.325736320556905E+00,-2.518770261401097E+00,-3.269593611354229E-01,1.156585983166200E-03,5.374637168331496E-03,-1.399122566815511E-04
2449796.500000000,9.348252512909312E+00,-2.411123138218974E+00,-3.297303177585569E-01,1.094505853420992E-03,5.390532031483043E-03,-1.374258327292582E-04
2449816.500000000,9.369541295521243E+00,-2.303158864285459E+00,-3.324560721757114E-01,1.033725565201772E-03,5.405375927610749E-03,-1.348773938306096E-04
2449836.500000000,9.389602149671324E+00,-2.194888193784671E+00,-3.351381863026162E-01,9.728223686223292E-04,5.421018463120296E-03,-1.330925154072423E-04
2449856.500000000,9.408426213831415E+00,-2.086320794907822E+00,-3.377780011957751E-01,9.101161573293046E-04,5.436052988224586E-03,-1.311716775137296E-04
2449876.500000000,9.426004357647395E+00,-1.977473616478689E+00,-3.403730104171809E-01,8.471287884398230E-04,5.449063037360358E-03,-1.285404075003999E-04
2449896.500000000,9.442335443012105E+00,-1.868364736903047E+00,-3.429211157351056E-01,7.854005830293780E-04,5.461251516085341E-03,-1.259790041796183E-04
2449916.500000000,9.457419314730572E+00,-1.759005082675534E+00,-3.454240700051154E-01,7.234929719311792E-04,5.474091639251719E-03,-1.241063945384757E-04
2449936.500000000,9.471247778779603E+00,-1.649405154205721E+00,-3.478830200215628E-01,6.598608786076832E-04,5.486265193889076E-03,-1.220856581510490E-04
2449956.500000000,9.483813046429274E+00,-1.539582356428840E+00,-3.502953985419241E-01,5.960380902995130E-04,5.496383970480017E-03,-1.193419565171485E-04
2449976.500000000,9.495115231712711E+00,-1.429554487560366E+00,-3.526592613629968E-01,5.336596209080200E-04,5.505773862579065E-03,-1.167291140826205E-04
2449996.500000000,9.505154286834930E+00,-1.319331783205274E+00,-3.549766216074970E-01,4.708143848282961E-04,5.515915988609124E-03,-1.148238847284936E-04
2450016.500000000,9.513921701641250E+00,-1.208925329886674E+00,-3.572482696065302E-01,4.063748945464686E-04,5.525151907647792E-03,-1.126648451507759E-04
2450036.500000000,9.521410473119490E+00,-1.098353243324269E+00,-3.594715641062943E-01,3.418272785575082E-04,5.532363900278260E-03,-1.098195132967629E-04
2450056.500000000,9.527621356398608E+00,-9.876335072965499E-01,-3.616447593905795E-01,2.787910194281409E-04,5.538922055104383E-03,-1.071621766387123E-04
2450076.500000000,9.532554412548036E+00,-8.767766802986644E-01,-3.637700229537890E-01,2.151705919020782E-04,5.546230630583032E-03,-1.052180325938251E-04
2450096.500000000,9.536201406052628E+00,-7.657948609182270E-01,-3.658479394809108E-01,1.498931026147090E-04,5.552426442820655E-03,-1.029201907217546E-04
2450116.500000000,9.538556751604084E+00,-6.547073663589831E-01,-3.678757122358284E-01,8.492470210867745E-05,5.556553325878536E-03,-9.996860504722940E-05
2450136.500000000,9.539622863680780E+00,-5.435319599116722E-01,-3.698520177846711E-01,2.132161034490415E-05,5.560253638567096E-03,-9.731041601258936E-05
2450156.500000000,9.539400276202663E+00,-4.322790503888920E-01,-3.717791020147463E-01,-4.289157329026783E-05,5.564588018523681E-03,-9.529544604662362E-05
2450176.500000000,9.537881608409485E+00,-3.209609416977535E-01,-3.736573520048423E-01,-1.086770545057983E-04,5.567733984996636E-03,-9.288583289307144E-05
2450196.500000000,9.535062267593847E+00,-2.095968964022002E-01,-3.754838975812484E-01,-1.740097130369685E-04,5.568824427067204E-03,-8.983657359209206E-05
2450216.500000000,9.530945574618558E+00,-9.820409030288853E-02,-3.772576881993415E-01,-2.379325317374846E-04,5.569704154458191E-03,-8.718932727955030E-05
2450236.500000000,9.525531547710012E+00,1.320762263572191E-02,-3.789810951284234E-01,-3.027633987622475E-04,5.571085373308233E-03,-8.508625142357789E-05
2450256.500000000,9.518812708977137E+00,1.246250980304370E-01,-3.806541276175860E-01,-3.689053255968818E-04,5.571184571075997E-03,-8.257244628054829E-05
2450276.500000000,9.510784996858318E+00,2.360285765812196E-01,-3.822739425036368E-01,-4.346161141267629E-04,5.569251443424678E-03,-7.944803016368519E-05
2450296.500000000,9.501452156892546E+00,3.474003183433834E-01,-3.838397070691932E-01,-4.988881946672643E-04,5.567138901053125E-03,-7.676736069662435E-05
2450316.500000000,9.490814440006410E+00,4.587298349735981E-01,-3.853539039524906E-01,-5.641315982821445E-04,5.565487575051346E-03,-7.462380199665567E-05
2450336.500000000,9.478865037906170E+00,5.700027103448221E-01,-3.868163145489991E-01,-6.306575504956824E-04,5.562337891165358E-03,-7.197645042035840E-05
2450356.500000000,9.465601748086716E+00,6.811983352308335E-01,-3.882240688030004E-01,-6.964381538659881E-04,5.557249232426081E-03,-6.880475402464077E-05
2450376.500000000,9.451029643266134E+00,7.922992084205488E-01,-3.895767283263548E-01,-7.609020333629038E-04,5.552030585500693E-03,-6.609603532206791E-05
2450396.500000000,9.435149836782614E+00,9.032947702744953E-01,-3.908767818821432E-01,-8.262980353847555E-04,5.547261228756421E-03,-6.391299326312426E-05
2450416.500000000,9.417956603201315E+00,1.014170529469168E+00,-3.921238391208245E-01,-8.929390253456916E-04,5.540896644162154E-03,-6.116597409449199E-05
2450436.500000000,9.399449075762266E+00,1.124906073677526E+00,-3.933149701005648E-01,-9.586095773539675E-04,5.532596699002887E-03,-5.790296502229755E-05
2450456.500000000,9.379633089232126E+00,1.235484860611415E+00,-3.944500552680577E-01,-1.023016909501601E-03,5.524458910325904E-03,-5.524284136247690E-05
2450476.500000000,9.358509269842724E+00,1.345896494503603E+00,-3.955315773079271E-01,-1.088569678538976E-03,5.516527793881915E-03,-5.295943367130344E-05
2450496.500000000,9.336072373690440E+00,1.456125778681721E+00,-3.965588246232150E-01,-1.155135142701240E-03,5.506978907570379E-03,-5.012812773618566E-05
2450516.500000000,9.312322363306588E+00,1.566152029164001E+00,-3.975289537891194E-01,-1.220645930112904E-03,5.495507047631193E-03,-4.680339844399892E-05
2450536.500000000,9.287265679856700E+00,1.675958712604513E+00,-3.984421039240171E-01,-1.284956531927727E-03,5.484321403476817E-03,-4.415242295465950E-05
2450556.500000000,9.260903029799099E+00,1.785534898464224E+00,-3.993007966510022E-01,-1.350515430340403E-03,5.473214988971556E-03,-4.181697351592861E-05
2450576.500000000,9.233230237949559E+00,1.894864333255936E+00,-4.001040642524349E-01,-1.416859461378146E-03,5.460281624137231E-03,-3.885172604212970E-05
2450596.500000000,9.204249174441001E+00,2.003926178384734E+00,-4.008492120849136E-01,-1.481991272291428E-03,5.445690918630506E-03,-3.554696896867131E-05
2450616.500000000,9.173967193673539E+00,2.112704571750061E+00,-4.015367160806043E-01,-1.546059702823012E-03,5.431337287624504E-03,-3.286517402853975E-05
2450636.500000000,9.142385422684518E+00,2.221188648048841E+00,-4.021690009319530E-01,-1.611336722494257E-03,5.417040256927639E-03,-3.048776709454769E-05
2450656.500000000,9.109500559042493E+00,2.329361983973455E+00,-4.027449438143901E-01,-1.677312254665369E-03,5.400850823178441E-03,-2.744259852960586E-05
2450676.500000000,9.075315584118464E+00,2.437203970867723E+00,-4.032618712835235E-01,-1.741907218385329E-03,5.383062707119604E-03,-2.409755958340109E-05
2450696.500000000,9.039838212237516E+00,2.544699492815478E+00,-4.037205983247242E-01,-1.805614632534753E-03,5.365692584473039E-03,-2.145123395875209E-05
2450716.500000000,9.003069073942376E+00,2.651837328396665E+00,-4.041233603191004E-01,-1.870525797312513E-03,5.348119088442769E-03,-1.898195315656537E-05
2450736.500000000,8.965005645020282E+00,2.758600002531258E+00,-4.044688576369902E-01,-1.936043776828704E-03,5.328687467244792E-03,-1.588989021712485E-05
2450756.500000000,8.925652116306859E+00,2.864966396659651E+00,-4.047545278750727E-01,-2.000019132841556E-03,5.307605296084070E-03,-1.249624265246576E-05
2450776.500000000,8.885017280782597E+00,2.970921339496073E+00,-4.049814826228039E-01,-2.063144872000574E-03,5.287080261950989E-03,-9.879782481568479E-06
2450796.500000000,8.843102413648321E+00,3.076453236119812E+00,-4.051519181933469E-01,-2.127583147603351E-03,5.266229002328484E-03,-7.366912712437290E-06
2450816.500000000,8.799906525140848E+00,3.181543818737753E+00,-4.052642824820857E-01,-2.192305691995924E-03,5.243345996096264E-03,-4.171103281565377E-06
2450836.500000000,8.755436051471335E+00,3.286172406713933E+00,-4.053162898021919E-01,-2.255408879106730E-03,5.219088942674854E-03,-8.095952748865203E-07
2450856.500000000,8.709700718444608E+00,3.390324906183347E+00,-4.053093060816370E-01,-2.317712935753979E-03,5.195393557065059E-03,1.800758780857204E-06
2450876.500000000,8.662702347687178E+00,3.493990297601904E+00,-4.052454148536971E-01,-2.381393835342491E-03,5.171344320570015E-03,4.351468164335541E-06
2450896.500000000,8.614440572684595E+00,3.597150590407820E+00,-4.051228412630377E-01,-2.445179345406509E-03,5.145170705434396E-03,7.630481743565513E-06
2450916.500000000,8.564922813873251E+00,3.699785585817558E+00,-4.049394460857615E-01,-2.507193079477095E-03,5.117828515646492E-03,1.096306528901136E-05
2450936.500000000,8.514158678993063E+00,3.801882082023580E+00,-4.046969153814633E-01,-2.568742814213076E-03,5.091105407644368E-03,1.354898098393675E-05
2450956.500000000,8.462149668097004E+00,3.903428448305570E+00,-4.043970347776483E-01,-2.631485676627268E-03,5.063787412428185E-03,1.617680086567345E-05
2450976.500000000,8.408896258828555E+00,4.004406074378292E+00,-4.040379496710815E-01,-2.694294835667530E-03,5.034400752788744E-03,1.948880942461246E-05
2450996.500000000,8.354406906793054E+00,4.104794289292505E+00,-4.036176803379491E-01,-2.755186461931993E-03,5.003873850601131E-03,2.280989854086274E-05
2451016.500000000,8.298692176548915E+00,4.204579946290148E+00,-4.031382252632142E-01,-2.815728901781697E-03,4.974013049855971E-03,2.536728106153306E-05
2451036.500000000,8.241754298239224E+00,4.303750925240095E+00,-4.026012184029314E-01,-2.877438565573633E-03,4.943392473447925E-03,2.805097023144472E-05
2451056.500000000,8.183595593632818E+00,4.402288238908075E+00,-4.020046555514647E-01,-2.938904371671637E-03,4.910726187961793E-03,3.138777957914517E-05
2451076.500000000,8.124226148602466E+00,4.500171987242132E+00,-4.013468723591068E-01,-2.998530503057744E-03,4.877058538940124E-03,3.468152447825104E-05
2451096.500000000,8.063657330071754E+00,4.597389758462690E+00,-4.006300231238298E-01,-3.057739074682360E-03,4.844080051018192E-03,3.721265808925878E-05
2451116.500000000,8.001891932487259E+00,4.693929899002272E+00,-3.998556160274155E-01,-3.118203816078347E-03,4.810304418693147E-03,3.991827053047622E-05
2451136.500000000,7.938933165397754E+00,4.789773542378308E+00,-3.990214453523986E-01,-3.178224214203385E-03,4.774407893192461E-03,4.331184576142945E-05
2451156.500000000,7.874792127712066E+00,4.884901489858148E+00,-3.981260628873106E-01,-3.236299097631303E-03,4.737735748269796E-03,4.654086322955443E-05
2451176.500000000,7.809480079884352E+00,4.979301803571276E+00,-3.971718513685298E-01,-3.294225460323610E-03,4.701705820287615E-03,4.905839470106536E-05
2451196.500000000,7.743000284942847E+00,5.072962228402961E+00,-3.961600322080146E-01,-3.353218085892706E-03,4.664768623823262E-03,5.178776184959986E-05
2451216.500000000,7.675357226377663E+00,5.165863622739195E+00,-3.950883816911389E-01,-3.411685136680275E-03,4.625659288359715E-03,5.522595641524209E-05
2451236.500000000,7.606563520246456E+00,5.257987044020701E+00,-3.939556621470927E-01,-3.468032767679313E-03,4.585970032360125E-03,5.838643907457955E-05
2451256.500000000,7.536631098409929E+00,5.349321156704982E+00,-3.927645361137164E-01,-3.524445468680107E-03,4.546935260172554E-03,6.085464874019818E-05
2451276.500000000,7.465564164469439E+00,5.439853534145602E+00,-3.915159878729150E-01,-3.581802546014511E-03,4.506779585826570E-03,6.365376000993836E-05
2451296.500000000,7.393369052552123E+00,5.529565430806921E+00,-3.902077528849537E-01,-3.638329683156146E-03,4.464631543540310E-03,6.705956074340013E-05
2451316.500000000,7.320059526692154E+00,5.618439314152413E+00,-3.888389361134481E-01,-3.692880363669746E-03,4.422022575206726E-03,7.016930576506618E-05
2451336.500000000,7.245647609186999E+00,5.706464900851931E+00,-3.874122564796274E-01,-3.747521414467606E-03,4.380099410389796E-03,7.259093362468502E-05
2451356.500000000,7.170137631632460E+00,5.793629997820091E+00,-3.859285168929680E-01,-3.803099373784055E-03,4.336927058232125E-03,7.542514955990689E-05
2451376.500000000,7.093536728379060E+00,5.879915992308316E+00,-3.843853255209436E-01,-3.857639121482936E-03,4.291815688890969E-03,7.882780766591576E-05
2451396.500000000,7.015859308282892E+00,5.965306062791862E+00,-3.827821172554344E-01,-3.910279976971458E-03,4.246447730512363E-03,8.183708661470072E-05
2451416.500000000,6.937117076186230E+00,6.049790088915343E+00,-3.811216568177452E-01,-3.963130569558558E-03,4.201567102467964E-03,8.427187899397107E-05
2451436.500000000,6.857315056003154E+00,6.133355023271795E+00,-3.794045232963767E-01,-4.016748608655709E-03,4.155464363399215E-03,8.707817514158267E-05
2451456.500000000,6.776461888957987E+00,6.215981952248235E+00,-3.776283683431473E-01,-4.069228714204672E-03,4.107324784524298E-03,9.049703775074686E-05
2451476.500000000,6.694573713605023E+00,6.297654465712323E+00,-3.757929089538224E-01,-4.119693212846555E-03,4.059142038571257E-03,9.340940509651403E-05
2451496.500000000,6.611663087782263E+00,6.378363174084801E+00,-3.739010883147799E-01,-4.170508209501949E-03,4.011423425470283E-03,9.579238663868741E-05
2451516.500000000,6.527736200872265E+00,6.458095099045805E+00,-3.719532050153313E-01,-4.221922488970651E-03,3.962335247318565E-03,9.862857668877153E-05
2451536.500000000,6.442803707534393E+00,6.536832119692635E+00,-3.699469957237669E-01,-4.272009836702970E-03,3.911410005138822E-03,1.019876383863282E-04
2451556.500000000,6.356882803065702E+00,6.614559526444080E+00,-3.678824643571649E-01,-4.320097265134708E-03,3.860526628362190E-03,1.048329816004107E-04
2451576.500000000,6.269986241977636E+00,6.691269263238794E+00,-3.657625995985565E-01,-4.368665015192335E-03,3.810222275052454E-03,1.071335704196587E-04
2451596.500000000,6.182120254605620E+00,6.766948927737832E+00,-3.635874330057986E-01,-4.417774273736989E-03,3.758349949145011E-03,1.100063570093336E-04
2451616.500000000,6.093296381662620E+00,6.841580725976616E+00,-3.613546687041116E-01,-4.465300503447399E-03,3.704774355973264E-03,1.133190598269571E-04
2451636.500000000,6.003532323742967E+00,6.915151071343992E+00,-3.590647110185908E-01,-4.511023923438627E-03,3.651462024700158E-03,1.160326219171789E-04
2451656.500000000,5.912840579550113E+00,6.987652102276759E+00,-3.567204808850415E-01,-4.557250850524280E-03,3.598499247738749E-03,1.183280561805935E-04
2451676.500000000,5.821228272536387E+00,7.059071190635770E+00,-3.543218425797338E-01,-4.603907142102104E-03,3.544010601344441E-03,1.211709167013189E-04
2451696.500000000,5.728708220827056E+00,7.129390624686981E+00,-3.518665571468946E-01,-4.648763475179936E-03,3.487808898562646E-03,1.244421380870197E-04
2451716.500000000,5.635299597600522E+00,7.198597761839639E+00,-3.493554283611347E-01,-4.691915299846589E-03,3.432112464573017E-03,1.270170704733226E-04
2451736.500000000,5.541015342620985E+00,7.266685545434139E+00,-3.467913915972677E-01,-4.735630321376169E-03,3.376617267638634E-03,1.292829013693148E-04
2451756.500000000,5.445863826018478E+00,7.333641726723907E+00,-3.441740588030880E-01,-4.779508830644113E-03,3.319586963228946E-03,1.321050522411574E-04
2451776.500000000,5.349859175631945E+00,7.399449868255075E+00,-3.415013575079126E-01,-4.821600937500182E-03,3.261053043400752E-03,1.352768293852850E-04
2451796.500000000,5.253021064059444E+00,7.464098673387214E+00,-3.387743263082154E-01,-4.861959405817068E-03,3.203052450552803E-03,1.377618424078644E-04
2451816.500000000,5.155362422248255E+00,7.527582085939770E+00,-3.359958922575202E-01,-4.903022783942709E-03,3.145302477741570E-03,1.399484605756841E-04
2451836.500000000,5.056891899124979E+00,7.589888015424961E+00,-3.331653951926339E-01,-4.944098393540174E-03,3.085884681327406E-03,1.427621867931159E-04
2451856.500000000,4.957624683334930E+00,7.651000517086240E+00,-3.302808485982702E-01,-4.983242633638081E-03,3.025117805169700E-03,1.458397919884856E-04
2451876.500000000,4.857580841859702E+00,7.710909079426220E+00,-3.273436409719737E-01,-5.020816544278296E-03,2.964973532868614E-03,1.482057967838556E-04
2451896.500000000,4.756773777089193E+00,7.769607667734677E+00,-3.243565805970571E-01,-5.058999066350121E-03,2.904974341649277E-03,1.503300061713966E-04
2451916.500000000,4.655213481259644E+00,7.827084342386343E+00,-3.213189174074367E-01,-5.097174265521370E-03,2.843287875560328E-03,1.531076762292260E-04
2451936.500000000,4.552916922407612E+00,7.883323840933136E+00,-3.182287385847650E-01,-5.133086146677416E-03,2.780344063143214E-03,1.560978272722161E-04
2451956.500000000,4.449905302874151E+00,7.938317347022028E+00,-3.150878471515937E-01,-5.167629815086696E-03,2.718263610267955E-03,1.582983308363734E-04
2451976.500000000,4.346192432605362E+00,7.992059826969379E+00,-3.118989402922557E-01,-5.202806875387195E-03,2.656175914970527E-03,1.603800420606901E-04
2451996.500000000,4.241789473211737E+00,8.044540337811103E+00,-3.086610668370791E-01,-5.237708855574418E-03,2.592449230845583E-03,1.631036192499292E-04
2452016.500000000,4.136714266368228E+00,8.095745376203263E+00,-3.053725214278520E-01,-5.270377383692774E-03,2.527670391462162E-03,1.659748840056579E-04
2452036.500000000,4.030987836960571E+00,8.145667841350111E+00,-3.020352963113843E-01,-5.301739361214426E-03,2.463876266806375E-03,1.680268640796050E-04
2452056.500000000,3.924623353553133E+00,8.194303396257176E+00,-2.986519988732904E-01,-5.333901840956413E-03,2.399950884843979E-03,1.700562959944262E-04
2452076.500000000,3.817632291492016E+00,8.241641120623179E+00,-2.952214107922888E-01,-5.365509267794644E-03,2.334347445439703E-03,1.727334434915052E-04
2452096.500000000,3.710033313280426E+00,8.287668172980739E+00,-2.917420723271537E-01,-5.394877029458111E-03,2.267921195759191E-03,1.754451221684967E-04
2452116.500000000,3.601847449177126E+00,8.332378236443644E+00,-2.882162253225310E-01,-5.423133360340306E-03,2.202428412606967E-03,1.773923776383214E-04
2452136.500000000,3.493088201389258E+00,8.375766788647931E+00,-2.846462943067672E-01,-5.452017772830226E-03,2.136754607335326E-03,1.793309594818897E-04
2452156.500000000,3.383768392438942E+00,8.417823068293083E+00,-2.810310267006477E-01,-5.480310375281293E-03,2.069367800765029E-03,1.819510838700003E-04
2452176.500000000,3.273908371405258E+00,8.458535132833168E+00,-2.773691220063288E-01,-5.506136257010642E-03,2.001358044400737E-03,1.845074764450511E-04
2452196.500000000,3.163529901812249E+00,8.497898412335957E+00,-2.736631671186737E-01,-5.531060354767680E-03,1.934366605574140E-03,1.863129072890921E-04
2452216.500000000,3.052646743099892E+00,8.535909290401689E+00,-2.699153309429229E-01,-5.556529392471484E-03,1.867104148890484E-03,1.881823334788935E-04
2452236.500000000,2.941272800889621E+00,8.572557983361824E+00,-2.661242780330865E-01,-5.581260104740692E-03,1.798244566061037E-03,1.906971201236014E-04
2452256.500000000,2.829429086734114E+00,8.607834252404073E+00,-2.622888965319233E-01,-5.603519142499813E-03,1.728850444927654E-03,1.931373635155890E-04
2452276.500000000,2.717137237614765E+00,8.641735115761035E+00,-2.584119455863877E-01,-5.624944869113941E-03,1.660675863191476E-03,1.947577437297115E-04
2452296.500000000,2.604410451108838E+00,8.674257721758636E+00,-2.544954080394717E-01,-5.647056792125786E-03,1.592046894203698E-03,1.965735943249525E-04
2452316.500000000,2.491263152970205E+00,8.705392382605568E+00,-2.505377418141599E-01,-5.668143535655173E-03,1.521840603422438E-03,1.990074683147545E-04
2452336.500000000,2.377717249526102E+00,8.735129938172495E+00,-2.465381692713550E-01,-5.686775745697713E-03,1.451338037164349E-03,2.012644499700518E-04
2452356.500000000,2.263794339731698E+00,8.763468435743102E+00,-2.424996158304058E-01,-5.704727827362792E-03,1.382010606361549E-03,2.027578142462454E-04
2452376.500000000,2.149508078305363E+00,8.790405466309643E+00,-2.384238875910955E-01,-5.723292674191489E-03,1.312225998390712E-03,2.044672041475883E-04
2452396.500000000,2.034873789735780E+00,8.815932020780171E+00,-2.343093602258197E-01,-5.740653750783369E-03,1.240789718909781E-03,2.068412283357142E-04
2452416.500000000,1.919914707787701E+00,8.840040408527511E+00,-2.301555556866963E-01,-5.755495753846164E-03,1.169430850400904E-03,2.088730554325140E-04
2452436.500000000,1.804652270689027E+00,8.862730624556477E+00,-2.259656180833441E-01,-5.769916329385141E-03,1.099190129013736E-03,2.102377110416790E-04
2452456.500000000,1.689100109231384E+00,8.884001161268895E+00,-2.217410314717601E-01,-5.784781471043969E-03,1.028428228115651E-03,2.118725214218434E-04
2452476.500000000,1.573273926492731E+00,8.903844301801282E+00,-2.174801456374657E-01,-5.798382366208511E-03,9.561935253878747E-04,2.141044318578665E-04
2452496.500000000,1.457196874024920E+00,8.922253688962259E+00,-2.131826863842886E-01,-5.809494010944849E-03,8.841051694247552E-04,2.159837022834358E-04
2452516.500000000,1.340889821749445E+00,8.939230497459050E+00,-2.088519319014924E-01,-5.820353155817978E-03,8.132394443517678E-04,2.171751479354370E-04
2452536.500000000,1.224365890064633E+00,8.954773356558970E+00,-2.044890885451994E-01,-5.831591883686428E-03,7.416492617988512E-04,2.187500673820943E-04
2452556.500000000,1.107641552320740E+00,8.968874775825427E+00,-2.000924432793472E-01,-5.841406456172246E-03,6.687327931588807E-04,2.208412930122355E-04
2452576.500000000,9.907404726460884E-01,8.981529322785940E+00,-1.956620559737377E-01,-5.848808705307510E-03,5.960735042264220E-04,2.225402018282124E-04
2452596.500000000,8.736837793840438E-01,8.992738869976240E+00,-1.912012755067836E-01,-5.855957342973572E-03,5.245967750921174E-04,2.235949206148663E-04
2452616.500000000,7.564853523266309E-01,9.002502687285128E+00,-1.867111697501118E-01,-5.863497757091433E-03,4.524400280488643E-04,2.250413091262710E-04
2452636.500000000,6.391628413287542E-01,9.010814313541115E+00,-1.821899499606925E-01,-5.869354268443492E-03,3.789166476101342E-04,2.270424744833751E-04
2452656.500000000,5.217408471142994E-01,9.017670461137286E+00,-1.776380214926223E-01,-5.872867022084921E-03,3.060173801568913E-04,2.285080586981268E-04
2452676.500000000,4.042400264529207E-01,9.023074842687434E+00,-1.730587983386154E-01,-5.876283826259219E-03,2.342346338235703E-04,2.294255444774946E-04
2452696.500000000,2.866742229708935E-01,9.027027945384591E+00,-1.684530533637605E-01,-5.879990603855793E-03,1.617657427481099E-04,2.307711977915563E-04
2452716.500000000,1.690611555635519E-01,9.029524831614379E+00,-1.638190062073937E-01,-5.881957252738725E-03,8.805545712088900E-05,2.326363004798926E-04
2452736.500000000,5.142498532930498E-02,9.030563890023780E+00,-1.591572618990187E-01,-5.881590443108349E-03,1.514631262241754E-05,2.339010034098634E-04
2452756.500000000,-6.621483091007396E-02,9.030149875894788E+00,-1.544713229183726E-01,-5.881442714394518E-03,-5.664031595551497E-05,2.346569738226796E-04
2452776.500000000,-1.838448785882396E-01,9.028283246433411E+00,-1.497616233510326E-01,-5.881366188011489E-03,-1.293144950361538E-04,2.359386444427687E-04
2452796.500000000,-3.014467827977702E-01,9.024959608091622E+00,-1.450264663934426E-01,-5.879446184730828E-03,-2.030040497310711E-04,2.376256988568111E-04
2452816.500000000,-4.189962603577917E-01,9.020178566489681E+00,-1.402667847337167E-01,-5.875355724545862E-03,-2.757871780125554E-04,2.386925011515242E-04
2452836.500000000,-5.364741473205170E-01,9.013945584287701E+00,-1.354860400832678E-01,-5.871478351522079E-03,-3.475240315744721E-04,2.393080129158551E-04
2452856.500000000,-6.538665224784328E-01,9.006261678306803E+00,-1.306845266295362E-01,-5.867647573689873E-03,-4.201528096369148E-04,2.404806617172265E-04
2452876.500000000,-7.711540979784871E-01,8.997123626969840E+00,-1.258605365755558E-01,-5.861717911710669E-03,-4.936640679987157E-04,2.420012959477931E-04
2452896.500000000,-8.883123855552597E-01,8.986533231190707E+00,-1.210153875300720E-01,-5.853885636720274E-03,-5.660407297522189E-04,2.428514698240516E-04
2452916.500000000,-1.005323205269918E+00,8.974497356520850E+00,-1.161523827088312E-01,-5.846271603060818E-03,-6.374868045194061E-04,2.433445451686953E-04
2452936.500000000,-1.122172834732416E+00,8.961017777551060E+00,-1.112716003190565E-01,-5.838635886410604E-03,-7.097538073448522E-04,2.443795891823409E-04
2452956.500000000,-1.238842029540385E+00,8.946092448130861E+00,-1.063713807158575E-01,-5.828902400807882E-03,-7.828428377338976E-04,2.457567376098998E-04
2452976.500000000,-1.355306682368669E+00,8.929724472316146E+00,-1.014532547678349E-01,-5.817263424906168E-03,-8.546181377662649E-04,2.463882301353295E-04
2452996.500000000,-1.471549601076251E+00,8.911921558120738E+00,-9.652050463863909E-02,-5.806104294031531E-03,-9.255372105840345E-04,2.467453330902980E-04
2453016.500000000,-1.587557120145090E+00,8.892685396687101E+00,-9.157289011177773E-02,-5.794681164517933E-03,-9.973576170685661E-04,2.476719149840207E-04
2453036.500000000,-1.703309125115657E+00,8.872014821089332E+00,-8.660894660846288E-02,-5.781115079235041E-03,-1.069827448650767E-03,2.488714973069659E-04
2453056.500000000,-1.818781396674130E+00,8.849914443393851E+00,-8.163047201368334E-02,-5.765735567396388E-03,-1.140863848947126E-03,2.493014543114767E-04
2453076.500000000,-1.933956950379885E+00,8.826393163103923E+00,-7.664068037459135E-02,-5.750897826206964E-03,-1.211026039171653E-03,2.494906037428050E-04
2453096.500000000,-2.048822098887671E+00,8.801453767267441E+00,-7.163912286174810E-02,-5.735754020381212E-03,-1.282197559374201E-03,2.503394816540670E-04
2453116.500000000,-2.163356179210201E+00,8.775096581944990E+00,-6.662441547861170E-02,-5.718223957803352E-03,-1.353722808203170E-03,2.513234590872090E-04
2453136.500000000,-2.277535688745686E+00,8.747328631552710E+00,-6.159870814574576E-02,-5.699257447327824E-03,-1.423678612072527E-03,2.515448322164783E-04
2453156.500000000,-2.391345052119496E+00,8.718159918135267E+00,-5.656494285549447E-02,-5.680820457715862E-03,-1.492871449752247E-03,2.516129045066668E-04
2453176.500000000,-2.504771280103026E+00,8.687594059286601E+00,-5.152247684277000E-02,-5.662020350059283E-03,-1.563025771517944E-03,2.523314790286989E-04
2453196.500000000,-2.617794326909156E+00,8.655632157164252E+00,-4.647000812152359E-02,-5.640817562628820E-03,-1.633437042683149E-03,2.531425318957374E-04
2453216.500000000,-2.730391458180551E+00,8.622282245388133E+00,-4.140994816033795E-02,-5.618354565203860E-03,-1.702112933953741E-03,2.531305566610306E-04
2453236.500000000,-2.842548265445283E+00,8.587554516264809E+00,-3.634506393069108E-02,-5.596520711122432E-03,-1.770271491275765E-03,2.531110337821507E-04
2453256.500000000,-2.954251471293517E+00,8.551452490766609E+00,-3.127448973673154E-02,-5.574082556098126E-03,-1.839288167356075E-03,2.536769931272293E-04
2453276.500000000,-3.065480659079489E+00,8.513978177111950E+00,-2.619717073969194E-02,-5.549313566062655E-03,-1.908447963792672E-03,2.542957838581161E-04
2453296.500000000,-3.176213121040441E+00,8.475140710296534E+00,-2.111571741357517E-02,-5.523341485621711E-03,-1.975826797384583E-03,2.541011536355410E-04
2453316.500000000,-3.286434623528804E+00,8.434951288980001E+00,-1.603277439271539E-02,-5.498035236916749E-03,-2.042651741744007E-03,2.539171048098886E-04
2453336.500000000,-3.396131729349167E+00,8.393414458904367E+00,-1.094727197362409E-02,-5.472024620073678E-03,-2.110409142360747E-03,2.543880425307591E-04
2453356.500000000,-3.505283773324190E+00,8.350534052417267E+00,-5.858313329241479E-03,-5.443624957050306E-03,-2.177985515879881E-03,2.547755533864527E-04
2453376.500000000,-3.613869235735609E+00,8.306321103619041E+00,-7.687206847065805E-04,-5.414270010106481E-03,-2.243786929045112E-03,2.544090649574396E-04
2453396.500000000,-3.721875013898098E+00,8.260787697819001E+00,4.319151503348089E-03,-5.385584166775331E-03,-2.309029752644612E-03,2.540798372991982E-04
2453416.500000000,-3.829288356404972E+00,8.213939174724068E+00,9.406515319355015E-03,-5.356179748394576E-03,-2.375218220579362E-03,2.544314705492367E-04
2453436.500000000,-3.936089121783337E+00,8.165780345090402E+00,1.449417241340227E-02,-5.324300307266792E-03,-2.441093637860606E-03,2.546378316534452E-04
2453456.500000000,-4.042256971450864E+00,8.116323293209774E+00,1.957904813265314E-02,-5.291758637419251E-03,-2.505030598854174E-03,2.540393406405607E-04
2453476.500000000,-4.147779839225027E+00,8.065580114921609E+00,2.465906051360745E-02,-5.259878044053650E-03,-2.568688444342388E-03,2.536344131921812E-04
2453496.500000000,-4.252644679030418E+00,8.013556430589830E+00,2.973553450272121E-02,-5.227099199828025E-03,-2.633141866170678E-03,2.538313782272630E-04
2453516.500000000,-4.356831294868607E+00,7.960258293270624E+00,3.480900719288529E-02,-5.191897125921586E-03,-2.697134020444345E-03,2.538347100618794E-04
2453536.500000000,-4.460320104084713E+00,7.905699118622316E+00,3.987627639863506E-02,-5.156199411806985E-03,-2.759139220070518E-03,2.530466564874858E-04
2453556.500000000,-4.563099752376339E+00,7.849891725751749E+00,4.493545059722938E-02,-5.121207653783121E-03,-2.820933055995314E-03,2.525227670095486E-04
2453576.500000000,-4.665157350711155E+00,7.792842626908927E+00,4.998805097260046E-02,-5.085091693808861E-03,-2.883506486614784E-03,2.526002351244273E-04
2453596.500000000,-4.766473109195743E+00,7.734559622487552E+00,5.503432852935009E-02,-5.046745960668934E-03,-2.945280011136284E-03,2.523553763414310E-04
2453616.500000000,-4.867029312783636E+00,7.675057431258307E+00,6.007106672942802E-02,-5.008078558072429E-03,-3.005219008148824E-03,2.514337534312563E-04
2453636.500000000,-4.966815901712142E+00,7.614348954270318E+00,6.509666614436718E-02,-4.970090921731229E-03,-3.064940312834314E-03,2.507754748629677E-04
2453656.500000000,-5.065820556727815E+00,7.552440922400511E+00,7.011273189964920E-02,-4.930957744329009E-03,-3.125438783647504E-03,2.507228700951108E-04
2453676.500000000,-5.164023873784243E+00,7.489341715995023E+00,7.511934155864883E-02,-4.889569297781049E-03,-3.185002183508625E-03,2.502778240645694E-04
2453696.500000000,-5.261409161110143E+00,7.425066759362569E+00,8.011312091365889E-02,-4.848137083295396E-03,-3.242711498855452E-03,2.491823454531112E-04
2453716.500000000,-5.357966978036593E+00,7.359628690667732E+00,8.509281756291839E-02,-4.807219990459024E-03,-3.300368804506013E-03,2.484256053166080E-04
2453736.500000000,-5.453684387916113E+00,7.293034700532180E+00,9.005999803306582E-02,-4.765131793752895E-03,-3.358656706574115E-03,2.482171285228031E-04
2453756.500000000,-5.548541912087622E+00,7.225294575154648E+00,9.501452106151836E-02,-4.720767399620911E-03,-3.415898385407597E-03,2.475869632955619E-04
2453776.500000000,-5.642523563346009E+00,7.156425272931211E+00,9.995292991702895E-02,-4.676521463185111E-03,-3.471181407830543E-03,2.463021686198873E-04
2453796.500000000,-5.735620890210949E+00,7.086440487877267E+00,1.048742455686132E-01,-4.632885421807623E-03,-3.526514337698325E-03,2.454520606803513E-04
2453816.500000000,-5.827821375830875E+00,7.015348316944099E+00,1.097801785258427E-01,-4.587818873803806E-03,-3.582396581269190E-03,2.451101607613321E-04
2453836.500000000,-5.919106512057192E+00,6.943160397901265E+00,1.146702614413239E-01,-4.540762488860925E-03,-3.636964542016382E-03,2.442586244440391E-04
2453856.500000000,-6.009462468735794E+00,6.869894563593971E+00,1.195411400629476E-01,-4.493948408768881E-03,-3.689681495970155E-03,2.428330648389171E-04
2453876.500000000,-6.098882233791384E+00,6.795564586768510E+00,1.243921071853247E-01,-4.447797360266894E-03,-3.742509268711941E-03,2.418826935461554E-04
2453896.500000000,-6.187354186761950E+00,6.720178462479407E+00,1.292249604043809E-01,-4.400089319238657E-03,-3.795882786068587E-03,2.414187508399054E-04
2453916.500000000,-6.274860340400252E+00,6.643748305950751E+00,1.340389384039929E-01,-4.350491071423148E-03,-3.847713289966378E-03,2.403351454236103E-04
2453936.500000000,-6.361388245003733E+00,6.566292254000246E+00,1.388306592715413E-01,-4.301421887444883E-03,-3.897866489732683E-03,2.387965913355700E-04
2453956.500000000,-6.446931204725367E+00,6.487823655569757E+00,1.435997656277795E-01,-4.252739418214309E-03,-3.948185086426951E-03,2.377444329044654E-04
2453976.500000000,-6.531477451424615E+00,6.408351129654642E+00,1.483479488923971E-01,-4.202558201427494E-03,-3.998913937636869E-03,2.371245597327731E-04
2453996.500000000,-6.615009300891905E+00,6.327887813377300E+00,1.530742301828985E-01,-4.150533869597209E-03,-4.047988892316942E-03,2.358530973951415E-04
2454016.500000000,-6.697515321766492E+00,6.246452940357729E+00,1.577752408758731E-01,-4.099190704123916E-03,-4.095393203471750E-03,2.341706973577343E-04
2454036.500000000,-6.778989720438116E+00,6.164060363823610E+00,1.624509421155145E-01,-4.048206624877241E-03,-4.143055240203614E-03,2.330424470258454E-04
2454056.500000000,-6.859421172698891E+00,6.080719573362945E+00,1.671030616967283E-01,-3.995610833365844E-03,-4.190927742429946E-03,2.322504933910032E-04
2454076.500000000,-6.938793404930350E+00,5.996444877972940E+00,1.717303501630559E-01,-3.941461117030942E-03,-4.237107675436455E-03,2.308210227105530E-04
2454096.500000000,-7.017096623576722E+00,5.911255709925261E+00,1.763296241357159E-01,-3.887997157426130E-03,-4.281646403152205E-03,2.290010086449506E-04
2454116.500000000,-7.094326033291074E+00,5.825165799747828E+00,1.809010556170066E-01,-3.834972061237957E-03,-4.326519366206095E-03,2.277840153657804E-04
2454136.500000000,-7.170470682113051E+00,5.738184669623403E+00,1.854464178881028E-01,-3.780186078424224E-03,-4.371575156535679E-03,2.268756099678775E-04
2454156.500000000,-7.245514953107348E+00,5.650327354384225E+00,1.899641507240085E-01,-3.723999158729139E-03,-4.414719651055291E-03,2.252302726472136E-04
2454176.500000000,-7.319450245889741E+00,5.561613430916553E+00,1.944511620887897E-01,-3.668677055437254E-03,-4.456426739743381E-03,2.233260237346453E-04
2454196.500000000,-7.392271877783470E+00,5.472056633022395E+00,1.989078931692130E-01,-3.613612312845012E-03,-4.498428682363637E-03,2.220017387844033E-04
2454216.500000000,-7.463969009425555E+00,5.381667438894195E+00,2.033359966943655E-01,-3.556782121092461E-03,-4.540539650445261E-03,2.209699036407578E-04
2454236.500000000,-7.534526912998923E+00,5.290462268869305E+00,2.077337185764837E-01,-3.498685286436829E-03,-4.580534034978171E-03,2.191252572102498E-04
2454256.500000000,-7.603938704726488E+00,5.198461430259701E+00,2.120980660525299E-01,-3.441674324945308E-03,-4.619196170749543E-03,2.171151014767234E-04
2454276.500000000,-7.672200816378036E+00,5.105678806391303E+00,2.164298319425461E-01,-3.384774434531340E-03,-4.658277551829056E-03,2.157472152611703E-04
2454296.500000000,-7.739303174733060E+00,5.012125533950585E+00,2.207305663846938E-01,-3.326107088826820E-03,-4.697171881083500E-03,2.145216321199382E-04
2454316.500000000,-7.805232947840835E+00,4.917818759937572E+00,2.249983279075831E-01,-3.266481626241729E-03,-4.734024684384191E-03,2.125495861386708E-04
2454336.500000000,-7.869985048828504E+00,4.822778218197040E+00,2.292303679624858E-01,-3.207962491628563E-03,-4.769618666232491E-03,2.104338648238793E-04
2454356.500000000,-7.933556636059622E+00,4.727017042979117E+00,2.334276669757947E-01,-3.149509168063893E-03,-4.805740089674289E-03,2.090028589735280E-04
2454376.500000000,-7.995937714926128E+00,4.630546155622270E+00,2.375917020606984E-01,-3.089200265537368E-03,-4.841544087934759E-03,2.076287793645206E-04
2454396.500000000,-8.057116084579272E+00,4.533383215460018E+00,2.417202335407398E-01,-3.028190358545592E-03,-4.875220965019756E-03,2.054894569618277E-04
2454416.500000000,-8.117087635355638E+00,4.435547700064826E+00,2.458107835850979E-01,-2.968240985175051E-03,-4.907868759852826E-03,2.033235269406757E-04
2454436.500000000,-8.175849248443711E+00,4.337052695566885E+00,2.498644581339892E-01,-2.908291832287237E-03,-4.940899386972115E-03,2.017736000295555E-04
2454456.500000000,-8.233390997100765E+00,4.237910087723709E+00,2.538826198716053E-01,-2.846461956105334E-03,-4.973594445163803E-03,2.002911384823203E-04
2454476.500000000,-8.289701533729160E+00,4.138138860721698E+00,2.578628538747231E-01,-2.784083919982907E-03,-5.003979911631751E-03,1.979853217811603E-04
2454496.500000000,-8.344778450322789E+00,4.037759179555869E+00,2.618029101629750E-01,-2.722935838542414E-03,-5.033446765171349E-03,1.957429872521362E-04
2454516.500000000,-8.398619677936866E+00,3.936784099490851E+00,2.657041951536170E-01,-2.661637675256786E-03,-5.063365836378579E-03,1.941431999882923E-04
2454536.500000000,-8.451216098732596E+00,3.835226197969829E+00,2.695678766216036E-01,-2.598556710534944E-03,-5.092718957888283E-03,1.925021059039669E-04
2454556.500000000,-8.502558263882166E+00,3.733104863251830E+00,2.733914508905050E-01,-2.535087810968032E-03,-5.119831155247347E-03,1.900822521694625E-04
2454576.500000000,-8.552645294038360E+00,3.630439788349908E+00,2.771728867078778E-01,-2.472997246946335E-03,-5.146071046204799E-03,1.877546300741925E-04
2454596.500000000,-8.601475980131022E+00,3.527243253707082E+00,2.809138119269218E-01,-2.410613946937484E-03,-5.172931391822757E-03,1.861251008001371E-04
2454616.500000000,-8.649041205711985E+00,3.423527721276762E+00,2.846151905120378E-01,-2.346387422806368E-03,-5.198994184418014E-03,1.843222259316259E-04
2454636.500000000,-8.695332549252241E+00,3.319313084451462E+00,2.882742797436238E-01,-2.282118708775882E-03,-5.222815427617327E-03,1.817718533740809E-04
2454656.500000000,-8.740349999491306E+00,3.214618608498598E+00,2.918893955895067E-01,-2.219087683659340E-03,-5.245969502797072E-03,1.794128733177507E-04
2454676.500000000,-8.784092477336822E+00,3.109456773940843E+00,2.954622433160021E-01,-2.155758509897513E-03,-5.269630366364396E-03,1.776998778329301E-04
2454696.500000000,-8.826551377115484E+00,3.003840625117286E+00,2.989936502949410E-01,-2.090550575964464E-03,-5.292392329390459E-03,1.757644874344491E-04
2454716.500000000,-8.867719611055241E+00,2.897790963778388E+00,3.024807225418938E-01,-2.025598958619575E-03,-5.312856438640805E-03,1.730912510717122E-04
2454736.500000000,-8.907598867828796E+00,2.791326863852770E+00,3.059221273381477E-01,-1.961889572683558E-03,-5.332849525507767E-03,1.707109932641818E-04
2454756.500000000,-8.946188801858776E+00,2.684460488795829E+00,3.093197680510769E-01,-1.897733926528988E-03,-5.353276153647893E-03,1.689186813087249E-04
2454776.500000000,-8.983481853177270E+00,2.577205038353743E+00,3.126742271316789E-01,-1.831936516317181E-03,-5.372705620656569E-03,1.668580784413399E-04
2454796.500000000,-9.019472326825294E+00,2.469580932008419E+00,3.159826149124108E-01,-1.766413957096786E-03,-5.389939678457246E-03,1.640996911926796E-04
2454816.500000000,-9.054162771291773E+00,2.361606477776776E+00,3.192438024244402E-01,-1.702246376804564E-03,-5.406771398475033E-03,1.616687506798508E-04
2454836.500000000,-9.087552889449682E+00,2.253293153766520E+00,3.224598580249328E-01,-1.637450588143819E-03,-5.424101133644809E-03,1.598346547360745E-04
2454856.500000000,-9.119635055072484E+00,2.144654517760723E+00,3.256310975723292E-01,-1.571056804271089E-03,-5.440237837025177E-03,1.576317814733366E-04
2454876.500000000,-9.150404488103394E+00,2.035711352556108E+00,3.287545238118639E-01,-1.505160747053854E-03,-5.454254068816640E-03,1.547988066719012E-04
2454896.500000000,-9.179864204461969E+00,1.926481875388020E+00,3.318293320535260E-01,-1.440495138423199E-03,-5.467911331795493E-03,1.523160157070589E-04
2454916.500000000,-9.208014199187994E+00,1.816978117912478E+00,3.348576226651270E-01,-1.375241887976091E-03,-5.482060100863402E-03,1.504472234257769E-04
2454936.500000000,-9.234847656924142E+00,1.707214572458861E+00,3.378395877330018E-01,-1.308339800953868E-03,-5.494816473589485E-03,1.481102818242522E-04
2454956.500000000,-9.260361794695838E+00,1.597212645174969E+00,3.407721386178962E-01,-1.242301209838923E-03,-5.505470613766199E-03,1.451859256065196E-04
2454976.500000000,-9.284561298005682E+00,1.486989946770411E+00,3.436548725258072E-01,-1.177453019212705E-03,-5.515987618489474E-03,1.427161541428531E-04
2454996.500000000,-9.307446908869029E+00,1.376558032002833E+00,3.464899721116410E-01,-1.111873097479545E-03,-5.526884934494894E-03,1.407716183829864E-04
2455016.500000000,-9.329012992092389E+00,1.265931399954752E+00,3.492773750940618E-01,-1.044891330402667E-03,-5.536331735137995E-03,1.383342189918921E-04
2455036.500000000,-9.349258331110422E+00,1.155130693068785E+00,3.520140569664352E-01,-9.788567685212468E-04,-5.543757903944070E-03,1.353307768590800E-04
2455056.500000000,-9.368188278680964E+00,1.044172281097485E+00,3.546998368708605E-01,-9.140335644638181E-04,-5.551257238471187E-03,1.328749829132244E-04
2455076.500000000,-9.385803273467882E+00,9.330669485362545E-01,3.573369781889610E-01,-8.482439754438862E-04,-5.559051393174190E-03,1.308658281122590E-04
2455096.500000000,-9.402097699060967E+00,8.218296017039910E-01,3.599250654125581E-01,-7.812607305737718E-04,-5.565226674385698E-03,1.282944036860988E-04
2455116.500000000,-9.417071421841586E+00,7.104809349775251E-01,3.624611703511549E-01,-7.153416746865862E-04,-5.569594736136613E-03,1.252805398774158E-04
2455136.500000000,-9.430730020311159E+00,5.990368777039046E-01,3.649453818905454E-01,-6.504905904633878E-04,-5.573980142262340E-03,1.227756011691838E-04
2455156.500000000,-9.443074140085788E+00,4.875085886849492E-01,3.673799603888190E-01,-5.847022244603910E-04,-5.578682242223950E-03,1.207399729286647E-04
2455176.500000000,-9.454098885035306E+00,3.759116814891429E-01,3.697643157824592E-01,-5.177799497032165E-04,-5.581562381227491E-03,1.180473107479692E-04
2455196.500000000,-9.463805973455409E+00,2.642671187730735E-01,3.720955837191243E-01,-4.521629912284395E-04,-5.582776752093334E-03,1.150054302829223E-04
2455216.500000000,-9.472202187132034E+00,1.525898972320755E-01,3.743742397354687E-01,-3.875135345204721E-04,-5.584125154690135E-03,1.125064768567289E-04
2455236.500000000,-9.479288484893702E+00,4.089076556188749E-02,3.766024821313687E-01,-3.219050605769524E-04,-5.585678706067335E-03,1.104031331217294E-04
2455256.500000000,-9.485060916188347E+00,-7.081470416005424E-02,3.787795218904800E-01,-2.552792131839406E-04,-5.585442274309646E-03,1.076536047859072E-04
2455276.500000000,-9.489522246530884E+00,-1.825060879791784E-01,3.809025630895159E-01,-1.900821070820415E-04,-5.583512042225019E-03,1.045397492487791E-04
2455296.500000000,-9.492679896518743E+00,-2.941692891895035E-01,3.829723481862677E-01,-1.258281562762551E-04,-5.581974223704568E-03,1.020843850986722E-04
2455316.500000000,-9.494534398781532E+00,-4.057940239127839E-01,3.849910411084018E-01,-6.041138535720165E-05,-5.580485314343921E-03,9.991953402263566E-05
2455336.500000000,-9.495082215980824E+00,-5.173639987178201E-01,3.869575094344281E-01,5.777384354017144E-06,-5.577068952694261E-03,9.706306424854866E-05
2455356.500000000,-9.494327324618158E+00,-6.288588307398634E-01,3.888691566440491E-01,7.046449837136729E-05,-5.572151024959900E-03,9.395282435029436E-05
2455376.500000000,-9.492277714823041E+00,-7.402645883712810E-01,3.907269660774605E-01,1.342439851222436E-04,-5.567602950689301E-03,9.148924041371830E-05
2455396.500000000,-9.488934604281232E+00,-8.515710144603913E-01,3.925331051933886E-01,1.992958716071827E-04,-5.563108726719976E-03,8.929991430353294E-05
2455416.500000000,-9.484295512411020E+00,-9.627613821674503E-01,3.942861830677997E-01,2.648467250247452E-04,-5.556471468099361E-03,8.632555377566493E-05
2455436.500000000,-9.478366406780925E+00,-1.073815898344503E+00,3.959838193785123E-01,3.287603976370062E-04,-5.548630491006500E-03,8.324673046752151E-05
2455456.500000000,-9.471155963401817E+00,-1.184721920521640E+00,3.976273240440161E-01,3.919502320625055E-04,-5.541207922084367E-03,8.079880028378429E-05
2455476.500000000,-9.462665754971640E+00,-1.295469853765060E+00,3.992187120120526E-01,4.563382326315742E-04,-5.533718460574768E-03,7.853969967332511E-05
2455496.500000000,-9.452893921509380E+00,-1.406043569206881E+00,4.007564157132887E-01,5.211460344680586E-04,-5.524172202730051E-03,7.552607764988352E-05
2455516.500000000,-9.441846974331218E+00,-1.516424095171778E+00,4.022381684195538E-01,5.842082112442662E-04,-5.513476550335645E-03,7.243156800299868E-05
2455536.500000000,-9.429533423849328E+00,-1.626599739341601E+00,4.036655393877139E-01,6.467424410063672E-04,-5.503349464943246E-03,7.002113369134830E-05
2455556.500000000,-9.415954219988331E+00,-1.736560774239627E+00,4.050403890745089E-01,7.104926494987084E-04,-5.492952156123122E-03,6.769157289187439E-05
2455576.500000000,-9.401108041479532E+00,-1.846290481108267E+00,4.063609078257409E-01,7.744714279350397E-04,-5.480499410487357E-03,6.463333888801212E-05
2455596.500000000,-9.385002181476226E+00,-1.955769892589537E+00,4.076250946040333E-01,8.367480523792824E-04,-5.466983131727517E-03,6.154369226372634E-05
2455616.500000000,-9.367645639178280E+00,-2.064987223209851E+00,4.088346822925494E-01,8.984206796824804E-04,-5.454029311495901E-03,5.914825873645560E-05
2455636.500000000,-9.349040023810867E+00,-2.173932492880546E+00,4.099915319672524E-01,9.614690420407153E-04,-5.440762687888548E-03,5.679578707633344E-05
2455656.500000000,-9.329185540773880E+00,-2.282588618858534E+00,4.110935875144501E-01,1.024405846104347E-03,-5.425313069870899E-03,5.366311073962151E-05
2455676.500000000,-9.308091203997787E+00,-2.390937603006398E+00,4.121391511402533E-01,1.085598484352032E-03,-5.409054359895017E-03,5.061647458002460E-05
2455696.500000000,-9.285766475135393E+00,-2.498968829955785E+00,4.131301649132468E-01,1.146318418868003E-03,-5.393398349307920E-03,4.824718718408769E-05
2455716.500000000,-9.262213248588292E+00,-2.606672832337125E+00,4.140682993177792E-01,1.208367860012385E-03,-5.377342005550687E-03,4.585704264511301E-05
2455736.500000000,-9.237432554539533E+00,-2.714033012309530E+00,4.149513606174793E-01,1.270212414715225E-03,-5.359101073565437E-03,4.267015011577637E-05
2455756.500000000,-9.211434010984229E+00,-2.821032404989390E+00,4.157777962586893E-01,1.330149680219817E-03,-5.340239012760328E-03,3.966617678123755E-05
2455776.500000000,-9.184226713886813E+00,-2.927661323079917E+00,4.165497961670565E-01,1.389942965985895E-03,-5.322046740980079E-03,3.733642999154999E-05
2455796.500000000,-9.155812131491700E+00,-3.033909960487528E+00,4.172687465706371E-01,1.450967196382545E-03,-5.303211196086406E-03,3.486940853669989E-05
2455816.500000000,-9.126192303773053E+00,-3.139761258589445E+00,4.179323517402920E-01,1.511557553326429E-03,-5.282282064872231E-03,3.167562689810519E-05
2455836.500000000,-9.095377745375989E+00,-3.245198833736614E+00,4.185393679796385E-01,1.570337027074921E-03,-5.260830066156760E-03,2.870173892422577E-05
2455856.500000000,-9.063377920082706E+00,-3.350213324225437E+00,4.190921115454764E-01,1.628954523538815E-03,-5.240079689472202E-03,2.641359589249427E-05
2455876.500000000,-9.030194724967449E+00,-3.454795000363900E+00,4.195918655964912E-01,1.688875364212923E-03,-5.218523714650936E-03,2.388527190586852E-05
2455896.500000000,-8.995831606870716E+00,-3.558926820656579E+00,4.200361723326735E-01,1.748016932433581E-03,-5.194967043101530E-03,2.069457852614321E-05
2455916.500000000,-8.960300191702791E+00,-3.662593833579552E+00,4.204241803628128E-01,1.805484854302594E-03,-5.171069656971942E-03,1.777554262908718E-05
2455936.500000000,-8.923609682982139E+00,-3.765787774271580E+00,4.207582487094914E-01,1.862854322273502E-03,-5.147835437411997E-03,1.549737469696145E-05
2455956.500000000,-8.885761888059521E+00,-3.868499206722358E+00,4.210394571595478E-01,1.921479891174169E-03,-5.123787901504888E-03,1.296332951696502E-05
2455976.500000000,-8.846760605288026E+00,-3.970711282460343E+00,4.212652435173533E-01,1.979277060817028E-03,-5.097679636662148E-03,9.734114186788418E-06
2455996.500000000,-8.806617935007598E+00,-4.072409581076450E+00,4.214349843174575E-01,2.035292020252080E-03,-5.071440849234402E-03,6.890703326360897E-06
2456016.500000000,-8.765342607589940E+00,-4.173586354852200E+00,4.215511856058020E-01,2.091471350992946E-03,-5.045808355611041E-03,4.633597257833340E-06
2456036.500000000,-8.722936409984722E+00,-4.274231365495003E+00,4.216146151549117E-01,2.148774713731116E-03,-5.019205953150136E-03,2.060010194995856E-06
2456056.500000000,-8.679404440075926E+00,-4.374327372006948E+00,4.216227180551811E-01,2.205084000706897E-03,-4.990601910546522E-03,-1.161196651949537E-06
2456076.500000000,-8.634759895415630E+00,-4.473860327575466E+00,4.215751666217451E-01,2.259587013307449E-03,-4.961932576086671E-03,-3.964160488974908E-06
2456096.500000000,-8.589012348304136E+00,-4.572823124455151E+00,4.214746140013875E-01,2.314344385706663E-03,-4.934003917457650E-03,-6.140543332812035E-06
2456116.500000000,-8.542164078396363E+00,-4.671205778356909E+00,4.213215966652905E-01,2.370191518949344E-03,-4.904823703573360E-03,-8.797787899524618E-06
2456136.500000000,-8.494221837430608E+00,-4.768991604262607E+00,4.211135069580688E-01,2.424725670955588E-03,-4.873880903239636E-03,-1.197470840313964E-05
2456156.500000000,-8.445199421462135E+00,-4.866168269912148E+00,4.208503981766074E-01,2.477627080103450E-03,-4.843022057499520E-03,-1.470121671413195E-05
2456176.500000000,-8.395106172116735E+00,-4.962729742770606E+00,4.205349047606352E-01,2.530866186491402E-03,-4.812861727109126E-03,-1.686070489990930E-05
2456196.500000000,-8.343944151433611E+00,-5.058666607605733E+00,4.201673117839872E-01,2.585134768393094E-03,-4.781414072327053E-03,-1.953201748614159E-05
2456216.500000000,-8.291720360124277E+00,-5.153962522249876E+00,4.197449512366067E-01,2.637946651201800E-03,-4.748218260182569E-03,-2.271146538276311E-05
2456236.500000000,-8.238448617653670E+00,-5.248605961281593E+00,4.192681875473624E-01,2.689253151260754E-03,-4.715352967493144E-03,-2.532539614433319E-05
2456256.500000000,-8.184137530826574E+00,-5.342590962940680E+00,4.187396730858003E-01,2.741024665221486E-03,-4.682966238752811E-03,-2.749652966023761E-05
2456276.500000000,-8.128789486740766E+00,-5.435907486198858E+00,4.181594059152272E-01,2.793644530042449E-03,-4.649260746391358E-03,-3.017715291888228E-05
2456296.500000000,-8.072412493612978E+00,-5.528539131002854E+00,4.175248361181075E-01,2.844756103918950E-03,-4.613897678673080E-03,-3.331147414396173E-05
2456316.500000000,-8.015021098060423E+00,-5.620474809302866E+00,4.168365831696977E-01,2.894330538230287E-03,-4.578881746597829E-03,-3.587623081264917E-05
2456336.500000000,-7.956624334837418E+00,-5.711709023637789E+00,4.160974041639608E-01,2.944500101592935E-03,-4.544428692566597E-03,-3.797757418474672E-05
2456356.500000000,-7.897225256452203E+00,-5.802231776960568E+00,4.153070123918413E-01,2.995341250322852E-03,-4.508445200010889E-03,-4.070698641322589E-05
2456376.500000000,-7.836833199310108E+00,-5.892027542673923E+00,4.144629443805554E-01,3.044570259647152E-03,-4.471055831838989E-03,-4.377161133163200E-05
2456396.500000000,-7.775462836288709E+00,-5.981086571966348E+00,4.135660920081558E-01,3.092341539036749E-03,-4.434064294712795E-03,-4.626919671875530E-05
2456416.500000000,-7.713122869514611E+00,-6.069404035721147E+00,4.126191420373673E-01,3.140789697264870E-03,-4.397635574954752E-03,-4.832839761134276E-05
2456436.500000000,-7.649816374073003E+00,-6.156970013578075E+00,4.116215806714324E-01,3.189888828950926E-03,-4.359587473443683E-03,-5.107187468014301E-05
2456456.500000000,-7.585553286365016E+00,-6.243769330931601E+00,4.105709249517288E-01,3.237126310487084E-03,-4.320180477071914E-03,-5.411096248482460E-05
2456476.500000000,-7.520348324102322E+00,-6.329793007569915E+00,4.094684180982820E-01,3.283140379258703E-03,-4.281402754377532E-03,-5.648607409723647E-05
2456496.500000000,-7.454209762211578E+00,-6.415036097867776E+00,4.083166409837138E-01,3.329870194510610E-03,-4.242954323408408E-03,-5.854713901291067E-05
2456516.500000000,-7.387141521870802E+00,-6.499488131087610E+00,4.071148611675126E-01,3.377055220666897E-03,-4.202854606481135E-03,-6.129453677028989E-05
2456536.500000000,-7.319154946558086E+00,-6.583134479471404E+00,4.058607847411911E-01,3.422290948062940E-03,-4.161544584244857E-03,-6.426840868590303E-05
2456556.500000000,-7.250265345996207E+00,-6.665967208885384E+00,4.045558996338334E-01,3.466332655259548E-03,-4.120971253490278E-03,-6.654519760628509E-05
2456576.500000000,-7.180481060755584E+00,-6.747982222877189E+00,4.032027980965278E-01,3.511289845406526E-03,-4.080664537809572E-03,-6.858436193313086E-05
2456596.500000000,-7.109806543089063E+00,-6.829169277783544E+00,4.018004119111508E-01,3.556342868037478E-03,-4.038623287571100E-03,-7.134167916695173E-05
2456616.500000000,-7.038254070183992E+00,-6.909515094782916E+00,4.003467139352835E-01,3.599542904423946E-03,-3.995662077427903E-03,-7.421462016760210E-05
2456636.500000000,-6.965838335416820E+00,-6.989013127872711E+00,3.988433390426080E-01,3.641647491411957E-03,-3.953425523202041E-03,-7.642388447238518E-05
2456656.500000000,-6.892566890962860E+00,-7.067659664656575E+00,3.972927524096851E-01,3.684714140185671E-03,-3.911417573022481E-03,-7.842874671185949E-05
2456676.500000000,-6.818443926413321E+00,-7.145444219176579E+00,3.956936556078711E-01,3.727838751931226E-03,-3.867595851018083E-03,-8.118764043579555E-05
2456696.500000000,-6.743482229963011E+00,-7.222353493378170E+00,3.940441456830616E-01,3.768933712962942E-03,-3.822976541720564E-03,-8.397668587495897E-05
2456716.500000000,-6.667696375326209E+00,-7.298381455460740E+00,3.923461575243415E-01,3.809195392118128E-03,-3.779124193091048E-03,-8.610401903869162E-05
2456736.500000000,-6.591093747987768E+00,-7.373523825699529E+00,3.906019558339341E-01,3.850317268444501E-03,-3.735360673485788E-03,-8.808336170935972E-05
2456756.500000000,-6.513679660160448E+00,-7.447769654543065E+00,3.888101204462932E-01,3.891394631741124E-03,-3.689766045296096E-03,-9.082003385275601E-05
2456776.500000000,-6.435468270049957E+00,-7.521106108211653E+00,3.869689563416766E-01,3.930326542071901E-03,-3.643456160858576E-03,-9.354610103101876E-05
2456796.500000000,-6.356475019866451E+00,-7.593528281896236E+00,3.850806476715014E-01,3.968444736007716E-03,-3.598103561611464E-03,-9.554240749169263E-05
2456816.500000000,-6.276707234421239E+00,-7.665032809073761E+00,3.831473498009233E-01,4.007623328846830E-03,-3.552679770955465E-03,-9.752029344820228E-05
2456836.500000000,-6.196171017414999E+00,-7.735609075569879E+00,3.811673476463216E-01,4.046390063200222E-03,-3.505461017220272E-03,-1.002284762952630E-04
2456856.500000000,-6.114881076608594E+00,-7.805245752644783E+00,3.791392524246973E-01,4.083122436626178E-03,-3.457718302587913E-03,-1.028610462310440E-04
2456876.500000000,-6.032852372278728E+00,-7.873939031581036E+00,3.770653568822740E-01,4.119132068961990E-03,-3.411002062228475E-03,-1.047581815249018E-04
2456896.500000000,-5.950091523111570E+00,-7.941686062813961E+00,3.749476460698536E-01,4.156296298264644E-03,-3.364109730493371E-03,-1.067113658389366E-04
2456916.500000000,-5.866604593116072E+00,-8.008475975461030E+00,3.727841606603552E-01,4.192867913379022E-03,-3.315331164015466E-03,-1.094269335186986E-04
2456936.500000000,-5.782406842149916E+00,-8.074297867489697E+00,3.705737748284301E-01,4.227347747053504E-03,-3.266312500540991E-03,-1.119132109809609E-04
2456956.500000000,-5.697512852024181E+00,-8.139148365468131E+00,3.683190070403578E-01,4.261372468513732E-03,-3.218200001536108E-03,-1.137516295911010E-04
2456976.500000000,-5.611929455665236E+00,-8.203024326528373E+00,3.660215995339585E-01,4.296386313196506E-03,-3.169840876706658E-03,-1.156777964730708E-04
2456996.500000000,-5.525663634174862E+00,-8.265914966702212E+00,3.636795319153132E-01,4.330695484463863E-03,-3.119632511916503E-03,-1.183448935321651E-04
2457016.500000000,-5.438731529188439E+00,-8.327810246206333E+00,3.612919247166905E-01,4.362895943108792E-03,-3.069304396568886E-03,-1.207380460330355E-04
2457036.500000000,-5.351147802981205E+00,-8.388707898188949E+00,3.588614922032879E-01,4.394751818102469E-03,-3.019992983885661E-03,-1.224561766884546E-04
2457056.500000000,-5.262919042908226E+00,-8.448605233349200E+00,3.563897508436257E-01,4.427603577283271E-03,-2.970226001687719E-03,-1.243960789705384E-04
2457076.500000000,-5.174052830358648E+00,-8.507491961229308E+00,3.538745183292898E-01,4.459561843609004E-03,-2.918809670880651E-03,-1.269737730159125E-04
2457096.500000000,-5.084565206207992E+00,-8.565359144915181E+00,3.513151941656398E-01,4.489526568935379E-03,-2.867291143797509E-03,-1.292904961099983E-04
2457116.500000000,-4.994470221207397E+00,-8.622205026513370E+00,3.487145288447354E-01,4.519204672510789E-03,-2.816861090844160E-03,-1.309062227070630E-04
2457136.500000000,-4.903773979812791E+00,-8.678026711047078E+00,3.460738669133280E-01,4.549951450718818E-03,-2.765856973761447E-03,-1.328115596817037E-04
2457156.500000000,-4.812484636091734E+00,-8.732813545436873E+00,3.433908381733309E-01,4.579580584538325E-03,-2.713123907075077E-03,-1.353760680091405E-04
2457176.500000000,-4.720618911898550E+00,-8.786557080034305E+00,3.406651819647248E-01,4.607242599061607E-03,-2.660564034275421E-03,-1.375391753149270E-04
2457196.500000000,-4.628190766644632E+00,-8.839255856416562E+00,3.378997516862831E-01,4.634747580389442E-03,-2.608951634318576E-03,-1.390918011733012E-04
2457216.500000000,-4.535206922316515E+00,-8.890906790487339E+00,3.350956793023422E-01,4.663237703509631E-03,-2.556730989451030E-03,-1.409563276397470E-04
2457236.500000000,-4.441676878127927E+00,-8.941499726763851E+00,3.322505781348051E-01,4.690412354921127E-03,-2.502809330943204E-03,-1.434744236769157E-04
2457256.500000000,-4.347618127136195E+00,-8.991027687541651E+00,3.293644488199415E-01,4.715612840838832E-03,-2.449276126984833E-03,-1.455061589912885E-04
2457276.500000000,-4.253044341171390E+00,-9.039490623257427E+00,3.264402879618383E-01,4.740916179035502E-03,-2.396758949588214E-03,-1.469464473305306E-04
2457296.500000000,-4.157961808597945E+00,-9.086885873537167E+00,3.234788672824798E-01,4.767032721879378E-03,-2.343382928615693E-03,-1.488349028378407E-04
2457316.500000000,-4.062380605690354E+00,-9.133204036328575E+00,3.204778164834053E-01,4.791751994676297E-03,-2.288600538809230E-03,-1.512378313832019E-04
2457336.500000000,-3.966317657898428E+00,-9.178439432910746E+00,3.174373674384364E-01,4.814614967616616E-03,-2.234228214161453E-03,-1.531676272859901E-04
2457356.500000000,-3.869785637512669E+00,-9.222592401229132E+00,3.143605179276783E-01,4.837724726715690E-03,-2.180872883895549E-03,-1.545197221437830E-04
2457376.500000000,-3.772790192401058E+00,-9.265659813186646E+00,3.112477880963369E-01,4.861606549479740E-03,-2.126501730766216E-03,-1.563916271357067E-04
2457396.500000000,-3.675342046186578E+00,-9.307631774813661E+00,3.080967690045109E-01,4.883863977542767E-03,-2.070785836427880E-03,-1.587163407225651E-04
2457416.500000000,-3.577458589069076E+00,-9.348503226585592E+00,3.049080860901542E-01,4.904480401758759E-03,-2.015643459710800E-03,-1.605073846206478E-04
2457436.500000000,-3.479152280179117E+00,-9.388274519803840E+00,3.016846797184903E-01,4.925282409274419E-03,-1.961357528125442E-03,-1.618018061157180E-04
2457456.500000000,-3.380429457508721E+00,-9.426942374339504E+00,2.984269038984277E-01,4.946834896613588E-03,-1.906070848545607E-03,-1.636169437614606E-04
2457476.500000000,-3.281301960825932E+00,-9.464497342507297E+00,2.951323741850276E-01,4.966596881719097E-03,-1.849470938223516E-03,-1.658716784996480E-04
2457496.500000000,-3.181787904984110E+00,-9.500935683761472E+00,2.918020049360806E-01,4.984717938039044E-03,-1.793632279132096E-03,-1.675252090106801E-04
2457516.500000000,-3.081899250193215E+00,-9.536258997682030E+00,2.884387566818643E-01,5.003275289330802E-03,-1.738649755289666E-03,-1.687303710861733E-04
2457536.500000000,-2.981642145601540E+00,-9.570464127322049E+00,2.850426035413941E-01,5.022349720641840E-03,-1.682529493788334E-03,-1.705248348313422E-04
2457556.500000000,-2.881028872137386E+00,-9.603542415624545E+00,2.816112783033352E-01,5.039670961200450E-03,-1.625267691976289E-03,-1.726853001195256E-04
2457576.500000000,-2.780077179514640E+00,-9.635490912208311E+00,2.781458824329469E-01,5.055329764363199E-03,-1.568845394007334E-03,-1.742115590447102E-04
2457596.500000000,-2.678798396973087E+00,-9.666311688257851E+00,2.746493811243200E-01,5.071656239264463E-03,-1.513265540431318E-03,-1.753245934926168E-04
2457616.500000000,-2.577198408220503E+00,-9.696001059477835E+00,2.711214311677786E-01,5.088369877864284E-03,-1.456340837543220E-03,-1.771197411422565E-04
2457636.500000000,-2.475290546943042E+00,-9.724550385194831E+00,2.675598590353201E-01,5.103083220070155E-03,-1.398472533154860E-03,-1.791587301783980E-04
2457656.500000000,-2.373092812701899E+00,-9.751957605843870E+00,2.639661487234567E-01,5.116420287815985E-03,-1.341531137049727E-03,-1.805524358548618E-04
2457676.500000000,-2.270616622577448E+00,-9.778225134849084E+00,2.603431454772768E-01,5.130339669149643E-03,-1.285344199697781E-03,-1.815947075308100E-04
2457696.500000000,-2.167868304379778E+00,-9.803349726472996E+00,2.566903214909579E-01,5.144589031810977E-03,-1.227771253964134E-03,-1.833548739238548E-04
2457716.500000000,-2.064861942939238E+00,-9.827323650451461E+00,2.530055898835789E-01,5.156699063257166E-03,-1.169430345129729E-03,-1.852788342144058E-04
2457736.500000000,-1.961615355753694E+00,-9.850146353053445E+00,2.492907237542871E-01,5.167599238236536E-03,-1.112162720246411E-03,-1.865204504438788E-04
2457756.500000000,-1.858138997105148E+00,-9.871820951891447E+00,2.455484554253971E-01,5.179230352991941E-03,-1.055486257588465E-03,-1.875279424939426E-04
2457776.500000000,-1.754438981237110E+00,-9.892344263995648E+00,2.417779206882388E-01,5.190935655014943E-03,-9.974772854189514E-04,-1.892120274023706E-04
2457796.500000000,-1.650529268182512E+00,-9.911709119176965E+00,2.379772337930136E-01,5.200654316805320E-03,-9.387620290210730E-04,-1.910421467889521E-04
2457816.500000000,-1.546427118372337E+00,-9.929915214387423E+00,2.341482969117914E-01,5.209149661085330E-03,-8.811821915633407E-04,-1.921514047050954E-04
2457836.500000000,-1.442142425481530E+00,-9.946965403670649E+00,2.302938090535759E-01,5.218519471530507E-03,-8.240933250496806E-04,-1.930847696119432E-04
2457856.500000000,-1.337681783981870E+00,-9.962855774921957E+00,2.264126214652221E-01,5.227785127161717E-03,-7.655490878264585E-04,-1.947418175930909E-04
2457876.500000000,-1.233060334355700E+00,-9.977579431451581E+00,2.225030682087273E-01,5.234943034753710E-03,-7.065142942327808E-04,-1.964256195140590E-04
2457896.500000000,-1.128295625595489E+00,-9.991136854746443E+00,2.185673137773483E-01,5.241035626991011E-03,-6.485853780793605E-04,-1.974333388538177E-04
2457916.500000000,-1.023397875124902E+00,-1.000353126484110E+01,2.146079223837934E-01,5.247965138584824E-03,-5.911852596129358E-04,-1.982617835284250E-04
2457936.500000000,-9.183744223451961E-01,-1.001475928935143E+01,2.106235823978013E-01,5.254697172173882E-03,-5.322220363695224E-04,-1.998937228970388E-04
2457956.500000000,-8.132411521632535E-01,-1.002481539526068E+01,2.066127514739708E-01,5.259184062526859E-03,-4.729999052900198E-04,-2.014477247308884E-04
2457976.500000000,-7.080151373344332E-01,-1.003370166906176E+01,2.025778528465086E-01,5.262835689638065E-03,-4.150449895268870E-04,-2.022891778117628E-04
2457996.500000000,-6.027055191757636E-01,-1.004142188239107E+01,1.985212078623317E-01,5.267413524436795E-03,-3.573763740029424E-04,-2.031029673549914E-04
2458016.500000000,-4.973196868779615E-01,-1.004797269694277E+01,1.944412814913462E-01,5.271570184648757E-03,-2.982678973669102E-04,-2.046435664510881E-04
2458036.500000000,-3.918733796779338E-01,-1.005334942129703E+01,1.903367505862848E-01,5.273552238183249E-03,-2.389524116631187E-04,-2.060939003386250E-04
2458056.500000000,-2.863829771643050E-01,-1.005755454622257E+01,1.862101803018152E-01,5.274840371595260E-03,-1.810226318364567E-04,-2.067799180094081E-04
2458076.500000000,-1.808569291805134E-01,-1.006059156136150E+01,1.820637500563148E-01,5.277120268914392E-03,-1.231512822172403E-04,-2.075594312537845E-04
2458096.500000000,-7.530326674309773E-02,-1.006245647677485E+01,1.778957039369317E-01,5.278694858088984E-03,-6.383024900590677E-05,-2.090426084402940E-04
2458116.500000000,3.026126339647515E-02,-1.006314537246168E+01,1.737050887029585E-01,5.278181462732501E-03,-4.574734407347776E-06,-2.103154073877834E-04
2458136.500000000,1.358205436656211E-01,-1.006266154759243E+01,1.694945734678428E-01,5.277051845324331E-03,5.343448113463104E-05,-2.109197478971810E-04
2458156.500000000,2.413660605967814E-01,-1.006100880762268E+01,1.652661822666981E-01,5.276912078599197E-03,1.113294717048346E-04,-2.116056586492961E-04
2458176.500000000,3.468893897954182E-01,-1.005818352758239E+01,1.610179978630347E-01,5.275917275997281E-03,1.707362407494721E-04,-2.130316447705478E-04
2458196.500000000,4.523732799726434E-01,-1.005418289754119E+01,1.567493052471963E-01,5.272837048400912E-03,2.298605945448681E-04,-2.141584050415644E-04
2458216.500000000,5.578024019050796E-01,-1.004901145986395E+01,1.524629106111874E-01,5.269346483908670E-03,2.876980314568421E-04,-2.146304945457229E-04
2458236.500000000,6.631691178092424E-01,-1.004267296350155E+01,1.481605179375172E-01,5.266785036226124E-03,3.456041795843269E-04,-2.152812689774893E-04
2458256.500000000,7.684647595030154E-01,-1.003516372893607E+01,1.438401215388207E-01,5.263332062129546E-03,4.049005301103902E-04,-2.166051059779722E-04
2458276.500000000,8.736720368835933E-01,-1.002648127897380E+01,1.395012056992809E-01,5.257705694789727E-03,4.639240370687725E-04,-2.176257533320482E-04
2458296.500000000,9.787757325455060E-01,-1.001663060828046E+01,1.351467438993718E-01,5.251866119142598E-03,5.215142375128385E-04,-2.179409717614026E-04
2458316.500000000,1.083768526390366E+00,-1.000561519890161E+01,1.307782024576452E-01,5.246950907926032E-03,5.794112178878032E-04,-2.185593050159911E-04
2458336.500000000,1.188640591163570E+00,-9.993431210549581E+00,1.263934551626114E-01,5.240847650249822E-03,6.386393555429691E-04,-2.198050800765055E-04
2458356.500000000,1.293373854035141E+00,-9.980077383781218E+00,1.219923804825441E-01,5.232709439378410E-03,6.973598288136521E-04,-2.206566425897500E-04
2458376.500000000,1.397953170403002E+00,-9.965559739456742E+00,1.175779918439546E-01,5.224379396137613E-03,7.546882811768852E-04,-2.208585533531806E-04
2458396.500000000,1.502371419563640E+00,-9.949882623523333E+00,1.131515608608862E-01,5.217067489997299E-03,8.123661837018116E-04,-2.214218611062233E-04
2458416.500000000,1.606618568965972E+00,-9.933042815166791E+00,1.087108023451569E-01,5.208291577904629E-03,8.713333984426422E-04,-2.225869563030971E-04
2458436.500000000,1.710676722821339E+00,-9.915040513900596E+00,1.042559123673311E-01,5.197648378885808E-03,9.295411235815579E-04,-2.232618756842577E-04
2458456.500000000,1.814532058542645E+00,-9.895882534661901E+00,9.978994340229623E-02,5.187048459695598E-03,9.864495331858409E-04,-2.233673074835498E-04
2458476.500000000,1.918178263892831E+00,-9.875573014448685E+00,9.531380336265080E-02,5.177274129430525E-03,1.043835886228899E-03,-2.238859279124238E-04
2458496.500000000,2.021605352680372E+00,-9.854108651389659E+00,9.082523480037019E-02,5.166091235537567E-03,1.102393841051332E-03,-2.249423825835107E-04
2458516.500000000,2.124795598879793E+00,-9.831489749766170E+00,8.632463685401005E-02,5.152988018076427E-03,1.160151421873981E-03,-2.254742511601674E-04
2458536.500000000,2.227735526511680E+00,-9.807723121107184E+00,8.181518910808747E-02,5.140139743377813E-03,1.216640645238226E-03,-2.254670412324330E-04
2458556.500000000,2.330418577958448E+00,-9.782812318547929E+00,7.729751028134584E-02,5.127951853281760E-03,1.273759733172943E-03,-2.259433872088515E-04
2458576.500000000,2.432833529113107E+00,-9.756754258388487E+00,7.276937334013356E-02,5.114191313466473E-03,1.331893957669853E-03,-2.268713358932916E-04
2458596.500000000,2.534962197065395E+00,-9.729550397196290E+00,6.823150804522760E-02,5.098668437151615E-03,1.389158442384354E-03,-2.272755868365362E-04
2458616.500000000,2.636791192369702E+00,-9.701208360924229E+00,6.368705099619582E-02,5.083346713025839E-03,1.445104487134593E-03,-2.271326285945365E-04
2458636.500000000,2.738313996233424E+00,-9.671732311331205E+00,5.913643399191224E-02,5.068785974887951E-03,1.501785984539452E-03,-2.275657567955288E-04
2458656.500000000,2.839518980150119E+00,-9.641119988342341E+00,5.457732566690960E-02,5.052403195452647E-03,1.559363411422807E-03,-2.283889910838336E-04
2458676.500000000,2.940388384058112E+00,-9.609374247844917E+00,5.001077347952704E-02,5.034431230395575E-03,1.615886972651529E-03,-2.286239591698173E-04
2458696.500000000,3.040910058835592E+00,-9.576503243552837E+00,4.543983994362824E-02,5.016856082889076E-03,1.671198702749628E-03,-2.283945027414742E-04
2458716.500000000,3.141077881132654E+00,-9.542510740005573E+00,4.086465150174710E-02,4.999863749473129E-03,1.727315713301959E-03,-2.287592805060111E-04
2458736.500000000,3.240879892745333E+00,-9.507394712871028E+00,3.628296384403448E-02,4.981036032454741E-03,1.784292511032059E-03,-2.294993189097796E-04
2458756.500000000,3.340298396865266E+00,-9.471158518139143E+00,3.169605315341472E-02,4.960613441534931E-03,1.840008447926950E-03,-2.295434386840506E-04
2458776.500000000,3.439321736122692E+00,-9.433810613450261E+00,2.710703730223971E-02,4.940838343545449E-03,1.894665529064395E-03,-2.292318638172537E-04
2458796.500000000,3.537943491253841E+00,-9.395354397667838E+00,2.251570872748995E-02,4.921378092353378E-03,1.950240108690108E-03,-2.295588243267499E-04
2458816.500000000,3.636150575183018E+00,-9.355788663614131E+00,1.792002106987065E-02,4.899996437073538E-03,2.006400829310038E-03,-2.301334492995376E-04
2458836.500000000,3.733925585162236E+00,-9.315118254208002E+00,1.332148851463860E-02,4.877223860975785E-03,2.061299574417327E-03,-2.300553208039260E-04
2458856.500000000,3.831257511692780E+00,-9.273352376486272E+00,8.723134451774779E-03,4.855123418542512E-03,2.115093098117321E-03,-2.296202539168810E-04
2458876.500000000,3.928140470382704E+00,-9.230494718727085E+00,4.124486457439834E-03,4.833286687260008E-03,2.169969313262595E-03,-2.299177255482620E-04
2458896.500000000,4.024561166864896E+00,-9.186544602873399E+00,-4.764330159181627E-04,4.809429735019996E-03,2.225182545989564E-03,-2.303358158471134E-04
2458916.500000000,4.120503034818586E+00,-9.141507934250651E+00,-5.077845826385700E-03,4.784409639104837E-03,2.279104813462604E-03,-2.301136400526749E-04
2458936.500000000,4.215956251645750E+00,-9.095393738999860E+00,-9.676925660218820E-03,4.760098263085395E-03,2.332078750189233E-03,-2.296156442751179E-04
2458956.500000000,4.310914932842845E+00,-9.048205086490954E+00,-1.427435665594560E-02,4.735946148804785E-03,2.386091303855694E-03,-2.298101869875983E-04
2458976.500000000,4.405365305579267E+00,-8.999941247787142E+00,-1.887198164554200E-02,4.709714187670439E-03,2.440493726651272E-03,-2.301429819150687E-04
2458996.500000000,4.499290350008347E+00,-8.950608678374454E+00,-2.346775924373468E-02,4.682369700294377E-03,2.493375780314876E-03,-2.297335970327348E-04
2459016.500000000,4.592680544295230E+00,-8.900216786816795E+00,-2.805893898854683E-02,4.655851991017789E-03,2.545489694506310E-03,-2.291650461328607E-04
2459036.500000000,4.685529262703843E+00,-8.848768639926297E+00,-3.264647997143726E-02,4.629270540012297E-03,2.598653245609529E-03,-2.292953444858062E-04
2459056.500000000,4.777821880641699E+00,-8.796264789569257E+00,-3.723197144429211E-02,4.600592247699277E-03,2.651986409145355E-03,-2.294742068439146E-04
2459076.500000000,4.869541639919568E+00,-8.742713157050211E+00,-4.181320487560888E-02,4.570876265909443E-03,2.703760248653870E-03,-2.289306900620057E-04
2459096.500000000,4.960679788770627E+00,-8.688124331295164E+00,-4.638754252274017E-02,4.542185985236665E-03,2.754712941778611E-03,-2.282472138030373E-04
2459116.500000000,5.051230327477779E+00,-8.632501686211469E+00,-5.095627405940330E-02,4.513216695780064E-03,2.806901482768403E-03,-2.283555830717909E-04
2459136.500000000,5.141178680813045E+00,-8.575846705868104E+00,-5.552079097853738E-02,4.482165358501226E-03,2.858941816030534E-03,-2.283586173299376E-04
2459156.500000000,5.230509338702428E+00,-8.518168121100665E+00,-6.007867729024322E-02,4.450326187553537E-03,2.909431573259583E-03,-2.276701807096481E-04
2459176.500000000,5.319214559170259E+00,-8.459476335692470E+00,-6.462754347370987E-02,4.419502442315010E-03,2.959284335667987E-03,-2.269380001635137E-04
2459196.500000000,5.407288427000089E+00,-8.399774300405326E+00,-6.916883824438462E-02,4.388306826391502E-03,3.010319005161608E-03,-2.269533757018233E-04
2459216.500000000,5.494716041693194E+00,-8.339063633254682E+00,-7.370376506898080E-02,4.354932406029281E-03,3.061149184058016E-03,-2.268243055028870E-04
2459236.500000000,5.581481969823601E+00,-8.277353648049676E+00,-7.822963687756768E-02,4.321020222179359E-03,3.110311032657709E-03,-2.259700204789656E-04
2459256.500000000,5.667578695377624E+00,-8.214654772702675E+00,-8.274427334424225E-02,4.288035803523347E-03,3.159051250664820E-03,-2.251943827503746E-04
2459276.500000000,5.752999570395597E+00,-8.150970268017453E+00,-8.724929833985989E-02,4.254504233144095E-03,3.208853365407901E-03,-2.251045669128549E-04
2459296.500000000,5.837729387091511E+00,-8.086303008590013E+00,-9.174563136105475E-02,4.218915342487938E-03,3.258301736973593E-03,-2.248273739152262E-04
2459316.500000000,5.921753277655356E+00,-8.020663374310438E+00,-9.623052771515656E-02,4.182783390062800E-03,3.306075769148034E-03,-2.238429865686567E-04
2459336.500000000,6.005064464697218E+00,-7.954062382145348E+00,-1.007019419746662E-01,4.147770490889174E-03,3.353448001921827E-03,-2.229824489232503E-04
2459356.500000000,6.087656453323407E+00,-7.886503477443796E+00,-1.051617935196049E-01,4.111948981520719E-03,3.401930428369713E-03,-2.228240567002827E-04
2459376.500000000,6.169514200704071E+00,-7.817990429392459E+00,-1.096107176613818E-01,4.074200495831532E-03,3.449859132320200E-03,-2.223899815053314E-04
2459396.500000000,6.250623859967529E+00,-7.748534054864436E+00,-1.140458898994743E-01,4.036038680031780E-03,3.496142546824308E-03,-2.212782343364100E-04
2459416.500000000,6.330979155718747E+00,-7.678144988099690E+00,-1.184654910896617E-01,3.998963465502086E-03,3.542134798066278E-03,-2.203424360375227E-04
2459436.500000000,6.410573044086791E+00,-7.606826556815936E+00,-1.228715215689132E-01,3.961017874707608E-03,3.589245546819789E-03,-2.201156808097187E-04
2459456.500000000,6.489389957727911E+00,-7.534583212219866E+00,-1.272644118381948E-01,3.920976344751419E-03,3.635626741994193E-03,-2.195176399223246E-04
2459476.500000000,6.567416277253359E+00,-7.461426810415241E+00,-1.316410991517866E-01,3.880858949848551E-03,3.680303204021327E-03,-2.182605489120868E-04
2459496.500000000,6.644646036001403E+00,-7.387368241591117E+00,-1.360000824841461E-01,3.841688837711316E-03,3.724868815679608E-03,-2.172828524386690E-04
2459516.500000000,6.721071513655771E+00,-7.312411562818478E+00,-1.403434096749650E-01,3.801484131405152E-03,3.770397271544970E-03,-2.169458227326007E-04
2459536.500000000,6.796677433160356E+00,-7.236562917086415E+00,-1.446712560555923E-01,3.759341546869706E-03,3.815041155131070E-03,-2.161977840542958E-04
2459556.500000000,6.871451349192374E+00,-7.159835194486221E+00,-1.489805391363452E-01,3.717222203634288E-03,3.857932546326363E-03,-2.147933884525911E-04
2459576.500000000,6.945388596231242E+00,-7.082239531372481E+00,-1.532700055228165E-01,3.676168978152396E-03,3.900922579245821E-03,-2.137945702364488E-04
2459596.500000000,7.018481630723349E+00,-7.003779767905557E+00,-1.575418781064768E-01,3.633793473286869E-03,3.944731430614270E-03,-2.133331202662419E-04
2459616.500000000,7.090715657547373E+00,-6.924462809526764E+00,-1.617959771828786E-01,3.589749203312803E-03,3.987549014743445E-03,-2.124304189486599E-04
2459636.500000000,7.162079379641992E+00,-6.844301413595202E+00,-1.660292695954266E-01,3.545802032400657E-03,4.028734188048964E-03,-2.109310557715520E-04
2459656.500000000,7.232568327319818E+00,-6.763306015494827E+00,-1.702407215011044E-01,3.502816644912105E-03,4.070074807833004E-03,-2.098506744251010E-04
2459676.500000000,7.302174276980424E+00,-6.681480197083031E+00,-1.744325639329705E-01,3.458451384162162E-03,4.112249551029353E-03,-2.093096996555425E-04
2459696.500000000,7.370881638079802E+00,-6.598831572108454E+00,-1.786043334645122E-01,3.412356491682303E-03,4.153207272997407E-03,-2.082228018563417E-04
2459716.500000000,7.438679464157044E+00,-6.515373934821433E+00,-1.827529120869295E-01,3.366580072823243E-03,4.192625658118614E-03,-2.066304042789325E-04
2459736.500000000,7.505563280135495E+00,-6.431117957821021E+00,-1.868776000749212E-01,3.321603350573336E-03,4.232223873129522E-03,-2.054782385527283E-04
2459756.500000000,7.571524391149879E+00,-6.346068225800402E+00,-1.909805832676839E-01,3.275199553894850E-03,4.272532359698198E-03,-2.048224089937517E-04
2459776.500000000,7.636547597870673E+00,-6.260233742244836E+00,-1.950611914504221E-01,3.227128058160002E-03,4.311538703706061E-03,-2.036074251944264E-04
2459796.500000000,7.700623010761148E+00,-6.173629452179012E+00,-1.991163061066308E-01,3.179548596680255E-03,4.348876742784307E-03,-2.018563012217957E-04
2459816.500000000,7.763747435773261E+00,-6.086266090707288E+00,-2.031455632306519E-01,3.132787538569802E-03,4.386683421256986E-03,-2.007046265274393E-04
2459836.500000000,7.825912155109410E+00,-5.998148315638621E+00,-2.071511847279475E-01,3.084404552253761E-03,4.424969430836490E-03,-1.999099600614640E-04
2459856.500000000,7.887102701207641E+00,-5.909285801575764E+00,-2.111321724203291E-01,3.034555959339070E-03,4.461903948492207E-03,-1.985468786928106E-04
2459876.500000000,7.947309976784311E+00,-5.819693493127932E+00,-2.150854776693909E-01,2.985308680672445E-03,4.497241057207772E-03,-1.966992206984698E-04
2459896.500000000,8.006531047628142E+00,-5.729381815254210E+00,-2.190109719383987E-01,2.936789131136368E-03,4.533132818442766E-03,-1.954862506151248E-04
2459916.500000000,8.064756645896487E+00,-5.638355556049278E+00,-2.229108414592647E-01,2.886481344757531E-03,4.569459978607828E-03,-1.946016362692448E-04
2459936.500000000,8.121972186940136E+00,-5.546625476133657E+00,-2.267837449778451E-01,2.834883026810727E-03,4.604155612442097E-03,-1.930322433225830E-04
2459956.500000000,8.178169383124173E+00,-5.454207210064028E+00,-2.306266913115534E-01,2.784002861684985E-03,4.637484411147526E-03,-1.911333892741121E-04
2459976.500000000,8.233345466177640E+00,-5.361111501925882E+00,-2.344398786999166E-01,2.733680238137918E-03,4.671321596499252E-03,-1.898477890675418E-04
2459996.500000000,8.287491284122501E+00,-5.267344025070439E+00,-2.382253721792597E-01,2.681597799133151E-03,4.705442830078093E-03,-1.888285010975617E-04
2460016.500000000,8.340593149066608E+00,-5.172916481869565E+00,-2.419816747767059E-01,2.628326872177789E-03,4.737908864510116E-03,-1.871336349216902E-04
2460036.500000000,8.392644018525422E+00,-5.077844841370070E+00,-2.457058417270216E-01,2.575959912721340E-03,4.768998532486178E-03,-1.851223694755831E-04
2460056.500000000,8.443641821246292E+00,-4.982139407453076E+00,-2.493984406649757E-01,2.523967077229558E-03,4.800794835637957E-03,-1.838135320605671E-04
2460076.500000000,8.493577258444326E+00,-4.885805985285494E+00,-2.530613923481086E-01,2.470250925087427E-03,4.832634821640443E-03,-1.826421651063286E-04
2460096.500000000,8.542437248240226E+00,-4.788856599299891E+00,-2.566929861622592E-01,2.415429241142846E-03,4.862876149668525E-03,-1.808299731920058E-04
2460116.500000000,8.590215120379982E+00,-4.691307052609960E+00,-2.602903722656525E-01,2.361556511270827E-03,4.891771983449983E-03,-1.787231369863938E-04
2460136.500000000,8.636908434407180E+00,-4.593167511842517E+00,-2.638542987518278E-01,2.308005593381408E-03,4.921422298267827E-03,-1.773522519383045E-04
2460156.500000000,8.682507192560875E+00,-4.494444523389818E+00,-2.673866149406354E-01,2.252524580856875E-03,4.951033561322068E-03,-1.760770713900989E-04
2460176.500000000,8.726998465689396E+00,-4.395151583730355E+00,-2.708852844263014E-01,2.196199699660847E-03,4.978812074582134E-03,-1.740882930292644E-04
2460196.500000000,8.770376564654200E+00,-4.295305275947584E+00,-2.743476569226078E-01,2.140848579286866E-03,5.005420235968756E-03,-1.719233642870482E-04
2460216.500000000,8.812639243033056E+00,-4.194916251019005E+00,-2.777747138972353E-01,2.085729818129519E-03,5.032743592958419E-03,-1.704888994881387E-04
2460236.500000000,8.853776918198742E+00,-4.093992302944116E+00,-2.811681771260091E-01,2.028681646351119E-03,5.059878391621171E-03,-1.690918068535198E-04
2460256.500000000,8.893778019452190E+00,-3.992547907730193E+00,-2.845258706839998E-01,1.970931940033730E-03,5.085078613411078E-03,-1.669493668005122E-04
2460276.500000000,8.932638566512139E+00,-3.890599812565799E+00,-2.878452694003315E-01,1.914429450142571E-03,5.109254971867719E-03,-1.647306876243352E-04
2460296.500000000,8.970356969864991E+00,-3.788157847282616E+00,-2.911277149773793E-01,1.857807102550219E-03,5.134251443956803E-03,-1.632524608700295E-04
2460316.500000000,9.006923586439953E+00,-3.685230108891152E+00,-2.943746190707494E-01,1.799428597124782E-03,5.158822568706324E-03,-1.617018196735252E-04
2460336.500000000,9.042327760816885E+00,-3.581831227466548E+00,-2.975836941309769E-01,1.740444710051241E-03,5.181525866379278E-03,-1.594424487433701E-04
2460356.500000000,9.076565955141950E+00,-3.477977608434170E+00,-3.007525488095221E-01,1.682725961516486E-03,5.203305939662480E-03,-1.571603502145227E-04
2460376.500000000,9.109636268805241E+00,-3.373678812505437E+00,-3.038827056589127E-01,1.624769721501970E-03,5.225931544929387E-03,-1.556271222554720E-04
2460396.500000000,9.141528345662465E+00,-3.268943665654339E+00,-3.069753686119628E-01,1.564948020634524E-03,5.247922182910759E-03,-1.539213546555535E-04
2460416.500000000,9.172232126716366E+00,-3.163788218831145E+00,-3.100280344772668E-01,1.504838010410216E-03,5.268027799094436E-03,-1.515518885706726E-04
2460436.500000000,9.201744977799533E+00,-3.058229217514895E+00,-3.130386241070084E-01,1.445867309802313E-03,5.287294445107458E-03,-1.492100226219562E-04
2460456.500000000,9.230065217231374E+00,-2.952276690996587E+00,-3.160087998218791E-01,1.386660724597023E-03,5.307347146528779E-03,-1.476009353843470E-04
2460476.500000000,9.257183001447855E+00,-2.845940298032095E+00,-3.189396176876756E-01,1.325604763901671E-03,5.326681504411958E-03,-1.457888503041142E-04
2460496.500000000,9.283089355109874E+00,-2.739236917638872E+00,-3.218284604362163E-01,1.264377411685853E-03,5.344016274865204E-03,-1.432723723474720E-04
2460516.500000000,9.307783175662630E+00,-2.632183208221917E+00,-3.246734726810238E-01,1.204483741058946E-03,5.360725576562714E-03,-1.409103543290471E-04
2460536.500000000,9.331262872154166E+00,-2.524788570495233E+00,-3.274765634674804E-01,1.144060900400812E-03,5.378172372338302E-03,-1.392218605610361E-04
2460556.500000000,9.353518683768835E+00,-2.417063151456075E+00,-3.302384528676344E-01,1.081938312805083E-03,5.394814185694328E-03,-1.372962909550862E-04
2460576.500000000,9.374542109839377E+00,-2.309024145897309E+00,-3.329564453205476E-01,1.019701975440670E-03,5.409395816114197E-03,-1.346516720069548E-04
2460596.500000000,9.394332578881203E+00,-2.200688452526815E+00,-3.356288529522201E-01,9.588821105415551E-04,5.423469833573574E-03,-1.322399645970702E-04
2460616.500000000,9.412888336313223E+00,-2.092065607748780E+00,-3.382577684568541E-01,8.973434514070927E-04,5.438317223614269E-03,-1.305204761715513E-04
2460636.500000000,9.430199539845241E+00,-1.983166998557334E+00,-3.408436259344706E-01,8.341130094738561E-04,5.452030908612295E-03,-1.284113032099689E-04
2460656.500000000,9.446258994125056E+00,-1.874010974849977E+00,-3.433836125256244E-01,7.710885377130959E-04,5.463792795639100E-03,-1.256903429966164E-04
2460676.500000000,9.461067271500818E+00,-1.764614720843175E+00,-3.458764004169705E-01,7.093807804551229E-04,5.475097536527790E-03,-1.232345969963958E-04
2460696.500000000,9.474623357746085E+00,-1.654988028040328E+00,-3.483241774047678E-01,6.469133115603915E-04,5.487135905496136E-03,-1.214471622069467E-04
2460716.500000000,9.486918351299025E+00,-1.545142769055350E+00,-3.507271980219500E-01,5.828508062407448E-04,5.497921426747098E-03,-1.192149950553338E-04
2460736.500000000,9.497946506322791E+00,-1.435097381622813E+00,-3.530825634322253E-01,5.192008752375179E-04,5.506755352598710E-03,-1.163778275193712E-04
2460756.500000000,9.507709446580806E+00,-1.324868258385913E+00,-3.553892682917957E-01,4.568188433358148E-04,5.515412814861021E-03,-1.139406557891442E-04
2460776.500000000,9.516205870569012E+00,-1.214464651766775E+00,-3.576495725791291E-01,3.935263610270606E-04,5.524582372960883E-03,-1.120307744298736E-04
2460796.500000000,9.523427019612202E+00,-1.103898771782587E+00,-3.598634251907186E-01,3.287808081672159E-04,5.532541312130828E-03,-1.097097562636497E-04
2460816.500000000,9.529367453416203E+00,-9.931892191723214E-01,-3.620279163984768E-01,2.644820899767786E-04,5.538505841730626E-03,-1.067717110367452E-04
2460836.500000000,9.534028921814363E+00,-8.823524994705221E-01,-3.641422234108959E-01,2.014559636302189E-04,5.544376132248801E-03,-1.042948238486642E-04
2460856.500000000,9.537409741686782E+00,-7.713984658552998E-01,-3.662087311228254E-01,1.373567858513427E-04,5.550724960393009E-03,-1.023355030742969E-04
2460876.500000000,9.539501439523507E+00,-6.603407936758117E-01,-3.682270805287798E-01,7.194324042652642E-05,5.555592343134988E-03,-9.985945444390356E-05
2460896.500000000,9.540300065519647E+00,-5.491990482023754E-01,-3.701944150690499E-01,7.121906254358551E-06,5.558601147825797E-03,-9.686940100154886E-05
2460916.500000000,9.539808401973774E+00,-4.379898955715975E-01,-3.721102078892507E-01,-5.641697010852655E-05,5.561501193491697E-03,-9.434407471166374E-05
2460936.500000000,9.538025430812494E+00,-3.267236223912245E-01,-3.739769046139172E-01,-1.211015999166367E-04,5.564881542381018E-03,-9.233910049503398E-05
2460956.500000000,9.534943814385000E+00,-2.154144867830610E-01,-3.757939609691858E-01,-1.870194036346250E-04,5.566624787512764E-03,-8.973843530236054E-05
2460976.500000000,9.530561240067964E+00,-1.040821292930629E-01,-3.775584786197937E-01,-2.520403766257462E-04,5.566537220834916E-03,-8.665841820529873E-05
2460996.500000000,9.524881492704433E+00,7.257766193642917E-03,-3.792703138177058E-01,-3.159664205666319E-04,5.566630972749153E-03,-8.416275694147137E-05
2461016.500000000,9.517903141565796E+00,1.185950929347840E-01,-3.809318031189425E-01,-3.810820682520458E-04,5.566948761916685E-03,-8.204797915252742E-05
2461036.500000000,9.509619425838384E+00,2.299150361022341E-01,-3.825421734221581E-01,-4.473386068797331E-04,5.565629675514166E-03,-7.934792192277201E-05
2461056.500000000,9.500028762042540E+00,3.411977468677015E-01,-3.840985358952495E-01,-5.125286798286915E-04,5.562488874972447E-03,-7.619447826614409E-05
2461076.500000000,9.489135477908942E+00,4.524276565523775E-01,-3.856010305524737E-01,-5.767218810729925E-04,5.559675135836415E-03,-7.370207003669834E-05
2461096.500000000,9.476937907476373E+00,5.635942635650871E-01,-3.870519820542258E-01,-6.422723766507819E-04,5.556913312814041E-03,-7.149807912905750E-05
2461116.500000000,9.463430141802556E+00,6.746813914200905E-01,-3.884503191580980E-01,-7.086235182477399E-04,5.552360714390635E-03,-6.867630154848382E-05
2461136.500000000,9.448612308948380E+00,7.856689669443678E-01,-3.897933700055707E-01,-7.739226319964962E-04,5.546171749352022E-03,-6.550189547591284E-05
2461156.500000000,9.432489664605367E+00,8.965416576843256E-01,-3.910815277364013E-01,-8.381966858466001E-04,5.540292190534341E-03,-6.297815383310399E-05
2461176.500000000,9.415061128941680E+00,1.007289042208153E+00,-3.923171084099139E-01,-9.038897308356054E-04,5.534431713686779E-03,-6.071349053569597E-05
2461196.500000000,9.396321585283330E+00,1.117894624949712E+00,-3.934988243596316E-01,-9.702619910638543E-04,5.526684360901669E-03,-5.778791895161431E-05
2461216.500000000,9.376272558558535E+00,1.228338534743443E+00,-3.946240882455394E-01,-1.035373574998322E-03,5.517419912810725E-03,-5.458108434631661E-05
2461236.500000000,9.354919593072252E+00,1.338606382938688E+00,-3.956936332663846E-01,-1.099712327669059E-03,5.508566334880743E-03,-5.204739761958836E-05
2461256.500000000,9.332261241857212E+00,1.448687508620909E+00,-3.967095607745459E-01,-1.165367843939964E-03,5.499597643217381E-03,-4.971192656000370E-05
2461276.500000000,9.308292706574679E+00,1.558564837219384E+00,-3.976704232801422E-01,-1.231745063538201E-03,5.488679662156851E-03,-4.669483113613290E-05
2461296.500000000,9.283016310130638E+00,1.668217753643092E+00,-3.985736759794407E-01,-1.296627572202651E-03,5.476246358042258E-03,-4.343509266462934E-05
2461316.500000000,9.256438289483009E+00,1.777631780597522E+00,-3.994203864507551E-01,-1.360851017574701E-03,5.464361920908071E-03,-4.092552394101862E-05
2461336.500000000,9.228557403656062E+00,1.886795434126102E+00,-4.002125527628921E-01,-1.426506916331682E-03,5.452132371894777E-03,-3.849691107291864E-05
2461356.500000000,9.199370395328643E+00,1.995690539876575E+00,-4.009484888291135E-01,-1.492531118201519E-03,5.437895311454942E-03,-3.539696333822135E-05
2461376.500000000,9.168881403004001E+00,2.104296399546557E+00,-4.016259191961011E-01,-1.557044471487874E-03,5.422246191314205E-03,-3.211413078229236E-05
2461396.500000000,9.137098012136809E+00,2.212598974816980E+00,-4.022461595682031E-01,-1.620884732992958E-03,5.407251100713647E-03,-2.962326064087728E-05
2461416.500000000,9.104019755001431E+00,2.320587103074291E+00,-4.028111392405624E-01,-1.686236153368695E-03,5.391780696360534E-03,-2.712080857529600E-05
2461436.500000000,9.069644598964272E+00,2.428242717842144E+00,-4.033189328755565E-01,-1.751707783173369E-03,5.374249101665500E-03,-2.392097974666581E-05
2461456.500000000,9.033977872727142E+00,2.535545970492748E+00,-4.037674547821007E-01,-1.815565078574134E-03,5.355574624621443E-03,-2.067592500237460E-05
2461476.500000000,8.997027100838004E+00,2.642483754651178E+00,-4.041582936365013E-01,-1.879040179529309E-03,5.337493651630785E-03,-1.815212855376209E-05
2461496.500000000,8.958791665178753E+00,2.749044674115630E+00,-4.044931028464421E-01,-1.943860357127213E-03,5.318868434419300E-03,-1.559573984660135E-05
2461516.500000000,8.919270005325117E+00,2.855210286672404E+00,-4.047698628779898E-01,-2.008776364326007E-03,5.298117290016535E-03,-1.231682866651029E-05
2461536.500000000,8.878468234709665E+00,2.960960491961715E+00,-4.049866031459561E-01,-2.071954287660557E-03,5.276336374286672E-03,-9.076740952460324E-06
2461556.500000000,8.836394198764262E+00,3.066282078627049E+00,-4.051452289898286E-01,-2.134907124075947E-03,5.255161772872674E-03,-6.564125420541943E-06
2461576.500000000,8.793047764000180E+00,3.171162763606735E+00,-4.052471872821208E-01,-2.199137687866781E-03,5.233214114773745E-03,-3.913911246495792E-06
2461596.500000000,8.748429095725490E+00,3.275583452503355E+00,-4.052903794155829E-01,-2.263239503527166E-03,5.209243722139981E-03,-6.192539270706104E-07
2461616.500000000,8.702545834533478E+00,3.379524397174417E+00,-4.052730974140781E-01,-2.325587107840322E-03,5.184239015808914E-03,2.647071445326575E-06
2461636.500000000,8.655406706771837E+00,3.482972873891415E+00,-4.051974404748729E-01,-2.387715428877093E-03,5.159976044687003E-03,5.121725909421814E-06
2461656.500000000,8.607012226689307E+00,3.585916710922856E+00,-4.050647348878707E-01,-2.451169848881417E-03,5.134795684851085E-03,7.831228166162845E-06
2461676.500000000,8.557363766577284E+00,3.688336855449226E+00,-4.048726876798656E-01,-2.514254413118802E-03,5.107550994153963E-03,1.119789988405994E-05
2461696.500000000,8.506470059046134E+00,3.790214382934491E+00,-4.046198652941723E-01,-2.575552993588116E-03,5.079540385722511E-03,1.440460483488118E-05
2461716.500000000,8.454339551501269E+00,3.891537127664678E+00,-4.043084941034765E-01,-2.636814296163832E-03,5.052149092170119E-03,1.690235910623169E-05
2461736.500000000,8.400973069757672E+00,3.992292243330124E+00,-4.039396741016582E-01,-2.699337428916690E-03,5.023806558041106E-03,1.963930651212801E-05
2461756.500000000,8.346372998625746E+00,4.092460168115126E+00,-4.035110213335366E-01,-2.761302590646263E-03,4.993258971717215E-03,2.308512927652062E-05
2461776.500000000,8.290549531618538E+00,4.192021987074704E+00,-4.030213476512455E-01,-2.821386621063369E-03,4.962192839365908E-03,2.622901455067690E-05
2461796.500000000,8.233511650343447E+00,4.290965882152800E+00,-4.024731233231294E-01,-2.881661759022726E-03,4.931699365837194E-03,2.871152064947698E-05
2461816.500000000,8.175261094877047E+00,4.389278294830763E+00,-4.018671603847561E-01,-2.942970523402824E-03,4.900018946789371E-03,3.153726294175592E-05
2461836.500000000,8.115802358849960E+00,4.486939793675377E+00,-4.012011343000709E-01,-3.003558420907880E-03,4.866336314615938E-03,3.496496076754882E-05
2461856.500000000,8.055147037039307E+00,4.583932464708791E+00,-4.004741241848760E-01,-3.062228819815029E-03,4.832185546705819E-03,3.808564380240722E-05
2461876.500000000,7.993304723960451E+00,4.680245617446189E+00,-3.996887595307845E-01,-3.121228202366698E-03,4.798697932584070E-03,4.053631693538552E-05
2461896.500000000,7.930277346092875E+00,4.775866029121079E+00,-3.988455956823911E-01,-3.181165599720578E-03,4.763860447021814E-03,4.342182930767013E-05
2461916.500000000,7.866070453766058E+00,4.870774529889291E+00,-3.979422451548638E-01,-3.240187017854969E-03,4.727122575371895E-03,4.685327374359200E-05
2461936.500000000,7.800696126819474E+00,4.964954202705014E+00,-3.969781141534323E-01,-3.297440709468309E-03,4.690089430819840E-03,4.990872369857582E-05
2461956.500000000,7.734163548273332E+00,5.058394525955274E+00,-3.959558227937480E-01,-3.355014097089526E-03,4.653562609611353E-03,5.237620781674828E-05
2461976.500000000,7.666474940048739E+00,5.151081734896922E+00,-3.948757429041706E-01,-3.413556963179486E-03,4.615693070832609E-03,5.526719892105433E-05
2461996.500000000,7.597636841798700E+00,5.242995893902449E+00,-3.937354345754057E-01,-3.470946166175004E-03,4.575803891627425E-03,5.873225708057800E-05
2462016.500000000,7.527662845788261E+00,5.334120221427166E+00,-3.925346508915866E-01,-3.526556471062520E-03,4.535830914332704E-03,6.170784863700597E-05
2462036.500000000,7.456562713563308E+00,5.424444305614667E+00,-3.912761382620746E-01,-3.582619811831868E-03,4.496271956589593E-03,6.415877472598714E-05
2462056.500000000,7.384340063168822E+00,5.513953932236403E+00,-3.899600006893307E-01,-3.639415897059191E-03,4.455255387514714E-03,6.708324544996692E-05
2462076.500000000,7.311003319045479E+00,5.602629542479415E+00,-3.885839114982382E-01,-3.694971081137043E-03,4.412319858722771E-03,7.053452151580955E-05
2462096.500000000,7.236567623438646E+00,5.690455377354633E+00,-3.871478852724767E-01,-3.748609638439127E-03,4.369447676031441E-03,7.343474044934197E-05
2462116.500000000,7.161043269276582E+00,5.777422257897587E+00,-3.856547922510378E-01,-3.802947073664231E-03,4.327023744951849E-03,7.584454894673815E-05
2462136.500000000,7.084434421445887E+00,5.863516307717171E+00,-3.841044104065435E-01,-3.857822408726069E-03,4.282974258998391E-03,7.882293390834389E-05
2462156.500000000,7.006750600728107E+00,5.948718667982599E+00,-3.824944301757070E-01,-3.911255936546931E-03,4.237184672435252E-03,8.223034302850236E-05
2462176.500000000,6.928007326955606E+00,6.033014589424722E+00,-3.808252194701296E-01,-3.962993913414527E-03,4.191594903543069E-03,8.504856403034068E-05
2462196.500000000,6.848214776364101E+00,6.116395105326817E+00,-3.790995607562460E-01,-4.015382045794608E-03,4.146325035102086E-03,8.744393685747316E-05
2462216.500000000,6.767377739825546E+00,6.198846085519500E+00,-3.773170756377595E-01,-4.068285536773282E-03,4.099359201007923E-03,9.044612925918258E-05
2462236.500000000,6.685507024005889E+00,6.280348615956170E+00,-3.754754586851393E-01,-4.119470048949225E-03,4.050737783339919E-03,9.381022524733481E-05
2462256.500000000,6.602619197694490E+00,6.360888624808364E+00,-3.735754987589500E-01,-4.169128093412518E-03,4.002469095506109E-03,9.652518674803490E-05
2462276.500000000,6.518724948969833E+00,6.440457375352299E+00,-3.716199460099631E-01,-4.219441915047430E-03,3.954345599163653E-03,9.892560076814823E-05
2462296.500000000,6.433830520423436E+00,6.519040808162559E+00,-3.696082299401713E-01,-4.270016044954385E-03,3.904580030723741E-03,1.018988501317547E-04
2462316.500000000,6.347948186332689E+00,6.596621000859115E+00,-3.675382116949502E-01,-4.318884513717909E-03,3.853230599385503E-03,1.052275917997582E-04
2462336.500000000,6.261095277079226E+00,6.673185157157568E+00,-3.654109044816742E-01,-4.366153585861387E-03,3.802399501126773E-03,1.078349843860864E-04
2462356.500000000,6.173282492476035E+00,6.748725423119745E+00,-3.632290854506137E-01,-4.414261275447417E-03,3.751642758268523E-03,1.102059145183157E-04
2462376.500000000,6.084516576692142E+00,6.823227885747806E+00,-3.609918778801124E-01,-4.462431940006771E-03,3.699180276824813E-03,1.131815459509747E-04
2462396.500000000,5.994810736204500E+00,6.896675241594819E+00,-3.586972814588728E-01,-4.508796374915670E-03,3.645288050240287E-03,1.164320268421128E-04
2462416.500000000,5.904182406086399E+00,6.969055466189842E+00,-3.563465667884436E-01,-4.553707663933921E-03,3.591941771074467E-03,1.189660699558385E-04
2462436.500000000,5.812642441483587E+00,7.040360417235870E+00,-3.539424168321952E-01,-4.599421632521529E-03,3.538649391774850E-03,1.212672611044656E-04
2462456.500000000,5.720198655742300E+00,7.110575837780974E+00,-3.514838166494196E-01,-4.645137338753627E-03,3.483465855278109E-03,1.242700153925370E-04
2462476.500000000,5.626866131318694E+00,7.179684576606015E+00,-3.489688643232457E-01,-4.688733002960761E-03,3.427051735866515E-03,1.274254758948675E-04
2462496.500000000,5.532663494230152E+00,7.247675832059573E+00,-3.463992471503546E-01,-4.731089161602317E-03,3.371320453181958E-03,1.298350668253785E-04
