# NASA/JPL Horizons target 299 (venus), center 500@10, ECLIPTIC/ICRF, AU and AU/day
# State vectors 1977-08-21..2030-01-02 every 5d; retrieved 2026-09-24 by scripts/fetch_horizons.ps1
julian_date,x_au,y_au,z_au,vx_au_d,vy_au_d,vz_au_d
2443376.500000000,4.218309104305950E-01,5.859878988488987E-01,-1.638346039212178E-02,-1.647953267650999E-02,1.172832193080671E-02,1.111101962550438E-03
2443381.500000000,3.355639390565459E-01,6.386876954845025E-01,-1.068538281998869E-02,-1.797136914674119E-02,9.315937854993669E-03,1.164416989863828E-03
2443386.500000000,2.427005871248741E-01,6.788306516448274E-01,-4.777282188660220E-03,-1.911340984235489E-02,6.713723267277135E-03,1.194951970671425E-03
2443391.500000000,1.450541587672116E-01,7.055930602220688E-01,1.224933983649485E-03,-1.988110681118005E-02,3.972499823644089E-03,1.201981002660622E-03
2443396.500000000,4.454245084171934E-02,7.184141183032111E-01,7.202901914608934E-03,-2.025730887713735E-02,1.146432412024945E-03,1.185250754998589E-03
2443401.500000000,-5.685056927064441E-02,7.170099248825137E-01,1.303820469087569E-02,-2.023276992989569E-02,-1.708075688846007E-03,1.144994780762359E-03
2443406.500000000,-1.571152024511080E-01,7.013817146250448E-01,1.861481920034642E-02,-1.980648358298683E-02,-4.533578911481456E-03,1.081936577927003E-03
2443411.500000000,-2.542576544590856E-01,6.718179454449560E-01,2.382154873498734E-02,-1.898582494215263E-02,-7.272846292946139E-03,9.972807133513625E-04
2443416.500000000,-3.463418704902130E-01,6.288900212868285E-01,2.855438057998784E-02,-1.778648630946110E-02,-9.870144398426286E-03,8.926916587805711E-04
2443421.500000000,-4.315305167888707E-01,5.734416146052919E-01,3.271870703112902E-02,-1.623219970936013E-02,-1.227250784578259E-02,7.702603936319704E-04
2443426.500000000,-5.081240436774270E-01,5.065717514022320E-01,3.623135046064907E-02,-1.435424829784549E-02,-1.443095702782246E-02,6.324596239195320E-04
2443431.500000000,-5.745968036236464E-01,4.296120229478856E-01,3.902233864527545E-02,-1.219077979046439E-02,-1.630162324660876E-02,4.820888825402107E-04
2443436.500000000,-6.296292808327807E-01,3.440984800382180E-01,4.103638331235952E-02,-9.785941385228997E-03,-1.784674500958391E-02,3.222110139267546E-04
2443441.500000000,-6.721356026137205E-01,2.517389326458006E-01,4.223402368523866E-02,-7.188862593659981E-03,-1.903550493194238E-02,1.560820504930494E-04
2443446.500000000,-7.012856526135428E-01,1.543765163294204E-01,4.259240754619670E-02,-4.452519084900093E-03,-1.984468262275563E-02,-1.292326938777836E-05
2443451.500000000,-7.165212827440831E-01,5.395049118731684E-02,4.210569391674875E-02,-1.632514746538326E-03,-2.025910668058011E-02,-1.813879730916654E-04
2443456.500000000,-7.175663124110651E-01,-4.754469794789036E-02,4.078507336593639E-02,1.214178877863027E-03,-2.027189755068142E-02,-3.459289420685018E-04
2443461.500000000,-7.044301999178143E-01,-1.481010516839981E-01,3.865841355990009E-02,4.030486781105419E-03,-1.988450155707549E-02,-5.032703689132169E-04
2443466.500000000,-6.774054612312748E-01,-2.457383100398962E-01,3.576954836007739E-02,6.760461495818081E-03,-1.910652438041522E-02,-6.503125696314807E-04
2443471.500000000,-6.370590863146460E-01,-3.385439427454724E-01,3.217723807855525E-02,9.350447974296929E-03,-1.795537914127246E-02,-7.841944558858614E-04
2443476.500000000,-5.842183554012516E-01,-4.247109585045261E-01,2.795383605788474E-02,1.175015458820402E-02,-1.645576970918081E-02,-9.023483455963417E-04
2443481.500000000,-5.199515816193520E-01,-5.025727692144019E-01,2.318370235904246E-02,1.391360848532575E-02,-1.463903367754128E-02,-1.002546188536399E-03
2443486.500000000,-4.455443994334900E-01,-5.706344733185981E-01,1.796140896805094E-02,1.579997985678300E-02,-1.254237155281764E-02,-1.082936676028160E-03
2443491.500000000,-3.624722800672326E-01,-6.276000569957020E-01,1.238978267643188E-02,1.737426580848440E-02,-1.020798915590281E-02,-1.142073058697972E-03
2443496.500000000,-2.723699876323102E-01,-6.723951450018990E-01,6.577831917775485E-03,1.860782995898529E-02,-7.682179300485340E-03,-1.178931786236000E-03
2443501.500000000,-1.769986974585689E-01,-7.041850594649167E-01,6.386026307778317E-04,1.947879843938873E-02,-5.014367235168847E-03,-1.192922344137444E-03
2443506.500000000,-7.821148347523008E-02,-7.223880623977531E-01,-5.312994400342459E-03,1.997231752815043E-02,-2.256142099078919E-03,-1.183888957160338E-03
2443511.500000000,2.208215458532936E-02,-7.266837587442152E-01,-1.116234599227701E-02,2.008068162902720E-02,5.397077791877092E-04,-1.152104912420627E-03
2443516.500000000,1.219520983327096E-01,-7.170167146889803E-01,-1.679725344853839E-02,1.980334047404519E-02,3.320141940139494E-03,-1.098260112710287E-03
2443521.500000000,2.194831708013344E-01,-6.935954102339527E-01,-2.210997169025892E-02,1.914679473754191E-02,6.032785204944138E-03,-1.023442548421077E-03
2443526.500000000,3.128099166913879E-01,-6.568866989376477E-01,-2.699914212892158E-02,1.812439016294493E-02,8.626806115404301E-03,-9.291144413404227E-04
2443531.500000000,4.001501195667497E-01,-6.076059867236387E-01,-3.137159430836815E-02,1.675601968942413E-02,1.105374997991924E-02,-8.170837049148291E-04
2443536.500000000,4.798366168419533E-01,-5.467033687790098E-01,-3.514399425180222E-02,1.506774166610974E-02,1.326832192802497E-02,-6.894712448268938E-04
2443541.500000000,5.503470101590231E-01,-4.753459838023073E-01,-3.824431982200938E-02,1.309132077738080E-02,1.522911636178363E-02,-5.486745276800040E-04
2443546.500000000,6.103308983104373E-01,-3.948968617945179E-01,-4.061314532820728E-02,1.086369689473180E-02,1.689928954022909E-02,-3.973277621293498E-04
2443551.500000000,6.586342827507894E-01,-3.068905582804723E-01,-4.220471915839178E-02,8.426385835949226E-03,1.824717178847631E-02,-2.382589698015125E-04
2443556.500000000,6.943208132099484E-01,-2.130058871135391E-01,-4.298781948628592E-02,5.824815106577862E-03,1.924681505491356E-02,-7.444418163045716E-05
2443561.500000000,7.166895549930876E-01,-1.150360881958525E-01,-4.294637424192507E-02,3.107597267998853E-03,1.987847036560501E-02,9.104101423544403E-05
2443566.500000000,7.252889729282949E-01,-1.485679719386908E-02,-4.207983271800927E-02,3.257437484650835E-04,2.012898830036242E-02,2.550723193261121E-04
2443571.500000000,7.199268429037740E-01,8.560777751609609E-02,-4.040327761223313E-02,-2.468177203485948E-03,1.999213409816949E-02,4.145296397921149E-04
2443576.500000000,7.006758239738750E-01,1.844200196587533E-01,-3.794726825094319E-02,-5.220933253457446E-03,1.946880748877142E-02,5.663516098519066E-04
2443581.500000000,6.678744537970684E-01,2.796649083225854E-01,-3.475740832239717E-02,-7.879564604926278E-03,1.856715644843081E-02,7.075911755395265E-04
2443586.500000000,6.221233708612224E-01,3.694863025936848E-01,-3.089363421538195E-02,-1.039235464694286E-02,1.730257415041848E-02,8.354716452572061E-04
2443591.500000000,5.642766265974871E-01,4.521228943153666E-01,-2.642922397127400E-02,-1.270982079180597E-02,1.569756719448320E-02,9.474421829942761E-04
2443596.500000000,4.954280278511192E-01,5.259431565996723E-01,-2.144953285732643E-02,-1.478570827698527E-02,1.378148422346581E-02,1.041231458293851E-03
2443601.500000000,4.168925458442633E-01,5.894785721285098E-01,-1.605046780549339E-02,-1.657796611399936E-02,1.159009844223758E-02,1.114898252823086E-03
2443606.500000000,3.301829372251881E-01,6.414544006150972E-01,-1.033671905467722E-02,-1.804968226554552E-02,9.165040316154997E-03,1.166877734555862E-03
2443611.500000000,2.369818446366092E-01,6.808172329812975E-01,-4.419774437001971E-03,-1.916995206282892E-02,6.553079898622919E-03,1.196021856003681E-03
2443616.500000000,1.391097809484515E-01,7.067585908970854E-01,1.584250290790105E-03,-1.991465152928014E-02,3.805264080973014E-03,1.201632278776844E-03
2443621.500000000,3.848954419515745E-02,7.187338732625757E-01,7.556923929197433E-03,-2.026708709517592E-02,9.759206460168314E-04,1.183484339529384E-03
2443626.500000000,-6.289225007877586E-02,7.164760270069772E-01,1.337990697827696E-02,-2.021849460086847E-02,-1.878452442488686E-03,1.141840748703451E-03
2443631.500000000,-1.630257036469035E-01,7.000034279281975E-01,1.893739935021438E-02,-1.976836348675766E-02,-4.700387654661486E-03,1.077453971223033E-03
2443636.500000000,-2.599193127540011E-01,6.696215966394988E-01,2.411857014687439E-02,-1.892456678384634E-02,-7.432707672483260E-03,9.915565888023177E-04
2443641.500000000,-3.516417810086300E-01,6.259185409454625E-01,2.881990854171831E-02,-1.770328384416263E-02,-1.001980879406674E-02,8.858393734552903E-04
2443646.500000000,-4.363629147348509E-01,5.697537024550553E-01,3.294743464714295E-02,-1.612871037598333E-02,-1.240892920436447E-02,7.624172857642033E-04
2443651.500000000,-5.123925412458841E-01,5.022406830973104E-01,3.641871157863043E-02,-1.423255880996604E-02,-1.455136207702462E-02,6.237841171472026E-04
2443656.500000000,-5.782164274535428E-01,4.247241260869729E-01,3.916460476485162E-02,-1.205336074156337E-02,-1.640357435827407E-02,4.727569864727915E-04
2443661.500000000,-6.325282561099547E-01,3.387513148525838E-01,4.113074173430037E-02,-9.635591543361468E-03,-1.792819514867416E-02,3.124123421475539E-04
2443666.500000000,-6.742568364247831E-01,2.460392220130137E-01,4.227863480757511E-02,-7.028644631743213E-03,-1.909484263973358E-02,1.460154833680971E-04
2443671.500000000,-7.025878789262034E-01,1.484378796045208E-01,4.258643990662394E-02,-4.285688906030998E-03,-1.988076525711827E-02,-2.305411759505079E-05
2443676.500000000,-7.169798436445828E-01,4.789104354535684E-02,4.204933649816541E-02,-1.462447165950292E-03,-2.027128090547740E-02,-1.913792842999757E-04
2443681.500000000,-7.171735646202028E-01,-5.360481719435817E-02,4.067952554946463E-02,1.384065325378821E-03,-2.026000741237060E-02,-3.555810975686795E-04
2443686.500000000,-7.031955467349172E-01,-1.540421619005253E-01,3.850585341393455E-02,4.196804274361384E-03,-1.984888492368572E-02,-5.123922063389661E-04
2443691.500000000,-6.753550172662294E-01,-2.514436253544963E-01,3.557308020724306E-02,6.919925038231971E-03,-1.904799781656122E-02,-6.587253860210940E-04
2443696.500000000,-6.342349921879149E-01,-3.439019045899728E-01,3.194082103898734E-02,9.499942915517727E-03,-1.787521181673975E-02,-7.917355916452841E-04
2443701.500000000,-5.806777705198287E-01,-4.296174134643164E-01,2.768219593024563E-02,1.188679760441745E-02,-1.635564791590333E-02,-9.088742541801033E-04
2443706.500000000,-5.157653912706329E-01,-5.069329497364170E-01,2.288222958643276E-02,1.403480069649631E-02,-1.452101773761758E-02,-1.007934919127409E-03
2443711.500000000,-4.407956776161370E-01,-5.743647472190487E-01,1.763604580209676E-02,1.590345135159647E-02,-1.240884667608818E-02,-1.087089709344966E-03
2443716.500000000,-3.572545514538912E-01,-6.306294194386941E-01,1.204690266370988E-02,1.745811148651573E-02,-1.006161188427207E-02,-1.144916566075549E-03
2443721.500000000,-2.667853316609971E-01,-6.746664359274428E-01,6.224114232525117E-03,1.867053688901534E-02,-7.525821588123738E-03,-1.180417449548307E-03
2443726.500000000,-1.711557357526067E-01,-7.056558990436743E-01,2.809032803993830E-04,1.951926530210813E-02,-4.851059730677934E-03,-1.193027786133574E-03
2443731.500000000,-7.222328850399008E-02,-7.230315017428980E-01,-5.667772452350579E-03,1.998986669514127E-02,-2.089016969905357E-03,-1.182617727915587E-03
2443736.500000000,2.810019234795792E-02,-7.264886444133742E-01,-1.150738135618546E-02,2.007506363102126E-02,7.074739610444877E-04,-1.149485962913623E-03
2443741.500000000,1.278844068573471E-01,-7.159877707706725E-01,-1.712593106095558E-02,1.977473112389016E-02,3.485383815689693E-03,-1.094346833679232E-03
2443746.500000000,2.252161025081561E-01,-6.917530481809196E-01,-2.241600194783991E-02,1.909578601979592E-02,6.192401841866577E-03,-1.018311499419348E-03
2443751.500000000,3.182337953299874E-01,-6.542665677732057E-01,-2.727667302410491E-02,1.805197581215860E-02,8.777811642617952E-03,-9.228638273884778E-04
2443756.500000000,4.051612029195164E-01,-6.042582764398100E-01,-3.161531535228822E-02,1.666357600657337E-02,1.119332169742879E-02,-8.098316142684811E-04
2443761.500000000,4.843389520248340E-01,-5.426918791739030E-01,-3.534923094791105E-02,1.495700371643168E-02,1.339384603590172E-02,-6.813536244413210E-04
2443766.500000000,5.542541576832033E-01,-4.707469710377318E-01,-3.840711729161701E-02,1.296435363885033E-02,1.533823101474329E-02,-5.398428708221267E-04
2443771.500000000,6.135675001506882E-01,-3.897976784865771E-01,-4.073033980612269E-02,1.072286215113824E-02,1.698992421876499E-02,-3.879465919839448E-04
2443776.500000000,6.611374531730871E-01,-3.013881068341794E-01,-4.227399663249670E-02,8.274304331474256E-03,1.831758269415684E-02,-2.285032179216366E-04
2443781.500000000,6.960413347303583E-01,-2.072049049957413E-01,-4.300776089790290E-02,5.664326186945855E-03,1.929561697991173E-02,-6.449642065378152E-05
2443786.500000000,7.175928608663749E-01,-1.090472829965751E-01,-4.291648636654603E-02,2.941714096868417E-03,1.990466480045775E-02,1.009935329506311E-04
2443791.500000000,7.253558960923244E-01,-8.794852160466264E-03,-4.200056377699191E-02,1.576045830205580E-04,2.013198699376274E-02,2.648408042397929E-04
2443796.500000000,7.191541114031247E-01,9.162630258797978E-02,-4.027601684158351E-02,-2.635361679206709E-03,1.997177721530867E-02,4.239270313684783E-04
2443801.500000000,6.990762834735601E-01,1.902788631909509E-01,-3.777432882708901E-02,-5.383936371783564E-03,1.942537559809963E-02,5.751959641412480E-04
2443806.500000000,6.654769998170047E-01,2.852503245148674E-01,-3.454199317233671E-02,-8.035203194470675E-03,1.850137544626615E-02,7.157091047762374E-04
2443811.500000000,6.189725782867990E-01,3.746892827279025E-01,-3.063978488554803E-02,-1.053755051111602E-02,1.721561157535083E-02,8.427016203336685E-04
2443816.500000000,5.604320682445049E-01,4.568413463794519E-01,-2.614175350661825E-02,-1.284166348173904E-02,1.559101930410740E-02,9.536376454336179E-04
2443821.500000000,4.909632775745659E-01,5.300839985794764E-01,-2.113394320387826E-02,-1.490151837238596E-02,1.365735445599023E-02,1.046263936372264E-03
2443826.500000000,4.118938662159803E-01,5.929596956362525E-01,-1.571285131955693E-02,-1.667535779023556E-02,1.145076692085605E-02,1.118660598226380E-03
2443831.500000000,3.247476617110465E-01,6.442064574203979E-01,-9.983643854312269E-03,-1.812662236197900E-02,9.013223366425595E-03,1.169287295805323E-03
2443836.500000000,2.312164800196852E-01,6.827851931036725E-01,-4.058154804527449E-03,-1.922481244502899E-02,6.391779152923028E-03,1.197023220191134E-03
2443841.500000000,1.331278697044175E-01,7.079030209214454E-01,1.947295424334331E-03,-1.994625243951562E-02,3.637705627010280E-03,1.201199257160247E-03
2443846.500000000,3.240933593481485E-02,7.190318885796729E-01,7.914220230433002E-03,-2.027472997356225E-02,8.054858120897441E-04,1.181621071961563E-03
2443851.500000000,-6.895026302133152E-02,7.159218822462150E-01,1.372437736450247E-02,-2.020198351589109E-02,-2.048302145906798E-03,1.138581974241288E-03
2443856.500000000,-1.689413280063436E-01,6.986087226261386E-01,1.926221595797941E-02,-1.972801446689420E-02,-4.866189072626897E-03,1.072864472404332E-03
2443861.500000000,-2.655752094399908E-01,6.674150826780461E-01,2.441730134463370E-02,-1.886120358616012E-02,-7.591076486561428E-03,9.857297727139439E-04
2443866.500000000,-3.569259640260927E-01,6.229455282629415E-01,2.908665689905903E-02,-1.761821980261074E-02,-1.016751904563083E-02,8.788950901495703E-04
2443871.500000000,-4.411711261683688E-01,5.660750778988419E-01,3.317696224163206E-02,-1.602371714425115E-02,-1.254298800143891E-02,7.544989575894792E-04
2443876.500000000,-5.166304396651366E-01,4.979315727456328E-01,3.660654944413200E-02,-1.410982323317212E-02,-1.466907720503309E-02,6.150552872838153E-04
2443881.500000000,-5.818015343539379E-01,4.198722408451611E-01,3.930714389061671E-02,-1.191543149680001E-02,-1.650261307953383E-02,4.633974111002125E-04
2443886.500000000,-6.353916139672537E-01,3.334550273888541E-01,4.122530364796675E-02,-9.485317496397281E-03,-1.800663263679575E-02,3.026137543258510E-04
2443891.500000000,-6.763443424530953E-01,2.404054298594607E-01,4.232352044332113E-02,-6.869107152642216E-03,-1.915119894792307E-02,1.359771657565564E-04
2443896.500000000,-7.038612701498296E-01,1.425797131259409E-01,4.258095611538024E-02,-4.120130440994690E-03,-1.991403038487922E-02,-3.312983228604684E-05
2443901.500000000,-7.174173195478276E-01,4.192547835363992E-02,4.199380005834102E-02,-1.294197977735247E-03,-2.028092794052294E-02,-2.012914985587247E-04
2443906.500000000,-7.167700426829435E-01,-5.955938315963608E-02,4.057524506394317E-02,1.551660360526041E-03,-2.024599345979687E-02,-3.651346741725826E-04
2443911.500000000,-7.019625577419411E-01,-1.598683055746029E-01,3.835509045538491E-02,4.360456061222819E-03,-1.981164007398182E-02,-5.214017124433412E-04
2443916.500000000,-6.733202608449309E-01,-2.570272142674178E-01,3.537899192335198E-02,7.076465520332074E-03,-1.898840395044078E-02,-6.670185645337434E-04
2443921.500000000,-6.314415810445123E-01,-3.491342853559449E-01,3.170738655101204E-02,9.646384245271304E-03,-1.779457317071060E-02,-7.991563740746813E-04
2443926.500000000,-5.771831950618098E-01,-4.343974353888824E-01,2.741412882286028E-02,1.202038475075984E-02,-1.625565477015367E-02,-9.152853097975201E-04
2443931.500000000,-5.116402382701503E-01,-5.111687922826746E-01,2.258487879276954E-02,1.415305718346076E-02,-1.440370448966480E-02,-1.013219753546876E-03
2443936.500000000,-4.361221379946859E-01,-5.779755266087900E-01,1.731528707502458E-02,1.600421777421867E-02,-1.227654565267674E-02,-1.091154325838473E-03
2443941.500000000,-3.521247551365632E-01,-6.335465566625266E-01,1.170902301200054E-02,1.753957604355158E-02,-9.916904357554272E-03,-1.147690599527542E-03
2443946.500000000,-2.612995500462012E-01,-6.768347763645068E-01,5.875692068659603E-03,1.873125796986875E-02,-7.371487676169771E-03,-1.181854769534156E-03
2443951.500000000,-1.654204879508970E-01,-7.070345812723617E-01,-7.131349751425873E-05,1.955818767273516E-02,-4.690028232725671E-03,-1.193106747399323E-03
2443956.500000000,-6.634938026892141E-02,-7.235945754020896E-01,-6.016988918502539E-03,2.000633228359094E-02,-1.924315134069774E-03,-1.181341132332391E-03
2443961.500000000,3.399967019418201E-02,-7.262254370009005E-01,-1.184687703883341E-02,2.006881693729443E-02,8.727705566212170E-04,-1.146880704622342E-03
2443966.500000000,1.336960938112007E-01,-7.149030051388825E-01,-1.744917886998789E-02,1.974591938120175E-02,3.648200793852730E-03,-1.090463236618898E-03
2443971.500000000,2.308283720863789E-01,-6.898667145295782E-01,-2.271678307593347E-02,1.904495440503247E-02,6.349714664071419E-03,-1.013222372797782E-03
2443976.500000000,3.235387228730659E-01,-6.516135550109116E-01,-2.754918645306826E-02,1.798005789072537E-02,8.926693199883963E-03,-9.166632538636654E-04
2443981.500000000,4.100564737677426E-01,-6.008877686262191E-01,-3.185428065512508E-02,1.657187943640292E-02,1.133098863327503E-02,-8.026334834615048E-04
2443986.500000000,4.887296865524262E-01,-5.386665243291128E-01,-3.554998319364089E-02,1.484719133913085E-02,1.351770341263045E-02,-6.732899494052165E-04
2443991.500000000,5.580546311318264E-01,-4.661418310706531E-01,-3.856569307702020E-02,1.283842036600043E-02,1.544591525598598E-02,-5.310619208079913E-04
2443996.500000000,6.167027361429176E-01,-3.846989676485693E-01,-4.084355334542947E-02,1.058310739417397E-02,1.707934481416890E-02,-3.786107595876996E-04
2444001.500000000,6.635446658289655E-01,-2.958917253498540E-01,-4.233950427958287E-02,8.123298854443675E-03,1.838696221341992E-02,-2.187865201959602E-04
2444006.500000000,6.976711903081918E-01,-2.014147799882895E-01,-4.302411233488629E-02,5.504873123958490E-03,1.934352789280121E-02,-5.458168091415023E-05
2444011.500000000,7.184105308199978E-01,-1.030735359239856E-01,-4.288316111002496E-02,2.776804542150176E-03,1.993006189291523E-02,1.109177250597514E-04
2444016.500000000,7.253418745405805E-01,-2.751816784943471E-03,-4.191799205840191E-02,-9.632248270021956E-06,2.013423466134578E-02,2.745833040818311E-04
2444021.500000000,7.183047703444557E-01,9.762218509871562E-02,-4.014558388206670E-02,-2.801713382402375E-03,1.995067123360281E-02,4.332975863560640E-04
2444026.500000000,6.974041422731467E-01,1.961112425179320E-01,-3.759836115788297E-02,-5.546166630438412E-03,1.938115848170997E-02,5.840089474876795E-04
2444031.500000000,6.630106881851316E-01,2.908051969987516E-01,-3.432372567329164E-02,-8.190114999411958E-03,1.843474379916878E-02,7.237874744488762E-04
2444036.500000000,6.157564762037373E-01,3.798572601335171E-01,-3.038330782258067E-02,-1.068205174492890E-02,1.712771370401731E-02,8.498809234845573E-04
2444041.500000000,5.565256177009070E-01,4.615198869860522E-01,-2.585193985963798E-02,-1.297283219657157E-02,1.548344254822274E-02,9.597698707068173E-04
2444046.500000000,4.864399727749799E-01,5.341795493606183E-01,-2.081635744966896E-02,-1.501666590806795E-02,1.353210225763625E-02,1.051221047453131E-03
2444051.500000000,4.068399359367312E-01,5.963896933751539E-01,-1.537364179239963E-02,-1.677208863312894E-02,1.131022527757294E-02,1.122337534674504E-03
2444056.500000000,3.192604625002463E-01,6.469011356564381E-01,-9.629421719832998E-03,-1.820288978238734E-02,8.860116827939269E-03,1.171604326312789E-03
2444061.500000000,2.254026241532296E-01,6.846891452157100E-01,-3.695862725208274E-03,-1.927896871821706E-02,6.229117535527613E-03,1.197927738684626E-03
2444066.500000000,1.271011189899151E-01,7.089764768570531E-01,2.310522501029119E-03,-1.997709197292997E-02,3.468723000710462E-03,1.200667149078624E-03
2444071.500000000,2.628830164841284E-02,7.192516698260384E-01,8.271200020371168E-03,-2.028152339303705E-02,6.335729742929050E-04,1.179657622085236E-03
2444076.500000000,-7.504456376585117E-02,7.152820048945815E-01,1.406802824898102E-02,-2.018450066734054E-02,-2.219670714559617E-03,1.135222152218937E-03
2444081.500000000,-1.748879997659986E-01,6.971206248014812E-01,1.958570465623176E-02,-1.968653486192673E-02,-5.033531992791190E-03,1.068172519794953E-03
2444086.500000000,-2.712560269886687E-01,6.651074650582216E-01,2.471418684872107E-02,-1.879651446142277E-02,-7.750982939050617E-03,9.797981160688163E-04
2444091.500000000,-3.622278804979340E-01,6.198638101533676E-01,2.935102716588894E-02,-1.753160184129266E-02,-1.031672496205483E-02,8.718425267141667E-04
2444096.500000000,-4.459886785989646E-01,5.622804772898768E-01,3.340356005006101E-02,-1.591691774842944E-02,-1.267844999759587E-02,7.464681450157612E-04
2444101.500000000,-5.208679905914341E-01,4.934998271046417E-01,3.679088406201182E-02,-1.398501778344005E-02,-1.478804190377723E-02,6.062095871676875E-04
2444106.500000000,-5.853752914803838E-01,4.148919982025663E-01,3.944558550937875E-02,-1.177517352036881E-02,-1.660267927569110E-02,4.539171717549202E-04
2444111.500000000,-6.382313760073711E-01,3.280259491722857E-01,4.131515811888749E-02,-9.332479288643409E-03,-1.808580409282714E-02,2.926921776173214E-04
2444116.500000000,-6.783949288935073E-01,2.346360568101019E-01,4.236308269424503E-02,-6.706813163341312E-03,-1.920792618239524E-02,1.258159419232732E-04
2444121.500000000,-7.050836051033620E-01,1.365851509129498E-01,4.256954142816761E-02,-3.951685856772754E-03,-1.994724102013259E-02,-4.332500834275418E-05
2444126.500000000,-7.177891497297388E-01,3.582496011132388E-02,4.193175267033051E-02,-1.123013993446520E-03,-2.029004549642140E-02,-2.113155063519979E-04
2444131.500000000,-7.162862768281342E-01,-6.564499771778787E-02,4.046392386907249E-02,1.722142838267774E-03,-2.023094380147224E-02,-3.747875160681315E-04
2444136.500000000,-7.006352262960520E-01,-1.658190317492338E-01,3.819683246558213E-02,4.526841530707384E-03,-1.977284530674996E-02,-5.304928288160797E-04
2444141.500000000,-6.711781083330212E-01,-2.627263833445159E-01,3.517705511388356E-02,7.235475377179997E-03,-1.892676442417695E-02,-6.753707388303152E-04
2444146.500000000,-6.285293132272790E-01,-3.544708681739003E-01,3.146587444332529E-02,9.794923175879735E-03,-1.771143876640386E-02,-8.066091279666851E-04
2444151.500000000,-5.735604096121893E-01,-4.392681991616283E-01,2.713789934466817E-02,1.215560067048882E-02,-1.615278722968573E-02,-9.216978007872156E-04
2444156.500000000,-5.073800750796557E-01,-5.154802504567536E-01,2.227943991557197E-02,1.427239324171307E-02,-1.428323258938712E-02,-1.018473158715466E-03
2444161.500000000,-4.313096909915033E-01,-5.816456504180363E-01,1.698668187991676E-02,1.610545571748605E-02,-1.214091501551596E-02,-1.095153689320758E-03
2444166.500000000,-3.468552884794895E-01,-6.365062258207972E-01,1.136370678229893E-02,1.762087118911309E-02,-9.768823495411201E-03,-1.150366179771271E-03
2444171.500000000,-2.556765598049389E-01,-6.790289522746350E-01,5.520403928242495E-03,1.879116598618858E-02,-7.213871052708306E-03,-1.183162859292787E-03
2444176.500000000,-1.595536516339116E-01,-7.084231901494734E-01,-4.296815606922744E-04,1.959568256190957E-02,-4.525937458084149E-03,-1.193029897681247E-03
2444181.500000000,-6.035243852753832E-02,-7.241530968363279E-01,-6.371522784677777E-03,2.002081566210334E-02,-1.756900260502598E-03,-1.179887853408996E-03
2444186.500000000,4.001105872881044E-02,-7.259452022949563E-01,-1.219076865581633E-02,2.006011969669521E-02,1.040328278870267E-03,-1.144084767780353E-03
2444191.500000000,1.396064891121304E-01,-7.137912143603615E-01,-1.777585010839241E-02,1.971429673836570E-02,3.812744122257060E-03,-1.086382641647496E-03
2444196.500000000,2.365246496377178E-01,-6.879461832388029E-01,-2.302000365067198E-02,1.899107508503161E-02,6.508163264104712E-03,-1.007938009293168E-03
2444201.500000000,3.289121027633830E-01,-6.489222024050325E-01,-2.782318438080646E-02,1.790498783930565E-02,9.076094163941286E-03,-9.102772503674285E-04
2444206.500000000,4.150044545940620E-01,-5.974778597399845E-01,-3.209384364996281E-02,1.647706002760932E-02,1.146856419864956E-02,-7.952672397401637E-04
2444211.500000000,4.931578574341420E-01,-5.346036827822755E-01,-3.575054962912128E-02,1.473441260384403E-02,1.364089488045807E-02,-6.650819566640293E-04
2444216.500000000,5.618783401649586E-01,-4.615038422951537E-01,-3.872343177871812E-02,1.270979051494661E-02,1.555242297676498E-02,-5.221654791375738E-04
2444221.500000000,6.198485982233219E-01,-3.795743905829016E-01,-4.095543165708112E-02,1.044101900326392E-02,1.716716489116648E-02,-3.691915578778494E-04
2444226.500000000,6.659518923102553E-01,-2.903783286330971E-01,-4.240334357754885E-02,7.970391358431778E-03,1.845441994290059E-02,-2.090200339494089E-04
2444231.500000000,6.992927214557576E-01,-1.956178199599876E-01,-4.303863009187299E-02,5.343991431029148E-03,1.938930753659769E-02,-4.465039644375166E-05
2444236.500000000,7.192139517474746E-01,-9.710389560249878E-02,-4.284799863846472E-02,2.610953859440702E-03,1.995323246483420E-02,1.208272683199463E-04
2444241.500000000,7.253100967048243E-01,3.275973109673483E-03,-4.183372696122461E-02,-1.773349371805485E-04,2.013427117239452E-02,2.842836680668870E-04
2444246.500000000,7.174364625215581E-01,1.035920176809283E-01,-4.001372641796930E-02,-2.968091025054877E-03,1.992747027751672E-02,4.426036913325327E-04
2444251.500000000,6.957138951284695E-01,2.019075681507043E-01,-3.742133429806031E-02,-5.708036849046277E-03,1.933504731613878E-02,5.927413288065400E-04
2444256.500000000,6.605288997145022E-01,2.963151853552077E-01,-3.410482892926063E-02,-8.344346807218510E-03,1.836648274560033E-02,7.317755213148981E-04
2444261.500000000,6.125289500632539E-01,3.849729577912485E-01,-3.012666481318097E-02,-1.082562368069092E-02,1.703849190973018E-02,8.569661553885125E-04
2444266.500000000,5.526128673122442E-01,4.661403354013847E-01,-2.556242938277326E-02,-1.310289178921597E-02,1.537486612083809E-02,9.658092426241694E-04
2444271.500000000,4.819162271568593E-01,5.382128214708251E-01,-2.049952825871789E-02,-1.513058921974804E-02,1.340617342271437E-02,1.056090134689001E-03
2444276.500000000,4.017918515652135E-01,5.997548024006394E-01,-1.503561204983673E-02,-1.686753799532567E-02,1.116931208844809E-02,1.125933459536587E-03
2444281.500000000,3.137855547294340E-01,6.495297690291456E-01,-9.276764649989768E-03,-1.827786794982993E-02,8.706913561058027E-03,1.173848339594053E-03
2444286.500000000,2.196074402933366E-01,6.865271783116937E-01,-3.335480357169101E-03,-1.933186779336504E-02,6.066596365376991E-03,1.198767393143532E-03
2444291.500000000,1.210991828828577E-01,7.099852254371073E-01,2.671535304352946E-03,-2.000673564855619E-02,3.300077954278777E-03,1.200077994928312E-03
2444296.500000000,2.019786675645946E-02,7.194088434739706E-01,8.625698581709239E-03,-2.028720105688524E-02,4.621562801039192E-04,1.177644316292981E-03
2444301.500000000,-8.110290820402460E-02,7.145823232143884E-01,1.440896504533577E-02,-2.016599175811426E-02,-2.390419566742318E-03,1.131818914770083E-03
2444306.500000000,-1.807938157342593E-01,6.955760666565713E-01,1.990627668921301E-02,-1.964412147704073E-02,-5.200161537618824E-03,1.063442822014100E-03
2444311.500000000,-2.768915460547403E-01,6.627471363772743E-01,2.500797949979931E-02,-1.873098126014888E-02,-7.910106668115792E-03,9.738335975403947E-04
2444316.500000000,-3.674804899146766E-01,6.167334271920528E-01,2.961215083954775E-02,-1.744422325504381E-02,-1.046509786619670E-02,8.647612004917763E-04
2444321.500000000,-4.507533120616043E-01,5.584414726288472E-01,3.362677614052834E-02,-1.580943268746505E-02,-1.281304255428452E-02,7.384119289071542E-04
2444326.500000000,-5.250493623577918E-01,4.890280968143276E-01,3.697171700687996E-02,-1.385959241565327E-02,-1.490610925323942E-02,5.973412197468669E-04
2444331.500000000,-5.888899167594924E-01,4.098763195463852E-01,3.958041806162244E-02,-1.163435322209333E-02,-1.670182351555529E-02,4.444165991568077E-04
2444336.500000000,-6.410093269974350E-01,3.225661075525137E-01,4.140130741230787E-02,-9.179131195214598E-03,-1.816402805039086E-02,2.827524964335391E-04
2444341.500000000,-6.803812829245676E-01,2.288407280558536E-01,4.239885506109278E-02,-6.544060679719269E-03,-1.926367724782437E-02,1.156389721418811E-04
2444346.500000000,-7.062395485647189E-01,1.305695929146092E-01,4.255426445405065E-02,-3.782836849534383E-03,-1.997944326502908E-02,-5.353336236524637E-05
2444351.500000000,-7.180927131456765E-01,2.970857600047034E-02,4.186578405737858E-02,-9.514856049643936E-04,-2.029811888675907E-02,-2.213498558467578E-04
2444356.500000000,-7.157326915987150E-01,-7.174116088217229E-02,4.034863771962394E-02,1.892899990697502E-03,-2.021481092530303E-02,-3.844474094683207E-04
2444361.500000000,-6.992369043701359E-01,-1.717747883235867E-01,3.803458399333998E-02,4.693418154173634E-03,-1.973292635967945E-02,-5.395869529281502E-04
2444366.500000000,-6.689642535382038E-01,-2.684248613899214E-01,3.497112497890888E-02,7.394575730610455E-03,-1.886396113765697E-02,-6.837208611069383E-04
2444371.500000000,-6.255451821511532E-01,-3.598008554337320E-01,3.122039417910831E-02,9.943432674113274E-03,-1.762710806646653E-02,-8.140536924923299E-04
2444376.500000000,-5.698662498591058E-01,-4.441263329116776E-01,2.685776006226815E-02,1.229064708362219E-02,-1.604870525143834E-02,-9.280949886025918E-04
2444381.500000000,-5.030497764839265E-01,-5.197730058358050E-01,2.197018734041558E-02,1.439140009100507E-02,-1.416155039460929E-02,-1.023703288835291E-03
2444386.500000000,-4.264291914037295E-01,-5.852910916385524E-01,1.665440094080067E-02,1.620618702314167E-02,-1.200410844727152E-02,-1.099121019103463E-03
2444391.500000000,-3.415207767427089E-01,-6.394354960676538E-01,1.101489843449365E-02,1.770146795232891E-02,-9.619638955499700E-03,-1.153000222125068E-03
2444396.500000000,-2.499925162838399E-01,-6.811874834953122E-01,5.161856570467821E-03,1.885017466398045E-02,-7.055267762034944E-03,-1.184419223405679E-03
2444401.500000000,-1.536307667313093E-01,-7.097716170271443E-01,-7.910236877253799E-04,1.963207540030528E-02,-4.361027081308328E-03,-1.192890666239075E-03
2444406.500000000,-5.430544942515606E-02,-7.246678653062885E-01,-6.728692107941457E-03,2.003400314218999E-02,-1.588885365089931E-03,-1.178361583462544E-03
2444411.500000000,4.606557453956973E-02,-7.256188707790562E-01,-1.253690594370464E-02,2.004995538776447E-02,1.208215337998957E-03,-1.141206150270266E-03
2444416.500000000,1.455523253204929E-01,-7.126324533833420E-01,-1.810433341351673E-02,1.968107439072864E-02,3.977300551850291E-03,-1.082211726605321E-03
2444421.500000000,2.422481479617353E-01,-6.859794845686357E-01,-2.332457204093602E-02,1.893551766643481E-02,6.666272565350719E-03,-1.002558886836570E-03
2444426.500000000,3.343042555082439E-01,-6.461873123010745E-01,-2.809805376180594E-02,1.782822895097659E-02,9.224779673847164E-03,-9.037962281030347E-04
2444431.500000000,4.199628980452045E-01,-5.940289530984240E-01,-3.233381253757651E-02,1.638061907326353E-02,1.160503920600498E-02,-7.878106671487494E-04
2444436.500000000,4.975887277277543E-01,-5.305082948197631E-01,-3.595109328946138E-02,1.462016465420982E-02,1.376260949276759E-02,-6.567937432851194E-04
2444441.500000000,5.656979651511287E-01,-4.568415752640749E-01,-3.888078317016100E-02,1.257993083973718E-02,1.565710700720248E-02,-5.132043087404534E-04
2444446.500000000,6.229849994217603E-01,-3.744354188993647E-01,-4.106664796748218E-02,1.029802271681390E-02,1.725286545717795E-02,-3.597279440241281E-04
2444451.500000000,6.683460749012340E-01,-2.848617299568028E-01,-4.246635794523870E-02,7.816969171590348E-03,1.851953352587869E-02,-1.992333443130037E-04
2444456.500000000,7.008997356360875E-01,-1.898297594192920E-01,-4.305228831754334E-02,5.183042616910014E-03,1.943260665876999E-02,-3.472581335408230E-05
2444461.500000000,7.200037135667217E-01,-9.115569031222538E-02,-4.281208045397950E-02,2.445517134621374E-03,1.997388688822199E-02,1.307018853109590E-04
2444466.500000000,7.252679581946218E-01,9.269881924866236E-03,-4.174895137595917E-02,-3.441326256111523E-04,2.013186365542440E-02,2.939210144235165E-04
2444471.500000000,7.165635199438913E-01,1.095161569766636E-01,-3.988174069080647E-02,-3.133088027315381E-03,1.990200642289283E-02,4.518203234260388E-04
2444476.500000000,6.940270251465703E-01,2.076475576495083E-01,-3.724468644526402E-02,-5.868091876215253E-03,1.928695852881625E-02,6.013609181296763E-04
2444481.500000000,6.580605194242316E-01,3.017598595150592E-01,-3.388692430622169E-02,-8.496394154410052E-03,1.829662232538925E-02,7.396319697948688E-04
2444486.500000000,6.093265016679121E-01,3.900164521449387E-01,-2.987170740012545E-02,-1.096672812701862E-02,1.694812472720155E-02,8.639066054918653E-04
2444491.500000000,5.487380295149087E-01,4.706841048620745E-01,-2.527534826013002E-02,-1.323030293426186E-02,1.526565165123323E-02,9.716969854727754E-04
2444496.500000000,4.774438576412421E-01,5.421675562691122E-01,-2.018588990617336E-02,-1.524179456499676E-02,1.328014170532578E-02,1.060807361401491E-03
2444501.500000000,3.968086691913698E-01,6.030422055784636E-01,-1.470151942032874E-02,-1.696031380562568E-02,1.102883236565127E-02,1.129383788748729E-03
2444506.500000000,3.083885751815728E-01,6.520841586162937E-01,-8.928744309901111E-03,-1.835032682348933E-02,8.554655500109377E-03,1.175959050628606E-03
2444511.500000000,2.139021846473330E-01,6.882968768405574E-01,-2.980359379478463E-03,-1.938250168861945E-02,5.905483742119809E-03,1.199491274554455E-03
2444516.500000000,1.151976856109573E-01,7.109336988714565E-01,3.026760533864433E-03,-2.003445281080023E-02,3.133234810030992E-03,1.199394721309447E-03
2444521.500000000,1.421651758359036E-02,7.195155549185080E-01,8.973999181791037E-03,-2.029135531059756E-02,2.928471102569418E-04,1.175561311915991E-03
2444526.500000000,-8.704564718381318E-02,7.138432774303731E-01,1.474341934912377E-02,-2.014640298610236E-02,-2.558853529310332E-03,1.128371641920741E-03
2444531.500000000,-1.865797724773702E-01,6.940040264980369E-01,2.022020999476741E-02,-1.960108689930008E-02,-5.364369833523196E-03,1.058694512080628E-03
2444536.500000000,-2.824052327805581E-01,6.603714938048411E-01,2.529510099448077E-02,-1.866527666162760E-02,-8.066799975945779E-03,9.678743727710176E-04
2444541.500000000,-3.726114759199191E-01,6.135997195463513E-01,2.986668445264591E-02,-1.735709306695073E-02,-1.061111916399877E-02,8.577065199048104E-04
2444546.500000000,-4.553985180468859E-01,5.546105457912606E-01,3.384358195347049E-02,-1.570256849628772E-02,-1.294543682011922E-02,7.304003730449101E-04
2444551.500000000,-5.291152187646067E-01,4.845749283836906E-01,3.714640007786477E-02,-1.373510016992507E-02,-1.502218936790850E-02,5.885316892819618E-04
2444556.500000000,-5.922943320470802E-01,4.048885264887917E-01,3.970942202803800E-02,-1.149471024918147E-02,-1.679923029380040E-02,4.349850466678663E-04
2444561.500000000,-6.436834184979466E-01,3.171421708851784E-01,4.148199073117469E-02,-9.027134385343825E-03,-1.824078327260570E-02,2.728882482150039E-04
2444566.500000000,-6.822708280033722E-01,2.230879719096452E-01,4.242954778245096E-02,-6.382766530251593E-03,-1.931822860015542E-02,1.055406219662218E-04
2444571.500000000,-7.073061180557499E-01,1.246019633964046E-01,4.253430358614163E-02,-3.615494660205435E-03,-2.001069910890321E-02,-6.366237642079238E-05
2444576.500000000,-7.183144580580137E-01,2.364427536509655E-02,4.179552651251867E-02,-7.814659225064231E-04,-2.030547121676510E-02,-2.313057565743429E-04
2444581.500000000,-7.151047641608085E-01,-7.778212474583969E-02,4.022945090814585E-02,2.062179729090570E-03,-2.019814634395145E-02,-3.940305017966721E-04
2444586.500000000,-6.977715052786062E-01,-1.776730779269796E-01,3.786881463836267E-02,4.858568354484864E-03,-1.969262531944769E-02,-5.486059040842421E-04
2444591.500000000,-6.666903095214336E-01,-2.740642526367475E-01,3.476204708019795E-02,7.552307444847290E-03,-1.880088552224366E-02,-6.919967394639277E-04
2444596.500000000,-6.225076682932027E-01,-3.650705904799795E-01,3.097213763563803E-02,1.009062660221752E-02,-1.754257771827835E-02,-8.214236499627024E-04
2444601.500000000,-5.661251797306891E-01,-4.489233305037791E-01,2.657522190475074E-02,1.242441724011479E-02,-1.594446466853132E-02,-9.344155307348192E-04
2444606.500000000,-4.986788893272396E-01,-5.240038832536850E-01,2.165892767195908E-02,1.450915119290102E-02,-1.403972683329898E-02,-1.028853115701942E-03
2444611.500000000,-4.215143701172527E-01,-5.888739571718637E-01,1.632052592615453E-02,1.630566451985608E-02,-1.186716215569372E-02,-1.103003338585240E-03
2444616.500000000,-3.361582379120259E-01,-6.423014757061530E-01,1.066493335176162E-02,1.778079889044147E-02,-9.470307009913068E-03,-1.155544398429276E-03
2444621.500000000,-2.442868211754201E-01,-6.832819563201324E-01,4.802612310539256E-03,1.890789839440990E-02,-6.896504157032262E-03,-1.185581757250619E-03
2444626.500000000,-1.476927040811439E-01,-7.110551464640578E-01,-1.152587415402089E-03,1.966716418830630E-02,-4.195941266738304E-03,-1.192655530354951E-03
2444631.500000000,-4.824983996270159E-02,-7.251168220779005E-01,-7.085603585246156E-03,2.004587291666976E-02,-1.420680556197636E-03,-1.176739890877413E-03
2444636.500000000,5.212210376530327E-02,-7.252257485011845E-01,-1.288231497988811E-02,2.003846721841947E-02,1.376303324359225E-03,-1.138235192587658E-03
2444641.500000000,1.514935529676988E-01,-7.114058807243681E-01,-1.843163878147375E-02,1.964652773335911E-02,4.142063392021483E-03,-1.077953525008887E-03
2444646.500000000,2.479604181478164E-01,-6.839439419259294E-01,-2.362754082537164E-02,1.887863636859509E-02,6.824587226397593E-03,-9.970984367781894E-04
2444651.500000000,3.396785520124332E-01,-6.433825692898085E-01,-2.837093154914796E-02,1.775014130031889E-02,9.373662024238671E-03,-8.972396173821931E-04
2444656.500000000,4.248968072032538E-01,-5.905092501037812E-01,-3.257142405990519E-02,1.628283341091465E-02,1.174169284436362E-02,-7.802831332335429E-04
2444661.500000000,5.019882693734020E-01,-5.263412909423341E-01,-3.614893301930849E-02,1.450454094947390E-02,1.388447047539621E-02,-6.484375779317418E-04
2444666.500000000,5.694792708821961E-01,-4.521070819955933E-01,-3.903509489315031E-02,1.244864804295534E-02,1.576188484408441E-02,-5.041765389083753E-04
2444671.500000000,6.260758175694089E-01,-3.692239382393454E-01,-4.117449214314722E-02,1.015354217365165E-02,1.733858029703481E-02,-3.501977617132747E-04
2444676.500000000,6.706870836638921E-01,-2.792728169442055E-01,-4.252566557406735E-02,7.661994501475076E-03,1.858454912308733E-02,-1.893792873649590E-04
2444681.500000000,7.024456465970809E-01,-1.839702311579735E-01,-4.306190026958368E-02,5.020475944212514E-03,1.947565878185229E-02,-2.473278687483849E-05
2444686.500000000,7.207241470438328E-01,-8.513770471228080E-02,-4.277177166305893E-02,2.278411635376525E-03,1.999410696353420E-02,1.406456787421697E-04
2444691.500000000,7.251480732594969E-01,1.533085259821355E-02,-4.165943952499439E-02,-5.126232507605466E-04,2.012879710308242E-02,3.036272008232893E-04
2444696.500000000,7.156043860584954E-01,1.155034303525759E-01,-3.974467919741886E-02,-3.299762271405000E-03,1.987562547620194E-02,4.611035142481043E-04
2444701.500000000,6.922457250065754E-01,2.134453963065835E-01,-3.706264145348374E-02,-6.029755316199288E-03,1.923766970392582E-02,6.100419659416207E-04
2444706.500000000,6.554899709502912E-01,3.072556482911312E-01,-3.366333508184268E-02,-8.649916881546925E-03,1.822526759601611E-02,7.475413388559204E-04
2444711.500000000,6.060149879540381E-01,3.951028624934588E-01,-2.961082983283578E-02,-1.110910391137427E-02,1.685597498753719E-02,8.708877351903534E-04
2444716.500000000,5.447484315330718E-01,4.752612056853021E-01,-2.498218180744757E-02,-1.335870873082091E-02,1.515439178228113E-02,9.776095370039595E-04
2444721.500000000,4.728525913186326E-01,5.461448285883130E-01,-1.986608873415679E-02,-1.535364903645242E-02,1.315184703487603E-02,1.065530282664750E-03
2444726.500000000,3.917043352638550E-01,6.063404181980847E-01,-1.436128881303829E-02,-1.705333343774538E-02,1.088593664599621E-02,1.132818127234363E-03
2444731.500000000,3.028703373566215E-01,6.546370624408563E-01,-8.574723832569556E-03,-1.842257833554214E-02,8.399910283327282E-03,1.178030430608581E-03
2444736.500000000,2.080778963206456E-01,6.900526728900146E-01,-2.619494506257173E-03,-1.943245003887398E-02,5.741908422296220E-03,1.200152030680560E-03
2444741.500000000,1.091817918378822E-01,7.118562339906368E-01,3.387356297922445E-03,-2.006100253017100E-02,2.964057877369275E-03,1.198625518992650E-03
2444746.500000000,8.127773368255310E-03,7.195852050266041E-01,9.327188535752023E-03,-2.029388232434922E-02,1.214402114549229E-04,1.173372060980219E-03
2444751.500000000,-9.308659134208043E-02,7.130574868461639E-01,1.508218825799025E-02,-2.012477577037558E-02,-2.729046931920012E-03,1.124801719405698E-03
2444756.500000000,-1.924528625871155E-01,6.923774806218461E-01,2.053781414974219E-02,-1.955567620352959E-02,-5.529909482073684E-03,1.053812294147402E-03
2444761.500000000,-2.879935216948107E-01,6.579359115053828E-01,2.558520814549504E-02,-1.859695300891945E-02,-8.224325557277286E-03,9.617760487385797E-04
2444766.500000000,-3.778035896482159E-01,6.104032622492507E-01,3.012350901136178E-02,-1.726721162187631E-02,-1.075742649384214E-02,8.505141899068012E-04
2444771.500000000,-4.600910150465137E-01,5.507168519561697E-01,3.406200836306120E-02,-1.559294146214272E-02,-1.307755112258729E-02,7.222594647699981E-04
2444776.500000000,-5.332147812545596E-01,4.800617933817701E-01,3.732209165818879E-02,-1.360795731693209E-02,-1.513743349673333E-02,5.796077378033652E-04
2444781.500000000,-5.957197317428787E-01,3.998462583614482E-01,3.983891221480751E-02,-1.135264828482511E-02,-1.689528576914700E-02,4.254598842118630E-04
2444786.500000000,-6.463672037354503E-01,3.116716642516854E-01,4.156275406532652E-02,-8.873056479079532E-03,-1.831574153728917E-02,2.629557534251714E-04
2444791.500000000,-6.841606893170061E-01,2.172985545499830E-01,4.246004908541796E-02,-6.219814676957152E-03,-1.937063052246678E-02,9.540228411663311E-05
2444796.500000000,-7.083659033069373E-01,1.186090753310162E-01,4.251402483119712E-02,-3.446977488649604E-03,-2.003956254558667E-02,-7.380193367619446E-05
2444801.500000000,-7.185248195064021E-01,1.756703932292284E-02,4.172497126748109E-02,-6.107840437749932E-04,-2.031030688511129E-02,-2.412432667833524E-04
2444806.500000000,-7.144634310208066E-01,-8.382338229029319E-02,4.011012643149479E-02,2.231608525218430E-03,-2.017896164170862E-02,-4.035684759873586E-04
2444811.500000000,-6.962931855651086E-01,-1.835592943744788E-01,3.770319244237973E-02,5.023382326386397E-03,-1.964991604511900E-02,-5.575567934052985E-04
2444816.500000000,-6.644062333230829E-01,-2.796800267437203E-01,3.455350364417189E-02,7.709270742697880E-03,-1.873561626159957E-02,-7.001866917865265E-04
2444821.500000000,-6.194647950422649E-01,-3.703064559774439E-01,3.072487758329688E-02,1.023669346248236E-02,-1.745615220741192E-02,-8.286957561329289E-04
2444826.500000000,-5.623851020231898E-01,-4.536778608849494E-01,2.629418624001230E-02,1.255678907226309E-02,-1.583868827882102E-02,-9.406325682631822E-04
2444831.500000000,-4.943164692732706E-01,-5.281855930854039E-01,2.134968939166925E-02,1.462532650533011E-02,-1.391676285922280E-02,-1.033899857276951E-03
2444836.500000000,-4.166161443985888E-01,-5.924029708570255E-01,1.598917526428486E-02,1.640348138714308E-02,-1.172948263432291E-02,-1.106788375336981E-03
2444841.500000000,-3.308206308029380E-01,-6.451109389323569E-01,1.031795527573240E-02,1.785846919893016E-02,-9.320639225596186E-03,-1.158001411361565E-03
2444846.500000000,-2.386142076124106E-01,-6.853191725042247E-01,4.446759034828598E-03,1.896403357831675E-02,-6.737774390165579E-03,-1.186670244266492E-03
2444851.500000000,-1.417953650184021E-01,-7.122824280182201E-01,-1.510426267314079E-03,1.970079262825086E-02,-4.031217184628772E-03,-1.192361026452352E-03
2444856.500000000,-4.224185087752284E-02,-7.255120527126784E-01,-7.438530732689427E-03,2.005644934574980E-02,-1.253113421721643E-03,-1.175073719815367E-03
2444861.500000000,5.812501232472801E-02,-7.247826584157714E-01,-1.322355291223776E-02,2.002587459194756E-02,1.543535519508584E-03,-1.135233794410439E-03
2444866.500000000,1.573761268636873E-01,-7.101340420697557E-01,-1.875465290165557E-02,1.961107234406958E-02,4.305810793728731E-03,-1.073677428560009E-03
2444871.500000000,2.536099721919975E-01,-6.818684961648113E-01,-2.392615671113030E-02,1.882103731834783E-02,6.981780507684398E-03,-9.916309384552496E-04
2444876.500000000,3.449869966920273E-01,-6.405436979667316E-01,-2.863944485254896E-02,1.767151463530126E-02,9.521362707273292E-03,-8.906851529253787E-04
2444881.500000000,4.297625816492938E-01,-5.869613992037793E-01,-3.280470152725476E-02,1.618467046210155E-02,1.187714141458329E-02,-7.727653679346381E-04
2444886.500000000,5.063181525422557E-01,-5.221521622232187E-01,-3.634250343043482E-02,1.438868146660766E-02,1.400513132103150E-02,-6.400972909024916E-04
2444891.500000000,5.731900476119385E-01,-4.473564089597987E-01,-3.918522892181854E-02,1.231724913218058E-02,1.586548741644181E-02,-4.951693052667235E-04
2444896.500000000,6.290957798369367E-01,-3.640020659228316E-01,-4.127827013243557E-02,1.000904347793991E-02,1.742315644193275E-02,-3.406914407361392E-04
2444901.500000000,6.729573486724308E-01,-2.736791042869648E-01,-4.258103231179524E-02,7.507079756156414E-03,1.864846674856436E-02,-1.795513341132793E-04
2444906.500000000,7.039212732603871E-01,-1.781112939832317E-01,-4.306770583155528E-02,4.858030706194312E-03,1.951765191396428E-02,-1.476736053137942E-05
2444911.500000000,7.213750305967542E-01,-7.912551875492933E-02,-4.272779725543373E-02,2.111476780424261E-03,2.001330146036156E-02,1.505608140900817E-04
2444916.500000000,7.249595976472388E-01,2.138096363654084E-02,-4.156640753970350E-02,-6.809017176023675E-04,2.012473077685496E-02,3.133038681369130E-04
2444921.500000000,7.145778185851757E-01,1.214748926563241E-01,-3.960424726344004E-02,-3.466186003821977E-03,1.984826237971373E-02,4.703563345463523E-04
2444926.500000000,6.903983411244475E-01,2.192225409620307E-01,-3.687738029814946E-02,-6.191128801108361E-03,1.918740866074215E-02,6.186916310543985E-04
2444931.500000000,6.528548972097036E-01,3.127258933015655E-01,-3.343668984541048E-02,-8.803104949511168E-03,1.815294431921505E-02,7.554179516093758E-04
2444936.500000000,6.026407526535150E-01,4.001588874675517E-01,-2.934706462329903E-02,-1.125109101423078E-02,1.676285688961634E-02,8.778341616111729E-04
2444941.500000000,5.406982164344798E-01,4.798030806820214E-01,-2.468630761517183E-02,-1.348665906662389E-02,1.504216471114059E-02,9.834846973515363E-04
2444946.500000000,4.682031829017259E-01,5.500820550058654E-01,-1.954377521482766E-02,-1.546496641023816E-02,1.302259323235759E-02,1.070212298068576E-03
2444951.500000000,3.865447799499868E-01,6.095938358818320E-01,-1.401876088686183E-02,-1.714571958276720E-02,1.074210315710448E-02,1.136207232722101E-03
2444956.500000000,2.973003124479098E-01,6.571405744013392E-01,-8.218644487930738E-03,-1.849408791364196E-02,8.244267706587836E-03,1.180051557220574E-03
2444961.500000000,2.022058199046708E-01,6.917547419369168E-01,-2.256835908568067E-03,-1.948153963385162E-02,5.577501108380896E-03,1.200756872481290E-03
2444966.500000000,1.031227058442972E-01,7.127211103017150E-01,3.749450653328615E-03,-2.008657235854439E-02,2.794146133517428E-03,1.197794066767229E-03
2444971.500000000,2.001037321662825E-03,7.195938452567787E-01,9.681548118228994E-03,-2.029530999217559E-02,-5.056520925794142E-05,1.171113632262822E-03
2444976.500000000,-9.915975118151585E-02,7.122081279475465E-01,1.542176340879699E-02,-2.010193997148674E-02,-2.899657228976509E-03,1.121155354042370E-03
2444981.500000000,-1.983518931425790E-01,6.906858376490603E-01,2.085582426148976E-02,-1.950896838896062E-02,-5.695635502144877E-03,1.048846471256757E-03
2444986.500000000,-2.936011087990051E-01,6.554349779612964E-01,2.587528682551266E-02,-1.852727592826950E-02,-8.381758694653612E-03,9.555877728901829E-04
2444991.500000000,-3.830081829917351E-01,6.071427033659706E-01,3.037984317095646E-02,-1.717596450940519E-02,-1.090332010636199E-02,8.432274720273201E-04
2444996.500000000,-4.647892467928956E-01,5.467619962555209E-01,3.427946803754232E-02,-1.548199245165667E-02,-1.320889928243795E-02,7.140231048742246E-04
2445001.500000000,-5.373137159936886E-01,4.754922430602562E-01,3.749634653152817E-02,-1.347960355649610E-02,-1.525154429170825E-02,5.705921824605157E-04
2445006.500000000,-5.991388855474282E-01,3.947541524078919E-01,3.996652978669165E-02,-1.120956340300114E-02,-1.698984637900834E-02,4.158530372298083E-04
2445011.500000000,-6.490402693987142E-01,3.061596433185274E-01,4.164127481056389E-02,-8.718225823313570E-03,-1.838887203989921E-02,2.529580463527251E-04
2445016.500000000,-6.860369121590356E-01,2.114774885037677E-01,4.248803617062041E-02,-6.056460925590430E-03,-1.942092486626395E-02,8.522149425006845E-05
2445021.500000000,-7.094110694330861E-01,1.125956200463586E-01,4.249108787023343E-02,-3.278480680364701E-03,-2.006611569626372E-02,-8.395585852057373E-05
2445026.500000000,-7.187218376895549E-01,1.148109408967316E-02,4.165176454380544E-02,-4.405995170714154E-04,-2.031272738628587E-02,-2.511632199821678E-04
2445031.500000000,-7.138125053661787E-01,-8.986124395553270E-02,3.998832278640204E-02,2.400031268248261E-03,-2.015736980287354E-02,-4.130548914618334E-04
2445036.500000000,-6.948115907107025E-01,-1.894303509474222E-01,3.753543469751179E-02,5.186677038378523E-03,-1.960492880409354E-02,-5.664219170932440E-04
2445041.500000000,-6.621277165901568E-01,-2.852698294281586E-01,3.434333587689954E-02,7.864225947838364E-03,-1.866832045510066E-02,-7.082583642889931E-04
2445046.500000000,-6.164386384874984E-01,-3.755070907018708E-01,3.047665875248805E-02,1.038031682852816E-02,-1.736806805731267E-02,-8.358206834078665E-04
2445051.500000000,-5.586748826728868E-01,-4.583900059246361E-01,2.601298891777140E-02,1.268636351739879E-02,-1.573172436460797E-02,-9.466789840563141E-04
2445056.500000000,-4.899985628580540E-01,-5.323203339223923E-01,2.104118696459682E-02,1.473845646977547E-02,-1.379316447745779E-02,-1.038759466700496E-03
2445061.500000000,-4.117780236643677E-01,-5.958833462160831E-01,1.565952112990595E-02,1.649812879005591E-02,-1.159177635973628E-02,-1.110377632994427E-03
2445066.500000000,-3.255590083960659E-01,-6.478732048537383E-01,9.973657073820244E-03,1.793297980231533E-02,-9.171575841600466E-03,-1.160262243744149E-03
2445071.500000000,-2.330330693144587E-01,-6.873137799546417E-01,4.094550515057613E-03,1.901715462138182E-02,-6.580271566938960E-03,-1.187570280948946E-03
2445076.500000000,-1.360039349169393E-01,-7.134747153906811E-01,-1.863713394868657E-03,1.973168255018451E-02,-3.868302889574227E-03,-1.191893380946728E-03
2445081.500000000,-3.635252630645793E-02,-7.258826586217828E-01,-7.786092764140965E-03,2.006468022501386E-02,-1.087870730298085E-03,-1.173256336301014E-03
2445086.500000000,6.399872050565324E-02,-7.243276637454447E-01,-1.355873581278017E-02,2.001142764532310E-02,1.708021331792700E-03,-1.132108393727864E-03
2445091.500000000,1.631216160570927E-01,-7.088648558084996E-01,-1.907106800233254E-02,1.957432753904578E-02,4.466501681452917E-03,-1.069308210142736E-03
2445096.500000000,2.591175070305826E-01,-6.798115031804103E-01,-2.421778964920526E-02,1.876275889006664E-02,7.135731571948285E-03,-9.861031845430491E-04
2445101.500000000,3.501515874515294E-01,-6.377396843120616E-01,-2.890075722211595E-02,1.759283340035533E-02,9.665765347468847E-03,-8.841036886106108E-04
2445106.500000000,4.344857664731050E-01,-5.834647683298587E-01,-3.303072423661715E-02,1.608706302194290E-02,1.200936377769979E-02,-7.652527744412052E-04
2445111.500000000,5.105096677567076E-01,-5.180299559201562E-01,-3.652892053417264E-02,1.427394622999030E-02,1.412275599178033E-02,-6.317918987174513E-04
2445116.500000000,5.767693702061475E-01,-4.426871460834680E-01,-3.932845108352932E-02,1.218747917323930E-02,1.596634667285813E-02,-4.862230644791814E-04
2445121.500000000,6.319935264658283E-01,-3.588744104639778E-01,-4.137549718043240E-02,9.866596284095204E-03,1.750536525866896E-02,-3.312676835906930E-04
2445126.500000000,6.751165154550045E-01,-2.681903744523558E-01,-4.263030428468149E-02,7.354543782682968E-03,1.871045332089899E-02,-1.698224074981200E-04
2445131.500000000,7.052983004443963E-01,-1.723658257751584E-01,-4.306794189788496E-02,4.698188815506156E-03,1.955818528031557E-02,-4.912149693951334E-06
2445136.500000000,7.219406772480204E-01,-7.323289873783846E-02,-4.267882201181691E-02,1.947266812297855E-03,2.003151627697339E-02,1.603594668407013E-04
2445141.500000000,7.246996109182438E-01,2.730778307389446E-02,-4.146896392689132E-02,-8.464298859574205E-04,2.012014950757631E-02,3.228619561217690E-04
2445146.500000000,7.134933771903037E-01,1.273215806160956E-01,-3.945999484686482E-02,-3.629917920885228E-03,1.982081385242927E-02,4.794917416199265E-04
2445151.500000000,6.885062503012565E-01,2.248754555351793E-01,-3.668887779001979E-02,-6.349937272374054E-03,1.913744135593401E-02,6.272273632865625E-04
2445156.500000000,6.501875151586195E-01,3.180742000536940E-01,-3.320736118900903E-02,-8.953905486254025E-03,1.808123334028625E-02,7.631854729034675E-04
2445161.500000000,5.992456324233201E-01,4.050966953559799E-01,-2.908114823731262E-02,-1.139090003963225E-02,1.667060383126807E-02,8.846767829006600E-04
2445166.500000000,5.366374520327211E-01,4.842315575934476E-01,-2.438878873596037E-02,-1.361265388832580E-02,1.493098943845284E-02,9.892609354838788E-04
2445171.500000000,4.635524518991747E-01,5.539114794791052E-01,-1.922030153095001E-02,-1.557454663538163E-02,1.289451642010869E-02,1.074799214531269E-03
2445176.500000000,3.813920771217610E-01,6.127455366704290E-01,-1.367554151039061E-02,-1.723656889639174E-02,1.059951871133429E-02,1.139503725689094E-03
2445181.500000000,2.917443799166436E-01,6.595487045074220E-01,-7.862333212697605E-03,-1.856423314339245E-02,8.089904021914358E-03,1.181981304734805E-03
2445186.500000000,1.963542947806579E-01,6.933678312460606E-01,-1.894401013233768E-03,-1.952940432833003E-02,5.414371418762718E-03,1.201270764178476E-03
2445191.500000000,9.709001754473510E-02,7.135033449662046E-01,4.110867426532102E-03,-2.011102305831400E-02,2.625489030971714E-03,1.196872093709087E-03
2445196.500000000,-4.093904480038304E-03,7.195260272795183E-01,1.003478050363852E-02,-2.029569338144166E-02,-2.213540017952816E-04,1.168766143582167E-03
2445201.500000000,-1.051960274743777E-01,7.112882750382958E-01,1.575977397196987E-02,-2.007810895939674E-02,-3.069100178961722E-03,1.117423542064067E-03
2445206.500000000,-2.042091456038655E-01,6.889293936413469E-01,2.117185795560315E-02,-1.946129542320811E-02,-5.860253265785423E-03,1.043801944917744E-03
2445211.500000000,-2.991621417400609E-01,6.528746175147911E-01,2.616301989402091E-02,-1.845665227294276E-02,-8.538151916223671E-03,9.493311101654939E-04
2445216.500000000,-3.881615246761412E-01,6.038277290090812E-01,3.063352220823034E-02,-1.708378459319647E-02,-1.104825025709114E-02,8.358857426111670E-04
2445221.500000000,-4.694315940561981E-01,5.427573387996354E-01,3.449403441720148E-02,-1.537012283635149E-02,-1.333936604487181E-02,7.057465439789540E-04
2445226.500000000,-5.413521867894777E-01,4.708770895375006E-01,3.766754286460752E-02,-1.335033749325314E-02,-1.536485667514576E-02,5.615504032231409E-04
2445231.500000000,-6.024930143630429E-01,3.896202394143000E-01,4.009098708175314E-02,-1.106556403638619E-02,-1.708368516084634E-02,4.062311308655945E-04
2445236.500000000,-6.516436976368852E-01,3.006092626857760E-01,4.171657987704525E-02,-8.562461464491503E-03,-1.846134214914661E-02,2.429525457746985E-04
2445241.500000000,-6.878387398123185E-01,2.056212599933706E-01,4.251277810337276E-02,-5.892134517640999E-03,-1.947059587025973E-02,7.503603248081875E-05
2445246.500000000,-7.103768420380003E-01,1.065500941882001E-01,4.246488218188024E-02,-3.108954692287531E-03,-2.009204917411513E-02,-9.411511834296938E-05
2445251.500000000,-7.188341503638331E-01,5.366251488474139E-03,4.157525426008327E-02,-2.693182925518428E-04,-2.031449094344910E-02,-2.610921982587691E-04
2445256.500000000,-7.130712176435157E-01,-9.592452980863063E-02,3.986315677616502E-02,2.569619076015322E-03,-2.013503768279596E-02,-4.225560487235292E-04
2445261.500000000,-6.932336597064903E-01,-1.953228216885241E-01,3.736422453544410E-02,5.351193113134348E-03,-1.955906984525414E-02,-5.753083597417689E-04
2445266.500000000,-6.597466688641735E-01,-2.908762619023313E-01,3.412959320869276E-02,8.020431979225747E-03,-1.859997531812362E-02,-7.163575418691856E-04
2445271.500000000,-6.133037075996326E-01,-3.807185799532327E-01,3.022471514404011E-02,1.052517847420179E-02,-1.727871732408002E-02,-8.429776926910587E-04
2445276.500000000,-5.548498430330238E-01,-4.631060675273856E-01,2.572790034034788E-02,1.281710769892907E-02,-1.562324833308724E-02,-9.527593897471801E-04
2445281.500000000,-4.855602965337975E-01,-5.364507872499027E-01,2.072862559241039E-02,1.485262071728294E-02,-1.366779603532938E-02,-1.043651548282112E-03
2445286.500000000,-4.068148619004281E-01,-5.993499486060865E-01,1.532565736599228E-02,1.659360195785450E-02,-1.145204877335592E-02,-1.113994049678002E-03
2445291.500000000,-3.201688914530250E-01,-6.506110156193069E-01,9.625034658203042E-03,1.800803403125807E-02,-9.020267171934519E-03,-1.162541140091299E-03
2445296.500000000,-2.273215681853602E-01,-6.892722412368451E-01,3.737957476731313E-03,1.907046865075334E-02,-6.420347232581765E-03,-1.188475843678550E-03
2445301.500000000,-1.300821777099222E-01,-7.146184441245214E-01,-2.221375201485675E-03,1.976235659083482E-02,-3.702857767548624E-03,-1.191415852778538E-03
2445306.500000000,-3.033507025602751E-02,-7.261919502758869E-01,-8.137936999343986E-03,2.007224299671849E-02,-9.200719040462031E-04,-1.171411580939043E-03
2445311.500000000,6.999603514756919E-02,-7.237987124317306E-01,-1.389801808384855E-02,1.999583679541702E-02,1.874990777094843E-03,-1.128937189942107E-03
2445316.500000000,1.689837992129728E-01,-7.075096958007787E-01,-1.939130812355058E-02,1.953596402593618E-02,4.629497855482704E-03,-1.064875265583646E-03
2445321.500000000,2.647325078972192E-01,-6.776576784907321E-01,-2.451288798566732E-02,1.870241491759053E-02,7.291703133897848E-03,-9.804957473060292E-04
2445326.500000000,3.554123076691957E-01,-6.348296587629200E-01,-2.916510316111469E-02,1.751169426163720E-02,9.811803812339936E-03,-8.774298063180287E-04
2445331.500000000,4.392919693192825E-01,-5.798550926788675E-01,-3.325929530174333E-02,1.598668381065454E-02,1.214275038143939E-02,-7.576393050248639E-04
2445336.500000000,5.147697595466257E-01,-5.137902092006443E-01,-3.671737104211824E-02,1.415622409610517E-02,1.424100515192553E-02,-6.233823206956359E-04
2445341.500000000,5.804020326576343E-01,-4.378986679653022E-01,-3.947318936965151E-02,1.205462148564207E-02,1.606724614026903E-02,-4.771750915516192E-04
2445346.500000000,6.349291796091454E-01,-3.536288409900362E-01,-4.147375034207296E-02,9.721084628418114E-03,1.758701298460487E-02,-3.217506501357100E-04
2445351.500000000,6.772985893663754E-01,-2.625880188563947E-01,-4.268016925512622E-02,7.199093485529054E-03,1.877129036415313E-02,-1.600144261225504E-04
2445356.500000000,7.066842944648549E-01,-1.665138670823588E-01,-4.306842197633994E-02,4.535704615852642E-03,1.959702367091383E-02,5.002840734613331E-06
2445361.500000000,7.225029902988200E-01,-6.724348390147439E-02,-4.262984853218887E-02,1.780795731056324E-03,2.004756181823350E-02,1.701946968211784E-04
2445366.500000000,7.244261294866144E-01,3.331955909863137E-02,-4.137140273048837E-02,-1.013748390051380E-03,2.011301977774617E-02,3.324309177499103E-04
2445371.500000000,7.123878069654119E-01,1.332397678743740E-01,-3.931563700022470E-02,-3.794904631137908E-03,1.979055090734203E-02,4.886113949344754E-04
2445376.500000000,6.865881778983417E-01,2.305853907131453E-01,-3.650041406174736E-02,-6.509428418194537E-03,1.908451835464939E-02,6.357214178588799E-04
2445381.500000000,6.474921886501622E-01,3.234646645040495E-01,-3.297834004083931E-02,-9.104809917246420E-03,1.800655434880981E-02,7.708876915598560E-04
2445386.500000000,5.958234522803414E-01,4.100620534682677E-01,-2.881591734356332E-02,-1.153025779485827E-02,1.657549602544268E-02,8.914342609458488E-04
2445391.500000000,5.325531672138929E-01,4.886738358081725E-01,-2.409242022774281E-02,-1.373769535580547E-02,1.481718709734998E-02,9.949373218219669E-04
2445396.500000000,4.588840626763777E-01,5.577423441297962E-01,-1.889850157905005E-02,-1.568275027163266E-02,1.276413639972719E-02,1.079277712549802E-03
2445401.500000000,3.762294571678617E-01,6.158881272630525E-01,-1.333454584691651E-02,-1.732571566276445E-02,1.045502717925446E-02,1.142689719164565E-03
2445406.500000000,2.861876351380749E-01,6.619392799140783E-01,-7.508790247975876E-03,-1.863245732493302E-02,7.934074965665824E-03,1.183804708902778E-03
2445411.500000000,1.905118788561798E-01,6.949571879041062E-01,-1.535243939633391E-03,-1.957523974259010E-02,5.250236876309027E-03,1.201688051007090E-03
2445416.500000000,9.107663228075498E-02,7.142579653581044E-01,4.468557448160948E-03,-2.013344254035994E-02,2.456281067138347E-03,1.195867806061897E-03
2445421.500000000,-1.015958499885357E-02,7.194289196719618E-01,1.038391718663611E-02,-2.029413947694373E-02,-3.922685320595086E-04,1.166353779701011E-03
2445426.500000000,-1.111937607954145E-01,7.103394723250243E-01,1.609341147223151E-02,-2.005251422423808E-02,-3.238290444484831E-03,1.113645755855601E-03
2445431.500000000,-2.100195979003502E-01,6.871460883662359E-01,2.148333570615173E-02,-1.941209123511170E-02,-6.024298805201435E-03,1.038730056086103E-03
2445436.500000000,-3.046693793987690E-01,6.502909208322423E-01,2.644610333945915E-02,-1.838476587654193E-02,-8.693718398137273E-03,9.430639578397529E-04
2445441.500000000,-3.932554617767028E-01,6.004940509116604E-01,3.088253609420720E-02,-1.699062433061944E-02,-1.119216492813415E-02,8.285478326434592E-04
2445446.500000000,-4.740103343704692E-01,5.387393960664850E-01,3.470398481816948E-02,-1.525755051143184E-02,-1.346869079560737E-02,6.974853992074089E-04
2445451.500000000,-5.453241946242832E-01,4.662545593842524E-01,3.783422425777454E-02,-1.322062777358861E-02,-1.547695626374209E-02,5.525332702107052E-04
2445456.500000000,-6.057790542534623E-01,3.844850898921263E-01,4.021107169858711E-02,-1.092135296035825E-02,-1.717628782689616E-02,3.966411971201779E-04
2445461.500000000,-6.541784932698193E-01,2.950638038966057E-01,4.178768708687404E-02,-8.406685899452484E-03,-1.853259040372398E-02,2.329847548597429E-04
2445466.500000000,-6.895723113381845E-01,1.997759687269508E-01,4.253352214922997E-02,-5.727964400890850E-03,-1.951908615414672E-02,6.489263453546435E-05
2445471.500000000,-7.112754911651074E-01,1.005212701176551E-01,4.243489731708718E-02,-2.939720303251313E-03,-2.011685945588407E-02,-1.042291322438905E-04
2445476.500000000,-7.188810744964709E-01,-7.264334827512530E-04,4.149519706238411E-02,-9.843500620330618E-05,-2.031519585020497E-02,-2.709736382561120E-04
2445481.500000000,-7.122667462992549E-01,-1.019605271112973E-01,3.973468603379533E-02,2.738726299807542E-03,-2.011171141836966E-02,-4.320079424219733E-04
2445486.500000000,-6.915951163594822E-01,-2.011831866763338E-01,3.718995952262482E-02,5.515163786965815E-03,-1.951227731739600E-02,-5.841441629578913E-04
2445491.500000000,-6.573078699761891E-01,-2.964460607891191E-01,3.391305174294011E-02,8.176040748484239E-03,-1.853075159660972E-02,-7.244049789406668E-04
2445496.500000000,-6.101141222908729E-01,-3.858891667954618E-01,2.997023377142011E-02,1.066939980708391E-02,-1.718853653078946E-02,-8.500820477941729E-04
2445501.500000000,-5.509734477680512E-01,-4.677771840268114E-01,2.544053949289866E-02,1.294717306861827E-02,-1.551398426620594E-02,-9.587862347922650E-04
2445506.500000000,-4.810741635182084E-01,-5.405324491799973E-01,2.041406242290712E-02,1.496606790495143E-02,-1.354167645588456E-02,-1.048488947236070E-03
2445511.500000000,-4.018075210389958E-01,-6.027640908079990E-01,1.499006886231185E-02,1.668831629843516E-02,-1.131160476371290E-02,-1.117554241031832E-03
2445516.500000000,-3.147385064575709E-01,-6.532928740300735E-01,9.274973665737228E-03,1.808228149694671E-02,-8.868278770947381E-03,-1.164761690053190E-03
2445521.500000000,-2.215739679143116E-01,-6.911714558905365E-01,3.380224291170064E-03,1.912292063346946E-02,-6.259786361566713E-03,-1.189320265113309E-03
2445526.500000000,-1.241287848459877E-01,-7.156998727448183E-01,-2.579863062635569E-03,1.979210619140857E-02,-3.536829851627292E-03,-1.190873729680115E-03
2445531.500000000,-2.429076858952416E-02,-7.264361909404932E-01,-8.490274650699667E-03,2.007881351422578E-02,-7.517581775448709E-04,-1.169498310870873E-03
2445536.500000000,7.601505918503182E-02,-7.232023417215954E-01,-1.423744094120310E-02,1.997918368738847E-02,2.042389380449300E-03,-1.125693355391537E-03
2445541.500000000,1.748622093160644E-01,-7.060852298091661E-01,-1.971131535955847E-02,1.949647065157022E-02,4.792815490041532E-03,-1.060365576875088E-03
2445546.500000000,2.703579337357582E-01,-6.754332633120135E-01,-2.480735974429300E-02,1.864088205534592E-02,7.447862387048795E-03,-9.748076206756609E-04
2445551.500000000,3.606773933453734E-01,-6.318484990022353E-01,-2.942840994414926E-02,1.742932369269409E-02,9.957867057788667E-03,-8.706716654174807E-04
2445556.500000000,4.440963255207249E-01,-5.761746291689741E-01,-3.348639827959488E-02,1.588505624575917E-02,1.227596868566938E-02,-7.499386565786302E-04
2445561.500000000,5.190217914568310E-01,-5.094810588928024E-01,-3.690391228286113E-02,1.403727156231291E-02,1.435886445900018E-02,-6.148836561441359E-04
2445566.500000000,5.840206161778497E-01,-4.330433402648722E-01,-3.961557127195998E-02,1.192059431171724E-02,1.616751044833211E-02,-4.680376768057058E-04
2445571.500000000,6.378451601412993E-01,-3.483202465776012E-01,-4.156920381516543E-02,9.574513644065684E-03,1.766776411442112E-02,-3.121462311008856E-04
2445576.500000000,6.794560817407748E-01,-2.569277885985098E-01,-4.272681000491625E-02,7.042748396687174E-03,1.883096415462960E-02,-1.501247263361709E-04
2445581.500000000,7.080417653201594E-01,-1.606104994095701E-01,-4.306529317504928E-02,4.372548473361890E-03,1.963444222988225E-02,1.498910659629277E-05
2445586.500000000,7.230341012300127E-01,-6.121034415248409E-02,-4.257694710886713E-02,1.613934695874405E-03,2.006196013026525E-02,1.800853670778890E-04
2445591.500000000,7.241203175005757E-01,3.936635448282381E-02,-4.126968703435389E-02,-1.181119753800474E-03,2.010406497774084E-02,3.420342379801795E-04
2445596.500000000,7.112505823936276E-01,1.391835438878969E-01,-3.916701501960997E-02,-3.959561452911538E-03,1.975835366292810E-02,4.977399027420802E-04
2445601.500000000,6.846411260359294E-01,2.363111429641158E-01,-3.630771254990001E-02,-6.668175748665915E-03,1.902963607849250E-02,6.441956731109343E-04
2445606.500000000,6.447726666575848E-01,3.288612835632224E-01,-3.274525548908053E-02,-9.254544299263296E-03,1.792998609270464E-02,7.785398215108975E-04
2445611.500000000,5.923839765815504E-01,4.150245036718634E-01,-2.854694944879424E-02,-1.166802927856210E-02,1.647866937347348E-02,8.981114266093362E-04
2445616.500000000,5.284604927377619E-01,4.931052471739501E-01,-2.379278836123225E-02,-1.386076846959958E-02,1.470193629135019E-02,1.000505015533115E-03
2445621.500000000,4.542179638510121E-01,5.615559709072264E-01,-1.857404564814534E-02,-1.578866197974014E-02,1.263267087467674E-02,1.083622675770476E-03
2445626.500000000,3.710812308299949E-01,6.190091267219767E-01,-1.299161369882791E-02,-1.741232840762887E-02,1.030989134375265E-02,1.145722409447574E-03
2445631.500000000,2.806583527247505E-01,6.643062705867246E-01,-7.154113825108754E-03,-1.869800613584368E-02,7.778100339519777E-03,1.185461332058840E-03
2445636.500000000,1.847104198027845E-01,6.965235508622423E-01,-1.175806425079083E-03,-1.961837246032552E-02,5.086487280983814E-03,1.201932122319790E-03
2445641.500000000,8.511753592683474E-02,7.149928557777195E-01,4.825660974426657E-03,-2.015325199479702E-02,2.287991724030553E-03,1.194691174311939E-03
2445646.500000000,-1.615840599974713E-02,7.193179611066718E-01,1.073162275576418E-02,-2.029018655029372E-02,-5.617567934816046E-04,1.163777061946399E-03
2445651.500000000,-1.171133978575844E-01,7.093851126901015E-01,1.642482986005073E-02,-2.002484098923062E-02,-3.405600472926081E-03,1.109718147211787E-03
2445656.500000000,-2.157425633610412E-01,6.853676037244855E-01,2.179189346736093E-02,-1.936122348264635E-02,-6.186088475628964E-03,1.033528470995238E-03
2445661.500000000,-3.100820077198444E-01,6.477240607470970E-01,2.672567777014112E-02,-1.831170417796741E-02,-8.846752286535328E-03,9.366914580738030E-04
2445666.500000000,-3.982502363464082E-01,5.971903295622758E-01,3.112758068454091E-02,-1.689682330074541E-02,-1.133338391526553E-02,8.211314262557192E-04
2445671.500000000,-4.784880839862202E-01,5.347650451464078E-01,3.490964252361270E-02,-1.514488777923598E-02,-1.359527744562762E-02,6.891733847920741E-04
2445676.500000000,-5.491961124829170E-01,4.616891682290334E-01,3.799642633277411E-02,-1.309136407676573E-02,-1.558639431679340E-02,5.434921049406575E-04
2445681.500000000,-6.089684952907569E-01,3.794199651257894E-01,4.032661968435947E-02,-1.077808344376448E-02,-1.726641476257257E-02,3.870519098511953E-04
2445686.500000000,-6.566225079180749E-01,2.896000857764544E-01,4.185431599203529E-02,-8.252283643114726E-03,-1.860164195884029E-02,2.230390288255922E-04
2445691.500000000,-6.912228809315897E-01,1.940225480836154E-01,4.254994344471216E-02,-5.565517841542036E-03,-1.956573133839917E-02,5.478867074766395E-05
2445696.500000000,-7.121004391232952E-01,9.459255647194581E-02,4.240082099783794E-02,-2.772466490413828E-03,-2.014022492169413E-02,-1.142908233028677E-04
2445701.500000000,-7.188646383245296E-01,-6.712838127562703E-03,4.141133282877919E-02,7.030892558893986E-05,-2.031487931029866E-02,-2.807943607592234E-04
2445706.500000000,-7.114098066356901E-01,-1.078861957737246E-01,3.960272417685708E-02,2.905631591057833E-03,-2.008778490997453E-02,-4.413948137613363E-04
2445711.500000000,-6.899150856034636E-01,-2.069312270261292E-01,3.701253210320587E-02,5.676957626964288E-03,-1.946528076753235E-02,-5.929139880658237E-04
2445716.500000000,-6.548382478534078E-01,-3.019034179047992E-01,3.369367494831521E-02,8.329571620146029E-03,-1.846167651890456E-02,-7.323878784199157E-04
2445721.500000000,-6.069037341987596E-01,-3.909488208080250E-01,2.971323303090741E-02,1.081169874391189E-02,-1.709880046604059E-02,-8.571247115115115E-04
2445726.500000000,-5.470853901514916E-01,-4.723401994560407E-01,2.515095940107311E-02,1.307550938835467E-02,-1.540539724565282E-02,-9.647547358778756E-04
2445731.500000000,-4.765844865683247E-01,-5.445098393348237E-01,2.009756383469359E-02,1.507799840597699E-02,-1.341640075282345E-02,-1.053271045477577E-03
2445736.500000000,-3.968036831095602E-01,-6.060784663326602E-01,1.465281587305434E-02,1.678172732270387E-02,-1.117210896732232E-02,-1.121061127334335E-03
2445741.500000000,-3.093176362970197E-01,-6.558798500751912E-01,8.923513105093669E-03,1.815542374608984E-02,-8.717287416622109E-03,-1.166929260851575E-03
2445746.500000000,-2.158409707468090E-01,-6.929807997476326E-01,3.021359751678726E-03,1.917443685163397E-02,-6.100226739908302E-03,-1.190110045219229E-03
2445751.500000000,-1.181943271818221E-01,-7.166963806516343E-01,-2.939200951236406E-03,1.982105203844980E-02,-3.371776905447419E-03,-1.190273438711961E-03
2445756.500000000,-1.826917590435807E-02,-7.266002845488464E-01,-8.843159653137256E-03,2.008467141944528E-02,-5.843774920435141E-04,-1.167521957293919E-03
2445761.500000000,8.200795478130787E-02,-7.225303762522447E-01,-1.457708177729479E-02,1.996186892447377E-02,2.208899641535119E-03,-1.122380799592469E-03
2445766.500000000,1.807112324927148E-01,-7.045895124685336E-01,-2.003118293083584E-02,1.945632981044511E-02,4.955282209611486E-03,-1.055781653636925E-03
2445771.500000000,2.759507042160830E-01,-6.731417865488718E-01,-2.510130905283304E-02,1.857868461657269E-02,7.603193846502756E-03,-9.690408999669800E-04
2445776.500000000,3.659064058174568E-01,-6.288043961469308E-01,-2.969079494049500E-02,1.734624716534153E-02,1.010310755935116E-02,-8.638328609372712E-04
2445781.500000000,4.488609397607437E-01,-5.724353622055950E-01,-3.371217781024046E-02,1.578266514470887E-02,1.240835100111873E-02,-7.421586472974497E-04
2445786.500000000,5.232301019787107E-01,-5.051173505818096E-01,-3.708874501959001E-02,1.391749020178472E-02,1.447585949392305E-02,-6.063110435163356E-04
2445791.500000000,5.875911699261729E-01,-4.281378676094363E-01,-3.975589718349396E-02,1.178567324863656E-02,1.626687273006472E-02,-4.588358560404083E-04
2445796.500000000,6.407084918426657E-01,-3.429661209587091E-01,-4.166231010806531E-02,9.426990507143618E-03,1.774757145729270E-02,-3.024901492431186E-04
2445801.500000000,6.815560417352698E-01,-2.512268527395255E-01,-4.277088057817650E-02,6.885404151959303E-03,1.888965137138946E-02,-1.401975634560161E-04
2445806.500000000,7.093366178958590E-01,-1.546714691542590E-01,-4.305944164068415E-02,4.208359378849522E-03,1.967082958231517E-02,2.499917237441826E-05
2445811.500000000,7.234973727156921E-01,-5.514682064016663E-02,-4.252123399101750E-02,1.446020381111881E-03,2.007527669545345E-02,1.899882567256283E-04
2445816.500000000,7.237413769709424E-01,4.543797605370956E-02,-4.116512166493078E-02,-1.349551169510499E-03,2.009396654794031E-02,3.516410187076379E-04
2445821.500000000,7.100349420893182E-01,1.451462399084500E-01,-3.901554203483733E-02,-4.125270521823747E-03,1.972493448933162E-02,5.068659205599387E-04
2445826.500000000,6.826104510364194E-01,2.420494690619607E-01,-3.611218231483614E-02,-6.827950743623671E-03,1.897343384120330E-02,6.526638551231090E-04
2445831.500000000,6.419644864305311E-01,3.342635887880250E-01,-3.250937768940934E-02,-9.405261201511920E-03,1.785197936435551E-02,7.861840733647622E-04
2445836.500000000,5.888510966357163E-01,4.199851107737659E-01,-2.827522995377035E-02,-1.180671160712291E-02,1.638026647040819E-02,9.047798953543178E-04
2445841.500000000,5.242701091869714E-01,4.975265557057487E-01,-2.349045025937157E-02,-1.398464616198741E-02,1.458495570680310E-02,1.006063168986487E-03
2445846.500000000,4.494504871767828E-01,5.653504429106140E-01,-1.824693519739374E-02,-1.589522876121921E-02,1.249931386043814E-02,1.087956259050460E-03
2445851.500000000,3.658288280766678E-01,6.221011143687332E-01,-1.264609194639474E-02,-1.749939681254167E-02,1.016270595243922E-02,1.148740192410363E-03
2445856.500000000,2.750232242328116E-01,6.666336414474404E-01,-6.796935385981960E-03,-1.876375831903563E-02,7.619936446173660E-03,1.187097472229165E-03
2445861.500000000,1.788028366223071E-01,6.980390666414931E-01,-8.139876666076972E-04,-1.966140480860881E-02,4.920443086418215E-03,1.202148025502767E-03
2445866.500000000,7.905367325039117E-02,7.156652643232868E-01,5.184981651127397E-03,-2.017261184836195E-02,2.117352764615197E-03,1.193476787136397E-03
2445871.500000000,-2.225879640019587E-02,7.191327676511095E-01,1.108132961242559E-02,-2.028539970831154E-02,-7.335846881023634E-04,1.161151569992044E-03
2445876.500000000,-1.231294281213188E-01,7.083450042621346E-01,1.675797651098630E-02,-1.999592928641621E-02,-3.575162608034784E-03,1.105730065984210E-03
2445881.500000000,-2.215547111900237E-01,6.834925080816716E-01,2.210184827566397E-02,-1.930871138889882E-02,-6.349955929235121E-03,1.028255011016629E-03
2445886.500000000,-3.155746198292700E-01,6.450508258762049E-01,2.700626408495910E-02,-1.823661273095457E-02,-9.001598749523243E-03,9.302371065951648E-04
2445891.500000000,-4.033139692454947E-01,5.937720194555344E-01,3.137320819356319E-02,-1.680065117824198E-02,-1.147606169232374E-02,8.136258189401283E-04
2445896.500000000,-4.830222189720749E-01,5.306698647719029E-01,3.511542626541073E-02,-1.502958000922519E-02,-1.372288938015152E-02,6.807685087794104E-04
2445901.500000000,-5.531106848726856E-01,4.569990432412660E-01,3.815829023264359E-02,-1.295926919492905E-02,-1.569635967022226E-02,5.343589218225861E-04
2445906.500000000,-6.121861830328805E-01,3.742288111390840E-01,4.044138196379819E-02,-1.063190032487222E-02,-1.735652719812241E-02,3.773764997585144E-04
2445911.500000000,-6.590802318721806E-01,2.840118111837321E-01,4.191975433846529E-02,-8.094999646316400E-03,-1.867011787429624E-02,2.130183712673283E-04
2445916.500000000,-6.928730783079099E-01,1.881488422083660E-01,4.256483844095029E-02,-5.400340283615286E-03,-1.961124723172444E-02,4.462618787307152E-05
2445921.500000000,-7.129119819559141E-01,8.855051990260883E-02,4.236497689840453E-02,-2.602749505571899E-03,-2.016194307076317E-02,-1.243898567466875E-04
2445926.500000000,-7.188233784402894E-01,-1.280316126952222E-02,4.132557524509926E-02,2.411403482986547E-04,-2.031246119190389E-02,-2.906274417495623E-04
2445931.500000000,-7.105187383066995E-01,-1.139043202714476E-01,3.946887494892781E-02,3.074158082577274E-03,-2.006139157334860E-02,-4.507666693214502E-04
2445936.500000000,-6.881941311391809E-01,-2.127586986557581E-01,3.683336278106579E-02,5.839839290288955E-03,-1.941556054528175E-02,-6.016406488239293E-04
2445941.500000000,-6.523236854297298E-01,-3.074261959919697E-01,3.347284102120882E-02,8.483617035808147E-03,-1.838974180609788E-02,-7.403003049804967E-04
2445946.500000000,-6.036472952811747E-01,-3.960595206410654E-01,2.945519116870061E-02,1.095392796029417E-02,-1.700619509665333E-02,-8.640719572158402E-04
2445951.500000000,-5.431530590124541E-01,-4.769401506487148E-01,2.486087012623469E-02,1.320320994982752E-02,-1.529405570688939E-02,-9.706066068081108E-04
2445956.500000000,-4.720550386595156E-01,-5.485109226540258E-01,1.978118217137517E-02,1.518877366915439E-02,-1.328860060232346E-02,-1.057920251257289E-03
2445961.500000000,-3.917670028103617E-01,-6.094046989209880E-01,1.431637254548699E-02,1.687353620871903E-02,-1.103041807156089E-02,-1.124424897407446E-03
2445966.500000000,-3.038728595988791E-01,-6.584686980164532E-01,8.573589210255474E-03,1.822661090110524E-02,-8.564508019081771E-03,-1.168950326033823E-03
2445971.500000000,-2.100945008200624E-01,-6.947842075261750E-01,2.664758054064251E-03,1.922375356074118E-02,-5.939338435854222E-03,-1.190757035763414E-03
2445976.500000000,-1.122577651775514E-01,-7.176815151125205E-01,-3.295585620682266E-03,1.984766943640043E-02,-3.205879533317162E-03,-1.189540862491030E-03
2445981.500000000,-1.225720335545963E-02,-7.267499938103243E-01,-9.192468926371730E-03,2.008818666676931E-02,-4.166343120536204E-04,-1.165429790215617E-03
2445986.500000000,8.797970715716046E-02,-7.218433667644600E-01,-1.491261924994914E-02,1.994230452234635E-02,2.375317718154017E-03,-1.118973687625418E-03
2445991.500000000,1.865282963756002E-01,-7.030802515516893E-01,-2.034653477972308E-02,1.941412654269398E-02,5.117250551309070E-03,-1.051127765411574E-03
2445996.500000000,2.815018353281944E-01,-6.708401409489019E-01,-2.539045813606906E-02,1.851468872650040E-02,7.757685703735894E-03,-9.632304735253271E-04
2446001.500000000,3.710855680687525E-01,-6.257550190627649E-01,-2.994822693705779E-02,1.726169224495000E-02,1.024724302264445E-02,-8.569764779536595E-04
2446006.500000000,4.535691863998264E-01,-5.686968428763671E-01,-3.393297812680089E-02,1.567914911810521E-02,1.253944294608936E-02,-7.343852746371029E-04
2446011.500000000,5.273773305830639E-01,-5.007611425255630E-01,-3.726868546040870E-02,1.379694801155745E-02,1.459145614490367E-02,-5.977659086764332E-04
2446016.500000000,5.910977316587943E-01,-4.232470121278459E-01,-3.989151165754628E-02,1.165034593443902E-02,1.636479710464230E-02,-4.496781791390575E-04
2446021.500000000,6.435066366225414E-01,-3.376337799417345E-01,-4.175095844254988E-02,9.279390340031527E-03,1.782595820703170E-02,-2.928906344606778E-04
2446026.500000000,6.835911775696943E-01,-2.455546650349417E-01,-4.281079907078763E-02,6.728275135188309E-03,1.894698030158789E-02,-1.303356109975299E-04
2446031.500000000,7.105683618184511E-01,-1.487677501856069E-01,-4.304977915254675E-02,4.044633520200481E-03,1.970595467923532E-02,3.493844392383620E-05
2446036.500000000,7.239003738454368E-01,-4.912462961393980E-02,-4.246207288524544E-02,1.278770307445494E-03,2.008744998523366E-02,1.998170810713159E-04
2446041.500000000,7.233058935900604E-01,5.146287475766999E-02,-4.105748324658721E-02,-1.517163204798947E-03,2.008285657282097E-02,3.611721171048442E-04
2446046.500000000,7.087671556168550E-01,1.510574943803319E-01,-3.886137599424767E-02,-4.290046759992039E-03,1.969063940780526E-02,5.159157783423711E-04
2446051.500000000,6.805325027034653E-01,2.477323082989519E-01,-3.591433937581697E-02,-6.986714709677154E-03,1.891648845057901E-02,6.610561550344084E-04
2446056.500000000,6.391142235229460E-01,3.396070080435478E-01,-3.227156489646745E-02,-9.554916978866282E-03,1.777335456737201E-02,7.937531795913652E-04
2446061.500000000,5.852815188972436E-01,4.248840325932356E-01,-2.800194878474119E-02,-1.194430416690099E-02,1.628136000063987E-02,9.113742138805559E-04
2446066.500000000,5.200485146817206E-01,5.018839228191093E-01,-2.318691842696260E-02,-1.410742104537836E-02,1.446757422058201E-02,1.011548311604836E-03
2446071.500000000,4.446573233262003E-01,5.690792005171714E-01,-1.791899310811182E-02,-1.600069019052162E-02,1.236564657879725E-02,1.092218013219768E-03
2446076.500000000,3.605562581764306E-01,6.251260389682931E-01,-1.230009490236595E-02,-1.758536316707832E-02,1.001528959385086E-02,1.151687239449193E-03
2446081.500000000,2.693734262380652E-01,6.688929723208544E-01,-6.439633025839145E-03,-1.882841348463956E-02,7.461611376455256E-03,1.188663756992253E-03
2446086.500000000,1.728860588649093E-01,6.994858967527806E-01,-4.523926275922875E-04,-1.970334378896078E-02,4.754301024772900E-03,1.202294683289287E-03
2446091.500000000,7.298607972244306E-02,7.162686499552761E-01,5.543733412701941E-03,-2.019087906740696E-02,1.946676697057411E-03,1.192193537735196E-03
2446096.500000000,-2.835745061338132E-02,7.188785198353772E-01,1.143012391986779E-02,-2.027951834562251E-02,-9.053875458266859E-04,1.158457471089349E-03
2446101.500000000,-1.291382416206324E-01,7.072361300974304E-01,1.708986800607623E-02,-1.996591971108881E-02,-3.744633537571400E-03,1.101673528180159E-03
2446106.500000000,-2.273541432733420E-01,6.815492788494187E-01,2.241020575284966E-02,-1.925509760249957E-02,-6.513660748600819E-03,1.022913118628165E-03
2446111.500000000,-3.210490003173956E-01,6.423104633153761E-01,2.728491079388418E-02,-1.816041706291623E-02,-9.156204088749544E-03,9.237142733247018E-04
2446116.500000000,-4.083539516202764E-01,5.902880033021618E-01,3.161655363104783E-02,-1.670337681604097E-02,-1.161841009881899E-02,8.060517293162642E-04
2446121.500000000,-4.875271152057213E-01,5.265108702030630E-01,3.531858596734681E-02,-1.491318117890238E-02,-1.385007187632490E-02,6.722953838927268E-04
2446126.500000000,-5.569906211243759E-01,4.522475272942874E-01,3.831719029874060E-02,-1.282610944405846E-02,-1.580578315443823E-02,5.251581579062143E-04
2446131.500000000,-6.153640189582862E-01,3.689792803702412E-01,4.055284540388889E-02,-1.048469990244204E-02,-1.744597415169434E-02,3.676347808618011E-04
2446136.500000000,-6.614931929274301E-01,2.783688147142845E-01,4.198156700883272E-02,-7.936773671671707E-03,-1.873779617280983E-02,2.029334262572728E-04
2446141.500000000,-6.944740607925378E-01,1.822247436345075E-01,4.257579329956254E-02,-5.234330087624594E-03,-1.965582866917657E-02,3.440238927095521E-05
2446146.500000000,-7.136705020872195E-01,8.246310535401216E-02,4.232489609721406E-02,-2.432349127756662E-03,-2.018259037814389E-02,-1.345459491913022E-04
2446151.500000000,-7.187261441038459E-01,-1.893318076482256E-02,4.123530992104581E-02,4.124613784636032E-04,-2.030884316148486E-02,-3.005115264193926E-04
2446156.500000000,-7.095698292322680E-01,-1.199558507681783E-01,3.933028310438938E-02,3.242933710659356E-03,-2.003368563041922E-02,-4.601810004434232E-04
2446161.500000000,-6.864147860179968E-01,-2.186127871708530E-01,3.664926619279208E-02,6.002684684427493E-03,-1.936444304531219E-02,-6.103981283272316E-04
2446166.500000000,-6.497517092872975E-01,-3.129684764899435E-01,3.324696217052893E-02,8.637302336039673E-03,-1.831636666297618E-02,-7.482283825197458E-04
2446171.500000000,-6.003361124570862E-01,-4.011825251043581E-01,2.919207120765981E-02,1.109544599113891E-02,-1.691216131490632E-02,-8.710163018399616E-04
2446176.500000000,-5.391704462940085E-01,-4.815454321535025E-01,2.456576936140818E-02,1.332983616711468E-02,-1.518136487477421E-02,-9.764343873843544E-04
2446181.500000000,-4.674815811332228E-01,-5.525109440975962E-01,1.945996567657279E-02,1.529811696060560E-02,-1.315960599059501E-02,-1.062522766317373E-03
2446186.500000000,-3.866943198186220E-01,-6.127244509058097E-01,1.397538454056956E-02,1.696358004608802E-02,-1.088776759742677E-02,-1.127719438744806E-03
2446191.500000000,-2.984016487279876E-01,-6.610470206845699E-01,8.219519949757260E-03,1.829574499900014E-02,-8.411083126584484E-03,-1.170881318955557E-03
2446196.500000000,-2.043324478273464E-01,-6.965747994683551E-01,2.304506810534081E-03,1.927079570836397E-02,-5.778190297528884E-03,-1.191296455725188E-03
2446201.500000000,-1.063173708186259E-01,-7.186536207377128E-01,-3.655047867237768E-03,1.987187688945378E-02,-3.040164661334288E-03,-1.188687953247781E-03
2446206.500000000,-6.253578168454247E-03,-7.268887724004979E-01,-9.544233955188200E-03,2.008925779739619E-02,-2.495519418278157E-04,-1.163210237023165E-03
2446211.500000000,9.393103501767197E-02,-7.211499559038766E-01,-1.524997087477287E-02,1.992037219065345E-02,2.540585115142341E-03,-1.115438384368519E-03
2446216.500000000,1.923135222865231E-01,-7.015715423529836E-01,-2.066307111420695E-02,1.936974452380550E-02,5.277592989828089E-03,-1.046351253534368E-03
2446221.500000000,2.870109365199409E-01,-6.685482846603102E-01,-2.568020533320158E-02,1.844881231398117E-02,7.910117400720628E-03,-9.573090969015651E-04
2446226.500000000,3.762142519360436E-01,-6.227266851345938E-01,-3.020574301184279E-02,1.717565370593889E-02,1.038895007600859E-02,-8.500262612076599E-04
2446231.500000000,4.582207039530147E-01,-5.649922496322485E-01,-3.415344554261554E-02,1.557462840308409E-02,1.266782647074296E-02,-7.265395677248140E-04
2446236.500000000,5.314641339490049E-01,-4.964528850371648E-01,-3.744799165606452E-02,1.367593994416013E-02,1.470417023829913E-02,-5.891729438836392E-04
2446241.500000000,5.945429617700414E-01,-4.184187121349703E-01,-4.002631731920788E-02,1.151512522013103E-02,1.645978224515530E-02,-4.404986081574696E-04
2446246.500000000,6.462454309221555E-01,-3.323785782671951E-01,-4.183875329485329E-02,9.132474511428443E-03,1.790147093272022E-02,-2.832949890336536E-04
2446251.500000000,6.855717866293978E-01,-2.399735745886979E-01,-4.284994471387908E-02,6.572385135806493E-03,1.900161927476609E-02,-1.205016614708683E-04
2446256.500000000,7.117530626527324E-01,-1.429678879344944E-01,-4.303953845649838E-02,3.882651786568557E-03,1.973868302807438E-02,4.482842445055611E-05
2446261.500000000,7.242661674489237E-01,-4.321734616430568E-02,-4.240262542147240E-02,1.113696420446561E-03,2.009761390473492E-02,2.095791736182617E-04
2446266.500000000,7.228449753871538E-01,5.736394850339651E-02,-4.094992609622448E-02,-1.682258966446946E-03,2.007019975487687E-02,3.706237392684761E-04
2446271.500000000,7.074871483385838E-01,1.568384602847675E-01,-3.870770954552297E-02,-4.452072048383061E-03,1.965531235634817E-02,5.248786865400232E-04
2446276.500000000,6.784564407999581E-01,2.532810467104450E-01,-3.571743822142677E-02,-7.142605741560634E-03,1.885905221814192E-02,6.693594000149707E-04
2446281.500000000,6.362802811575740E-01,3.448152286057381E-01,-3.203513402176904E-02,-9.701690386065309E-03,1.769477911243709E-02,8.012360474389954E-04
2446286.500000000,5.817424756301802E-01,4.296493034442148E-01,-2.773046491149762E-02,-1.207911014324065E-02,1.618301705699342E-02,9.178892301930088E-04
2446291.500000000,5.158709520209827E-01,5.061116477866856E-01,-2.288555624137737E-02,-1.422759772772370E-02,1.435122336361832E-02,1.016964261818609E-03
2446296.500000000,4.399205488022179E-01,5.726845069700883E-01,-1.759353665169771E-02,-1.610381800307533E-02,1.223341330138195E-02,1.096422834940037E-03
2446301.500000000,3.553509610550382E-01,6.280355351528508E-01,-1.195683504530715E-02,-1.766931757309633E-02,9.869634999254974E-03,1.154590684251817E-03
2446306.500000000,2.638000765134622E-01,6.710463321248601E-01,-6.085252349952512E-03,-1.889141468148429E-02,7.305293483838252E-03,1.190199755230506E-03
2446311.500000000,1.670530683388322E-01,7.008372307998886E-01,-9.383933449121247E-05,-1.974400196197816E-02,4.590328107495779E-03,1.202423360637626E-03
2446316.500000000,6.700775061912490E-02,7.167876247178366E-01,5.899380643314764E-03,-2.020823388305587E-02,1.778253159043091E-03,1.190902797327968E-03
2446321.500000000,-3.436315679276997E-02,7.185511862799361E-01,1.177579763852278E-02,-2.027307107233071E-02,-1.074923371612409E-03,1.155764024634873E-03
2446326.500000000,-1.350520734587188E-01,7.060654219056937E-01,1.741865731462092E-02,-1.993565601130081E-02,-3.911878942362389E-03,1.097623288846730E-03
2446331.500000000,-2.330580149038247E-01,6.795551506615236E-01,2.271550172763969E-02,-1.920149891449976E-02,-6.675222632218084E-03,1.017580839021256E-03
2446336.500000000,-3.264284730896968E-01,6.395296526346790E-01,2.756054821050128E-02,-1.808445961757487E-02,-9.308775203356410E-03,9.172024346282077E-04
2446341.500000000,-4.133006790532057E-01,5.867734095633521E-01,3.185694531368764E-02,-1.660651787387437E-02,-1.175884558018159E-02,7.984887031982114E-04
2446346.500000000,-4.919411866467797E-01,5.223305552768168E-01,3.551884615419899E-02,-1.479733227596210E-02,-1.397546372344987E-02,6.638328816691628E-04
2446351.500000000,-5.607827396830414E-01,4.474833539799794E-01,3.847324356196979E-02,-1.269359696239350E-02,-1.591353013624841E-02,5.159680140326314E-04
2446356.500000000,-6.184574524539533E-01,3.637252178112025E-01,4.066151797417757E-02,-1.033821390713881E-02,-1.753384476404673E-02,3.579051439434782E-04
2446361.500000000,-6.638254424248388E-01,2.727289506669046E-01,4.204065771575716E-02,-7.779306338974450E-03,-1.880398262439039E-02,1.928644236888804E-04
2446366.500000000,-6.959981982652607E-01,1.763110533963715E-01,4.258412166062707E-02,-5.069105220823200E-03,-1.969898985111479E-02,2.420134175600859E-05
2446371.500000000,-7.143561383065615E-01,7.639303827051089E-02,4.228232573126150E-02,-2.262745300895862E-03,-2.020188152736091E-02,-1.446695693769662E-04
2446376.500000000,-7.185600042211427E-01,-2.503922721185985E-02,4.114274662876034E-02,5.829902557029860E-04,-2.030393114761529E-02,-3.103511549861799E-04
2446381.500000000,-7.085559314522948E-01,-1.259770979393268E-01,3.918964793917031E-02,3.410937331398999E-03,-2.000475017154618E-02,-4.695378987062815E-04
2446386.500000000,-6.845742309375286E-01,-2.244306140263757E-01,3.646344472429094E-02,6.164792864736757E-03,-1.931216429946723E-02,-6.190859449331295E-04
2446391.500000000,-6.471220961460002E-01,-3.184688642459407E-01,3.301973236506717E-02,8.790297432291302E-03,-1.824190025789718E-02,-7.560771080644979E-04
2446396.500000000,-5.969706074585855E-01,-4.062583493335959E-01,2.892801343140200E-02,1.123632933963188E-02,-1.681710260899631E-02,-8.778754460913574E-04
2446401.500000000,-5.351365374209297E-01,-4.860985531881450E-01,2.427016253772498E-02,1.345588676332589E-02,-1.506770435774710E-02,-9.821753522418948E-04
2446406.500000000,-4.628595623458535E-01,-5.564540572103162E-01,1.913867329100026E-02,1.540694081565396E-02,-1.302967826390216E-02,-1.067040571192182E-03
2446411.500000000,-3.815755530579367E-01,-6.159826710516518E-01,1.363473316259597E-02,1.705314977955998E-02,-1.074419657711996E-02,-1.130934018936104E-03
2446416.500000000,-2.928866508942107E-01,-6.635591867970551E-01,7.866172135650353E-03,1.836443036046044E-02,-8.256724756410852E-03,-1.172738466879295E-03
2446421.500000000,-1.985288472456887E-01,-6.982944872375991E-01,1.945330391089567E-03,1.931738524853358E-02,-5.616073370734258E-03,-1.191768307763308E-03
2446426.500000000,-1.003377774551225E-01,-7.195498571366202E-01,-4.013111657553907E-03,1.989559083472142E-02,-2.873430930706495E-03,-1.187772965781915E-03
2446431.500000000,-2.134104973745226E-04,-7.269464518011254E-01,-9.894301001690222E-03,2.008975262704513E-02,-8.139684635389789E-05,-1.160932679666045E-03
2446436.500000000,9.991572678727645E-02,-7.203699635967518E-01,-1.558534107584378E-02,1.989773763919106E-02,2.706970068031609E-03,-1.111847403780483E-03
2446441.500000000,1.981282005595427E-01,-6.999705957941925E-01,-2.097734963387725E-02,1.932449372462538E-02,5.439075394978784E-03,-1.041519562830563E-03
2446446.500000000,2.925446557398775E-01,-6.661585064633400E-01,-2.596741650051363E-02,1.838186582523881E-02,8.063675971211525E-03,-9.513313588234905E-04
2446451.500000000,3.813616449454055E-01,-6.195949250788870E-01,-3.046043556781698E-02,1.708831846955179E-02,1.053172298112023E-02,-8.430172599537193E-04
2446456.500000000,4.628838529801125E-01,-5.611791737690837E-01,-3.437078833497215E-02,1.546857276168879E-02,1.279715628944765E-02,-7.186322108405938E-04
2446461.500000000,5.355543071442083E-01,-4.920318469956217E-01,-3.762385874660764E-02,1.355316474657634E-02,1.481764614884428E-02,-5.805160085848196E-04
2446466.500000000,5.979821943672429E-01,-4.134744213786767E-01,-4.015736111388292E-02,1.137793054437632E-02,1.655527887731324E-02,-4.312542188178753E-04
2446471.500000000,6.489679294261773E-01,-3.270055841974437E-01,-4.192246467019413E-02,8.983422223434403E-03,1.797718313854239E-02,-2.736359621902053E-04
2446476.500000000,6.875251363447329E-01,-2.342745867376172E-01,-4.288469970309411E-02,6.414257758310404E-03,1.905609297674736E-02,-1.106087792772935E-04
2446481.500000000,7.128992215210697E-01,-1.370519515263100E-01,-4.302463097402072E-02,3.718408228639215E-03,1.977084217468709E-02,5.476928526230484E-05
2446486.500000000,7.245822310508503E-01,-3.719789341293044E-02,-4.233828517895914E-02,9.464246685334151E-04,2.010678316000497E-02,2.193800954445828E-04
2446491.500000000,7.223236967935708E-01,6.337114898879896E-02,-4.083732077621125E-02,-1.849392704100052E-03,2.005612243736192E-02,3.800980071571323E-04
2446496.500000000,7.061371941281035E-01,1.627174294211724E-01,-3.854893036545563E-02,-4.615877945742158E-03,1.961816235423233E-02,5.338441681664269E-04
2446501.500000000,6.763023668971738E-01,2.589177624207743E-01,-3.551546856805494E-02,-7.299927550750838E-03,1.879943858421568E-02,6.776419157068937E-04
2446506.500000000,6.333622191161499E-01,3.500997975684106E-01,-3.179380139901454E-02,-9.849463927877361E-03,1.761374319911589E-02,8.086726775662308E-04
2446511.500000000,5.781155244139650E-01,4.344780996401249E-01,-2.745437646600044E-02,-1.221442253229077E-02,1.608202201005456E-02,9.243315750707299E-04
2446516.500000000,5.116042733632205E-01,5.103893779963146E-01,-2.258001819805639E-02,-1.434774653165406E-02,1.423213529002516E-02,1.022281603935605E-03
2446521.500000000,4.350961696057642E-01,5.763261600778531E-01,-1.726445837540546E-02,-1.620636902160596E-02,1.209847356389957E-02,1.100505109859387E-03
2446526.500000000,3.500622935263610E-01,6.309681702873535E-01,-1.161061892988220E-02,-1.775215970229920E-02,9.721423452051948E-03,1.157351162580009E-03
2446531.500000000,2.581501746116043E-01,6.732106604519658E-01,-5.728671229062103E-03,-1.895281024400486E-02,7.146682721393556E-03,1.191577333513751E-03
2446536.500000000,1.611526476213993E-01,7.021889464106458E-01,2.660963357771250E-04,-1.978263069077402E-02,4.424428889046210E-03,1.202384341454393E-03
2446541.500000000,6.097300817319037E-02,7.172984417494159E-01,6.255563029368700E-03,-2.022322859603443E-02,1.608351736064263E-03,1.189442073633395E-03
2446546.500000000,-4.041287660936438E-02,7.182095475887538E-01,1.212116613130151E-02,-2.026404344739580E-02,-1.245433429665737E-03,1.152905627188915E-03
2446551.500000000,-1.409967151944062E-01,7.048768578985904E-01,1.774634416102848E-02,-1.990271149997768E-02,-4.079568406139602E-03,1.093420252591806E-03
2446556.500000000,-2.387792949456729E-01,6.775422720317560E-01,2.301897535392537E-02,-1.914524044495638E-02,-6.836701214152624E-03,1.012114411544236E-03
2446561.500000000,-3.318123514460112E-01,6.367317664466842E-01,2.783375083666444E-02,-1.800597928347053E-02,-9.460767200554816E-03,9.105805742258557E-04
2446566.500000000,-4.182397582900587E-01,5.832457598937205E-01,3.209442123767792E-02,-1.650737608921573E-02,-1.189826397667940E-02,7.908438543664451E-04
2446571.500000000,-4.963369756733499E-01,5.181432025496546E-01,3.571585723196912E-02,-1.467952466569782E-02,-1.409948018568446E-02,6.553190939461050E-04
2446576.500000000,-5.645477233563463E-01,4.427197197956343E-01,3.862586889172762E-02,-1.255951005500341E-02,-1.601963843651302E-02,5.067575305210876E-04
2446581.500000000,-6.215169154853166E-01,3.584803330755201E-01,4.076673551227127E-02,-1.019057150407749E-02,-1.761991584140109E-02,3.481846040283126E-04
2446586.500000000,-6.661190054787304E-01,2.671074509734646E-01,4.209640605689560E-02,-7.621108216610654E-03,-1.886831051665960E-02,1.828307244778464E-04
2446591.500000000,-6.974810306445525E-01,1.704249697483451E-01,4.258934030279712E-02,-4.903559303685201E-03,-1.974032734360839E-02,1.405718723683866E-05
2446596.500000000,-7.149998193662360E-01,7.035943894670633E-02,4.223697266195128E-02,-2.093195411645688E-03,-2.021946380439587E-02,-1.547202477604252E-04
2446601.500000000,-7.183530175520955E-01,-3.110068125180591E-02,4.104779320723071E-02,7.531386975891855E-04,-2.029748674264217E-02,-3.201076662914993E-04
2446606.500000000,-7.075037866498671E-01,-1.319466218882312E-01,3.904705200600053E-02,3.578291594813379E-03,-1.997449987653525E-02,-4.788070256651353E-04
2446611.500000000,-6.826992190283443E-01,-2.301907342810591E-01,3.627610321664948E-02,6.326044767182081E-03,-1.925880884798412E-02,-6.276858970548873E-04
2446616.500000000,-6.444626960601160E-01,-3.239067652556613E-01,3.279141506081230E-02,8.942290786396322E-03,-1.816659752113989E-02,-7.638410994263884E-04
2446621.500000000,-5.935805693704205E-01,-4.112680827545565E-01,2.866327991914335E-02,1.137612155831869E-02,-1.672143558284497E-02,-8.846548199618945E-04
2446626.500000000,-5.310836746238131E-01,-4.905830673956025E-01,2.397426472413339E-02,1.358080376102002E-02,-1.495364158512906E-02,-9.878422449000985E-04
2446631.500000000,-4.582242859900379E-01,-5.603270126842402E-01,1.881744572715041E-02,1.551462490949496E-02,-1.289952788378921E-02,-1.071490112482887E-03
2446636.500000000,-3.764491863668775E-01,-6.191700113983596E-01,1.329447372795729E-02,1.714159977955662E-02,-1.060055468887641E-02,-1.134085966813120E-03
2446641.500000000,-2.873695650333777E-01,-6.660004405978538E-01,7.513516128495122E-03,1.843203270818793E-02,-8.102419762983998E-03,-1.174538215362589E-03
2446646.500000000,-1.927284639714118E-01,-6.999437861658730E-01,1.587120973820273E-03,1.936293627585014E-02,-5.454108442807074E-03,-1.192187355915794E-03
2446651.500000000,-9.436648111884155E-02,-7.203766646548428E-01,-4.369954200668789E-03,1.991831088054811E-02,-2.706925938350071E-03,-1.186808932783136E-03
2446656.500000000,5.813591488084886E-03,-7.269360019747820E-01,-1.024290902867615E-02,2.008929262730122E-02,8.646940578543981E-05,-1.158608902548057E-03
2446661.500000000,1.058825586667990E-01,-7.195234131489566E-01,-1.591902632982425E-02,1.987417867502618E-02,2.873016698751362E-03,-1.108212130957804E-03
2446666.500000000,2.039204535302367E-01,-6.983048951550870E-01,-2.128972491708511E-02,1.927833969669430E-02,5.600174878529353E-03,-1.036644730733191E-03
2446671.500000000,2.980514694654156E-01,-6.637059993032346E-01,-2.625251023832513E-02,1.831402934222304E-02,8.216807075019898E-03,-9.453109889161772E-04
2446676.500000000,3.864777036249280E-01,-6.164026920067620E-01,-3.071279771739975E-02,1.700010104879590E-02,1.067402006736671E-02,-8.359656255185826E-04
2446681.500000000,4.675112711240061E-01,-5.573081384796503E-01,-3.458558674378984E-02,1.536164063156584E-02,1.292595514780873E-02,-7.106818483509765E-04
2446686.500000000,5.396043838535910E-01,-4.875556607513480E-01,-3.779696509936162E-02,1.342952041271236E-02,1.493052686149511E-02,-5.718155351079810E-04
2446691.500000000,6.013770146259487E-01,-4.084781406332353E-01,-4.028542543588799E-02,1.123988005499557E-02,1.665010566155553E-02,-4.219659353745766E-04
2446696.500000000,6.516417916872158E-01,-3.215841571581400E-01,-4.200297726559558E-02,8.833538503212154E-03,1.805214085498454E-02,-2.639332189865542E-04
2446701.500000000,6.894257876278967E-01,-2.285311668535900E-01,-4.291603931651847E-02,6.255340266505925E-03,1.910971975561461E-02,-1.006731098895375E-04
2446706.500000000,7.139888810254342E-01,-1.310960584520813E-01,-4.300609822396707E-02,3.553438649067055E-03,1.980205775600632E-02,6.475117553939200E-05
2446711.500000000,7.248383820956703E-01,-3.114344371932191E-02,-4.227012068180365E-02,7.785186118540422E-04,2.011491255205998E-02,2.292194368068839E-04
2446716.500000000,7.217396286325097E-01,6.940791624162393E-02,-4.072070757852383E-02,-2.017037304192554E-03,2.004091422007783E-02,3.896071263773124E-04
2446721.500000000,7.047222789394411E-01,1.686201047173331E-01,-3.838598048100964E-02,-4.780035142948756E-03,1.957980142748780E-02,5.428396925568349E-04
2446726.500000000,6.740820576202444E-01,2.645719671261763E-01,-3.530919326930957E-02,-7.457400866293133E-03,1.873855295949221E-02,6.859480712923190E-04
2446731.500000000,6.303777511444894E-01,3.553954010453276E-01,-3.154806487238956E-02,-9.997147256542032E-03,1.753140320860911E-02,8.161246252143396E-04
2446736.500000000,5.744233060261738E-01,4.393114103028022E-01,-2.717383291429718E-02,-1.234936352245781E-02,1.597973053088723E-02,9.307786885604290E-04
2446741.500000000,5.072749560641947E-01,5.146652619708737E-01,-2.227003265892362E-02,-1.446721096049609E-02,1.411180854118064E-02,1.027590719924133E-03
2446746.500000000,4.302133982302576E-01,5.799600402628803E-01,-1.693101119252185E-02,-1.630790410307784E-02,1.196241248754189E-02,1.104563820284237E-03
2446751.500000000,3.447211480952939E-01,6.338878588985113E-01,-1.126019382218970E-02,-1.783365361281796E-02,9.572275683789854E-03,1.160071042037511E-03
2446756.500000000,2.524553289204309E-01,6.753579762670497E-01,-5.368128014071307E-03,-1.901254566464860E-02,6.987394259709010E-03,1.192896800636111E-03
2446761.500000000,1.552162776873268E-01,7.035210624912362E-01,6.296618662044443E-04,-1.981933101133626E-02,4.258184677870101E-03,1.202270890731285E-03
2446766.500000000,5.491249360167324E-02,7.177889113440022E-01,6.614968184852266E-03,-2.023609401647592E-02,1.438506781387541E-03,1.187893584161303E-03
2446771.500000000,-4.647740150349219E-02,7.178489677889356E-01,1.246929445797498E-02,-2.025277478398958E-02,-1.415429582387640E-03,1.149950696144468E-03
2446776.500000000,-1.469448970387694E-01,7.036731450556243E-01,1.807629807655051E-02,-1.986752101118979E-02,-4.246250996816222E-03,1.089117678690126E-03
2446781.500000000,-2.444931177007662E-01,6.755205365372996E-01,2.332422421755161E-02,-1.908684924037389E-02,-6.996670759088239E-03,1.006551891767010E-03
2446786.500000000,-3.371786459233340E-01,6.339337876910067E-01,2.810827061524066E-02,-1.792560119381490E-02,-9.610768482697124E-03,9.038726536193269E-04
2446791.500000000,-4.231525981023153E-01,5.797290755280681E-01,3.233282218175616E-02,-1.640668851301057E-02,-1.203526091433879E-02,7.831291935808786E-04
2446796.500000000,-5.006998971530026E-01,5.139798386099654E-01,3.591349636349943E-02,-1.456062754092086E-02,-1.422072427618431E-02,6.467571410495009E-04
2446801.500000000,-5.682757136434133E-01,4.379945985470931E-01,3.877894452992459E-02,-1.242487439139449E-02,-1.612272894764413E-02,4.975246762411750E-04
2446806.500000000,-6.245381201198651E-01,3.532894041685981E-01,4.087236146397465E-02,-1.004297892212336E-02,-1.770284996058932E-02,3.384699160527216E-04
2446811.500000000,-6.683761156401318E-01,2.615556012021469E-01,4.215266385606355E-02,-7.463583766579624E-03,-1.892952148680436E-02,1.728314794614829E-04
2446816.500000000,-6.989323243674639E-01,1.646237739321466E-01,4.259530914106653E-02,-4.739300733212649E-03,-1.977870994294028E-02,3.974443878995782E-06
2446821.500000000,-7.156198452853946E-01,6.442481328755861E-02,4.219273748982604E-02,-1.925501215285395E-03,-2.023438806200320E-02,-1.646859515351583E-04
2446826.500000000,-7.181329198306083E-01,-3.705086683236983E-02,4.095443163761305E-02,9.209404970885139E-04,-2.028880070400794E-02,-3.297604847620996E-04
2446831.500000000,-7.064512798183802E-01,-1.377949183717540E-01,3.890660086395230E-02,3.742912015015058E-03,-1.994252166331208E-02,-4.879597490109383E-04
2446836.500000000,-6.808382290637472E-01,-2.358224229044445E-01,3.609150627192464E-02,6.484298626738825E-03,-1.920430866491917E-02,-6.361635132666637E-04
2446841.500000000,-6.418326898752401E-01,-3.292120542697178E-01,3.256645411886541E-02,9.091156304863714E-03,-1.809077084621709E-02,-7.714838761794078E-04
2446846.500000000,-5.902356025397658E-01,-4.161441516251005E-01,2.840249180436725E-02,1.151279327207338E-02,-1.662586932004062E-02,-8.913208695804320E-04
2446851.500000000,-5.270911921500689E-01,-4.949359288387336E-01,2.368284656456650E-02,1.370273848405965E-02,-1.484027535034498E-02,-9.934096597009668E-04
2446856.500000000,-4.536637091951398E-01,-5.640731714235894E-01,1.850115046574147E-02,1.561958139358687E-02,-1.277061147108034E-02,-1.075858736939138E-03
2446861.500000000,-3.714103172186526E-01,-6.222379014476188E-01,1.295949778622652E-02,1.722767201231068E-02,-1.045860211842667E-02,-1.137178753794398E-03
2446866.500000000,-2.819508405747389E-01,-6.683316260443386E-01,7.166381399545236E-03,1.849767656079884E-02,-7.950160812683609E-03,-1.176302140050634E-03
2446871.500000000,-1.870350939352135E-01,-7.014939154489452E-01,1.234553295005144E-03,1.940698962809631E-02,-5.294438660257835E-03,-1.192593916397702E-03
2446876.500000000,-8.850850057931740E-02,-7.211161726900922E-01,-4.721148118622983E-03,1.994000753214169E-02,-2.542855870526441E-03,-1.185854271739658E-03
2446881.500000000,1.172332405808231E-02,-7.268505576787710E-01,-1.058596438747588E-02,2.008827026326589E-02,2.518651876062187E-04,-1.156313575551110E-03
2446886.500000000,1.117303888398876E-01,-7.186141128455581E-01,-1.624734104949602E-02,1.985048116320038E-02,3.036650158627847E-03,-1.104620553508372E-03
2446891.500000000,2.095939568243942E-01,-6.965882055149398E-01,-2.159697698256187E-02,1.923241430285222E-02,5.758994083467953E-03,-1.031824355752935E-03
2446896.500000000,3.034414520053229E-01,-6.612134548568679E-01,-2.653277029171375E-02,1.824671944079479E-02,8.367844894305693E-03,-9.393512190786463E-04
2446901.500000000,3.914801540580385E-01,-6.131803501919315E-01,-3.096063540926678E-02,1.691263371778526E-02,1.081444247315224E-02,-8.289763986169847E-04
2446906.500000000,4.720292357918834E-01,-5.534157951147374E-01,-3.479616925142043E-02,1.525560834010687E-02,1.305310857255569E-02,-7.027919338565325E-04
2446911.500000000,5.435497364898965E-01,-4.830658332348853E-01,-3.796614653356070E-02,1.330685727688426E-02,1.504198360600050E-02,-5.631705915767158E-04
2446916.500000000,6.046720949873042E-01,-4.034748304003676E-01,-4.040982587109446E-02,1.110283318792385E-02,1.674370671040618E-02,-4.127262976665653E-04
2446921.500000000,6.542208887259910E-01,-3.161614052412445E-01,-4.208005001927070E-02,8.684634462981747E-03,1.812603578328311E-02,-2.542714133711545E-04
2446926.500000000,6.912364423183482E-01,-2.227914175845671E-01,-4.294412513430979E-02,6.097346421444529E-03,1.916240352750028E-02,-9.077109744636435E-05
2446931.500000000,7.149929823926882E-01,-1.251483478418454E-01,-4.298446492806925E-02,3.389318996403583E-03,1.983240390017415E-02,7.470506174091603E-05
2446936.500000000,7.250130277794601E-01,-2.510143386923648E-02,-4.219898678435473E-02,6.113838365573246E-04,2.012220127313476E-02,2.390338245407096E-04
2446941.500000000,7.210777233401309E-01,7.542802744622039E-02,-4.060124883152016E-02,-2.183984488809073E-03,2.002485404697862E-02,3.990910795045014E-04
2446946.500000000,7.032328503305771E-01,1.745017653422592E-01,-3.822031876645182E-02,-4.943558254389309E-03,1.954054412680940E-02,5.518063082947248E-04
2446951.500000000,6.717902728796550E-01,2.702005099400255E-01,-3.510036708746470E-02,-7.614291030769407E-03,1.867670129084486E-02,6.942182465811102E-04
2446956.500000000,6.273246206142935E-01,3.606603010568686E-01,-3.129998063312547E-02,-1.014428678705506E-02,1.744801049704759E-02,8.235309535473101E-04
2446961.500000000,5.706650666668426E-01,4.441085174549171E-01,-2.689119669919218E-02,-1.248379011604388E-02,1.587629098939146E-02,9.371693418313996E-04
2446966.500000000,5.028821359940047E-01,5.188989603180455E-01,-2.195826310594251E-02,-1.458618080615644E-02,1.399023739346712E-02,1.032833070375313E-03
2446971.500000000,4.252695713072039E-01,5.835452806002190E-01,-1.659613549730911E-02,-1.640895258118994E-02,1.182501512621796E-02,1.108547534675478E-03
2446976.500000000,3.393213930215438E-01,6.367520091685196E-01,-1.090872985791685E-02,-1.791465261149548E-02,9.421705698237739E-03,1.162710544837688E-03
2446981.500000000,2.467044134869637E-01,6.774424370161256E-01,-5.006955539643451E-03,-1.907175578097979E-02,6.826601846079741E-03,1.194133188961769E-03
2446986.500000000,1.492266004741661E-01,7.047826054512715E-01,9.934383064853127E-04,-1.985544602814934E-02,4.090357752767064E-03,1.202073355418777E-03
2446991.500000000,4.880182488401674E-02,7.182007073293255E-01,6.974162475750285E-03,-2.024827667896513E-02,1.267005658103344E-03,1.186260446686065E-03
2446996.500000000,-5.258833405928384E-02,7.174012728979531E-01,1.281678621840402E-02,-2.024068280625408E-02,-1.587143410318845E-03,1.146909969299200E-03
2447001.500000000,-1.529349243025058E-01,7.023736185763964E-01,1.840518110048570E-02,-1.983132143858847E-02,-4.414690659781756E-03,1.084726932544211E-03
2447006.500000000,-2.502431849569540E-01,6.733941726649649E-01,2.362795228451507E-02,-1.902721993217159E-02,-7.158402286219043E-03,1.000897329891259E-03
2447011.500000000,-3.425743428377012E-01,6.310224549220402E-01,2.838079670573067E-02,-1.784371895378497E-02,-9.762489008376724E-03,8.970674064182628E-04
2447016.500000000,-4.280865964075772E-01,5.760906708953391E-01,3.256872736127113E-02,-1.630420418057397E-02,-1.217387409072945E-02,7.753109119542995E-04
2447021.500000000,-5.050742335875452E-01,5.096870767270579E-01,3.610810512927658E-02,-1.443962923962515E-02,-1.434341065196798E-02,6.380850010899379E-04
2447026.500000000,-5.720038620667236E-01,4.331334643463142E-01,3.892842375926359E-02,-1.228784008041089E-02,-1.622700986191692E-02,4.881758088403412E-04
2447031.500000000,-6.275468010838073E-01,3.479573066640829E-01,4.097380006485390E-02,-9.892718973392634E-03,-1.778664277452748E-02,3.286352766912877E-04
2447036.500000000,-6.706067965198975E-01,2.558592780321792E-01,4.220413080109370E-02,-7.303174931077872E-03,-1.899118377994316E-02,1.627113811122599E-04
2447041.500000000,-7.003423729403213E-01,1.586770043553623E-01,4.259588884208365E-02,-4.572014078375786E-03,-1.981707186576311E-02,-6.226016651267261E-06
2447046.500000000,-7.161833143483158E-01,5.834600017531677E-02,4.214254223969572E-02,-1.754727045064091E-03,-2.024877228408812E-02,-1.747614777904201E-04
2447051.500000000,-7.178409537557430E-01,-4.314118304983826E-02,4.085459135113045E-02,1.091768438560878E-03,-2.027902971077717E-02,-3.395100529814104E-04
2447056.500000000,-7.053121447140817E-01,-1.437765514978806E-01,3.875923102243944E-02,3.910390952661135E-03,-1.990891288232548E-02,-4.971908343206503E-04
2447061.500000000,-6.788769785974833E-01,-2.415779799957890E-01,3.589965556278929E-02,6.645127778533645E-03,-1.914765844225898E-02,-6.446959742834298E-04
2447066.500000000,-6.390904875991044E-01,-3.346292695462468E-01,3.233403359315404E-02,9.242203087073790E-03,-1.801232865626004E-02,-7.791534610060807E-04
2447071.500000000,-5.867687269493796E-01,-4.211180693201472E-01,2.813418750941179E-02,1.165115386045722E-02,-1.652730323727739E-02,-8.979823058427177E-04
2447076.500000000,-5.229697556053757E-01,-4.993708928317259E-01,2.338401803586367E-02,1.382579141257530E-02,-1.472362946210019E-02,-9.989391948558321E-04
2447081.500000000,-4.489701296900965E-01,-5.678845852308472E-01,1.817771809700633E-02,1.572503264911164E-02,-1.263825700569242E-02,-1.080156049130430E-03
2447086.500000000,-3.662375867055455E-01,-6.253537330001059E-01,1.261782208194018E-02,1.731359137576753E-02,-1.031318455266227E-02,-1.140168303860061E-03
2447091.500000000,-2.764006325406916E-01,-6.706936412055160E-01,6.813136710816360E-03,1.856252563718793E-02,-7.794544452761785E-03,-1.177934032702677E-03
2447096.500000000,-1.812157508158644E-01,-7.030586302923069E-01,8.765984222841734E-04,1.944964193751256E-02,-5.131649716869544E-03,-1.192844294627736E-03
2447101.500000000,-8.253293992185488E-02,-7.218555190973340E-01,-5.076900142057884E-03,1.995976095363223E-02,-2.376024825997291E-03,-1.184725248674954E-03
2447106.500000000,1.773974662984333E-02,-7.267522604525543E-01,-1.093267497831460E-02,2.008485183951479E-02,4.195611916672868E-04,-1.153832686795062E-03
2447111.500000000,1.176720213979556E-01,-7.176817813471010E-01,-1.657837088004604E-02,1.982404425624275E-02,3.202043630304971E-03,-1.100839773647171E-03
2447116.500000000,2.153469615594955E-01,-6.948411499448639E-01,-2.190600511707079E-02,1.918352916168694E-02,5.918980903841772E-03,-1.026818842259296E-03
2447121.500000000,3.088958549521409E-01,-6.586862404738157E-01,-2.681390656538284E-02,1.817635849108821E-02,8.519435502659756E-03,-9.332178616046690E-04
2447126.500000000,3.965318089449902E-01,-6.099221013927449E-01,-3.120852490893528E-02,1.682215193186633E-02,1.095481068686386E-02,-8.218320915200637E-04
2447131.500000000,4.765816775219699E-01,-5.494892625597222E-01,-3.500608728986734E-02,1.514671872406397E-02,1.317963742419199E-02,-6.947714993628208E-04
2447136.500000000,5.475158999189738E-01,-4.785462404044909E-01,-3.813408247832595E-02,1.318160151849382E-02,1.515230769768227E-02,-5.544244190569139E-04
2447141.500000000,6.079758752666549E-01,-3.984485173139851E-01,-4.053255469594531E-02,1.096354769202163E-02,1.683575097624523E-02,-4.034178042575401E-04
2447146.500000000,6.567985210497898E-01,-3.107242878637385E-01,-4.215519077255694E-02,8.533912136577898E-03,1.819805037240843E-02,-2.445743499250601E-04
2447151.500000000,6.930376807539159E-01,-2.170472837469078E-01,-4.297018557459978E-02,5.937994606526580E-03,1.921299420186454E-02,-8.086671687453019E-05
2447156.500000000,7.159820601837522E-01,-1.192070135245960E-01,-4.296087178401149E-02,3.224314275258392E-03,1.986055746769125E-02,8.463091346880444E-05
2447161.500000000,7.251693853121866E-01,-1.907678423867137E-02,-4.212610129895838E-02,4.438243051520121E-04,2.012730635091973E-02,2.487936979339418E-04
2447166.500000000,7.203964902946691E-01,8.142008967382708E-02,-4.048036696222085E-02,-2.350929947703586E-03,2.000671726962438E-02,4.084990799051713E-04
2447171.500000000,7.017250658924254E-01,1.803454389500871E-01,-3.805365519484462E-02,-5.106703954709389E-03,1.949940067290842E-02,5.606813963489334E-04
2447176.500000000,6.694828294832668E-01,2.757822503630099E-01,-3.489102260511150E-02,-7.770490915438738E-03,1.861321869162667E-02,7.023875721587667E-04
2447181.500000000,6.242599214355752E-01,3.658709768911169E-01,-3.105189291041470E-02,-1.029049234409274E-02,1.736328532982270E-02,8.308331617811036E-04
2447186.500000000,5.669003918506448E-01,4.488455321443255E-01,-2.660907469695496E-02,-1.261710878830907E-02,1.577183820047386E-02,9.434577972707795E-04
2447191.500000000,4.984887175272267E-01,5.230683009368671E-01,-2.164750572912759E-02,-1.470393406161545E-02,1.386797168019698E-02,1.037978932599801E-03
2447196.500000000,4.203313784485650E-01,5.870634521994065E-01,-1.626273513492907E-02,-1.650873358605487E-02,1.168722370455275E-02,1.112442740888384E-03
2447201.500000000,3.339336329227289E-01,6.395478103574229E-01,-1.055916137715414E-02,-1.799438202248107E-02,9.271011902083244E-03,1.165270597206432E-03
2447206.500000000,2.409717637622431E-01,6.794585294782588E-01,-4.648052452849680E-03,-1.912973272965103E-02,6.665919143190160E-03,1.195299466959950E-03
2447211.500000000,1.432612032187144E-01,7.059768312733579E-01,1.354617879414173E-03,-1.989039232812843E-02,3.922835060333436E-03,1.201814887438426E-03
2447216.500000000,4.272107920978717E-02,7.185471135010835E-01,7.330477348296800E-03,-2.025937299589189E-02,1.095965056359715E-03,1.184575132528064E-03
2447221.500000000,-5.866413728392691E-02,7.168908075229254E-01,1.316115828085114E-02,-2.022759534934592E-02,-1.758275497956228E-03,1.143825184905987E-03
2447226.500000000,-1.588850743586635E-01,7.010144697304657E-01,1.873074278408877E-02,-1.979421770347823E-02,-4.582457288079348E-03,1.080299443636129E-03
2447231.500000000,-2.559490720988265E-01,6.712117297255046E-01,2.392819177159760E-02,-1.896677238051897E-02,-7.319392821017207E-03,9.952124724555036E-04
2447236.500000000,-3.479219659603903E-01,6.280588827681793E-01,2.864969717307744E-02,-1.776109600238613E-02,-9.913416776742208E-03,8.902375175543324E-04
2447241.500000000,-4.329689932281559E-01,5.724040984434871E-01,3.280089647185341E-02,-1.620104816810610E-02,-1.231165260793913E-02,7.674729955425234E-04
2447246.500000000,-5.093937676517409E-01,5.053504133316102E-01,3.629889095580319E-02,-1.431802121334195E-02,-1.446522572706204E-02,6.293976482760865E-04
2447251.500000000,-5.756743023283482E-01,4.282328727333690E-01,3.907401377527654E-02,-1.215025233974586E-02,-1.633038439535188E-02,4.788155462439324E-04
2447256.500000000,-6.304951382945572E-01,3.425903744976563E-01,4.107130093167504E-02,-9.741957680734227E-03,-1.786949235303384E-02,3.187925600852626E-04
2447261.500000000,-6.727747530320421E-01,2.501329362590550E-01,4.225162735194174E-02,-7.142315233928984E-03,-1.905186215850942E-02,1.525862774915085E-04
2447266.500000000,-7.016875732267034E-01,1.527052466632816E-01,4.259248076757215E-02,-4.404329503463425E-03,-1.985440480198573E-02,-1.642840574199284E-05
2447271.500000000,-7.166800913255279E-01,5.224746428313177E-02,4.208835763987713E-02,-1.583614761005307E-03,-2.026207892326158E-02,-1.848356602799127E-04
2447276.500000000,-7.174807759744521E-01,-4.924570944247998E-02,4.075077725834376E-02,1.262864095145771E-03,-2.026813130296088E-02,-3.492546879563592E-04
2447281.500000000,-7.041036625246501E-01,-1.497666365554191E-01,3.860792181692839E-02,4.078053941204534E-03,-1.987412884698224E-02,-5.064130042736195E-04
2447286.500000000,-6.768457012093080E-01,-2.473360042328852E-01,3.570392099789588E-02,6.806042156014032E-03,-1.908979085540297E-02,-6.532150588338230E-04
2447291.500000000,-6.362781135944379E-01,-3.400427798723596E-01,3.209780844694241E-02,9.393219719313476E-03,-1.793263707289053E-02,-7.868046207592837E-04
2447296.500000000,-5.832321550068026E-01,-4.260819855065943E-01,2.786218477804018E-02,1.178935150165984E-02,-1.642747093431927E-02,-9.046195682258356E-04
2447301.500000000,-5.187798061898151E-01,-5.037895251409605E-01,2.308162792924478E-02,1.394853101046992E-02,-1.460572183975320E-02,-1.004438028225783E-03
2447306.500000000,-4.442100146340293E-01,-5.716734272950179E-01,1.785089560454147E-02,1.583000375343427E-02,-1.250467355599519E-02,-1.084415357213326E-03
2447311.500000000,-3.610011675120905E-01,-6.284410017505918E-01,1.227296600510556E-02,1.739885021990145E-02,-1.016660595156715E-02,-1.143111850013302E-03
2447316.500000000,-2.707905090298647E-01,-6.730215428514099E-01,6.456962909482224E-03,1.862652495652413E-02,-7.637876090089475E-03,-1.179511339717119E-03
2447321.500000000,-1.753412207134077E-01,-7.045843375787336E-01,5.160097398047931E-04,1.949125283657330E-02,-4.967962893304269E-03,-1.193031085413768E-03
2447326.500000000,-7.650786818130298E-02,-7.225518516180485E-01,-5.434945171267046E-03,1.997828721456247E-02,-2.208497029504452E-03,-1.183523507724727E-03
2447331.500000000,2.379911212407426E-02,-7.266080669718594E-01,-1.128129298815218E-02,2.008003715022127E-02,5.877055890831434E-04,-1.151270440692787E-03
2447336.500000000,1.236492533385196E-01,-7.167020277878079E-01,-1.691088277835460E-02,1.979607263777640E-02,3.367591814616794E-03,-1.096970587144860E-03
2447341.500000000,2.211276403774049E-01,-6.930467172854006E-01,-2.221606149639311E-02,1.913301779890678E-02,6.078789133503545E-03,-1.021720799975539E-03
2447346.500000000,3.143696993547750E-01,-6.561134393739139E-01,-2.709560640751594E-02,1.810434226805312E-02,8.670484675418925E-03,-9.269919113454524E-04
2447351.500000000,4.015947099052608E-01,-6.066219163581226E-01,-3.145652470183520E-02,1.673006049746861E-02,1.109425881860462E-02,-8.145999009379446E-04
2447356.500000000,4.811376016293054E-01,-5.455263427981984E-01,-3.521569860174720E-02,1.503634735873083E-02,1.330486840796088E-02,-6.866730048492971E-04
2447361.500000000,5.514786336075190E-01,-4.739976572122931E-01,-3.830135671663365E-02,1.305507675008748E-02,1.526097586024827E-02,-5.456151597729874E-04
2447366.500000000,6.112705853621780E-01,-3.934023099169026E-01,-4.065435405622623E-02,1.082328827364274E-02,1.692582109785556E-02,-3.940660623888825E-04
2447371.500000000,6.593631089945583E-01,-3.052778212202554E-01,-4.222924436204782E-02,8.382585535127707E-03,1.826783276768616E-02,-2.348580790982207E-04
2447376.500000000,6.948239084474478E-01,-2.113054454235260E-01,-4.299512974119935E-02,5.778469300940137E-03,1.926117379439985E-02,-7.097031812969600E-05
2447381.500000000,7.169564296196685E-01,-1.132802821328218E-01,-4.293627426060300E-02,3.059609256725708E-03,1.988621608243041E-02,9.451982195686202E-05
2447386.500000000,7.253137614397043E-01,-1.307920249044362E-02,-4.205246927779818E-02,2.770569606575097E-04,2.012993868859225E-02,2.584874852722554E-04
2447391.500000000,7.197084597893305E-01,8.737300683187234E-02,-4.035913912034658E-02,-2.516597338743034E-03,1.998624088981621E-02,4.178133205277495E-04
2447396.500000000,7.002180254464992E-01,1.861388306568099E-01,-3.788717761855438E-02,-5.268118830933116E-03,1.945615973803331E-02,5.694380852508375E-04
2447401.500000000,6.671857994313828E-01,2.813040386952045E-01,-3.468250874543351E-02,-7.924565586323791E-03,1.854798120040893E-02,7.104182889741865E-04
2447406.500000000,6.212170834880649E-01,3.710139651778501E-01,-3.080536794381687E-02,-1.043425910897229E-02,1.727723362841851E-02,8.379821378736727E-04
2447411.500000000,5.631703522121499E-01,4.535094384444862E-01,-2.632930485318970E-02,-1.274777460195353E-02,1.566655249185018E-02,9.495848606859284E-04
2447416.500000000,4.941434991321615E-01,5.271616913512097E-01,-2.133991323246376E-02,-1.481893399285928E-02,1.374540647633136E-02,1.042962303545220E-03
2447421.500000000,4.154551528068854E-01,5.905055390540347E-01,-1.593329988831533E-02,-1.660578119504109E-02,1.154967731448303E-02,1.116181504965522E-03
2447426.500000000,3.286212099646765E-01,6.422700806457171E-01,-1.021431123535518E-02,-1.807151582444241E-02,9.121089138590560E-03,1.167686820423912E-03
2447431.500000000,2.353268584461138E-01,6.814061709255591E-01,-4.294543514071089E-03,-1.918535899751625E-02,6.506487662871300E-03,1.196340077665761E-03
2447436.500000000,1.373944990415485E-01,7.071099234622736E-01,1.709829637144304E-03,-1.992332324796087E-02,3.756974981286179E-03,1.201453226665183E-03
2447441.500000000,3.674811640828626E-02,7.188415502728641E-01,7.680371012697986E-03,-2.026885832960023E-02,9.269119519617022E-04,1.182812016916729E-03
2447446.500000000,-6.462521212804370E-02,7.163389196048546E-01,1.349878686612048E-02,-2.021334596877753E-02,-1.927193307615836E-03,1.140689400934933E-03
2447451.500000000,-1.647158532928738E-01,6.996253223165683E-01,1.904937305830535E-02,-1.975641970064849E-02,-4.747885785822467E-03,1.075847637297931E-03
2447456.500000000,-2.615332759222299E-01,6.690110774894349E-01,2.422144203049479E-02,-1.890609094476343E-02,-7.478021973184212E-03,9.895284435782956E-04
2447461.500000000,-3.531478278289062E-01,6.250887732730132E-01,2.891167004522299E-02,-1.767866893977679E-02,-1.006205127686151E-02,8.834309328860826E-04
2447466.500000000,-4.377315832458316E-01,5.687221218985646E-01,3.302630363668856E-02,-1.609846858552362E-02,-1.244728231748701E-02,7.596774151711809E-04
2447471.500000000,-5.135972008485110E-01,5.010286051117780E-01,3.648316611634797E-02,-1.419730801719059E-02,-1.458509374833799E-02,6.207678186835140E-04
2447476.500000000,-5.792337689210170E-01,4.233562862271876E-01,3.921341063816506E-02,-1.201380894074739E-02,-1.643205045581985E-02,4.695241395022404E-04
2447481.500000000,-6.333387020126443E-01,3.372553541364348E-01,4.116297371724157E-02,-9.592520788607489E-03,-1.795088894612351E-02,3.090264544962809E-04
2447486.500000000,-6.748448715701799E-01,2.444451321051147E-01,4.229369171051772E-02,-6.982895139818871E-03,-1.911134153747343E-02,1.425424583851840E-04
2447491.500000000,-7.029423020771215E-01,1.467774196072947E-01,4.258405351123926E-02,-4.238143459547985E-03,-1.989077555066760E-02,-2.654719845014895E-05
2447496.500000000,-7.170939414370902E-01,4.619713658052235E-02,4.202957435730343E-02,-1.414015495469889E-03,-2.027463112118930E-02,-1.948254043792640E-04
2447501.500000000,-7.170452064414310E-01,-5.529869984597466E-02,4.064278752740882E-02,1.432462519793070E-03,-2.025664982044513E-02,-3.589145501081558E-04
2447506.500000000,-7.028272000778336E-01,-1.557026185772428E-01,3.845286224406070E-02,4.244250986537117E-03,-1.983889482560052E-02,-5.155497267956773E-04
2447511.500000000,-6.747536869464655E-01,-2.530379340008190E-01,3.550486672076689E-02,6.965524756611928E-03,-1.903157128812532E-02,-6.616471621506510E-04
2447516.500000000,-6.334120869139845E-01,-3.453986187634261E-01,3.185870449958091E-02,9.542832976434972E-03,-1.785266237177423E-02,-7.943662190031744E-04
2447521.500000000,-5.796488979112020E-01,-4.309869384503524E-01,2.758775968160560E-02,1.192616349387379E-02,-1.632740181551176E-02,-9.111636557139363E-04
2447526.500000000,-5.145500812867473E-01,-5.081480910859191E-01,2.277729216401187E-02,1.406989037795540E-02,-1.448760762097439E-02,-1.009839246069548E-03
2447531.500000000,-4.394170346266520E-01,-5.754012231855157E-01,1.752262752007071E-02,1.593358941441689E-02,-1.237090350821679E-02,-1.088572248406090E-03
2447536.500000000,-3.557388371031966E-01,-6.314663289759300E-01,1.192718779734268E-02,1.748271258468230E-02,-1.001985518800120E-02,-1.145948570277207E-03
2447541.500000000,-2.651614832991909E-01,-6.752866725948595E-01,6.100409516895856E-03,1.868911801271177E-02,-7.481047476309511E-03,-1.180978766684301E-03
2447546.500000000,-1.694548274956467E-01,-7.060464987827922E-01,1.555938691198138E-04,1.953145632056381E-02,-4.804126450570532E-03,-1.193107245770888E-03
2447551.500000000,-7.047794556496982E-02,-7.231839135629078E-01,-5.792268414216053E-03,1.999541843524970E-02,-2.040828733559584E-03,-1.182213322567546E-03
2447556.500000000,2.985641378910137E-02,-7.263989182882644E-01,-1.162865876970827E-02,2.007385369754556E-02,7.559838428920408E-04,-1.148604925836438E-03
2447561.500000000,1.296176642535123E-01,-7.156566593339204E-01,-1.724164408593239E-02,1.976676784490014E-02,3.533270632794671E-03,-1.093005618295908E-03
2447566.500000000,2.268929255154819E-01,-6.911860172713501E-01,-2.252390967012539E-02,1.908120995860439E-02,6.238728205049613E-03,-1.016535568551313E-03
2447571.500000000,3.198217444967826E-01,-6.534737118961970E-01,-2.737468349823800E-02,1.803105823951300E-02,8.821666667836715E-03,-9.206872139356313E-04
2447576.500000000,4.066295127023747E-01,-6.032541388610049E-01,-3.170152691188472E-02,1.663671416485412E-02,1.123383982392796E-02,-8.072962745706913E-04
2447581.500000000,4.856591425952794E-01,-5.414951806290681E-01,-3.542196988650140E-02,1.492471316991379E-02,1.343022463781189E-02,-6.785086464596193E-04
2447586.500000000,5.554006027903222E-01,-4.693802543078309E-01,-3.846497136782030E-02,1.292725847483009E-02,1.536974647032664E-02,-5.367435992888630E-04
2447591.500000000,6.145179413527295E-01,-3.882868756153536E-01,-4.077218708790767E-02,1.068168325619630E-02,1.701594684586635E-02,-3.846536214135220E-04
2447596.500000000,6.618734493118548E-01,-2.997620348617597E-01,-4.229902881147487E-02,8.229845137129457E-03,1.833759024269299E-02,-2.250811888728084E-04
2447601.500000000,6.965486339752780E-01,-2.054947001566866E-01,-4.301550023473424E-02,5.617456080786574E-03,1.930920560635965E-02,-6.101269513255199E-05
2447606.500000000,7.178616858038056E-01,-1.072857873952402E-01,-4.290679590898262E-02,2.893350363003544E-03,1.991155709471247E-02,1.044702292958355E-04
2447611.500000000,7.253811361873534E-01,-7.015967558174769E-03,-4.197365076439059E-02,1.086934886451408E-04,2.013203712691296E-02,2.682417487949335E-04
2447616.500000000,7.189354196965996E-01,9.338827974871505E-02,-4.023242925897067E-02,-2.683864194060266E-03,1.996497331392409E-02,4.271848775359404E-04
2447621.500000000,6.986180769506078E-01,1.919899118989683E-01,-3.771494510444521E-02,-5.431083799406209E-03,1.941183943327276E-02,5.782461044632172E-04
2447626.500000000,6.647883660034906E-01,2.868773610439258E-01,-3.446800518628532E-02,-8.080076823900181E-03,1.848135944965905E-02,7.184909827514704E-04
2447631.500000000,6.180670918251356E-01,3.762008016558142E-01,-3.055267443859407E-02,-1.057927708527310E-02,1.718949363553608E-02,8.451600499530099E-04
2447636.500000000,5.593275215226428E-01,4.582080314730303E-01,-2.604326202378175E-02,-1.287943179547352E-02,1.555929588391225E-02,9.557241873734938E-04
2447641.500000000,4.896813326904706E-01,5.312792932105259E-01,-2.102603491741120E-02,-1.493459400143866E-02,1.362063107190075E-02,1.047938064692021E-03
2447646.500000000,4.104596394740227E-01,5.939603176373401E-01,-1.559767180447058E-02,-1.670309530586860E-02,1.140974553165938E-02,1.119890367902442E-03
2447651.500000000,3.231892526182042E-01,6.449928454103616E-01,-9.863476469668394E-03,-1.814847550148118E-02,8.968687809235539E-03,1.170049547039450E-03
2447656.500000000,2.295644521949332E-01,6.833418777009899E-01,-3.935376720223735E-03,-1.924034330533063E-02,6.344579811578161E-03,1.197303588290699E-03
2447661.500000000,1.314146875529595E-01,7.082189187103074E-01,2.070257263546727E-03,-1.995513993832874E-02,3.588743903517858E-03,1.200992209873116E-03
2447666.500000000,3.066876181401970E-02,7.191005178240172E-01,8.034933488120207E-03,-2.027677706822825E-02,7.556982796709643E-04,1.180929997757430E-03
2447671.500000000,-7.068380274357638E-02,7.157414974386949E-01,1.384044900455462E-02,-2.019712224916075E-02,-2.097960440120089E-03,1.137419194348611E-03
2447676.500000000,-1.706333950179071E-01,6.981823632806142E-01,1.937133665244793E-02,-1.971630817449057E-02,-4.914762085520100E-03,1.071251121526401E-03
2447681.500000000,-2.671920107444091E-01,6.667505353222846E-01,2.451728903923502E-02,-1.884284690548894E-02,-7.637624215512470E-03,9.836955753041235E-04
2447686.500000000,-3.584350043276738E-01,6.220552049052904E-01,2.917549884368928E-02,-1.759353664519841E-02,-1.021113409546083E-02,8.764779615971077E-04
2447691.500000000,-4.425418442339847E-01,5.649758105968996E-01,3.325285457279650E-02,-1.599315627963406E-02,-1.258281261054084E-02,7.517444256690169E-04
2447696.500000000,-5.178348163141908E-01,4.966443227453384E-01,3.666793341769928E-02,-1.407395134102270E-02,-1.470432024761478E-02,6.120157294770303E-04
2447701.500000000,-5.828146593486209E-01,4.184217243584796E-01,3.935273785164946E-02,-1.187492369142608E-02,-1.653256631371334E-02,4.601311157198942E-04
2447706.500000000,-6.361921994887695E-01,3.318692629899990E-01,4.125412991603772E-02,-9.440945462618108E-03,-1.803068574746520E-02,2.991838295835060E-04
2447711.500000000,-6.769151715833311E-01,2.387152144353972E-01,4.233492641118183E-02,-6.821725033086074E-03,-1.916885301686175E-02,1.324503201588812E-04
2447716.500000000,-7.041895694933267E-01,1.408180353594407E-01,4.257462899653904E-02,-4.070658650588886E-03,-1.992490931436876E-02,-3.668460207395938E-05
2447721.500000000,-7.174950467133848E-01,4.012688133736923E-02,4.196977498450828E-02,-1.243605463312167E-03,-2.028478731891780E-02,-2.048042422251655E-04
2447726.500000000,-7.165940828815716E-01,-6.135947727340525E-02,4.053390656399667E-02,1.602374642200773E-03,-2.024272697778955E-02,-3.685358039825986E-04
2447731.500000000,-7.015348258661718E-01,-1.616342981103933E-01,3.829716725161252E-02,4.410282540908536E-03,-1.980128400560256E-02,-5.246233766540771E-04
2447736.500000000,-6.726477031212422E-01,-2.587240491548058E-01,3.530554462561559E-02,7.124404797503175E-03,-1.897113912037365E-02,-6.699961048691142E-04
2447741.500000000,-6.305360703173960E-01,-3.507281696787449E-01,3.161978805871733E-02,9.691468684018375E-03,-1.777072346008415E-02,-8.018297666304944E-04
2447746.500000000,-5.760613182133589E-01,-4.358565433637266E-01,2.731403773926097E-02,1.206169987514161E-02,-1.622568201349940E-02,-9.176005113483247E-04
2447751.500000000,-5.103229789198538E-01,-5.124639353218226E-01,2.247420642818590E-02,1.418976204622191E-02,-1.436820007982819E-02,-1.015129912558292E-03
2447756.500000000,-4.346344612248566E-01,-5.790807740249979E-01,1.719615882833455E-02,1.603556372363192E-02,-1.223621924253235E-02,-1.092620814401138E-03
2447761.500000000,-3.504951024321444E-01,-6.344397927205193E-01,1.158373504650164E-02,1.756492392025050E-02,-9.872569628507959E-03,-1.148683870817722E-03
2447766.500000000,-2.595592521307680E-01,-6.774981777031150E-01,5.746664071040928E-03,1.875009362038934E-02,-7.324044657892869E-03,-1.182355062222867E-03
2447771.500000000,-1.636031070293551E-01,-7.074549978210565E-01,-2.015885365464113E-04,1.957013440269142E-02,-4.640442581588268E-03,-1.193104555463296E-03
2447776.500000000,-6.449000003000178E-02,-7.237638030944585E-01,-6.145996558029281E-03,2.001115925461651E-02,-1.873595800887252E-03,-1.180837389964863E-03
2447781.500000000,3.586518654481213E-02,-7.261403769155929E-01,-1.197213350320564E-02,2.006644360176627E-02,9.235943283102148E-04,-1.145886710542675E-03
2447786.500000000,1.355318581633262E-01,-7.145657069721326E-01,-1.756828217225667E-02,1.973641611575993E-02,3.698102651844869E-03,-1.089000334456190E-03
2447791.500000000,2.325992198027275E-01,-6.892843048591291E-01,-2.282746195543153E-02,1.902853939759218E-02,6.397693938221372E-03,-1.011321399087859E-03
2447796.500000000,3.252109365712698E-01,-6.507980539844166E-01,-2.764934601711114E-02,1.795709046277999E-02,8.971796632389261E-03,-9.143637764459375E-04
2447801.500000000,4.115984655528910E-01,-5.998558018782439E-01,-3.194204374930688E-02,1.654285017414370E-02,1.137233048163108E-02,-7.999828586091773E-04
2447806.500000000,4.901126237651240E-01,-5.374389391549850E-01,-3.562372663090961E-02,1.481270941010172E-02,1.355448360819023E-02,-6.703422066437027E-04
2447811.500000000,5.592529918095370E-01,-4.647432273227356E-01,-3.862407783044275E-02,1.279919807609014E-02,1.547743524604756E-02,-5.278764644673158E-04
2447816.500000000,6.176947807594388E-01,-3.831571572519503E-01,-4.088554791445348E-02,1.053994228844636E-02,1.710502007275401E-02,-3.752509613962494E-04
2447821.500000000,6.643128162058218E-01,-2.942371392000501E-01,-4.236440108712471E-02,8.077054755361556E-03,1.840633080535575E-02,-2.153183594239655E-04
2447826.500000000,6.982023135398914E-01,-1.996798404929713E-01,-4.303153754233460E-02,5.456461165526521E-03,1.935625582135228E-02,-5.107246295798427E-05
2447831.500000000,7.186961286844183E-01,-1.012920091513903E-01,-4.287307807177799E-02,2.727164359708022E-03,1.993594597837390E-02,1.144006436288790E-04
2447836.500000000,7.253781801573240E-01,-9.581561410350548E-04,-4.189069833908683E-02,-5.955070239775900E-05,2.013320300188162E-02,2.779738084568615E-04
2447841.500000000,7.180927563101405E-01,9.939349065214793E-02,-4.010170197142149E-02,-2.850967064780854E-03,1.994278088678887E-02,4.365320076380698E-04
2447846.500000000,6.969494452137895E-01,1.978263018992812E-01,-3.753882361326526E-02,-5.593835528012589E-03,1.936659054657660E-02,5.870270807516405E-04
2447851.500000000,6.623234570320221E-01,2.924313212591561E-01,-3.424975563443532E-02,-8.235316411553876E-03,1.841379687948579E-02,7.265334225960949E-04
2447856.500000000,6.148511536968878E-01,3.813635326444491E-01,-3.029639552726813E-02,-1.072395286238838E-02,1.710079695492299E-02,8.523038742083298E-04
2447861.500000000,5.554206611281871E-01,4.628776982008032E-01,-2.575381527846279E-02,-1.301066194224195E-02,1.545106836292751E-02,9.618248687134919E-04
2447866.500000000,4.851575168978851E-01,5.353630929130631E-01,-2.070895919552310E-02,-1.504972617709751E-02,1.349487807009862E-02,1.052869699875395E-03
2447871.500000000,4.054054017174022E-01,5.973764189501030E-01,-1.525908276809011E-02,-1.679976472199158E-02,1.126884450385716E-02,1.123548609500431E-03
2447876.500000000,3.177021155757990E-01,6.476721547679759E-01,-9.509952024984633E-03,-1.822466009025455E-02,8.815349094437798E-03,1.172354252726804E-03
2447881.500000000,2.237510863031151E-01,6.852295862047376E-01,-3.573830285899564E-03,-1.929441386012450E-02,6.181798105293788E-03,1.198201017789993E-03
2447886.500000000,1.253888355541450E-01,7.092757845127056E-01,2.432713125274709E-03,-1.998590325855831E-02,3.419741152277116E-03,1.200456671355622E-03
2447891.500000000,2.454896862368670E-02,7.193038438002943E-01,8.391130190156793E-03,-2.028351043241396E-02,5.838591148082153E-04,1.178964898450771E-03
2447896.500000000,-7.677660815905218E-02,7.150857702761969E-01,1.418330884311121E-02,-2.017959799449631E-02,-2.269159323467692E-03,1.134057514203300E-03
2447901.500000000,-1.765784145376222E-01,6.966795271417113E-01,1.969402071882645E-02,-1.967480770248305E-02,-5.081827305662165E-03,1.066555336366401E-03
2447906.500000000,-2.728711329236473E-01,6.644298783418010E-01,2.481334321488004E-02,-1.877816272979645E-02,-7.797125090185242E-03,9.777569540888771E-04
2447911.500000000,-3.637353374930859E-01,6.189628414585838E-01,2.943899467362636E-02,-1.750696120089782E-02,-1.035978444460412E-02,8.694152203772247E-04
2447916.500000000,-4.473581609201948E-01,5.611737569818903E-01,3.347852159183854E-02,-1.588645769324738E-02,-1.271755081139814E-02,7.437016147904130E-04
2447921.500000000,-5.220718439270153E-01,4.922091853506806E-01,3.685127852613954E-02,-1.394933611732578E-02,-1.482238368001606E-02,6.031591453101461E-04
2447926.500000000,-5.863891515155774E-01,4.134430351683476E-01,3.949014679273867E-02,-1.173498637497921E-02,-1.663155760031628E-02,4.506452575296447E-04
2447931.500000000,-6.390347251136338E-01,3.264475088177073E-01,4.134294668827835E-02,-9.288606351063107E-03,-1.810862870464749E-02,2.892666751238257E-04
2447936.500000000,-6.789715673293422E-01,2.329596158207209E-01,4.237350808876011E-02,-6.660158321400848E-03,-1.922423657955186E-02,1.223082662867688E-04
2447941.500000000,-7.054220155726859E-01,1.348441386774022E-01,4.256237497440934E-02,-3.903214149438262E-03,-1.995671817059298E-02,-4.684187843404342E-05
2447946.500000000,-7.178827416291610E-01,3.405403239496100E-02,4.190713063470745E-02,-1.073726921892835E-03,-2.029251860506515E-02,-2.147688634120789E-04
2447951.500000000,-7.161335068440492E-01,-6.741070722577763E-02,4.042234189452303E-02,1.771231919910040E-03,-2.022639251951829E-02,-3.781065809767438E-04
2447956.500000000,-7.002395972518292E-01,-1.675446608161197E-01,3.813913206685800E-02,4.574731472741257E-03,-1.976139795450596E-02,-5.336102777370626E-04
2447961.500000000,-6.705480498885656E-01,-2.643780724782955E-01,3.510440278261461E-02,7.281200310386256E-03,-1.890869260389415E-02,-6.782241369978195E-04
2447966.500000000,-6.276779516559126E-01,-3.560164568293640E-01,3.137973382781692E-02,9.837573635265596E-03,-1.768714876390682E-02,-8.091422536917760E-04
2447971.500000000,-5.725052382846482E-01,-4.406778713260266E-01,2.703999729341054E-02,1.219434216583004E-02,-1.612280840244593E-02,-9.238617606503685E-04
2447976.500000000,-5.061425383720026E-01,-5.167271154460845E-01,2.217172755929379E-02,1.430648233459088E-02,-1.424820315652445E-02,-1.020227259535905E-03
2447981.500000000,-4.299146941489163E-01,-5.827062472132483E-01,1.687129193011999E-02,1.613425350756708E-02,-1.210156574967225E-02,-1.096466077759411E-03
2447986.500000000,-3.453306476047789E-01,-6.373609414771750E-01,1.124290828263143E-02,1.764385365686286E-02,-9.725959768554265E-03,-1.151214214435962E-03
2447991.500000000,-2.540524091584523E-01,-6.796623485522860E-01,5.396555817191032E-03,1.880793073117318E-02,-7.168354318356412E-03,-1.183533228295873E-03
2447996.500000000,-1.578618249706473E-01,-7.088242387007886E-01,-5.541770915566920E-04,1.960595264929440E-02,-4.478667274634775E-03,-1.192918602191689E-03
2448001.500000000,-5.862583642588001E-02,-7.243153257214724E-01,-6.494266617441521E-03,2.002444142922575E-02,-1.708796709684878E-03,-1.179300089985628E-03
2448006.500000000,4.173910527831358E-02,-7.258667548858523E-01,-1.230941009334030E-02,2.005707837913728E-02,1.088342034658014E-03,-1.143034645331754E-03
2448011.500000000,1.413028472355615E-01,-7.134748221080121E-01,-1.788813034574791E-02,1.970468968354167E-02,3.859758761016673E-03,-1.084892716993036E-03
2448016.500000000,2.381569933294866E-01,-6.873990563087210E-01,-2.312379653753160E-02,1.897512267379507E-02,6.553299140841765E-03,-1.006038676695751E-03
2448021.500000000,3.304494914408489E-01,-6.481558449686384E-01,-2.791653390522405E-02,1.788302260958026E-02,9.118515546253989E-03,-9.080060545220973E-04
2448026.500000000,4.164178745871823E-01,-5.965078182334144E-01,-3.217499794082496E-02,1.644951885762840E-02,1.150749193381290E-02,-7.926681726743787E-04
2448031.500000000,4.944207227162035E-01,-5.334492331495959E-01,-3.581799130515128E-02,1.470182814148130E-02,1.367561824672793E-02,-6.622046805568222E-04
2448036.500000000,5.629669468444073E-01,-4.601876197851903E-01,-3.877590404799038E-02,1.267278116370418E-02,1.558231069143943E-02,-5.190644039894054E-04
2448041.500000000,6.207425253071894E-01,-3.781219683227108E-01,-4.099195956464740E-02,1.040027754833666E-02,1.719167449489535E-02,-3.659248398212391E-04
2448046.500000000,6.666343436401203E-01,-2.888177538058430E-01,-4.242325020816207E-02,7.926672907597241E-03,1.847310540600171E-02,-2.056485644233920E-04
2448051.500000000,6.997508065467379E-01,-1.939791158547707E-01,-4.304154771906265E-02,5.298101080283756E-03,1.940182534410488E-02,-4.123679060532694E-05
2448056.500000000,7.194389047422375E-01,-9.541853674875651E-02,-4.283387481907339E-02,2.563734297154418E-03,1.995934629358147E-02,1.242196772945038E-04
2448061.500000000,7.252974331612212E-01,4.975605544502762E-03,-4.180282570997659E-02,-2.250159508839975E-04,2.013385511653057E-02,2.875917833612206E-04
2448066.500000000,7.171860726258281E-01,1.052731936812980E-01,-3.996662473684087E-02,-3.015353578744805E-03,1.992051101806067E-02,4.457655711333790E-04
2448071.500000000,6.952300716686889E-01,2.035377761981902E-01,-3.735891397487085E-02,-5.754002022250824E-03,1.932164581254116E-02,5.956971735901343E-04
2448076.500000000,6.598202993825550E-01,2.978627065988738E-01,-3.402826316929462E-02,-8.388150308077311E-03,1.834685513758479E-02,7.344687456436120E-04
2448081.500000000,6.116084844745436E-01,3.864074406663610E-01,-3.003739948207153E-02,-1.086643026357254E-02,1.701296864047393E-02,8.593444495309435E-04
2448086.500000000,5.514975215319357E-01,4.674333605662184E-01,-2.546215919644813E-02,-1.313990969707178E-02,1.534388901351718E-02,9.678255268133888E-04
2448091.500000000,4.806268067153303E-01,5.393384483287392E-01,-2.039016840646500E-02,-1.516308439697828E-02,1.337029132158851E-02,1.057703445879359E-03
2448096.500000000,4.003526580795966E-01,6.006900904960708E-01,-1.491926541104334E-02,-1.689484849353806E-02,1.112917510489539E-02,1.127109830969854E-03
2448101.500000000,3.122239886709575E-01,6.502552660922195E-01,-9.155684645098288E-03,-1.829941864231972E-02,8.663265377357234E-03,1.174561660595601E-03
2448106.500000000,2.179535300505629E-01,6.870273634633922E-01,-3.212029667777412E-03,-1.934718504451039E-02,6.020263856612506E-03,1.199000189310217E-03
2448111.500000000,1.193850421486313E-01,7.102488921932897E-01,2.794929582199924E-03,-2.001546116695276E-02,3.251957432798095E-03,1.199822069785265E-03
2448116.500000000,1.845708648399788E-02,7.194294066210131E-01,8.746592617041672E-03,-2.028910407642165E-02,4.131970813639384E-04,1.176901237207885E-03
2448121.500000000,-8.283592307327577E-02,7.143580397584189E-01,1.452494788366819E-02,-2.016097889580922E-02,-2.439233060686871E-03,1.130600296447398E-03
2448126.500000000,-1.824845529324932E-01,6.951101610751638E-01,2.001502082440650E-02,-1.963224421343868E-02,-5.247830375007748E-03,1.061770430179500E-03
2448131.500000000,-2.785061228262210E-01,6.620478166156862E-01,2.510729141606810E-02,-1.871244032568363E-02,-7.955640437620714E-03,9.717392148668136E-04
2448136.500000000,-3.689864015918415E-01,6.158137805294666E-01,2.970002010231848E-02,-1.741936878850560E-02,-1.050753944423757E-02,8.622861733101815E-04
2448141.500000000,-4.521201694820934E-01,5.573192361796200E-01,3.370142138659853E-02,-1.577875955294250E-02,-1.285149330516203E-02,7.356063812638914E-04
2448146.500000000,-5.262495932791841E-01,4.877253033938695E-01,3.703162719996955E-02,-1.382373047582173E-02,-1.493975348011887E-02,5.942629490665742E-04
2448151.500000000,-5.898994061545801E-01,4.084188257431269E-01,3.962438748987065E-02,-1.159405265729871E-02,-1.672995091244281E-02,4.411296845218812E-04
2448156.500000000,-6.418079724124901E-01,3.209830172925795E-01,4.142846313280785E-02,-9.135243331496032E-03,-1.818605282815778E-02,2.793256842107455E-04
2448161.500000000,-6.809534449223631E-01,2.271637314407357E-01,4.240867594955400E-02,-6.497515446841705E-03,-1.927915275143900E-02,1.121439541329771E-04
2448166.500000000,-7.065743833800657E-01,1.288322440616302E-01,4.254659159186093E-02,-3.734618439226654E-03,-1.998807181428236E-02,-5.702368703414175E-05
2448171.500000000,-7.181843809617050E-01,2.794553262340390E-02,4.184082234667080E-02,-9.026070956186347E-04,-2.029975727272790E-02,-2.247631592809343E-04
2448176.500000000,-7.155804359528023E-01,-7.349491396807224E-02,4.030694851492270E-02,1.941422671167323E-03,-2.020947122833816E-02,-3.877137331588108E-04
2448181.500000000,-6.988450024015299E-01,-1.734847071334680E-01,3.797706896679378E-02,4.740591565512581E-03,-1.972077172638283E-02,-5.426403931855559E-04
2448186.500000000,-6.683418447172661E-01,-2.700575779355406E-01,3.489900208929831E-02,7.439451974905898E-03,-1.884529702295894E-02,-6.865010255039957E-04
2448191.500000000,-6.247059892989524E-01,-3.613248594191391E-01,3.113516710514601E-02,9.985129381291162E-03,-1.760236975815229E-02,-8.165068526399498E-04
2448196.500000000,-5.688282078270355E-01,-4.455125841594483E-01,2.676118254041460E-02,1.232836441387858E-02,-1.601844287582586E-02,-9.301749897669754E-04
2448201.500000000,-5.018345826582172E-01,-5.209954680134351E-01,2.186422326904207E-02,1.442443503227088E-02,-1.412641252841744E-02,-1.025372343923825E-03
2448206.500000000,-4.250617916705448E-01,-5.863271807502227E-01,1.654118088253621E-02,1.623394480591460E-02,-1.196482437550051E-02,-1.100350329860587E-03
2448211.500000000,-3.400288033238326E-01,-6.402664373923387E-01,1.089667373873045E-02,1.772346976130473E-02,-9.576999988940243E-03,-1.153770299737620E-03
2448216.500000000,-2.484056968290256E-01,-6.817985758731987E-01,5.040952625766279E-03,1.886606149669385E-02,-7.010109105972768E-03,-1.184719927453945E-03
2448221.500000000,-1.519803225206914E-01,-7.101524101041795E-01,-9.122537896768519E-04,1.964160865894569E-02,-4.314211225716578E-03,-1.192721000347790E-03
2448226.500000000,-5.262349785249967E-02,-7.248122578814620E-01,-6.847912227146705E-03,2.003706238978347E-02,-1.541287108781115E-03,-1.177729223394863E-03
2448231.500000000,4.774660019733316E-02,-7.255251377736404E-01,-1.265183855823935E-02,2.004653380954320E-02,1.255722527420404E-03,-1.140126737140089E-03
2448236.500000000,1.472002298484454E-01,-7.123032072358267E-01,-1.821279748369627E-02,1.967127303527508E-02,4.023857160131313E-03,-1.080708087282995E-03
2448241.500000000,2.438314989681293E-01,-6.854215759132573E-01,-2.342451719344731E-02,1.891953970654892E-02,6.711044689380117E-03,-1.000660362969211E-03
2448246.500000000,3.357928809558288E-01,-6.454116747319001E-01,-2.818759149714495E-02,1.780637453244742E-02,9.266969755159313E-03,-9.015381455433640E-04
2448251.500000000,4.213283585886800E-01,-5.930503962686134E-01,-3.241124490935035E-02,1.635328023901221E-02,1.164389595583796E-02,-7.852338351436533E-04
2448256.500000000,4.988047623622373E-01,-5.293452505021087E-01,-3.601493902702871E-02,1.458781973061753E-02,1.379743671784384E-02,-6.539439399351955E-04
2448261.500000000,5.667409082970030E-01,-4.555158019705159E-01,-3.892980132929659E-02,1.254313875236946E-02,1.568727150336632E-02,-5.101318104767389E-04
2448266.500000000,6.238341703549055E-01,-3.729716670152604E-01,-4.109985921187944E-02,1.025741758220734E-02,1.727780507514455E-02,-3.564870223589826E-04
2448271.500000000,6.689841396990260E-01,-2.832873651722360E-01,-4.248306295096253E-02,7.773254555676890E-03,1.853876574460142E-02,-1.958816113786074E-04
2448276.500000000,7.013130375103396E-01,-1.881743427317689E-01,-4.305208258602741E-02,5.136984482095199E-03,1.944573733977409E-02,-3.132345353178507E-05
2448281.500000000,7.201825633699779E-01,-8.945051430184596E-02,-4.279486512170084E-02,2.397934939112117E-03,1.998061895221822E-02,1.340929450992041E-04
2448286.500000000,7.252068761354854E-01,1.099229900168915E-02,-4.171493975953409E-02,-3.923764559663057E-04,2.013200519788317E-02,2.972379761321567E-04
2448291.500000000,7.162614217086021E-01,1.112226159103186E-01,-3.983146040084189E-02,-3.181099769244472E-03,1.989547818539665E-02,4.550004256930732E-04
2448296.500000000,6.934873461960466E-01,2.093047595704918E-01,-3.717897668841860E-02,-5.914959736423270E-03,1.927380105080367E-02,6.043424724079405E-04
2448301.500000000,6.572912672811638E-01,3.033350207905070E-01,-3.380692755819752E-02,-8.541203913722293E-03,1.827700200583743E-02,7.423555685436035E-04
2448306.500000000,6.083402242316884E-01,3.914779441292271E-01,-2.977885478807393E-02,-1.100858096576451E-02,1.692233754969212E-02,8.663164127488073E-04
2448311.500000000,5.475516903327531E-01,4.720021051363194E-01,-2.517133845190157E-02,-1.326833471923120E-02,1.523412400216285E-02,9.737420365809890E-04
2448316.500000000,4.760786122271241E-01,5.433146961032087E-01,-2.007266154186483E-02,-1.527519606272042E-02,1.324342799312707E-02,1.062442842140412E-03
2448321.500000000,3.952895390480706E-01,6.039941967999687E-01,-1.458121726291428E-02,-1.698835128628356E-02,1.098760910811142E-02,1.130572262063934E-03
2448326.500000000,3.067440192518606E-01,6.528203814794878E-01,-8.803679482643970E-03,-1.837236235444060E-02,8.509711607535303E-03,1.176671587709014E-03
2448331.500000000,2.121635717528386E-01,6.888009097312339E-01,-2.852964267944470E-03,-1.939801231814648E-02,5.857707007456286E-03,1.199708453935704E-03
2448336.500000000,1.133986751002160E-01,7.111937718510368E-01,3.153982009363746E-03,-2.004304801889354E-02,3.083595046747984E-03,1.199107476898706E-03
2448341.500000000,1.239235823095042E-02,7.195249109632499E-01,9.098525022302328E-03,-2.029279212092772E-02,2.423759651282349E-04,1.174771558843036E-03
2448346.500000000,-8.885888597764016E-02,7.136004220666858E-01,1.486276534603112E-02,-2.014059775214263E-02,-2.609087128070327E-03,1.127092611394036E-03
2448351.500000000,-1.883460175667396E-01,6.935128455031001E-01,2.033198644568851E-02,-1.958812252125712E-02,-5.413287484065131E-03,1.056950739606526E-03
2448356.500000000,-2.840892465267307E-01,6.596412284797764E-01,2.539706836360822E-02,-1.864540424809413E-02,-8.113342722496997E-03,9.657012913805461E-04
2448361.500000000,-3.741796897245843E-01,6.126447968259612E-01,2.995680611262595E-02,-1.733072801602493E-02,-1.065427650672533E-02,8.551497076005807E-04
2448366.500000000,-4.568198326596943E-01,5.534502649069661E-01,3.392007235931312E-02,-1.567028114448921E-02,-1.298427492315946E-02,7.275144791330956E-04
2448371.500000000,-5.303617444944917E-01,4.832330105268394E-01,3.720776676381275E-02,-1.369760111598506E-02,-1.505587748436250E-02,5.853790347612324E-04
2448376.500000000,-5.933420422949867E-01,4.033925391848855E-01,3.975449976789638E-02,-1.145283036255255E-02,-1.682706420300993E-02,4.316338924740745E-04
2448381.500000000,-6.445126908361790E-01,3.155228464753910E-01,4.150996637798899E-02,-8.981800019129002E-03,-1.826220385890455E-02,2.694108292068175E-04
2448386.500000000,-6.828668530447516E-01,2.213784485882561E-01,4.243997512947363E-02,-6.334971790545697E-03,-1.933283416271019E-02,1.020111525248193E-04
2448391.500000000,-7.076591661989938E-01,1.228369800761519E-01,4.252710842444236E-02,-3.566272500333089E-03,-2.001825164832500E-02,-6.716962732385739E-05
2448396.500000000,-7.184200013376825E-01,2.185934880063110E-02,4.177100219985012E-02,-7.318593355244955E-04,-2.030589728674943E-02,-2.347183393856093E-04
2448401.500000000,-7.149634575335125E-01,-7.955151342358623E-02,4.018824475631902E-02,2.111144909464218E-03,-2.019153240546791E-02,-3.972795655939838E-04
2448406.500000000,-6.973890379310100E-01,-1.793922600956850E-01,3.781190592622879E-02,4.905908141190299E-03,-1.967920789911488E-02,-5.516277478698040E-04
2448411.500000000,-6.660771404416270E-01,-2.757000892649360E-01,3.469071802338606E-02,7.597101177856451E-03,-1.878103735326015E-02,-6.947340759941091E-04
2448416.500000000,-6.216786638642672E-01,-3.665921124619457E-01,3.088793876305321E-02,1.013203458257671E-02,-1.751679108325819E-02,-8.238265787657740E-04
2448421.500000000,-5.650991734556015E-01,-4.503022907835735E-01,2.647993332165117E-02,1.246169420482466E-02,-1.591333291717619E-02,-9.364422057110637E-04
2448426.500000000,-4.974781851685138E-01,-5.252152138896532E-01,2.155451781795526E-02,1.454165533831512E-02,-1.400392503709979E-02,-1.030470076366120E-03
2448431.500000000,-4.201642120441842E-01,-5.898961306281817E-01,1.620910945311646E-02,1.633286209418927E-02,-1.182742844512911E-02,-1.104185551677454E-03
2448436.500000000,-3.346862650660676E-01,-6.431167776303539E-01,1.054872918647696E-02,1.780226565065512E-02,-9.427425931336560E-03,-1.156275167065925E-03
2448441.500000000,-2.427225204130012E-01,-6.838766800722759E-01,4.683902338788590E-03,1.892331933878775E-02,-6.851291916257511E-03,-1.185852559889974E-03
2448446.500000000,-1.460668672284808E-01,-7.114197176193966E-01,-1.271498606455891E-03,1.967633196367896E-02,-4.149232455526515E-03,-1.192465754259636E-03
2448451.500000000,-4.659403188570796E-02,-7.252458603463191E-01,-7.202427371257211E-03,2.004868514745298E-02,-1.373316414403320E-03,-1.176096467018106E-03
2448456.500000000,5.377606196456095E-02,-7.251180750027627E-01,-1.299481538590015E-02,2.003492321532444E-02,1.423485020442109E-03,-1.137152179592835E-03
2448461.500000000,1.531140840536666E-01,-7.110644787511594E-01,-1.853766710682944E-02,1.963672524003669E-02,4.188236856694367E-03,-1.076451714125331E-03
2448466.500000000,2.495166744457431E-01,-6.833758779048128E-01,-2.372506847767994E-02,1.886276915517161E-02,6.868946249381333E-03,-9.952050310584964E-04
2448471.500000000,3.411408912937954E-01,-6.425988753478538E-01,-2.845808134079289E-02,1.772849749717649E-02,9.415427946419450E-03,-8.949879180092571E-04
2448476.500000000,4.262372596902343E-01,-5.895247644723318E-01,-3.264649978388540E-02,1.625579345305555E-02,1.178012341288644E-02,-7.777121674224949E-04
2448481.500000000,5.031809923600398E-01,-5.251744525099592E-01,-3.621044716978090E-02,1.447257468725595E-02,1.391886931663004E-02,-6.455917471728541E-04
2448486.500000000,5.705009870708592E-01,-4.507796755055421E-01,-3.908179483567872E-02,1.241231112235268E-02,1.579161181157799E-02,-5.011053516439628E-04
2448491.500000000,6.269062332162607E-01,-3.677607847849456E-01,-4.120538507483575E-02,1.011347151966319E-02,1.736306302146254E-02,-3.469555997920418E-04
2448496.500000000,6.713092809196175E-01,-2.777014039070002E-01,-4.254004211941129E-02,7.618902423328832E-03,1.860329562803687E-02,-1.860250621037507E-04
2448501.500000000,7.028464420635578E-01,-1.823202774876098E-01,-4.305935561792870E-02,4.975142484464902E-03,1.948827058804767E-02,-2.132926115867515E-05
2448506.500000000,7.208944072778620E-01,-8.344066166371765E-02,-4.275222216070086E-02,2.231674933067418E-03,2.000029161215904E-02,1.440330293017959E-04
2448511.500000000,7.250829757884104E-01,1.704236002902400E-02,-4.162313263927459E-02,-5.598792706535294E-04,2.012837926853868E-02,3.069316687681514E-04
2448516.500000000,7.153036103983059E-01,1.171962129353778E-01,-3.969219560224214E-02,-3.346623663336052E-03,1.986855608913167E-02,4.642588023161184E-04
2448521.500000000,6.917135565968082E-01,2.150863484079608E-01,-3.699488887780066E-02,-6.075296972659575E-03,1.922403196616266E-02,6.129838085012437E-04
2448526.500000000,6.547353064699799E-01,3.088124166787327E-01,-3.358153440319209E-02,-8.693222847781280E-03,1.820527939257409E-02,7.502089758292712E-04
2448531.500000000,6.050512378002791E-01,3.965445191489158E-01,-2.951649411200339E-02,-1.114928813556811E-02,1.682998814436972E-02,8.732252754982318E-04
2448536.500000000,5.435933180152974E-01,4.765589092150913E-01,-2.487708865453900E-02,-1.339493598069229E-02,1.512288819949565E-02,9.795672643913842E-04
2448541.500000000,4.715278427298936E-01,5.472724576952975E-01,-1.975224632963484E-02,-1.538515553409971E-02,1.311543130252531E-02,1.067065879476400E-03
2448546.500000000,3.902352787638677E-01,6.072751584849277E-01,-1.424089612138152E-02,-1.707944659266306E-02,1.084532470194617E-02,1.133897767176986E-03
2448551.500000000,3.012853971776737E-01,6.553599267761852E-01,-8.450125759908764E-03,-1.844273465423755E-02,8.355914345851329E-03,1.178629695180134E-03
2448556.500000000,2.064080104063084E-01,6.905489399138840E-01,-2.493133173139818E-03,-1.944620962292103E-02,5.695419513536302E-03,1.200256529253778E-03
2448561.500000000,1.074597649667796E-01,7.121157945488138E-01,3.512992695482426E-03,-2.006806017639071E-02,2.916026475278390E-03,1.198231263004544E-03
2448566.500000000,6.387581393195717E-03,7.196028071469929E-01,9.449618364394639E-03,-2.029407596468242E-02,7.285502189377879E-05,1.172485682757043E-03
2448571.500000000,-9.481053150809081E-02,7.128328703320347E-01,1.519898959406076E-02,-2.011809157702577E-02,-2.777181807272616E-03,1.123440440238934E-03
2448576.500000000,-1.941264386683194E-01,6.919153950305640E-01,2.064667701828427E-02,-1.954224969938104E-02,-5.576598208365184E-03,1.052003592247146E-03
2448581.500000000,-2.895836669790621E-01,6.572460155826729E-01,2.568398437177878E-02,-1.857706605452513E-02,-8.268604184946697E-03,9.595570401065191E-04
2448586.500000000,-3.792789987244665E-01,6.094999069988406E-01,3.021025830732491E-02,-1.724128537644026E-02,-1.079838576396987E-02,8.479307452513907E-04
2448591.500000000,-4.614228146217377E-01,5.496187532524515E-01,3.413503939011422E-02,-1.556152548894642E-02,-1.311435771498340E-02,7.193650883871557E-04
2448596.500000000,-5.343771374618176E-01,4.787916039717555E-01,3.737999698044413E-02,-1.357171515594137E-02,-1.516934887423338E-02,5.764622563362307E-04
2448601.500000000,-5.966903780044197E-01,3.984300534333856E-01,3.988059640192225E-02,-1.131234028622916E-02,-1.692168181004340E-02,4.221280343780133E-04
2448606.500000000,-6.471278783279628E-01,3.101383572043998E-01,4.158745462676379E-02,-8.829520994026540E-03,-1.833611289852382E-02,2.595057258857021E-04
2448611.500000000,-6.846974755446650E-01,2.156792581359822E-01,4.246734990256647E-02,-6.173947873476167E-03,-1.938460413291713E-02,9.190416614202859E-05
2448616.500000000,-7.086694652560585E-01,1.169364235858031E-01,4.250386151184513E-02,-3.399711876215111E-03,-2.004690361469531E-02,-7.727781730866870E-05
2448621.500000000,-7.185905294197465E-01,1.587449022792436E-02,4.169762823623985E-02,-5.630668070896880E-04,-2.031092051188060E-02,-2.446279710124385E-04
2448626.500000000,-7.142913898442291E-01,-8.550224114854321E-02,4.006622635786034E-02,2.278836498177140E-03,-2.017289013349913E-02,-4.067958693387313E-04
2448631.500000000,-6.958881417546313E-01,-1.851914182235563E-01,3.764367898887275E-02,5.069206009481640E-03,-1.963733303048568E-02,-5.605648064487095E-04
2448636.500000000,-6.637774091614551E-01,-2.812335507071754E-01,3.447961830526576E-02,7.752818336844026E-03,-1.871681856191644E-02,-7.029184394501855E-04
2448641.500000000,-6.186256314962247E-01,-3.717512869539297E-01,3.063813118171664E-02,1.027715169294831E-02,-1.743154989949641E-02,-8.311005494231693E-04
2448646.500000000,-5.613529318732315E-01,-4.549862149250820E-01,2.619632577481620E-02,1.259341650087981E-02,-1.580879280254952E-02,-9.426667411420511E-04
2448651.500000000,-4.931121302859208E-01,-5.293324690623851E-01,2.124266143506322E-02,1.465746407831264E-02,-1.388217361730596E-02,-1.035527315970894E-03
2448656.500000000,-4.152635470846608E-01,-5.933665561736670E-01,1.587508721334473E-02,1.643056015218984E-02,-1.169087340910398E-02,-1.107980925683864E-03
2448661.500000000,-3.293462930070642E-01,-6.458729485224791E-01,1.019903531341033E-02,1.788001599248151E-02,-9.278745120140919E-03,-1.158738958206405E-03
2448666.500000000,-2.370467643534130E-01,-6.858651239828251E-01,4.325315333584032E-03,1.897967531345320E-02,-6.693379334318097E-03,-1.186940897493205E-03
2448671.500000000,-1.401650596016594E-01,-7.126018555973366E-01,-1.632046664167991E-03,1.971025954933019E-02,-3.985141918711793E-03,-1.192161125983462E-03
2448676.500000000,-4.058001170971407E-02,-7.255986619638107E-01,-7.557982982368002E-03,2.005957753762314E-02,-1.206203819166919E-03,-1.174407794371144E-03
2448681.500000000,5.978650609348723E-02,-7.246344229241860E-01,-1.333853509985903E-02,2.002260796414733E-02,1.590420087593508E-03,-1.134114465922441E-03
2448686.500000000,1.590053883049803E-01,-7.097532409469663E-01,-1.886294613597003E-02,1.960146403921008E-02,4.351809577309295E-03,-1.072125249803420E-03
2448691.500000000,2.551756540809759E-01,-6.812616889086166E-01,-2.402566415840558E-02,1.880524999567471E-02,7.026044304966792E-03,-9.896741251519924E-04
2448696.500000000,3.464588367583641E-01,-6.397216337906039E-01,-2.872822915569726E-02,1.764981934216395E-02,9.563066988443355E-03,-8.883592111888415E-04
2448701.500000000,4.311119399323340E-01,-5.859388616580422E-01,-3.288102015526142E-02,1.615744470421168E-02,1.191549909904555E-02,-7.701126377854171E-04
2448706.500000000,5.075185371739720E-01,-5.209477496117862E-01,-3.640484148587297E-02,1.435640637711300E-02,1.403940582493316E-02,-6.371663819561602E-04
2448711.500000000,5.742176222239874E-01,-4.459922476575347E-01,-3.923232883421562E-02,1.228050481097244E-02,1.589500644545249E-02,-4.920144147840111E-04
2448716.500000000,6.299298418076673E-01,-3.625034535396801E-01,-4.130915762164134E-02,9.968501933761639E-03,1.744732614550923E-02,-3.373715399070102E-04
2448721.500000000,6.735807656523322E-01,-2.720740828168501E-01,-4.259503792862154E-02,7.463495272769674E-03,1.866678542091046E-02,-1.761292154272342E-04
2448726.500000000,7.043208654917229E-01,-1.764301573787632E-01,-4.306448147310486E-02,4.812227884218393E-03,1.952972241699542E-02,-1.130859094480443E-05
2448731.500000000,7.215418888907619E-01,-7.740026212068987E-02,-4.270732729537420E-02,2.064336820629540E-03,2.001884220488394E-02,1.539890048899580E-04
2448736.500000000,7.248893281270435E-01,2.311724681900728E-02,-4.152901408050028E-02,-7.284567194127695E-04,2.012358550630410E-02,3.166338439280003E-04
2448741.500000000,7.142707025406743E-01,1.231886576993193E-01,-3.955058865673651E-02,-3.513211319786973E-03,1.984040791398937E-02,4.735214785431875E-04
2448746.500000000,6.898593981171192E-01,2.208804701130236E-01,-3.680844232681640E-02,-6.236677340043332E-03,1.917295940355267E-02,6.216278356337022E-04
2448751.500000000,6.520938439248036E-01,3.142955873153511E-01,-3.335376948760583E-02,-8.846248542806141E-03,1.813215309949155E-02,7.580650870553780E-04
2448756.500000000,6.016718543974214E-01,4.016095520361102E-01,-2.925174660925658E-02,-1.129094195780041E-02,1.673611205240734E-02,8.801374847892083E-04
2448761.500000000,5.395400317224788E-01,4.811061888263635E-01,-2.458043416469469E-02,-1.352239122169518E-02,1.500998340917000E-02,9.853961641406765E-04
2448766.500000000,4.668782052250994E-01,5.512119665643131E-01,-1.942940953649747E-02,-1.549583509808953E-02,1.298561101273043E-02,1.071691740071874E-03
2448771.500000000,3.850789847492283E-01,6.105283565644606E-01,-1.389814520091766E-02,-1.717107947720696E-02,1.070106032377581E-02,1.137223366084819E-03
2448776.500000000,2.957226210966852E-01,6.578614401705543E-01,-8.094153502545420E-03,-1.851340827156210E-02,8.199993154803650E-03,1.180582785782541E-03
2448781.500000000,2.005474942212453E-01,6.922480158362049E-01,-2.130926795339092E-03,-1.949441693835784E-02,5.530893344879627E-03,1.200791896249012E-03
2448786.500000000,1.014166857221673E-01,7.129774769386654E-01,3.874290887734143E-03,-2.009274023215702E-02,2.746151483434552E-03,1.197332293972643E-03
2448791.500000000,2.812389591105686E-04,7.196087923234817E-01,9.802856469812193E-03,-2.029464483675651E-02,-9.897571367085128E-05,1.170165232444912E-03
2448796.500000000,-1.008591538424234E-01,7.119820120820576E-01,1.553715405851124E-02,-2.009446215711801E-02,-2.947510789646912E-03,1.119740954500717E-03
2448801.500000000,-1.999971833700332E-01,6.902238382922429E-01,2.096303942876466E-02,-1.949483972573013E-02,-5.741979268049347E-03,1.046996525255252E-03
2448806.500000000,-2.951597210043527E-01,6.547469473729253E-01,2.597224355191083E-02,-1.850679381898174E-02,-8.425679482734347E-03,9.533415561605415E-04
2448811.500000000,-3.844493592654075E-01,6.062429238369177E-01,3.046467414069122E-02,-1.714955281716712E-02,-1.094396179843741E-02,8.406317124484983E-04
2448816.500000000,-4.660846392039411E-01,5.456688559197389E-01,3.435055492533728E-02,-1.545018893026531E-02,-1.324547800107704E-02,7.111304071827826E-04
2448821.500000000,-5.384379183851565E-01,4.742278416878032E-01,3.755234564090926E-02,-1.344304445831202E-02,-1.528336117397850E-02,5.674595821636518E-04
2448826.500000000,-6.000698854617742E-01,3.933438494042018E-01,4.000639139865848E-02,-1.116896731474775E-02,-1.701629803152501E-02,4.125409454328208E-04
2448831.500000000,-6.497598213459718E-01,3.046315575171490E-01,4.166425801995290E-02,-8.674378547445363E-03,-1.840945944430883E-02,2.495294452387768E-04
2448836.500000000,-6.865308384312334E-01,2.098619575278594E-01,4.249371965224567E-02,-6.010201465701065E-03,-1.943526055469635E-02,8.174107957496188E-05
2448841.500000000,-7.096694912357562E-01,1.109246285800911E-01,4.247937604524880E-02,-3.230687227459926E-03,-2.007392906213856E-02,-8.742265489456046E-05
2448846.500000000,-7.187393351528366E-01,9.787679577535648E-03,4.162288863134798E-02,-3.921750079148102E-04,-2.031386842953218E-02,-2.545512937629814E-04
2448851.500000000,-7.135882042926145E-01,-9.154360047896860E-02,3.994283638060754E-02,2.448174014363817E-03,-2.015181131484886E-02,-4.163005866763272E-04
2448856.500000000,-6.943491739389727E-01,-1.910683407273251E-01,3.747420367300586E-02,5.233630606853567E-03,-1.959276682152624E-02,-5.694641669059418E-04
2448861.500000000,-6.614353581082590E-01,-2.868309291323640E-01,3.426752264883147E-02,7.909103882988055E-03,-1.864977264925238E-02,-7.110397963489602E-04
2448866.500000000,-6.155288603277618E-01,-3.769601617589814E-01,3.038770126537066E-02,1.042226882234920E-02,-1.734346983922297E-02,-8.382886113425841E-04
2448871.500000000,-5.575643382864597E-01,-4.597058697460245E-01,2.591257500612873E-02,1.272458960173388E-02,-1.570152329467125E-02,-9.487862786710481E-04
2448876.500000000,-4.887077512626907E-01,-5.334723164752543E-01,2.093122445431973E-02,1.477222065317911E-02,-1.375791359885708E-02,-1.040465401896264E-03
2448881.500000000,-4.103309356952488E-01,-5.968477855750575E-01,1.554210374977727E-02,1.652677254975382E-02,-1.155212591997062E-02,-1.111648701972602E-03
2448886.500000000,-3.239827069866005E-01,-6.486299121800072E-01,9.851026557428193E-03,1.795593485026553E-02,-9.128262934473098E-03,-1.161072854114978E-03
2448891.500000000,-2.313572091347423E-01,-6.878464438797666E-01,3.969055622879751E-03,1.903395432237318E-02,-6.534107918317792E-03,-1.187903290452260E-03
2448896.500000000,-1.342602289443827E-01,-7.137712415789937E-01,-1.989660149970312E-03,1.974197170802285E-02,-3.820161220510213E-03,-1.191740484999249E-03
2448901.500000000,-3.457416748629509E-02,-7.259354385260525E-01,-7.910060045335286E-03,2.006822331344322E-02,-1.038670122638057E-03,-1.172618351343387E-03
2448906.500000000,6.577767572294448E-02,-7.241337676785794E-01,-1.367831962059104E-02,2.000811587135026E-02,1.757331170716021E-03,-1.130995462630225E-03
2448911.500000000,1.648668960872961E-01,-7.084261430780091E-01,-1.918393848211739E-02,1.956418436700970E-02,4.514957937874108E-03,-1.067739829830571E-03
2448916.500000000,2.607952947712799E-01,-6.791346405048962E-01,-2.432173734173068E-02,1.874594285646683E-02,7.182377319203212E-03,-9.841079508169323E-04
2448921.500000000,3.517291962208791E-01,-6.368360679749872E-01,-2.899373740008537E-02,1.756963784134512E-02,9.709668908806476E-03,-8.817188011801037E-04
2448926.500000000,4.359323070647887E-01,-5.823503496462371E-01,-3.311089837183288E-02,1.605791279135249E-02,1.204963803372911E-02,-7.625233996418213E-04
2448931.500000000,5.117966915225243E-01,-5.167249702436127E-01,-3.659469435629838E-02,1.423939140354517E-02,1.415857763996442E-02,-6.287704429742248E-04
2448936.500000000,5.778714734188150E-01,-4.412157463873725E-01,-3.937850867502278E-02,1.214818588380258E-02,1.599697501878935E-02,-4.829682998687224E-04
2448941.500000000,6.328889018895322E-01,-3.572642097559948E-01,-4.140883019177050E-02,9.823334773052288E-03,1.753015977329888E-02,-3.278436692922598E-04
2448946.500000000,6.757874372951679E-01,-2.664719046333439E-01,-4.264623529202070E-02,7.308173714032521E-03,1.872888945263262E-02,-1.662972314584833E-04
2448951.500000000,7.057315291168416E-01,-1.705719223106879E-01,-4.306614105813884E-02,4.649641872794744E-03,1.956986827253119E-02,-1.356503941460092E-06
2448956.500000000,7.221277699568398E-01,-7.139802234803076E-02,-4.265931616058215E-02,1.897526409919790E-03,2.003619236348535E-02,1.638738788044735E-04
2448961.500000000,7.246371243743928E-01,2.914827141828903E-02,-4.143213749022862E-02,-8.963512481378679E-04,2.011771318979765E-02,3.262640731128018E-04
2448966.500000000,7.131829544794355E-01,1.291321699777845E-01,-3.940658264315702E-02,-3.679002098954419E-03,1.981131078867410E-02,4.827127231257744E-04
2448971.500000000,6.879545907160229E-01,2.266212399561970E-01,-3.661995014979634E-02,-6.397183788533172E-03,1.912106742187108E-02,6.302020905645208E-04
2448976.500000000,6.494062283409185E-01,3.197216196648332E-01,-3.312430171825291E-02,-8.998354447376044E-03,1.805833000557781E-02,7.658539872452894E-04
2448981.500000000,5.982509796650983E-01,4.066142446741747E-01,-2.898562461774044E-02,-1.143165428116488E-02,1.664164962808149E-02,8.869856269122406E-04
2448986.500000000,5.354499799693625E-01,4.855904414925691E-01,-2.428271711126312E-02,-1.364889970481529E-02,1.489658764039107E-02,9.911643703570923E-04
2448991.500000000,4.621965292888788E-01,5.550861993069445E-01,-1.910580536145422E-02,-1.560557148719318E-02,1.285537951136485E-02,1.076260179653618E-03
2448996.500000000,3.798953533873404E-01,6.137143919467816E-01,-1.355490656312641E-02,-1.726177501644375E-02,1.055645032677973E-02,1.140494437543079E-03
2449001.500000000,2.901371843615065E-01,6.602942007457941E-01,-7.737960100735797E-03,-1.858314782842374E-02,8.043779646142616E-03,1.182483666745847E-03
2449006.500000000,1.946689914551110E-01,6.938769893696997E-01,-1.768756033980928E-03,-1.954168736168672E-02,5.366118323741909E-03,1.201276624100704E-03
2449011.500000000,9.536033100199250E-02,7.137679087881099E-01,4.235302168684170E-03,-2.011647085350592E-02,2.576065652825644E-03,1.196383262073131E-03
2449016.500000000,-5.833575434613948E-03,7.195425679888225E-01,1.015555642041297E-02,-2.029423966017689E-02,-2.709784942537959E-04,1.167794157391039E-03
2449021.500000000,-1.069112913516569E-01,7.110581956299864E-01,1.587452356845242E-02,-2.006982227694911E-02,-3.117965372079776E-03,1.115989209794788E-03
2449026.500000000,-2.058662805689079E-01,6.884588393322604E-01,2.127833966959789E-02,-1.944637403517870E-02,-5.907425556840401E-03,1.041934712428946E-03
2449031.500000000,-3.007287266550400E-01,6.521743001175443E-01,2.625915939082848E-02,-1.843541682779621E-02,-8.582740830192264E-03,9.470682831627279E-04
2449036.500000000,-3.896070291830282E-01,6.029126746351519E-01,3.071744952438750E-02,-1.705666915365888E-02,-1.108942275206066E-02,8.332716145525365E-04
2449041.500000000,-4.707279211538765E-01,5.416465694366918E-01,3.456411666906287E-02,-1.533766502127617E-02,-1.337635868124579E-02,7.028315076579965E-04
2449046.500000000,-5.424741658632878E-01,4.695932479398973E-01,3.772241256474636E-02,-1.331316860166918E-02,-1.539698631009851E-02,5.583900750577084E-04
2449051.500000000,-6.034188446811277E-01,3.881891620700478E-01,4.012956590666313E-02,-1.102439898393287E-02,-1.711035907982592E-02,4.028853867023632E-04
2449056.500000000,-6.523553393585589E-01,2.990595042770247E-01,4.173809728192479E-02,-8.518087737397336E-03,-1.848206717732557E-02,2.394844381454305E-04
2449061.500000000,-6.883222462841848E-01,2.039835759721028E-01,4.251678453417997E-02,-5.845399717156992E-03,-1.948498607302757E-02,7.151073932933487E-05
2449066.500000000,-7.106226267888369E-01,1.048568872193967E-01,4.245125729636979E-02,-3.060752956960351E-03,-2.009983266924341E-02,-9.763124154889787E-05
2449071.500000000,-7.188371839254312E-01,3.650985890083339E-03,4.154421059225589E-02,-2.205757544540187E-04,-2.031551588211550E-02,-2.645325003793034E-04
2449076.500000000,-7.128311480720444E-01,-9.762794168157714E-02,3.981523901802023E-02,2.617960390740493E-03,-2.012927752835692E-02,-4.258544760977973E-04
2449081.500000000,-6.927548473994805E-01,-1.969806575412093E-01,3.730030396390320E-02,5.398193505537863E-03,-1.954662775188763E-02,-5.784005365303513E-04
2449086.500000000,-6.590381258025310E-01,-2.924556444533828E-01,3.405085598566270E-02,8.065173843467870E-03,-1.858108620209541E-02,-7.191821389612520E-04
2449091.500000000,-6.123789376263586E-01,-3.821881335415402E-01,3.013264322827604E-02,1.056678583748292E-02,-1.725374634496877E-02,-8.454779872058721E-04
2449096.500000000,-5.537265871610361E-01,-4.644365575535753E-01,2.562424449734230E-02,1.285476464778902E-02,-1.559268554358705E-02,-9.548848330630985E-04
2449101.500000000,-4.842601887914940E-01,-5.376157232644309E-01,2.061537096216097E-02,1.488558875592735E-02,-1.363224720080428E-02,-1.045359144611937E-03
2449106.500000000,-4.053630015696720E-01,-6.003261323961547E-01,1.520498290118557E-02,1.662123599715446E-02,-1.141222263459601E-02,-1.115249418308710E-03
2449111.500000000,-3.185933401661815E-01,-6.513790180185833E-01,9.499268087328358E-03,1.802979634134461E-02,-8.976959795645834E-03,-1.163319248712113E-03
2449116.500000000,-2.256527835904169E-01,-6.898167949556054E-01,3.609527307181780E-03,1.908594021384439E-02,-6.374424186377665E-03,-1.188761472404183E-03
2449121.500000000,-1.283523974019634E-01,-7.149287433865873E-01,-2.349989493769597E-03,1.977124562935685E-02,-3.655234767455520E-03,-1.191203865048501E-03
2449126.500000000,-2.857766034257719E-02,-7.262618511066274E-01,-8.264255659768995E-03,2.007439054080188E-02,-8.716945314550259E-04,-1.170706988614080E-03
2449131.500000000,7.174725079263375E-02,-7.236268307406871E-01,-1.401961130477694E-02,1.999121871974667E-02,1.923167510208176E-03,-1.127754883856818E-03
2449136.500000000,1.706952103225160E-01,-7.070994052426297E-01,-1.950584408987134E-02,1.952468935631887E-02,4.676528981134964E-03,-1.063239443624540E-03
2449141.500000000,2.663713736854315E-01,-6.770170146555909E-01,-2.461817776065137E-02,1.868472155761493E-02,7.336671752740446E-03,-9.784392502750284E-04
2449146.500000000,3.569473868370484E-01,-6.339711358919743E-01,-2.925914215385811E-02,1.748794293938774E-02,9.853838139627940E-03,-8.749934045482609E-04
2449151.500000000,4.406941150087214E-01,-5.787954372522015E-01,-3.334030089257851E-02,1.595735006273609E-02,1.218103990508377E-02,-7.548708662695183E-04
2449156.500000000,5.160124689667952E-01,-5.125500158130658E-01,-3.678381570371869E-02,1.412188815855712E-02,1.427481547636056E-02,-6.203358429165405E-04
2449161.500000000,5.814619412448380E-01,-4.365019853124448E-01,-3.952382867917779E-02,1.201595627309172E-02,1.609593201415884E-02,-4.739096358657125E-04
2449166.500000000,6.357864914107846E-01,-3.521026981644917E-01,-4.150764555449196E-02,9.678842382279850E-03,1.761002912006777E-02,-3.183292453149676E-04
2449171.500000000,6.779374390533107E-01,-2.609619026267659E-01,-4.269670442389418E-02,7.154091857429711E-03,1.878820035373394E-02,-1.565029777651813E-04
2449176.500000000,7.070930381959482E-01,-1.648191577624421E-01,-4.306731546207032E-02,4.488811994613833E-03,1.960750767826638E-02,8.536721823957677E-06
2449181.500000000,7.226744198624799E-01,-6.551285654144327E-02,-4.261115834980974E-02,1.732915199935802E-03,2.005142259575209E-02,1.736829785148016E-04
2449186.500000000,7.243576034744645E-01,3.505275763558709E-02,-4.133552538376265E-02,-1.061696067912834E-03,2.011018622362871E-02,3.358064515149380E-04
2449191.500000000,7.120812959605393E-01,1.349421532022153E-01,-3.926329988235409E-02,-3.841998303485542E-03,1.978107908119634E-02,4.918091798150286E-04
2449196.500000000,6.860502233604722E-01,2.322241742861094E-01,-3.643266167033896E-02,-6.554763727856264E-03,1.906859011309055E-02,6.386798096133893E-04
2449201.500000000,6.467337767094885E-01,3.250082744281061E-01,-3.289651430196099E-02,-9.147516105090323E-03,1.798447370588137E-02,7.735495478979495E-04
2449206.500000000,5.948598052053830E-01,4.114807317444273E-01,-2.872163240098559E-02,-1.156951374928270E-02,1.654768340912227E-02,8.937480062534351E-04
2449211.500000000,5.314034576283256E-01,4.899402022352425E-01,-2.398753218842190E-02,-1.377274438272794E-02,1.478417179491976E-02,9.968578908377710E-04
2449216.500000000,4.575710572329837E-01,5.588319179527078E-01,-1.878507388249491E-02,-1.571291367791016E-02,1.272654718006070E-02,1.080767371641932E-03
2449221.500000000,3.747790932860041E-01,6.167797972601293E-01,-1.321481056762351E-02,-1.735040599457489E-02,1.041358106255152E-02,1.143718881285535E-03
2449226.500000000,2.846285339349373E-01,6.626157135517049E-01,-7.385105544827492E-03,-1.865119036078181E-02,7.889564038661761E-03,1.184352618481685E-03
2449231.500000000,1.888748042293085E-01,6.954051698942867E-01,-1.410048762198186E-03,-1.958764394565222E-02,5.203513370217204E-03,1.201743196401739E-03
2449236.500000000,8.939390907030076E-02,7.144686591766234E-01,4.592790179939053E-03,-2.013926606418507E-02,2.408241585214187E-03,1.195428134776169E-03
2449241.500000000,-1.185468282332509E-02,7.193980489634310E-01,1.050472813102054E-02,-2.029325520531609E-02,-4.406992762255322E-04,1.165426777695297E-03
2449246.500000000,-1.128676426276010E-01,7.100674197466822E-01,1.620840246716952E-02,-2.004492300498276E-02,-3.286176403774035E-03,1.112248385158630E-03
2449251.500000000,-2.116390004018946E-01,6.866379090403372E-01,2.159021662325038E-02,-1.939792314894670E-02,-6.070709993955066E-03,1.036888508107665E-03
2449256.500000000,-3.062020105958874E-01,6.495562674399510E-01,2.654273711640400E-02,-1.836427890865360E-02,-8.737748759796193E-03,9.408131664046312E-04
2449261.500000000,-3.946706308612076E-01,5.995470098264261E-01,3.096698081450276E-02,-1.696420002402731E-02,-1.123294990728181E-02,8.259308050392045E-04
2449266.500000000,-4.752795542745305E-01,5.375982376268023E-01,3.477453230142804E-02,-1.522568768517703E-02,-1.350542406766303E-02,6.945524965749705E-04
2449271.500000000,-5.464217502153754E-01,4.649414070245459E-01,3.788943478253932E-02,-1.318393496152933E-02,-1.550890546105759E-02,5.493413563230122E-04
2449276.500000000,-6.066825274388222E-01,3.830255126455328E-01,4.024980399520078E-02,-1.088053859146610E-02,-1.720280952588677E-02,3.932526041139991E-04
2449281.500000000,-6.548692326287201E-01,2.934863357312265E-01,4.180912279538820E-02,-8.362545958405665E-03,-1.855314432256265E-02,2.294661074643178E-04
2449286.500000000,-6.900358341721589E-01,1.981115601294378E-01,4.253718407181207E-02,-5.681367760333303E-03,-1.953324795465368E-02,6.131354533240148E-05
2449291.500000000,-7.115018066567416E-01,9.880268029241299E-02,4.242066085429530E-02,-2.891591854131153E-03,-2.012433161427809E-02,-1.077974812051741E-04
2449296.500000000,-7.188649172943249E-01,-2.465292880148018E-03,4.146329432467392E-02,-4.973673040091359E-05,-2.031581607558453E-02,-2.744600010562033E-04
2449301.500000000,-7.120077109796015E-01,-1.036852828395284E-01,3.968570231293231E-02,2.787015953296268E-03,-2.010545795397973E-02,-4.353425465889117E-04
2449306.500000000,-6.910976863007995E-01,-2.028597122658191E-01,3.712482218633814E-02,5.562071317923614E-03,-1.949927060735544E-02,-5.872601886793780E-04
2449311.500000000,-6.565813393638842E-01,-2.980411846794159E-01,3.383301195988458E-02,8.220618849276612E-03,-1.851125265082886E-02,-7.272399553951137E-04
2449316.500000000,-6.091724124481013E-01,-3.873713650764015E-01,2.987684131699254E-02,1.071074844083967E-02,-1.716294236970759E-02,-8.525792316729679E-04
2449321.500000000,-5.498348185927679E-01,-4.691172418304366E-01,2.533561076468601E-02,1.298446021658988E-02,-1.548281980035446E-02,-9.608959278771719E-04
2449326.500000000,-4.797608243862680E-01,-5.417040715981668E-01,2.029964228807711E-02,1.499854880863061E-02,-1.350558244454669E-02,-1.050169628732375E-03
2449331.500000000,-4.003451517396820E-01,-6.037444447883815E-01,1.486838745350362E-02,1.671535005310750E-02,-1.127132237940740E-02,-1.118773451133079E-03
2449336.500000000,-3.131557032937697E-01,-6.540630464796261E-01,9.148399402153154E-03,1.810334431847637E-02,-8.824631691645178E-03,-1.165496658793453E-03
2449341.500000000,-2.199016321841820E-01,-6.917168183108762E-01,3.251214329331880E-03,1.913761567667039E-02,-6.213661458322801E-03,-1.189558318867879E-03
2449346.500000000,-1.223994700550654E-01,-7.160103472433255E-01,-2.708813895339898E-03,1.980017029187342E-02,-3.489157070885016E-03,-1.190612483427199E-03
2449351.500000000,-2.253800195452172E-02,-7.265064134657032E-01,-8.616685141588866E-03,2.008012058440759E-02,-7.034895528987895E-04,-1.168745543451694E-03
2449356.500000000,7.775746200800200E-02,-7.230317192333303E-01,-1.435889328751275E-02,1.997374397294296E-02,2.090300972868782E-03,-1.124466559681401E-03
2449361.500000000,1.765608161308540E-01,-7.056778931344855E-01,-1.982550229437125E-02,1.948442631145517E-02,4.839436636674578E-03,-1.058691371959036E-03
2449366.500000000,2.719803387665628E-01,-6.747979225435911E-01,-2.491212856347264E-02,1.862250015419399E-02,7.492297727111618E-03,-9.727210933103101E-04
2449371.500000000,3.621928200602444E-01,-6.309982110455408E-01,-2.952180292306120E-02,1.740498722491806E-02,9.999275796623295E-03,-8.682155741679117E-04
2449376.500000000,4.454761805426047E-01,-5.751264882564299E-01,-3.356668869658396E-02,1.585525362717586E-02,1.231357887452621E-02,-7.471624701207376E-04
2449381.500000000,5.202401632218376E-01,-5.082558215454679E-01,-3.696963522319537E-02,1.400258513503188E-02,1.439198491469847E-02,-6.118424268772129E-04
2449386.500000000,5.850547147793934E-01,-4.316649967425492E-01,-3.966554837933110E-02,1.188168837796966E-02,1.619554024170602E-02,-4.647907461081128E-04
2449391.500000000,6.386756964614314E-01,-3.468155506973390E-01,-4.160256118157755E-02,9.532122096440540E-03,1.769019977447521E-02,-3.087557890358531E-04
2449396.500000000,6.800675826289309E-01,-2.553257569158105E-01,-4.274298873418050E-02,6.997661415040439E-03,1.884740470740997E-02,-1.466543579597989E-04
2449401.500000000,7.084228198395408E-01,-1.589418908368119E-01,-4.306405321661181E-02,4.325598410934165E-03,1.964459201573849E-02,1.847561079573228E-05
2449406.500000000,7.231775370265258E-01,-5.950712952211830E-02,-4.255836618977832E-02,1.565982456226258E-03,2.006563024730932E-02,1.835247881711968E-04
2449411.500000000,7.240233117656936E-01,4.107152946708696E-02,-4.123415639053726E-02,-1.229197284612527E-03,2.010117462009580E-02,3.453644794642123E-04
2449416.500000000,7.109147115473498E-01,1.408579027443558E-01,-3.911523238238396E-02,-4.006883485507083E-03,1.974893155315621E-02,5.009005717440162E-04
2449421.500000000,6.840723547003498E-01,2.379223292430929E-01,-3.624067182502699E-02,-6.713869863326275E-03,1.901382167410661E-02,6.471288353326185E-04
2449426.500000000,6.439812747160376E-01,3.303779162317053E-01,-3.266423224141056E-02,-9.297758879289832E-03,1.790803006643843E-02,7.811908983418198E-04
2449431.500000000,5.913844240771118E-01,4.164167310601784E-01,-2.845348193908760E-02,-1.170794596722934E-02,1.645093246145192E-02,9.004300549539030E-04
2449436.500000000,5.272712219287996E-01,4.943452913958993E-01,-2.368865441048529E-02,-1.389661490501589E-02,1.466888679150636E-02,1.002445878033975E-03
2449441.500000000,4.528611358330246E-01,5.626186577497632E-01,-1.846123515459219E-02,-1.581972535079633E-02,1.259488129089974E-02,1.085146421090850E-03
2449446.500000000,3.695823914564587E-01,6.198723948084824E-01,-1.287229635058975E-02,-1.743797013305824E-02,1.026803323493769E-02,1.146796635291121E-03
2449451.500000000,2.790460237122492E-01,6.649516481646882E-01,-7.030601994371437E-03,-1.871767694984682E-02,7.732936440068163E-03,1.186061512651095E-03
2449456.500000000,1.830156152434797E-01,6.969365859185961E-01,-1.050513712147985E-03,-1.963162704394593E-02,5.038860714127332E-03,1.202042414926366E-03
2449461.500000000,8.337320813706400E-02,7.151634850304777E-01,4.950264865456746E-03,-2.015976250864120E-02,2.238812346769131E-03,1.194305075401901E-03
2449466.500000000,-1.791798422645279E-02,7.192408036931619E-01,1.085305998030893E-02,-2.028975442554367E-02,-6.115288345926296E-04,1.162897880537312E-03
2449471.500000000,-1.188533041022728E-01,7.090596751198318E-01,1.654066423063055E-02,-2.001740625538257E-02,-3.454973727259320E-03,1.108359260116782E-03
2449476.500000000,-2.174279354946628E-01,6.847983846587660E-01,2.189978094478594E-02,-1.934687098253422E-02,-6.234061149648626E-03,1.031713346454783E-03
2449481.500000000,-3.116787766062321E-01,6.469205476049535E-01,2.682341654982124E-02,-1.829066649391519E-02,-8.892334452129317E-03,9.344534763190394E-04
2449486.500000000,-3.997258653992048E-01,5.961668816374746E-01,3.121315987504175E-02,-1.686948055912479E-02,-1.137562069422714E-02,8.185134803857045E-04
2449491.500000000,-4.798122985472357E-01,5.335406588711338E-01,3.498128798765025E-02,-1.511176351630359E-02,-1.363327282686186E-02,6.862271229427666E-04
2449496.500000000,-5.503415956128133E-01,4.602871239620567E-01,3.805264181132267E-02,-1.305311584475140E-02,-1.561933455413198E-02,5.402768278936307E-04
2449501.500000000,-6.099115244488454E-01,3.778673602082070E-01,4.036622188226182E-02,-1.073548880992285E-02,-1.729359025603483E-02,3.836332706816564E-04
2449506.500000000,-6.573435127228429E-01,2.879272646851860E-01,4.187646271194510E-02,-8.206222731646005E-03,-1.862246636885848E-02,2.194875527959502E-04
2449511.500000000,-6.917069059695290E-01,1.922624452352267E-01,4.255415391880515E-02,-5.516952880409163E-03,-1.957975737481938E-02,5.117812085895286E-05
2449516.500000000,-7.123374978603390E-01,9.277996871973115E-02,4.238698771143883E-02,-2.722418754918619E-03,-2.014715664513578E-02,-1.178852149961104E-04
2449521.500000000,-7.188499456411087E-01,-8.542030883538972E-03,4.137972417934317E-02,1.207845652047360E-04,-2.031458043207169E-02,-2.842977818535722E-04
2449526.500000000,-7.111438795470253E-01,-1.096958391163347E-01,3.955397762272757E-02,2.955473688736353E-03,-2.008028197585819E-02,-4.447347556374643E-04
2449531.500000000,-6.894037087899659E-01,-2.086857028093592E-01,3.694763825852815E-02,5.725124920245855E-03,-1.945076097396862E-02,-5.960219679264547E-04
2449536.500000000,-6.540923087045881E-01,-3.035684325011569E-01,3.361395353135124E-02,8.375068371693817E-03,-1.844048102294727E-02,-7.352009806284971E-04
2449541.500000000,-6.059389355398518E-01,-3.924921498267824E-01,2.962030152825701E-02,1.085359825986909E-02,-1.707141370035194E-02,-8.595869564278925E-04
2449546.500000000,-5.459218509846033E-01,-4.737323694416556E-01,2.504669538585841E-02,1.311297519455246E-02,-1.537243244134587E-02,-9.668182448464955E-04
2449551.500000000,-4.752462440015574E-01,-5.457247285257494E-01,1.998406197902190E-02,1.511030250430242E-02,-1.337858216356982E-02,-1.054897002485824E-03
2449556.500000000,-3.953181115164769E-01,-6.070938101769177E-01,1.453234062971900E-02,1.680826493342387E-02,-1.113025172054642E-02,-1.122220543292827E-03
2449561.500000000,-3.077148028890767E-01,-6.566776419497125E-01,8.798448250216695E-03,1.817572391568396E-02,-8.672275840895714E-03,-1.167603441900969E-03
2449566.500000000,-2.141529491648736E-01,-6.935475803572300E-01,2.894156553905713E-03,1.918816860472864E-02,-6.052991569207159E-03,-1.190290667201408E-03
2449571.500000000,-1.164544919650651E-01,-7.170234120302460E-01,-3.066074965582027E-03,1.982802583393129E-02,-3.323272134705147E-03,-1.189962246249475E-03
2449576.500000000,-1.651150122912761E-02,-7.266836109555938E-01,-8.967269733264307E-03,2.008483613179632E-02,-5.355585818763369E-04,-1.166730212979160E-03
2449581.500000000,8.374957283771949E-02,-7.223707821237860E-01,-1.469607193883509E-02,1.995530570884858E-02,2.257095103567044E-03,-1.121128633169831E-03
2449586.500000000,1.824036175804966E-01,-7.041923894830461E-01,-2.014281849041007E-02,1.944324387076177E-02,5.001951583473786E-03,-1.054097322494486E-03
2449591.500000000,2.775619954954012E-01,-6.725169207579785E-01,-2.520351516517023E-02,1.855939513924161E-02,7.647484298801564E-03,-9.669599295307241E-04
2449596.500000000,3.674065996274781E-01,-6.279656869749358E-01,-2.978169059042564E-02,1.732117583682216E-02,1.014422840904674E-02,-8.613970952456783E-04
2449601.500000000,4.502223717169818E-01,-5.714004864846357E-01,-3.379010496718614E-02,1.575232393797697E-02,1.244558333594433E-02,-7.394152767806400E-04
2449606.500000000,5.244278681225394E-01,-5.039073853420282E-01,-3.715229305806973E-02,1.388246939942004E-02,1.450856311012517E-02,-6.033116980261994E-04
2449611.500000000,5.886034907432556E-01,-4.267768832374074E-01,-3.980392303077429E-02,1.174663065883117E-02,1.629449127542680E-02,-4.556357960355012E-04
2449616.500000000,6.415170251542871E-01,-3.414807503208623E-01,-4.169395440053758E-02,9.384641646545946E-03,1.776963703970105E-02,-2.991474582809907E-04
2449621.500000000,6.821461471006042E-01,-2.496458381457566E-01,-4.278557965084428E-02,6.840512597503238E-03,1.890578874447917E-02,-1.367722945942244E-04
2449626.500000000,7.096975731541209E-01,-1.530251901119221E-01,-4.305693526569621E-02,4.161727323306022E-03,1.968075965352316E-02,2.844583273264752E-05
2449631.500000000,7.236225442030904E-01,-5.346680516539445E-02,-4.250156904874050E-02,1.398479531094922E-03,2.007881967035149E-02,1.933947808967813E-04
2449636.500000000,7.236283445278938E-01,4.711955572830526E-02,-4.112865192707780E-02,-1.397148648508643E-03,2.009104506377522E-02,3.549463046084205E-04
2449641.500000000,7.096855779694597E-01,1.467970874764154E-01,-3.896292414414634E-02,-4.172061458912204E-03,1.971557681050436E-02,5.100100460203871E-04
2449646.500000000,6.820309497800343E-01,2.436377000070379E-01,-3.604436806812848E-02,-6.873071188664060E-03,1.895777688061872E-02,6.555887935966730E-04
2449651.500000000,6.411653402984849E-01,3.357582798217995E-01,-3.242760291860374E-02,-9.447858177348487E-03,1.783027101895995E-02,7.888343465806548E-04
2449656.500000000,5.878470056485962E-01,4.213568590696058E-01,-2.818099997788585E-02,-1.184595769047557E-02,1.635286725211379E-02,9.071033373649247E-04
2449661.500000000,5.230798103317796E-01,4.987480442231909E-01,-2.338552079055743E-02,-1.401975714731063E-02,1.455233935362252E-02,1.008011991338366E-03
2449666.500000000,4.480964898628002E-01,5.663970030365575E-01,-1.813328721518488E-02,-1.592548318236803E-02,1.246206541633944E-02,1.089488381330581E-03
2449671.500000000,3.643370516012395E-01,6.229512708082839E-01,-1.252589949749616E-02,-1.752415531976943E-02,1.012151654141921E-02,1.149820717946581E-03
2449676.500000000,2.734225412724114E-01,6.672696220095697E-01,-6.672526004834536E-03,-1.878248181089106E-02,7.575594355193103E-03,1.187700127175765E-03
2449681.500000000,1.771245298505835E-01,6.984472568436032E-01,-6.877961545348979E-04,-1.967367099974293E-02,4.873820527254238E-03,1.202256345181825E-03
2449686.500000000,7.733081392238639E-02,7.158365845840201E-01,5.310464465590903E-03,-2.017812980461685E-02,2.069388185458249E-03,1.193084926883178E-03
2449691.500000000,-2.399203564403544E-02,7.190629517790711E-01,1.120361114649421E-02,-2.028402141932398E-02,-7.819082906664718E-04,1.160264703270825E-03
2449696.500000000,-1.248385079594137E-01,7.080347611873530E-01,1.687461762702464E-02,-1.998765685824302E-02,-3.622842504637129E-03,1.104364362484489E-03
2449701.500000000,-2.232054835911523E-01,6.829475551093053E-01,2.221051752429266E-02,-1.929369921464654E-02,-6.395995844294047E-03,1.026437301291261E-03
2449706.500000000,-3.171340857632701E-01,6.442817924294548E-01,2.710478965873724E-02,-1.821516529082082E-02,-9.045034223375431E-03,9.280042940411756E-04
2449711.500000000,-4.047510143686653E-01,5.927942270623240E-01,3.145962620829265E-02,-1.677321637331322E-02,-1.151598430599179E-02,8.110240006034993E-04
2449716.500000000,-4.843083046753202E-01,5.295029886808669E-01,3.518802398913776E-02,-1.499673802184465E-02,-1.375846972549524E-02,6.778518388866088E-04
2449721.500000000,-5.542204733027718E-01,4.556666648287767E-01,3.821564304402365E-02,-1.292171731319328E-02,-1.572686785798215E-02,5.311882460100189E-04
2449726.500000000,-6.130980775721667E-01,3.727578760564254E-01,4.048238301100422E-02,-1.059043443838507E-02,-1.738134993478231E-02,3.740178114843918E-04
2449731.500000000,-6.597768185658220E-01,2.824320118787843E-01,4.194363616831809E-02,-8.050493276639453E-03,-1.868877157064528E-02,2.095411540524031E-04
2449736.500000000,-6.933414581048223E-01,1.864919454966635E-01,4.257118618760936E-02,-5.353722025055657E-03,-1.962338683119243E-02,4.110170845021413E-05
2449741.500000000,-7.131439881179519E-01,8.684966160687985E-02,4.235373298232318E-02,-2.554979833724067E-03,-2.016736636290970E-02,-1.278902207067386E-04
2449746.500000000,-7.188156790354592E-01,-1.451419199792438E-02,4.129703601744363E-02,2.890916159671700E-04,-2.031110871251797E-02,-2.940337364656796E-04
2449751.500000000,-7.102728300571824E-01,-1.155917871021489E-01,3.942368007677525E-02,3.121332630445747E-03,-2.005334312696905E-02,-4.540117437979586E-04
2449756.500000000,-6.877162330396329E-01,-2.143896007580142E-01,3.677247794841175E-02,5.885309653688558E-03,-1.940102935612269E-02,-6.046614601128787E-04
2449761.500000000,-6.516245386971666E-01,-3.089689153598057E-01,3.339753429554038E-02,8.526504664521914E-03,-1.836906616718616E-02,-7.430391320660388E-04
2449766.500000000,-6.027418774681715E-01,-3.974844212807012E-01,2.936700371533581E-02,1.099341936746104E-02,-1.697982753982946E-02,-8.664774377654549E-04
2449771.500000000,-5.420602233606429E-01,-4.782201187936650E-01,2.476158224692864E-02,1.323857041264486E-02,-1.526255038444693E-02,-9.726345708429366E-04
2449776.500000000,-4.707970915013363E-01,-5.496218412011055E-01,1.967277567577413E-02,1.521935830292511E-02,-1.325259973254194E-02,-1.059534354281181E-03
2449781.500000000,-3.903692318330053E-01,-6.103258532183948E-01,1.420099045363277E-02,1.689879863922322E-02,-1.099063809108669E-02,-1.125597058225020E-03
2449786.500000000,-3.023630231752756E-01,-6.591831114918357E-01,8.453493665603372E-03,1.824611029361788E-02,-8.521725250941203E-03,-1.169661014962573E-03
2449791.500000000,-2.085022857400098E-01,-6.952789030569491E-01,2.542287095736362E-03,1.923716012600506E-02,-5.894373697248449E-03,-1.190995439092174E-03
2449796.500000000,-1.106142224789295E-01,-7.179476979108985E-01,-3.418061714166029E-03,1.985476756836470E-02,-3.159582345864513E-03,-1.189304884191961E-03
2449801.500000000,-1.059417475762387E-02,-7.267831567843057E-01,-9.312590893529246E-03,2.008887564408203E-02,-3.698677941258724E-04,-1.164725895968605E-03
2449806.500000000,8.963016143769309E-02,-7.216433226775564E-01,-1.502808100066403E-02,1.993659734082932E-02,2.421691034935319E-03,-1.117816624346581E-03
2449811.500000000,1.881344601364999E-01,-7.026510963939666E-01,-2.045512387896269E-02,1.940214725817608E-02,5.162382061802282E-03,-1.049540176217135E-03
2449816.500000000,2.830328823965151E-01,-6.701901527141129E-01,-2.549009413784402E-02,1.849666855552345E-02,7.800753221126204E-03,-9.612424262557645E-04
2449821.500000000,3.725120862936941E-01,-6.248964962176453E-01,-3.003699718888904E-02,1.723796470722724E-02,1.028746241850033E-02,-8.546249281294251E-04
2449826.500000000,4.548636755888890E-01,-5.676458864593282E-01,-3.400917075134016E-02,1.565014450817728E-02,1.257607910870629E-02,-7.317134725622049E-04
2449831.500000000,5.285146712201508E-01,-4.995373843936062E-01,-3.733081918359623E-02,1.376318719152515E-02,1.462383361812258E-02,-5.948227228277199E-04
2449836.500000000,5.920556199158024E-01,-4.218732906715760E-01,-3.993836196136118E-02,1.161243297832191E-02,1.639231038085280E-02,-4.465173039527774E-04
2449841.500000000,6.442659795672864E-01,-3.361357666698123E-01,-4.178157960569825E-02,9.238004077286911E-03,1.784808098521292E-02,-2.895697592914209E-04
2449846.500000000,6.841364450209810E-01,-2.439604475552610E-01,-4.282454216626182E-02,6.684160352051926E-03,1.896327380065232E-02,-1.269156355379508E-04
2449851.500000000,7.108878932211511E-01,-1.471073740894603E-01,-4.304630612280169E-02,3.998591638013787E-03,1.971607588351282E-02,3.839421360894158E-05
2449856.500000000,7.239866356442618E-01,-4.742959853542376E-02,-4.244136630789243E-02,1.231648831948729E-03,2.009116010302946E-02,2.032438675534509E-04
2449861.500000000,7.231556804223395E-01,5.316014084548083E-02,-4.101985101362897E-02,-1.564482616871518E-03,2.008002911583727E-02,3.645047616193451E-04
2449866.500000000,7.083817277625588E-01,1.527242380801846E-01,-3.880745036729182E-02,-4.336661945303653E-03,1.968126684863014E-02,5.190898810905036E-04
2449871.500000000,6.799176507318113E-01,2.493360423082893E-01,-3.584507036416760E-02,-7.031718388760524E-03,1.890068700107841E-02,6.640092048932117E-04
2449876.500000000,6.382802529069949E-01,3.411161423303659E-01,-3.218820794414819E-02,-9.597413335832927E-03,1.775136733347819E-02,7.964257155958212E-04
2449881.500000000,5.842431482151372E-01,4.262685135132819E-01,-2.790604636916581E-02,-1.198342695279485E-02,1.625355849213317E-02,9.137111087708020E-04
2449886.500000000,5.188246787459267E-01,5.031158732819482E-01,-2.308027496688998E-02,-1.414235343047421E-02,1.443445702102314E-02,1.013500145596822E-03
2449891.500000000,4.432708744854033E-01,5.701335440460911E-01,-1.780364304314254E-02,-1.603068544277727E-02,1.232783413998018E-02,1.093742412995784E-03
2449896.500000000,3.590335645226184E-01,6.259810874518228E-01,-1.217826434052617E-02,-1.760976504693718E-02,9.973514913651322E-03,1.152750103054571E-03
2449901.500000000,2.677438704903876E-01,6.695309569073683E-01,-6.313695651680198E-03,-1.884667542896136E-02,7.416706591150331E-03,1.189240316864237E-03
2449906.500000000,1.711814462977090E-01,6.998934217747296E-01,-3.248208048518632E-04,-1.971504594678429E-02,4.707180070817039E-03,1.202370356411165E-03
2449911.500000000,7.123996835159553E-02,7.164370511218673E-01,5.670421148697496E-03,-2.019574219732903E-02,1.898314456273945E-03,1.191764512354288E-03
2449916.500000000,-3.011047964094303E-02,7.188041109789745E-01,1.155341758724819E-02,-2.027741373203557E-02,-9.539787971183777E-04,1.157531007523213E-03
2449921.500000000,-1.308633525912828E-01,7.069203277431687E-01,1.720732173359084E-02,-1.995687484991177E-02,-3.792429269289727E-03,1.100267994412826E-03
2449926.500000000,-2.290170324767408E-01,6.809985988747146E-01,2.251949278796472E-02,-1.923929763624570E-02,-6.559650129875287E-03,1.021057713982624E-03
2449931.500000000,-3.226166769050822E-01,6.415363862281902E-01,2.738387609520364E-02,-1.813820083153563E-02,-9.199416552470509E-03,9.214483358269323E-04
2449936.500000000,-4.097954840852615E-01,5.893067070915868E-01,3.170326211945572E-02,-1.667522718187116E-02,-1.165794137935386E-02,8.034237128967239E-04
2449941.500000000,-4.888143172877175E-01,5.253428393530581E-01,3.539136500086908E-02,-1.487971063229210E-02,-1.388510719267280E-02,6.693615767263922E-04
2449946.500000000,-5.580986558118478E-01,4.509170554096035E-01,3.837466520709944E-02,-1.278804189412497E-02,-1.583561651998689E-02,5.219812010557287E-04
2449951.500000000,-6.162719040233854E-01,3.675138864531333E-01,4.059396726316230E-02,-1.044284967416479E-02,-1.747002358210860E-02,3.642820533335423E-04
2449956.500000000,-6.621841964462658E-01,2.767985937883560E-01,4.200563205738050E-02,-7.892022624800583E-03,-1.875561473590302E-02,1.994753155636484E-04
2449961.500000000,-6.949359788446450E-01,1.805816729066634E-01,4.258245341646047E-02,-5.187603479991435E-03,-1.966711112269570E-02,3.091045189295678E-05
2449966.500000000,-7.138958149365136E-01,8.078032975082373E-02,4.231415999820879E-02,-2.384591464441257E-03,-2.018717468790002E-02,-1.380008349431530E-04
2449971.500000000,-7.187120560825587E-01,-2.062205795072100E-02,4.120753539481629E-02,4.603083870832692E-04,-2.030670710312701E-02,-3.038608842775282E-04
2449976.500000000,-7.093182063772607E-01,-1.216174504198116E-01,3.928616102599836E-02,3.289949958719022E-03,-2.002493964425803E-02,-4.633603148551878E-04
2449981.500000000,-6.859320074762866E-01,-2.202145935871324E-01,3.658979733144729E-02,6.047987434032617E-03,-1.934932018109263E-02,-6.133481443420591E-04
2449986.500000000,-6.490484465624589E-01,-3.144794210029481E-01,3.317342843582698E-02,8.680059367236119E-03,-1.829521060038831E-02,-7.508960129423540E-04
2449991.500000000,-5.994270490443520E-01,-4.025735078331320E-01,2.910600347139442E-02,1.113488632661182E-02,-1.688541381254194E-02,-8.733550923727202E-04
2449996.500000000,-5.380739490056651E-01,-4.827897818905844E-01,2.446891386696958E-02,1.336525877347361E-02,-1.514955371570238E-02,-9.784046518030993E-04
2450001.500000000,-4.662193316880667E-01,-5.535848204734307E-01,1.935425008123468E-02,1.532889802452670E-02,-1.312333398207751E-02,-1.064091637188943E-03
2450006.500000000,-3.852909129238455E-01,-6.136071939180907E-01,1.386288359282496E-02,1.698917911098095E-02,-1.084770243114228E-02,-1.128860966588518E-03
2450011.500000000,-2.968841625127407E-01,-6.617214507333276E-01,8.102420614398051E-03,1.831570986256200E-02,-8.367947705505207E-03,-1.171576584559407E-03
2450016.500000000,-2.027299925327828E-01,-6.970274706526498E-01,2.185072818629852E-03,1.928476636492667E-02,-5.732753775588279E-03,-1.191533699165682E-03
2450021.500000000,-1.046606177965255E-01,-7.188750309741418E-01,-3.774512296896154E-03,1.987958964132766E-02,-2.993233980801012E-03,-1.188462778092633E-03
2450026.500000000,-4.574266897363989E-03,-7.268735300336406E-01,-9.661421492361356E-03,2.009054986889954E-02,-2.019627072991300E-04,-1.162525825714816E-03
2450031.500000000,9.560061281764497E-02,-7.208968975229578E-01,-1.536260933922624E-02,1.991518613878179E-02,2.587979056371723E-03,-1.114305625785674E-03
2450036.500000000,1.939410586087119E-01,-7.010837953477387E-01,-2.076896207287688E-02,1.935813176508162E-02,5.323931193493108E-03,-1.044788748261650E-03
2450041.500000000,2.885646575392966E-01,-6.678332691309316E-01,-2.577726242857284E-02,1.843093536264909E-02,7.954545369358719E-03,-9.553430490117527E-04
2450046.500000000,3.776634763821552E-01,-6.217960516348532E-01,-3.029202955038898E-02,1.715178714485248E-02,1.043063235493398E-02,-8.476902981639174E-04
2450051.500000000,4.595364037264862E-01,-5.638617496435490E-01,-3.422721102691555E-02,1.554515879368118E-02,1.270596057435857E-02,-7.238744866439850E-04
2450056.500000000,5.326194903161213E-01,-4.951421685053800E-01,-3.750770663129308E-02,1.364136393802119E-02,1.473800189731193E-02,-5.862262703992364E-04
2450061.500000000,5.955139053334052E-01,-4.169510467410918E-01,-4.007070541811020E-02,1.147604488012775E-02,1.648862126550666E-02,-4.373239241476022E-04
2450066.500000000,6.470111512398794E-01,-3.307804900727412E-01,-4.186681949598493E-02,9.089589922914455E-03,1.792470668378173E-02,-2.799511024643310E-04
2450071.500000000,6.861151989107526E-01,-2.382744129077016E-01,-4.286099914535300E-02,6.526484660568912E-03,1.901873548820791E-02,-1.170516553129088E-04
2450076.500000000,7.120612200841065E-01,-1.411993182881098E-01,-4.303321512805039E-02,3.834600072323939E-03,1.974927171679819E-02,4.831827103370186E-05
2450081.500000000,7.243306081015449E-01,-4.141277673010912E-02,-4.237889526339448E-02,1.064420226060674E-03,2.010138794359324E-02,2.130405764428727E-04
2450086.500000000,7.226619925003550E-01,5.916999873126212E-02,-4.090910387456258E-02,-1.731787302823099E-03,2.006700354965660E-02,3.739876619432489E-04
2450091.500000000,7.070579716351749E-01,1.586110417005712E-01,-3.865045430547921E-02,-4.500853623674842E-03,1.964513055259117E-02,5.280766934226947E-04
2450096.500000000,6.777873174131471E-01,2.549854978528423E-01,-3.564474653411642E-02,-7.189636177678187E-03,1.884201630512517E-02,6.723251848381868E-04
2450101.500000000,6.353824460007175E-01,3.464179204039911E-01,-3.194832524058793E-02,-9.745982961733625E-03,1.767117075365558E-02,8.039070799022210E-04
2450106.500000000,5.806320021734808E-01,4.311183888943167E-01,-2.763115823016140E-02,-1.211972025772412E-02,1.615326678632831E-02,9.202083603996321E-04
2450111.500000000,5.145684806850058E-01,5.074177930969938E-01,-2.277564007925973E-02,-1.426364718152637E-02,1.431590457309001E-02,1.018881181749748E-03
2450116.500000000,4.384508961090249E-01,5.738015820764795E-01,-1.747513105179124E-02,-1.613451835066724E-02,1.219323205038330E-02,1.097895416634149E-03
2450121.500000000,3.537426152368180E-01,6.289412429650167E-01,-1.183224769340981E-02,-1.769399208037879E-02,9.825415675510018E-03,1.155586185222858E-03
2450126.500000000,2.620845884875331E-01,6.717227554896413E-01,-5.956929037861774E-03,-1.890951805543586E-02,7.257960223965165E-03,1.190695820727493E-03
2450131.500000000,1.652643519201405E-01,7.012712759599119E-01,3.568988208641848E-05,-1.975513671376415E-02,4.540881985241967E-03,1.202408728059676E-03
2450136.500000000,6.518131196714567E-02,7.169713409443975E-01,6.027557936611223E-03,-2.021216209181396E-02,1.727745687981432E-03,1.190377651339600E-03
2450141.500000000,-3.619103529575458E-02,7.184819483816296E-01,1.190009480865450E-02,-2.026972076079590E-02,-1.125418119749808E-03,1.154740000990672E-03
2450146.500000000,-1.368451672796544E-01,7.057459737336683E-01,1.753663230026575E-02,-1.992512201319777E-02,-3.961292045101017E-03,1.096123123702324E-03
2450151.500000000,-2.347809830963789E-01,6.789935100958199E-01,2.282485262287716E-02,-1.918403872576829E-02,-6.722517965096199E-03,1.015637726508476E-03
2450156.500000000,-3.280476507866251E-01,6.387388804140455E-01,2.765916330907947E-02,-1.806048422607368E-02,-9.352976003562413E-03,9.148590757700695E-04
2450161.500000000,-4.147848118018819E-01,5.857712510885495E-01,3.194294764011254E-02,-1.657657775606304E-02,-1.179905847423886E-02,7.957960604962715E-04
2450166.500000000,-4.932620841857853E-01,5.211389710079890E-01,3.559063117033461E-02,-1.476209933692491E-02,-1.401089911138738E-02,6.608487075490631E-04
2450171.500000000,-5.619158314169566E-01,4.461279586054686E-01,3.852950911144892E-02,-1.265384345652572E-02,-1.594351820440846E-02,5.127552303409860E-04
2450176.500000000,-6.193822322837532E-01,3.622346512634801E-01,4.070128591560963E-02,-1.029478944895325E-02,-1.755784667368842E-02,3.545301521582522E-04
2450181.500000000,-6.645257963757789E-01,2.711342058783134E-01,4.206328713506007E-02,-7.733114242797007E-03,-1.882159659987229E-02,1.893954458690647E-04
2450186.500000000,-6.964626153654107E-01,1.746447861597269E-01,4.258931411597824E-02,-5.021079740836243E-03,-1.970995236421022E-02,2.070690910160189E-05
2450191.500000000,-7.145778127978657E-01,7.468888099892330E-02,4.227012339602742E-02,-2.213831024745280E-03,-2.020606482832238E-02,-1.481219552981544E-04
2450196.500000000,-7.185368401419422E-01,-2.674733314320865E-02,4.111352400093582E-02,6.318569348089127E-04,-2.030133841193803E-02,-3.136962667477812E-04
2450201.500000000,-7.082904593048176E-01,-1.276555401625378E-01,3.914409757060141E-02,3.458844790253027E-03,-1.999550848912674E-02,-4.727139174465417E-04
2450206.500000000,-6.840734476494894E-01,-2.260467074627743E-01,3.640255771993336E-02,6.210868240851735E-03,-1.929651594714623E-02,-6.220354082274914E-04
2450211.500000000,-6.463972425135209E-01,-3.199914033497228E-01,3.294477470219462E-02,8.833717638056510E-03,-1.822019315425369E-02,-7.587476283092517E-04
2450216.500000000,-5.960368971813987E-01,-4.076581121642598E-01,2.884049928738498E-02,1.127632956895410E-02,-1.678978071625244E-02,-8.802201980219104E-04
2450221.500000000,-5.340128474366844E-01,-4.873487590636605E-01,2.417182549571387E-02,1.349176768179675E-02,-1.503529883496661E-02,-9.841534663913209E-04
2450226.500000000,-4.615680881611941E-01,-5.575307825175051E-01,1.903143551480168E-02,1.543807548551518E-02,-1.299279946040643E-02,-1.068617554214238E-03
2450231.500000000,-3.801414296655017E-01,-6.168652249012369E-01,1.352067256862843E-02,1.707899043422366E-02,-1.070352580130769E-02,-1.132082111318513E-03
2450236.500000000,-2.913375409473025E-01,-6.642304438679300E-01,7.747488082534290E-03,1.838451474366827E-02,-8.213005411564764E-03,-1.173436888970910E-03
2450241.500000000,-1.968944974471349E-01,-6.987411751159642E-01,1.824308147558945E-03,1.933134315518648E-02,-5.570101607407196E-03,-1.192003530746790E-03
2450246.500000000,-9.864954002760042E-02,-7.197627951838005E-01,-4.134138140527670E-03,1.990315159041664E-02,-2.826045544702274E-03,-1.187539128214554E-03
2450251.500000000,1.496274784000237E-03,-7.269207370555644E-01,-1.001298873948121E-02,2.009075324928619E-02,-3.346817222013603E-05,-1.160232120181874E-03
2450256.500000000,1.016138907680806E-01,-7.201050983521307E-01,-1.569938030544927E-02,1.989213052679807E-02,2.754552417701531E-03,-1.110691134918596E-03
2450261.500000000,1.997819373598845E-01,-6.994705502873462E-01,-2.108450786871963E-02,1.931235257627831E-02,5.485416301848918E-03,-1.039927492156059E-03
2450266.500000000,2.941217387866276E-01,-6.654317080086034E-01,-2.606558286505186E-02,1.836338898208137E-02,8.107890512112565E-03,-9.493321766287313E-04
2450271.500000000,3.828311522193328E-01,-6.186541636614589E-01,-3.054766374413165E-02,1.706382915765145E-02,1.057295408933277E-02,-8.406479993970466E-04
2450276.500000000,4.642167843015976E-01,-5.600414160703980E-01,-3.444533655669289E-02,1.543851557065509E-02,1.283459346692400E-02,-7.159375194820260E-04
2450281.500000000,5.367241742785317E-01,-4.907179578312802E-01,-3.768422568916075E-02,1.351809840741655E-02,1.485054353374159E-02,-5.775472635630210E-04
2450286.500000000,5.989655679281592E-01,-4.120087982231859E-01,-4.020231722327882E-02,1.133851803496237E-02,1.658297195273457E-02,-4.280685872391349E-04
2450291.500000000,6.497449309108886E-01,-3.254157112533395E-01,-4.195107849966638E-02,8.940418737470888E-03,1.799910417360091E-02,-2.702953228222017E-04
2450296.500000000,6.880798646043130E-01,-2.325905162062528E-01,-4.289635836686500E-02,6.368496476511081E-03,1.907178455132184E-02,-1.071784554895456E-04
2450301.500000000,7.132201022082123E-01,-1.353057236010023E-01,-4.301905399401466E-02,3.670783741667831E-03,1.977996809794962E-02,5.822188223841406E-05
2450306.500000000,7.246622780216974E-01,-3.542290887797542E-02,-4.231553150000233E-02,8.978744768781735E-04,2.010913645253309E-02,2.227868335802778E-04
2450311.500000000,7.221606784844490E-01,6.514078814227259E-02,-4.079778903504308E-02,-1.897907484458388E-03,2.005163015042515E-02,3.833913563571681E-04
2450316.500000000,7.057337036487609E-01,1.644475965378608E-01,-3.849335268524048E-02,-4.663391744885309E-03,1.960688776662614E-02,5.369584780094529E-04
2450321.500000000,6.756657962117822E-01,2.605749885526117E-01,-3.544489789438045E-02,-7.345489660619836E-03,1.878158132605240E-02,6.805147315980478E-04
2450326.500000000,6.325046355102268E-01,3.516519481628353E-01,-3.170959217198478E-02,-9.892158214548015E-03,1.758963671591008E-02,8.112460740385229E-04
2450331.500000000,5.770534488227741E-01,4.358950307457929E-01,-2.735815880121461E-02,-1.225338683339453E-02,1.605212789702751E-02,9.265534052738955E-04
2450336.500000000,5.103583640358832E-01,5.116435566352945E-01,-2.247366613932931E-02,-1.438219104045958E-02,1.419703467446691E-02,1.024106618215399E-03
2450341.500000000,4.336908172422210E-01,5.773932347144758E-01,-1.715005291008721E-02,-1.623559325693065E-02,1.205885579644838E-02,1.101895930052421E-03
2450346.500000000,3.485251358383507E-01,6.318274784170107E-01,-1.149040652695786E-02,-1.777556770356304E-02,9.678072294476250E-03,1.158279095156016E-03
2450351.500000000,2.565115402156053E-01,6.738456613607154E-01,-5.605018756092713E-03,-1.896992357193485E-02,7.100460286100070E-03,1.192023002614542E-03
2450356.500000000,1.594449411673491E-01,7.025875690386044E-01,3.907494074192981E-04,-1.979309890264226E-02,4.376257861834923E-03,1.202338143636221E-03
2450361.500000000,5.923004944454898E-02,7.174533410081985E-01,6.378754279875880E-03,-2.022683719875611E-02,1.559196633721159E-03,1.188904464264732E-03
2450366.500000000,-4.215654686565561E-02,7.181182644327814E-01,1.224046074416562E-02,-2.026071917863894E-02,-1.294586205195819E-03,1.151887181404958E-03
2450371.500000000,-1.427065481074257E-01,7.045418746169878E-01,1.785938516649422E-02,-1.989252442840621E-02,-4.127732470023077E-03,1.091941482883488E-03
2450376.500000000,-2.404214477382717E-01,6.769709563889256E-01,2.312353230885610E-02,-1.912840233920931E-02,-6.882912375769750E-03,1.010205317727211E-03
2450381.500000000,-3.333543839157299E-01,6.359362076255277E-01,2.792776559829472E-02,-1.798283822516379E-02,-9.504104465377167E-03,9.082799434666501E-04
2450386.500000000,-4.196512941960661E-01,5.822425030669307E-01,3.217604976531423E-02,-1.647840792038994E-02,-1.193786906081888E-02,7.881983802732349E-04
2450391.500000000,-4.975903144803804E-01,5.169528900204904E-01,3.578350658825114E-02,-1.464532174497719E-02,-1.413457534305368E-02,6.523823376232942E-04
2450396.500000000,-5.656183895325579E-01,4.413666475525497E-01,3.867822862904052E-02,-1.252076752349125E-02,-1.604954243131851E-02,5.035887088522919E-04
2450401.500000000,-6.223841326949408E-01,3.569919330713353E-01,4.080280253802689E-02,-1.014807097423393E-02,-1.764405752612601E-02,3.448471995049427E-04
2450406.500000000,-6.667660836916239E-01,2.655137138901282E-01,4.211550231623963E-02,-7.575699457641245E-03,-1.888623889353125E-02,1.793910318079237E-04
2450411.500000000,-6.978956596685486E-01,1.687578270044173E-01,4.259112336150255E-02,-4.856141326789914E-03,-1.975171791215536E-02,1.058293910618764E-05
2450416.500000000,-7.151742677480675E-01,6.865212029347448E-02,4.222143962167213E-02,-2.044697557454875E-03,-2.022412214237775E-02,-1.581611861614257E-04
2450421.500000000,-7.182842375320946E-01,-3.281430243602124E-02,4.101527809950958E-02,8.017753179953050E-04,-2.029534984641483E-02,-3.234486078213870E-04
2450426.500000000,-7.071934284449594E-01,-1.336326838315434E-01,3.899821665161944E-02,3.626131772699224E-03,-1.996563497221099E-02,-4.819837488674495E-04
2450431.500000000,-6.821535589032585E-01,-2.318160296987325E-01,3.621192189603149E-02,6.372176030898771E-03,-1.924340971192022E-02,-6.306378258371260E-04
2450436.500000000,-6.436924823450868E-01,-3.254393606942107E-01,3.271315358465089E-02,8.985839356927048E-03,-1.814497882174392E-02,-7.665123660705744E-04
2450441.500000000,-5.926007912763737E-01,-4.126779053465410E-01,2.857246965424739E-02,1.141626725055148E-02,-1.669402551834959E-02,-8.869952185015788E-04
2450446.500000000,-5.299132595913087E-01,-4.918424505386866E-01,2.387267218514255E-02,1.361679360744690E-02,-1.492097280872432E-02,-9.898080423458597E-04
2450451.500000000,-4.568857331822097E-01,-5.614111924031036E-01,1.870703857430754E-02,1.554578498686177E-02,-1.286222695901718E-02,-1.073044672812913E-03
2450456.500000000,-3.749681458900653E-01,-6.200575682403983E-01,1.317738401785117E-02,1.716734519214642E-02,-1.055933101143967E-02,-1.135200246744725E-03
2450461.500000000,-2.857743698748462E-01,-6.666736857510237E-01,7.392001164105584E-03,1.845187667778492E-02,-8.058054248599143E-03,-1.175191236349393E-03
2450466.500000000,-1.910496177879437E-01,-7.003890888215838E-01,1.463521904409360E-03,1.937649865685593E-02,-5.407441208763418E-03,-1.192366616901412E-03
2450471.500000000,-9.263610601344771E-02,-7.205847143501902E-01,-4.493255524505662E-03,1.992532554961037E-02,-2.658842617336145E-03,-1.186510687583942E-03
2450476.500000000,7.562340319074628E-03,-7.269019994306396E-01,-1.036353420104811E-02,2.008961329199928E-02,1.350525328780415E-04,-1.157838283524215E-03
2450481.500000000,1.076161028840103E-01,-7.192471845130473E-01,-1.603464480106334E-02,1.986778289092585E-02,2.921168408095760E-03,-1.106983137172700E-03
2450486.500000000,2.056054174047555E-01,-6.977909263397577E-01,-2.139809809920394E-02,1.926533122852818E-02,5.646965243120367E-03,-1.034980124661675E-03
2450491.500000000,2.996553138553851E-01,-6.629633872758620E-01,-2.635153487610625E-02,1.829463906114850E-02,8.261324559461852E-03,-9.432420929134962E-04
2450496.500000000,3.879693592304267E-01,-6.154450073522396E-01,-3.080054773929917E-02,1.697468551908138E-02,1.071538989934317E-02,-8.335318958926443E-04
2450501.500000000,4.688617564661262E-01,-5.561531945423797E-01,-3.466035229484705E-02,1.533067733242841E-02,1.296335808154754E-02,-7.079301809207371E-04
2450506.500000000,5.407873909788473E-01,-4.862251906359589E-01,-3.785728757480467E-02,1.339359968749115E-02,1.496321712238126E-02,-5.687993713980906E-04
2450511.500000000,6.023694473452172E-01,-4.069973879532099E-01,-4.033012763950195E-02,1.119969423033490E-02,1.667742741229898E-02,-4.187442095314536E-04
2450516.500000000,6.524242427452273E-01,-3.199813893455830E-01,-4.203118796636165E-02,8.789868345306543E-03,1.807354260721162E-02,-2.605691801614181E-04
2450521.500000000,6.899829415070435E-01,-2.268371225029062E-01,-4.292721175282826E-02,6.209038806210572E-03,1.912476631173214E-02,-9.723308778228716E-05
2450526.500000000,7.143098303392623E-01,-1.293433413651578E-01,-4.300002230993987E-02,3.505412957678895E-03,1.981043956099584E-02,6.819906346144319E-05
2450531.500000000,7.249168498804001E-01,-2.936587718800443E-02,-4.224692852064377E-02,7.297105155946009E-04,2.011645220384791E-02,2.326066703992824E-04
2450536.500000000,7.215740924452279E-01,7.117596034912581E-02,-4.068087183915423E-02,-2.065671222389616E-03,2.003557003550381E-02,3.928662506059525E-04
2450541.500000000,7.043159931118556E-01,1.703443868964472E-01,-3.833030527298859E-02,-4.827544225882278E-03,1.956766778710601E-02,5.459058393149315E-04
2450546.500000000,6.734429723563664E-01,2.662190536776640E-01,-3.523879749688451E-02,-7.502860672424509E-03,1.871985695479815E-02,6.887604242697698E-04
2450551.500000000,6.295183347354859E-01,3.569333127106488E-01,-3.146435857927343E-02,-1.003967781849951E-02,1.750649828248468E-02,8.186277586315695E-04
2450556.500000000,5.733602823097630E-01,4.407102339642018E-01,-2.707848722816752E-02,-1.238814497402876E-02,1.594908817199912E-02,9.329237840009193E-04
2450561.500000000,5.060289702368025E-01,5.158977165111668E-01,-2.216494414541217E-02,-1.450149660466868E-02,1.407600822721143E-02,1.029336556940121E-03
2450566.500000000,4.288086228798332E-01,5.810019872910659E-01,-1.681826219000177E-02,-1.633703137763580E-02,1.192212965204558E-02,1.105877372049124E-03
2450571.500000000,3.431848378267663E-01,6.347187482919696E-01,-1.114201085023244E-02,-1.785705383396882E-02,9.528267755948169E-03,1.160927672406537E-03
2450576.500000000,2.508173284758083E-01,6.759612195115471E-01,-5.246839798816781E-03,-1.902975279369770E-02,6.940486087268125E-03,1.193280251506767E-03
2450581.500000000,1.535084902036203E-01,7.038843353500518E-01,7.516660986534031E-04,-1.982998881505251E-02,4.209254948409310E-03,1.202173216132146E-03
2450586.500000000,5.316831550536470E-02,7.179043906853994E-01,6.735280381942275E-03,-2.023996247131158E-02,1.388475085454928E-03,1.187315228154260E-03
2450591.500000000,-4.822367707248978E-02,7.177135029589768E-01,1.258553017050476E-02,-2.024973618279485E-02,-1.465616169481508E-03,1.148900687462629E-03
2450596.500000000,-1.486587050419715E-01,7.032883593125521E-01,1.818613976112437E-02,-1.985758502064063E-02,-4.295632536624495E-03,1.087613761252589E-03
2450601.500000000,-2.461402673831198E-01,6.748928519457256E-01,2.342546482739043E-02,-1.907015631976744E-02,-7.044290448130422E-03,1.004620501723321E-03
2450606.500000000,-3.387259791729532E-01,6.330743666499070E-01,2.819885662222348E-02,-1.790242397997188E-02,-9.655689982646277E-03,9.015487108858365E-04
2450611.500000000,-4.245686487203326E-01,5.786536726927961E-01,3.241089504612654E-02,-1.637743071505909E-02,-1.207658681251751E-02,7.804556860000273E-04
2450616.500000000,-5.019555372930196E-01,5.127085585870984E-01,3.597743137368922E-02,-1.452581983205223E-02,-1.425761520898650E-02,6.437844878164499E-04
2450621.500000000,-5.693447714444972E-01,4.365515579505032E-01,3.882738593858553E-02,-1.238516698253705E-02,-1.615442257624564E-02,4.943098905600674E-04
2450626.500000000,-6.253979523279725E-01,3.517023009142512E-01,4.090425305322059E-02,-9.999131068016611E-03,-1.772867902071197E-02,3.350756218734841E-04
2450631.500000000,-6.690081208336697E-01,2.598551961213567E-01,4.216727421713013E-02,-7.416450472756625E-03,-1.894893084034064E-02,1.693247665546059E-04
2450636.500000000,-6.993223816111520E-01,1.628432899918230E-01,4.259225062532895E-02,-4.689816113237349E-03,-1.979127231766121E-02,4.254724908585795E-07
2450641.500000000,-7.157586609766982E-01,6.259926236740998E-02,4.217197760592717E-02,-1.874658546245264E-03,-2.023981700993441E-02,-1.682055559659645E-04
2450646.500000000,-7.180162687899559E-01,-3.888541207946816E-02,4.091629621733133E-02,9.721109665017621E-04,-2.028695946889904E-02,-3.331792914824233E-04
2450651.500000000,-7.060801313210845E-01,-1.396020859790617E-01,3.885176905914463E-02,3.793366798755951E-03,-1.993342768801277E-02,-4.912081220050104E-04
2450656.500000000,-6.802187521004297E-01,-2.375663156682984E-01,3.602099768250808E-02,6.533005378312565E-03,-1.918813421128159E-02,-6.391751675488731E-04
2450661.500000000,-6.409761370482051E-01,-3.308580178057444E-01,3.248160817546954E-02,9.137117900051287E-03,-1.806783996318391E-02,-7.741974192527841E-04
2450666.500000000,-5.891580748456570E-01,-4.176595175741026E-01,2.830493955644460E-02,1.155507131911872E-02,-1.659665083026749E-02,-8.936812808989369E-04
2450671.500000000,-5.258132893485292E-01,-4.962907118513736E-01,2.357447552592811E-02,1.374047531988673E-02,-1.480537136476287E-02,-9.953695603280813E-04
2450676.500000000,-4.522100772048635E-01,-5.652406988004012E-01,1.838406386962894E-02,1.565201910153216E-02,-1.273074217073086E-02,-1.077379355594266E-03
2450681.500000000,-3.698091088982754E-01,-6.231953602725049E-01,1.283596967563141E-02,1.725416807064555E-02,-1.041458814873725E-02,-1.138230638337260E-03
2450686.500000000,-2.802331063402848E-01,-6.690605179297578E-01,7.038808700168576E-03,1.851771627263863E-02,-7.902904012014903E-03,-1.176865654508773E-03
2450691.500000000,-1.852341182918370E-01,-7.019804116932590E-01,1.105405943480047E-03,1.942019531302631E-02,-5.244901576313243E-03,-1.192659520567298E-03
2450696.500000000,-8.665910089049850E-02,-7.213513650607879E-01,-4.849377896126289E-03,1.994614444383896E-02,-2.492040584655500E-03,-1.185422582627783E-03
2450701.500000000,1.358552038923377E-02,-7.268306026611684E-01,-1.071081258459179E-02,2.008724933600942E-02,3.029384255411712E-04,-1.155395224085161E-03
2450706.500000000,1.135696733874134E-01,-7.183402692920525E-01,-1.636642119298835E-02,1.984235876884304E-02,3.086964178231871E-03,-1.103235850377869E-03
2450711.500000000,2.113752604747157E-01,-6.960667665210795E-01,-2.170802728367295E-02,1.921738897679412E-02,5.807555837841960E-03,-1.030002757143516E-03
2450716.500000000,3.051310406350630E-01,-6.604555757255752E-01,-2.663369760283550E-02,1.822512526705218E-02,8.413705822599156E-03,-9.371305877009377E-04
2450721.500000000,3.930462835675545E-01,-6.122017787576793E-01,-3.104955509730438E-02,1.688493088517773E-02,1.085671700672717E-02,-8.264021219033685E-04
2450726.500000000,4.734427554423467E-01,-5.522365154042084E-01,-3.487144038768461E-02,1.522237203423021E-02,1.309099033632321E-02,-6.999159297461649E-04
2450731.500000000,5.447846328375497E-01,-4.817096328801062E-01,-3.802640180201991E-02,1.326876494362739E-02,1.507475979377537E-02,-5.600501928542883E-04
2450736.500000000,6.057059671790207E-01,-4.019688003665947E-01,-4.045399566569532E-02,1.106064979743661E-02,1.677077074065295E-02,-4.094230493252895E-04
2450741.500000000,6.550353453789811E-01,-3.145353815234002E-01,-4.210738036051763E-02,8.639195941654900E-03,1.814689774621706E-02,-2.508498055717471E-04
2450746.500000000,6.918174120000867E-01,-2.210773776343986E-01,-4.295418915440984E-02,6.049541779436269E-03,1.917669773519291E-02,-8.729727070064533E-05
2450751.500000000,7.153309334098933E-01,-1.233797774319298E-01,-4.297716797835297E-02,3.340072117341504E-03,1.983989317162487E-02,7.816456032476229E-05
2450756.500000000,7.251030981024079E-01,-2.331267962162661E-02,-4.217456550796593E-02,5.616358022295060E-04,2.012277854664702E-02,2.424132213223772E-04
2450761.500000000,7.209197631908104E-01,7.720240844190353E-02,-4.056026432548517E-02,-2.233292746983859E-03,2.001854193660861E-02,4.023265672745197E-04
2450766.500000000,7.028313784197477E-01,1.762276477701494E-01,-3.816364378021934E-02,-4.991503066469592E-03,1.952749201704717E-02,5.548372216960404E-04
2450771.500000000,6.711543492723619E-01,2.718448213685904E-01,-3.502916760710301E-02,-7.659982081752417E-03,1.865717984811490E-02,6.969881198943664E-04
2450776.500000000,6.264676430473399E-01,3.621916103402247E-01,-3.121569255880619E-02,-1.018688158819833E-02,1.742240419627700E-02,8.259884249536780E-04
2450781.500000000,5.696044989029397E-01,4.454975822477585E-01,-2.679549837288091E-02,-1.252250672224294E-02,1.584508933346349E-02,9.392689112284094E-04
2450786.500000000,5.016391768048811E-01,5.201192285488572E-01,-2.185304438818518E-02,-1.462030887179732E-02,1.395402535514551E-02,1.034535724332787E-03
2450791.500000000,4.238687719574680E-01,5.845733431699200E-01,-1.648346401457447E-02,-1.643786294158968E-02,1.178446327921275E-02,1.109821257375651E-03
2450796.500000000,3.377902299930847E-01,6.375680037126479E-01,-1.079081492444532E-02,-1.793780565728012E-02,9.377560613567803E-03,1.163530740720116E-03
2450801.500000000,2.450728214783667E-01,6.780304048817927E-01,-4.886110165752883E-03,-1.908870909565759E-02,6.779676871651763E-03,1.194483028502963E-03
2450806.500000000,1.475264669850783E-01,7.051308008270757E-01,1.114837065947799E-03,-1.986586227245211E-02,4.041522841798716E-03,1.201944107328179E-03
2450811.500000000,4.706644467772009E-02,7.183018515463129E-01,7.093714790132153E-03,-2.025193152874595E-02,1.217175656227357E-03,1.185651768570825E-03
2450816.500000000,-5.432484148230442E-02,7.172527469942815E-01,1.293211187717552E-02,-2.023747171100980E-02,-1.637021742615854E-03,1.145830074618409E-03
2450821.500000000,-1.546382281072621E-01,7.019775872030670E-01,1.851396268103129E-02,-1.982126529174151E-02,-4.463653246734665E-03,1.083192758045409E-03
2450826.500000000,-2.518793826969196E-01,6.727576293632233E-01,2.372797938403877E-02,-1.901046993704734E-02,-7.205484703748161E-03,9.989347977064620E-04
2450831.500000000,-3.441106221993291E-01,6.301571757029315E-01,2.847001161337588E-02,-1.782056048765928E-02,-9.806746198791145E-03,8.947117082361627E-04
2450836.500000000,-4.294919120100583E-01,5.750130630748640E-01,3.264527164665821E-02,-1.627505869726023E-02,-1.221440239697625E-02,7.726065292646464E-04
2450841.500000000,-5.063199843606679E-01,5.084179145157474E-01,3.617036494144342E-02,-1.440505223375902E-02,-1.437937076702842E-02,6.350851323424367E-04
2450846.500000000,-5.730645450352192E-01,4.316975114418140E-01,3.897507068508954E-02,-1.224851357364717E-02,-1.625764882492415E-02,4.849412002005982E-04
2450851.500000000,-6.284006138781147E-01,3.463828328491759E-01,4.100382519948834E-02,-9.849438637864727E-03,-1.781131440254176E-02,3.252327162329652E-04
2450856.500000000,-6.712361639135127E-01,2.541774775037090E-01,4.221687074948841E-02,-7.256832724175080E-03,-1.900936740338662E-02,1.592119818695916E-04
2450861.500000000,-7.007343766230159E-01,1.569213275069867E-01,4.259104269146643E-02,-4.523576944056752E-03,-1.982838794633486E-02,-9.748694602972274E-06
2450866.500000000,-7.163300072330249E-01,5.655141756039322E-02,4.212017899001040E-02,-1.705212182798376E-03,-2.025299381111672E-02,-1.782333490966121E-04
2450871.500000000,-7.177395446741209E-01,-4.493896190653047E-02,4.081514777358893E-02,1.141320438177128E-03,-2.027608877079628E-02,-3.428584073889252E-04
2450876.500000000,-7.049650464333422E-01,-1.455418790798704E-01,3.870350015672886E-02,3.958943699219976E-03,-1.989890195813562E-02,-5.003461723056150E-04
2450881.500000000,-6.782917186237968E-01,-2.432760647465625E-01,3.582876632329055E-02,6.691676178598392E-03,-1.913082629893268E-02,-6.475937151675811E-04
2450886.500000000,-6.382794873408959E-01,-3.362269358505922E-01,3.224942234140646E-02,9.285798665448240E-03,-1.798907091176836E-02,-7.817354300876274E-04
2450891.500000000,-5.857489618847516E-01,-4.225844583276714E-01,2.803756295299029E-02,1.169092679577714E-02,-1.649814834308282E-02,-9.001979078033942E-04
2450896.500000000,-5.217623154989720E-01,-5.006780851533613E-01,2.327732101787058E-02,1.386096847774872E-02,-1.468922177238389E-02,-1.000746300799910E-03
2450901.500000000,-4.475996984959183E-01,-5.690081344592383E-01,1.806307746984407E-02,1.575495148974117E-02,-1.259933811640006E-02,-1.081521680878401E-03
2450906.500000000,-3.647318598806574E-01,-6.262731020747702E-01,1.249750772797607E-02,1.733771120142314E-02,-1.027057314751083E-02,-1.141069077327255E-03
2450911.500000000,-2.747896908248627E-01,-6.713925355319870E-01,6.689511077787214E-03,1.858043389307083E-02,-7.749115327182697E-03,-1.178356306126346E-03
2450916.500000000,-1.795314108396114E-01,-7.035252261961655E-01,7.520680247114026E-04,1.946105694508627E-02,-5.084313071795636E-03,-1.192784042101589E-03
2450921.500000000,-8.080810076692217E-02,-7.220825916160165E-01,-5.199932037189759E-03,1.996453101120238E-02,-2.327706868878200E-03,-1.184187727732370E-03
2450926.500000000,1.947174554760485E-02,-7.267372190290978E-01,-1.105185369822301E-02,2.008295180743067E-02,4.679356308599475E-04,-1.152832000309027E-03
2450931.500000000,1.193780216228978E-01,-7.174266233392823E-01,-1.669143335726462E-02,1.981557076811038E-02,3.249566717943841E-03,-1.099398368380050E-03
2450936.500000000,2.169945798875145E-01,-6.943523389683708E-01,-2.201082007394740E-02,1.916869453536995E-02,5.964776278561050E-03,-1.024966864810705E-03
2450941.500000000,3.104540433891516E-01,-6.579745159563267E-01,-2.690851105969133E-02,1.815548312605417E-02,8.562671182175947E-03,-9.309923579282975E-04
2450946.500000000,3.979713740644926E-01,-6.090022286746617E-01,-3.129115668749380E-02,1.679565579522287E-02,1.099470994558152E-02,-8.192761493524678E-04
2450951.500000000,4.778757561198185E-01,-5.483797328635962E-01,-3.507521293025108E-02,1.511511242738588E-02,1.321548809896038E-02,-6.919334353781434E-04
2450956.500000000,5.486403894951626E-01,-4.772689265737207E-01,-3.818842167769514E-02,1.314547721428586E-02,1.518347067268310E-02,-5.513570454857386E-04
2450961.500000000,6.089098190449375E-01,-3.970282884882338E-01,-4.057110093737396E-02,1.092357001203365E-02,1.686166812470025E-02,-4.001776967627176E-04
2450966.500000000,6.575244477160497E-01,-3.091885858426026E-01,-4.217722819370730E-02,8.490809102550709E-03,1.821825195208338E-02,-2.412210584393126E-04
2450971.500000000,6.935418980618682E-01,-2.154256633222865E-01,-4.297530174618511E-02,5.892548199038176E-03,1.922710592856322E-02,-7.746191716429482E-05
2450976.500000000,7.162548994079784E-01,-1.175306476879177E-01,-4.294896603151316E-02,3.177350072878012E-03,1.986830748636902E-02,8.802436302527612E-05
2450981.500000000,7.252053899950230E-01,-1.737793576992547E-02,-4.209738801408380E-02,3.961994995987682E-04,2.012853152647549E-02,2.521128095026827E-04
2450986.500000000,7.201945414435887E-01,8.310862400315558E-02,-4.043537357800876E-02,-2.398339823284721E-03,2.000136773624767E-02,4.116817963509689E-04
2450991.500000000,7.012884395834783E-01,1.819909023869551E-01,-3.799321499706192E-02,-5.153018711626926E-03,1.948754266364764E-02,5.636676005254506E-04
2450996.500000000,6.688191850741122E-01,2.773525109972390E-01,-3.481626250711190E-02,-7.814839842911151E-03,1.859503604354229E-02,7.051201021677772E-04
2451001.500000000,6.233812173152463E-01,3.673351161748806E-01,-3.096421607713773E-02,-1.033202908732099E-02,1.733907936349452E-02,8.332588539742025E-04
2451006.500000000,5.658227247667812E-01,4.501744275367021E-01,-2.651013791798489E-02,-1.265502703781162E-02,1.574202541219923E-02,9.455285429516710E-04
2451011.500000000,4.972320820243071E-01,5.242351910851133E-01,-2.153919149529689E-02,-1.473748365307841E-02,1.383307908951398E-02,1.039652727735985E-03
2451016.500000000,4.189193477771421E-01,5.880444732895386E-01,-1.614711879390263E-02,-1.653723557770968E-02,1.164788197435711E-02,1.113684574882870E-03
2451021.500000000,3.323929680958791E-01,6.403224928125059E-01,-1.043847433542711E-02,-1.801724251172050E-02,9.227946450901716E-03,1.166053175337946E-03
2451026.500000000,2.393319544511995E-01,6.800102461760859E-01,-4.524641798125810E-03,-1.914645640851751E-02,6.619939619716543E-03,1.195603931369341E-03
2451031.500000000,1.415539414916971E-01,7.062931879343414E-01,1.478333280181873E-03,-1.990059566278254E-02,3.874822619223894E-03,1.201631484023760E-03
2451036.500000000,4.097967020407302E-02,7.186202691063031E-01,7.452053709566165E-03,-2.026279612815398E-02,1.046857101267087E-03,1.183903715916647E-03
2451041.500000000,-6.040541950118999E-02,7.167177124917954E-01,1.327817579077203E-02,-2.022411203105280E-02,-1.807502908660553E-03,1.142675523314267E-03
2451046.500000000,-1.605916746553965E-01,7.005970108195392E-01,1.884085548862626E-02,-1.978384277080296E-02,-4.630809117178816E-03,1.078691307687764E-03
2451051.500000000,-2.575868722701863E-01,6.705567719274943E-01,2.402917731713645E-02,-1.894966623369485E-02,-7.365876515687431E-03,9.931754855859224E-04
2451056.500000000,-3.494580163899201E-01,6.271782004108305E-01,2.873950515952336E-02,-1.773756549775731E-02,-9.957065013758787E-03,8.878107480449886E-04
2451061.500000000,-4.343722390900690E-01,5.713141910513945E-01,3.287769413437223E-02,-1.617154351410247E-02,-1.235154648218601E-02,7.647043021943985E-04
2451066.500000000,-5.106357498008551E-01,5.040722062454494E-01,3.636110505810327E-02,-1.428312901481721E-02,-1.450051757482462E-02,6.263428251513170E-04
2451071.500000000,-5.767298142992500E-01,4.267913049318409E-01,3.912036769144653E-02,-1.211068495761938E-02,-1.636032008991995E-02,4.755372367304515E-04
2451076.500000000,-6.313428197466638E-01,3.410138772559791E-01,4.110084549151288E-02,-9.698538341403343E-03,-1.789343242462656E-02,3.153588384104360E-04
2451081.500000000,-6.733975974079671E-01,2.484528131716874E-01,4.226376384086097E-02,-7.095958631930015E-03,-1.906929981105675E-02,1.490689579604536E-04
2451086.500000000,-7.020733281931832E-01,1.509549738533715E-01,4.258697518898386E-02,-4.356018498641423E-03,-1.986497978003838E-02,-1.995554951580045E-05
2451091.500000000,-7.168215360816687E-01,5.046193206873792E-02,4.206534599190585E-02,-1.534374720306663E-03,-2.026558698821141E-02,-1.882987089853986E-04
2451096.500000000,-7.173758674404705E-01,-5.103099025182162E-02,4.071076168315368E-02,1.311991926645663E-03,-2.026452885641581E-02,-3.525814079590527E-04
2451101.500000000,-7.037555474414943E-01,-1.515163392217056E-01,3.855175761946424E-02,4.126039374968307E-03,-1.986353266330847E-02,-5.095346642792298E-04
2451106.500000000,-6.762625937487692E-01,-2.490157767525957E-01,3.563279471119132E-02,6.851892791321001E-03,-1.907247269410931E-02,-6.560681768382768E-04
2451111.500000000,-6.354730425424514E-01,-3.416199948323024E-01,3.201320765850361E-02,9.436006048791622E-03,-1.790901275196759E-02,-7.893324824820235E-04
2451116.500000000,-5.822225935025210E-01,-4.275264230528890E-01,2.776586119302024E-02,1.182822855899529E-02,-1.639808477186134E-02,-9.067734118823736E-04
2451121.500000000,-5.175872034613037E-01,-5.050739700078047E-01,2.297555527081180E-02,1.398275590352527E-02,-1.457122806760139E-02,-1.006177934874429E-03
2451126.500000000,-4.428592504747267E-01,-5.727741677323310E-01,1.773722371973642E-02,1.585894901796775E-02,-1.246581582330514E-02,-1.085710878761443E-03
2451131.500000000,-3.595199507565460E-01,-6.293382232340218E-01,1.215397250377536E-02,1.742201283710458E-02,-1.012419591346400E-02,-1.143942365255863E-03
2451136.500000000,-2.692087420377059E-01,-6.736996147867220E-01,6.335003734907801E-03,1.864353092949738E-02,-7.592772205368507E-03,-1.179866123513990E-03
2451141.500000000,-1.736903518929544E-01,-7.050319966740400E-01,3.934701294317899E-04,1.950185744282794E-02,-4.921050428638595E-03,-1.192909083189368E-03
2451146.500000000,-7.482025317840758E-02,-7.227622894985134E-01,-5.555697866228205E-03,1.998237139548021E-02,-2.160669790629503E-03,-1.182932817813439E-03
2451151.500000000,2.549082302472076E-02,-7.265789309749208E-01,-1.139795315032482E-02,2.007760075926003E-02,6.355617030989063E-04,-1.150227496925943E-03
2451156.500000000,1.253126877945807E-01,-7.164353447700123E-01,-1.702124561004723E-02,1.978722535579993E-02,3.414613029821724E-03,-1.095499099109634E-03
2451161.500000000,2.227312284459183E-01,-6.925487537222850E-01,-2.231805676936980E-02,1.911796933339007E-02,6.124144970442490E-03,-1.019850738786022E-03
2451166.500000000,3.158831515369204E-01,-6.553945131103096E-01,-2.718732783395259E-02,1.808339382389063E-02,8.713386276796836E-03,-9.247587846698789E-04
2451171.500000000,4.029894570069599E-01,-6.056961714976354E-01,-3.153625628974654E-02,1.670359797370752E-02,1.113396554160769E-02,-8.120442431148378E-04
2451176.500000000,4.823872037881619E-01,-5.444114941785201E-01,-3.528193866470311E-02,1.500483572103859E-02,1.334069350476888E-02,-6.838399296615370E-04
2451181.500000000,5.525591630928992E-01,-4.727147075281506E-01,-3.835283964741340E-02,1.301905510445794E-02,1.529229182393397E-02,-5.425539086988973E-04
2451186.500000000,6.121609858635773E-01,-3.919752400555281E-01,-4.069006982246648E-02,1.078336536386412E-02,1.695206508429544E-02,-3.908295497575879E-04
2451191.500000000,6.600455334563505E-01,-3.037332525024852E-01,-4.224845579032086E-02,8.339435683467648E-03,1.828851252163190E-02,-2.315024648974910E-04
2451196.500000000,6.952840374013939E-01,-2.096722690071312E-01,-4.299738765378340E-02,5.732828522848307E-03,1.927587504219356E-02,-6.755455465103427E-05
2451201.500000000,7.171837676665306E-01,-1.115892464350260E-01,-4.292142997116211E-02,3.012270117799862E-03,1.989461187340514E-02,9.793461194816596E-05
2451206.500000000,7.253019020882305E-01,-1.136245092081460E-02,-4.202068347431207E-02,2.288609707017679E-04,2.013179971260786E-02,2.618388231809958E-04
2451211.500000000,7.194553057069182E-01,8.908244987031891E-02,-4.031088631695841E-02,-2.564769945519672E-03,1.998144572830621E-02,4.210383230350912E-04
2451216.500000000,6.997259510679432E-01,1.878076235193028E-01,-3.782324554723548E-02,-5.315361949153196E-03,1.944470440969999E-02,5.724745380075573E-04
2451221.500000000,6.664617425490562E-01,2.828991307341893E-01,-3.460399206675285E-02,-7.969962791261900E-03,1.852998727297252E-02,7.132058442298646E-04
2451226.500000000,6.202725526326033E-01,3.725032401920485E-01,-3.071365569209605E-02,-1.047690172830000E-02,1.725295405480563E-02,8.404636182445104E-04
2451231.500000000,5.620213384970018E-01,4.548623801341508E-01,-2.622606117960049E-02,-1.278678172220295E-02,1.563637448837301E-02,9.517076261682993E-04
2451236.500000000,4.928102851260754E-01,5.283500547437462E-01,-2.122705131646766E-02,-1.485347351146261E-02,1.370985093137871E-02,1.044679603534165E-03
2451241.500000000,4.139620141025701E-01,5.915040087373468E-01,-1.581294916987324E-02,-1.663509176120112E-02,1.150939398060707E-02,1.117453813018509E-03
2451246.500000000,3.269960047298572E-01,6.430568934086457E-01,-1.008877789100910E-02,-1.809492949154319E-02,9.076847159360531E-03,1.168483183143878E-03
2451251.500000000,2.336005063220046E-01,6.819636788225896E-01,-4.166264630920514E-03,-1.920232241728887E-02,6.459161216705338E-03,1.196639243982890E-03
2451256.500000000,1.356003615570659E-01,7.074250739748231E-01,1.838336707346722E-03,-1.993341573932761E-02,3.707524664927886E-03,1.201244452066437E-03
2451261.500000000,3.492129566260218E-02,7.189062649888321E-01,7.806562630401899E-03,-2.027180648249631E-02,8.763629373800923E-04,1.182095598976941E-03
2451266.500000000,-6.644863869719152E-02,7.161503569223775E-01,1.362014911190969E-02,-2.020903454368462E-02,-1.977775737961964E-03,1.139476951891414E-03
2451271.500000000,-1.664996424601624E-01,6.991860123232440E-01,1.916347836806662E-02,-1.974489836939896E-02,-4.797422815602993E-03,1.074162053698424E-03
2451276.500000000,-2.632418502233642E-01,6.683289198857578E-01,2.432600479204176E-02,-1.888757620832222E-02,-7.525449332469090E-03,9.874035092612085E-04
2451281.500000000,-3.547471027198158E-01,6.241768933432641E-01,2.900459919352330E-02,-1.765354032548971E-02,-1.010634768014815E-02,8.809105202149361E-04
2451286.500000000,-4.391897605933114E-01,5.675985868724890E-01,3.310575047854870E-02,-1.606725915070873E-02,-1.248749663075757E-02,7.568144075109912E-04
2451291.500000000,-5.148855039264808E-01,4.997160101777914E-01,3.654756634429956E-02,-1.416069071020567E-02,-1.462036981768570E-02,6.176228591465938E-04
2451296.500000000,-5.803271003173764E-01,4.218812239726850E-01,3.926151947614127E-02,-1.197257932074334E-02,-1.646164881322479E-02,4.661641253510989E-04
2451301.500000000,-6.342162051544983E-01,3.356477839948495E-01,4.119389296084021E-02,-9.547575797160745E-03,-1.797420504634318E-02,3.055228183633102E-04
2451306.500000000,-6.754903777814161E-01,2.427376684941719E-01,4.230688783569051E-02,-6.935208730470794E-03,-1.912791990575337E-02,1.389693257149011E-04
2451311.500000000,-7.033446502682187E-01,1.450045611159740E-01,4.257936639446751E-02,-4.188740201786882E-03,-1.990031912750739E-02,-3.011491122421747E-05
2451316.500000000,-7.172471629643229E-01,4.439446121592376E-02,4.200721648072688E-02,-1.363943211144475E-03,-2.027700546274228E-02,-1.983138823166455E-04
2451321.500000000,-7.169485728785282E-01,-5.709534729825542E-02,4.060333389822424E-02,1.482160051265969E-03,-2.025188204232512E-02,-3.622528876645842E-04
2451326.500000000,-7.024851371078779E-01,-1.574579207434797E-01,3.839723168664531E-02,4.292560054424191E-03,-1.982716730567130E-02,-5.186715518175536E-04
2451331.500000000,-6.741755644138869E-01,-2.547178515602994E-01,3.543429572480569E-02,7.011484988803220E-03,-1.901321073852240E-02,-6.644919804152768E-04
2451336.500000000,-6.326119014223099E-01,-3.469710780334195E-01,3.177471502071352E-02,9.585557043175142E-03,-1.782812581636555E-02,-7.968805044517302E-04
2451341.500000000,-5.786448651120016E-01,-4.324224435058191E-01,2.749212195123197E-02,1.196485359745001E-02,-1.629726047940300E-02,-9.133017591197430E-04
2451346.500000000,-5.133641537367876E-01,-5.094202503614227E-01,2.267198349951254E-02,1.410385144266036E-02,-1.445252887481608E-02,-1.011564071002807E-03
2451351.500000000,-4.380743632074718E-01,-5.764871821712387E-01,1.740978848222525E-02,1.596223839928098E-02,-1.233163153336772E-02,-1.089855632909899E-03
2451356.500000000,-3.542671959638356E-01,-6.323471053967314E-01,1.180907715637974E-02,1.750558378675865E-02,-9.977191501020787E-03,-1.146771388978354E-03
2451361.500000000,-2.635906775782913E-01,-6.759473962713212E-01,5.979359283734285E-03,1.870586476405948E-02,-7.435832461050967E-03,-1.181330816305970E-03
2451366.500000000,-1.678160996340204E-01,-7.064765636418784E-01,3.396525385731734E-05,1.954185006589403E-02,-4.757222773154541E-03,-1.192987001837776E-03
2451371.500000000,-6.880339032150498E-02,-7.233770515344990E-01,-5.912127564847968E-03,1.999934628539194E-02,-1.993106586192832E-03,-1.181627579997141E-03
2451376.500000000,3.153441847019542E-02,-7.263532028503815E-01,-1.174445424833626E-02,2.007131444945758E-02,8.036601468875130E-04,-1.147568233712648E-03
2451381.500000000,1.312670020940777E-01,-7.153744459558814E-01,-1.735117236038224E-02,1.975786633123388E-02,3.580054405176914E-03,-1.091539582763847E-03
2451386.500000000,2.284822563469161E-01,-6.906738299720914E-01,-2.262509154880315E-02,1.906615075277379E-02,6.283800197326156E-03,-1.014668225679823E-03
2451391.500000000,3.213209878507360E-01,-6.527420851029306E-01,-2.746559494123213E-02,1.801013970606192E-02,8.864243205893570E-03,-9.184525064713189E-04
2451396.500000000,4.080103031132534E-01,-6.023174216914992E-01,-3.178042738242143E-02,1.661032308993408E-02,1.127317982142815E-02,-8.047335899332394E-04
2451401.500000000,4.868952593318059E-01,-5.403713072450310E-01,-3.548732860449511E-02,1.489331988351680E-02,1.346563630507912E-02,-6.756624501793562E-04
2451406.500000000,5.564683762265238E-01,-4.680904795495462E-01,-3.851549207996353E-02,1.289141237239688E-02,1.540059464895612E-02,-5.336632100376767E-04
2451411.500000000,6.153966377415729E-01,-3.868554705600003E-01,-4.080683196383215E-02,1.064200860024884E-02,1.704166182472619E-02,-3.813930601124943E-04
2451416.500000000,6.625456342779882E-01,-2.982159337155088E-01,-4.231704129622457E-02,8.187036589245840E-03,1.835767837063109E-02,-2.216988628675935E-04
2451421.500000000,6.970005107116091E-01,-2.038630913564880E-01,-4.301642538296613E-02,5.572272879050665E-03,1.932326071867698E-02,-5.757068753784048E-05
2451426.500000000,7.180833994575960E-01,-1.055996489715555E-01,-4.289049621304131E-02,2.846608609202923E-03,1.991927120715080E-02,1.079072231161708E-04
2451431.500000000,7.253670347646980E-01,-5.307551556276108E-03,-4.194031615257128E-02,6.125639575820588E-05,2.013321019120832E-02,2.716076667066631E-04
2451436.500000000,7.186842596683395E-01,9.508600997924779E-02,-4.018258061267374E-02,-2.731098805576678E-03,1.995952229415618E-02,4.304136288659892E-04
2451441.500000000,6.981331581588737E-01,1.936438871334391E-01,-3.764943092257703E-02,-5.477199317379665E-03,1.939980618909202E-02,5.812729730411410E-04
2451446.500000000,6.640775795081835E-01,2.884550464726915E-01,-3.438799103231981E-02,-8.124156712934177E-03,1.846291666757237E-02,7.212541119662399E-04
2451451.500000000,6.171428683479733E-01,3.776708597771792E-01,-3.045962490078317E-02,-1.062042553623083E-02,1.716494769205813E-02,8.476019218946422E-04
2451456.500000000,5.582066746314296E-01,4.595409889984667E-01,-2.593891563205117E-02,-1.291679505417608E-02,1.552908552789306E-02,9.577929545264656E-04
2451461.500000000,4.883847949400045E-01,5.324481916640570E-01,-2.091237264651951E-02,-1.496738179113625E-02,1.358532235460634E-02,1.049588806135115E-03
2451466.500000000,4.090120917559510E-01,5.949413298587320E-01,-1.547687930904975E-02,-1.673060206415555E-02,1.137002314067769E-02,1.121086335273715E-03
2451471.500000000,3.216186493751988E-01,6.457658381321446E-01,-9.737900324719205E-03,-1.817010056699396E-02,8.925342071012980E-03,1.170763289814859E-03
2451476.500000000,2.279014514431719E-01,6.838908981415998E-01,-3.807475628138296E-03,-1.925560857502344E-02,6.298489390122350E-03,1.197517826734530E-03
2451481.500000000,1.296920013607156E-01,7.085325855436446E-01,2.197964874217631E-03,-1.996370389001120E-02,3.540855014869727E-03,1.200700400812472E-03
2451486.500000000,2.892044714960196E-02,7.191723015958020E-01,8.159923885087374E-03,-2.027844451036615E-02,7.070014267017410E-04,1.180136575454948E-03
2451491.500000000,-7.242309042213399E-02,7.155698806244102E-01,1.396024795150693E-02,-2.019184943103922E-02,-2.146455166665215E-03,1.136139480573323E-03
2451496.500000000,-1.723291617768303E-01,6.977708755900818E-01,1.948357295123130E-02,-1.970420311802554E-02,-4.962050010953874E-03,1.069510917159573E-03
2451501.500000000,-2.688106743141602E-01,6.661076657740236E-01,2.461974533585644E-02,-1.882416522018124E-02,-7.682730169625888E-03,9.815304880129827E-04
2451506.500000000,-3.599446138551163E-01,6.211941977740182E-01,2.926615860102246E-02,-1.756867375817284E-02,-1.025313469997811E-02,8.739325564076911E-04
2451511.500000000,-4.439127543360077E-01,5.639143546337162E-01,3.332994436734101E-02,-1.596263698579793E-02,-1.262085669760891E-02,7.488711880712354E-04
2451516.500000000,-5.190403016243600E-01,4.954041435143016E-01,3.672995937608658E-02,-1.403841630474303E-02,-1.473764706905171E-02,6.088737565735058E-04
2451521.500000000,-5.838314530697238E-01,4.170280924013404E-01,3.939851508626603E-02,-1.183511268174657E-02,-1.656052094719453E-02,4.567846600041051E-04
2451526.500000000,-6.370009430665415E-01,3.303504326779400E-01,4.128280462487161E-02,-9.397678860724460E-03,-1.805273133044350E-02,2.957008259990104E-04
2451531.500000000,-6.775007702054153E-01,2.371018103686737E-01,4.234599058095975E-02,-6.775884746806452E-03,-1.918457950376328E-02,1.289009021594079E-04
2451536.500000000,-7.045414514991605E-01,1.391424029449005E-01,4.256792769911373E-02,-4.023168807472240E-03,-1.993403914905243E-02,-4.022957959888126E-05
2451541.500000000,-7.176073261494809E-01,3.842241556658494E-02,4.194550628392239E-02,-1.195412948431639E-03,-2.028717853101445E-02,-2.082746863615162E-04
2451546.500000000,-7.164656239478461E-01,-6.305901189309752E-02,4.049261398509574E-02,1.650319954654937E-03,-2.023837351352835E-02,-3.718638642820325E-04
2451551.500000000,-7.011692090176167E-01,-1.632954409513707E-01,3.823972510253430E-02,4.457047138831860E-03,-1.979031269193160E-02,-5.277447983615658E-04
2451556.500000000,-6.720530980641931E-01,-2.603142941130075E-01,3.523313706754874E-02,7.169089301142646E-03,-1.895380378257929E-02,-6.728513783296965E-04
2451561.500000000,-6.297250245697970E-01,-3.522165813991011E-01,3.153388283932061E-02,9.733223896746431E-03,-1.774739713838038E-02,-8.043651222312725E-04
2451566.500000000,-5.750504691688210E-01,-4.372143304274284E-01,2.721635527059165E-02,1.209974134938274E-02,-1.619684753151160E-02,-9.197687862209209E-04
2451571.500000000,-5.091326967597567E-01,-5.136649721428266E-01,2.236668486124559E-02,1.422338316997817E-02,-1.433443897120317E-02,-1.016891287257333E-03
2451576.500000000,-4.332884301810719E-01,-5.801020636727297E-01,1.708091569982553E-02,1.606414728520979E-02,-1.219819926079953E-02,-1.093943455879426E-03
2451581.500000000,-3.490198482978805E-01,-6.352618647514947E-01,1.146302589787651E-02,1.758795199888937E-02,-9.831031319575497E-03,-1.149544491846643E-03
2451586.500000000,-2.579836251571734E-01,-6.781054170489288E-01,5.622838694349857E-03,1.876715549243608E-02,-7.279787187892225E-03,-1.182739288237027E-03
2451591.500000000,-1.619577308065122E-01,-7.078359004289222E-01,-3.261309948821799E-04,1.958093218995220E-02,-4.594308586659248E-03,-1.193007010323824E-03
2451596.500000000,-6.280669850618203E-02,-7.239111540011488E-01,-6.268852274940638E-03,2.001551098580703E-02,-1.826455683699591E-03,-1.180261539563310E-03
2451601.500000000,3.755397139067652E-02,-7.260513509204647E-01,-1.209093755324564E-02,2.006428405079803E-02,9.708575017986869E-04,-1.144844603375453E-03
2451606.500000000,1.371936494598494E-01,-7.142418958722158E-01,-1.768075075418716E-02,1.972779640222961E-02,3.744607518865840E-03,-1.087512320552297E-03
2451611.500000000,2.342020841986599E-01,-6.887316733963038E-01,-2.293143303758387E-02,1.901362542907297E-02,6.442575046536593E-03,-1.009415764351490E-03
2451616.500000000,3.267240510794002E-01,-6.500268250726218E-01,-2.774281782064920E-02,1.793615981711785E-02,9.014218470227072E-03,-9.120762412220230E-04
2451621.500000000,4.129926646091485E-01,-5.988802728877168E-01,-3.202321040039366E-02,1.651628731012890E-02,1.141150095719858E-02,-7.973559518415906E-04
2451626.500000000,4.913609184974927E-01,-5.362772330322533E-01,-3.569101046457986E-02,1.478099940597873E-02,1.358966657265465E-02,-6.674245632149515E-04
2451631.500000000,5.603310555191433E-01,-4.634169838937157E-01,-3.867615813015817E-02,1.276291949833892E-02,1.550796194177520E-02,-5.247221096984048E-04
2451636.500000000,6.185813975467811E-01,-3.816911686245797E-01,-4.092138602148501E-02,1.049975954022212E-02,1.713030020395537E-02,-3.719185577787527E-04
2451641.500000000,6.649902884855943E-01,-2.926589295453486E-01,-4.238326140831870E-02,8.033709103102766E-03,1.842586367067881E-02,-2.118703065405089E-04
2451646.500000000,6.986568199139505E-01,-1.980191914878650E-01,-4.303300367868095E-02,5.410759858102138E-03,1.936964076157922E-02,-4.757385892016714E-05
2451651.500000000,7.189180232476421E-01,-9.958043624224296E-02,-4.285706357293171E-02,2.679968150201115E-03,1.994289156814523E-02,1.178831048685268E-04
2451656.500000000,7.253622259506073E-01,7.716578942430725E-04,-4.185745183066347E-02,-1.073414146912642E-04,2.013353493808212E-02,2.813729865624762E-04
2451661.500000000,7.178382859598054E-01,1.011082981673329E-01,-4.005180639387574E-02,-2.898427510268771E-03,1.993644847835391E-02,4.397815235190456E-04
2451666.500000000,6.964604417140254E-01,1.994929212756383E-01,-3.747318927290421E-02,-5.640033199456963E-03,1.935367154239941E-02,5.900625811802091E-04
2451671.500000000,6.616085485931464E-01,2.940172868990673E-01,-3.416960687261437E-02,-8.279328758738201E-03,1.839450017976100E-02,7.292938568968021E-04
2451676.500000000,6.139235174122541E-01,3.828377520085484E-01,-3.020325105668050E-02,-1.076488615661382E-02,1.707546266704876E-02,8.547327606930214E-04
2451681.500000000,5.542978284699767E-01,4.642111024593208E-01,-2.564946197336428E-02,-1.304767166110911E-02,1.542016518989362E-02,9.638716622411737E-04
2451686.500000000,4.838610748497676E-01,5.365292665318171E-01,-2.059541887235943E-02,-1.508203814989505E-02,1.345899724405851E-02,1.054491191295180E-03
2451691.500000000,4.039605894681446E-01,5.983521876249444E-01,-1.513857237252789E-02,-1.682669547331560E-02,1.122868913592851E-02,1.124710136527501E-03
2451696.500000000,3.161373245635236E-01,6.484381094549281E-01,-9.384838388650323E-03,-1.824563500747124E-02,8.771719431299325E-03,1.173030666525440E-03
2451701.500000000,2.220972760707995E-01,6.857705250183569E-01,-3.446580575867324E-03,-1.930898264111031E-02,6.135573511804917E-03,1.198377442301293E-03
2451706.500000000,1.236788800861027E-01,7.095810572771254E-01,2.559584209833488E-03,-1.999375217556450E-02,3.371859261898457E-03,1.200129036885986E-03
2451711.500000000,2.281695060238581E-02,7.193675863805244E-01,8.515115191699814E-03,-2.028447079111860E-02,5.352927060271128E-04,1.178140181913022E-03
2451716.500000000,-7.849613435770462E-02,7.149070192846995E-01,1.430196257247465E-02,-2.017365003035485E-02,-2.317426879491101E-03,1.132753580022601E-03
2451721.500000000,-1.782511661207123E-01,6.962622111058641E-01,1.980501329918436E-02,-1.966207912091119E-02,-5.128826593387232E-03,1.064800302289268E-03
2451726.500000000,-2.744638220063036E-01,6.637826908490074E-01,2.491450889860456E-02,-1.875892241840271E-02,-7.841922886015058E-03,9.755881497347157E-04
2451731.500000000,-3.652163534778674E-01,6.180990128521777E-01,2.952837454122875E-02,-1.748160921557003E-02,-1.040150202500738E-02,8.668777909939372E-04
2451736.500000000,-4.486981940224243E-01,5.601107425340727E-01,3.355439874161788E-02,-1.585551182935882E-02,-1.275537930999328E-02,7.408469696250209E-04
2451741.500000000,-5.232444353533869E-01,4.909682819458948E-01,3.691220581515460E-02,-1.391341628070818E-02,-1.485559735516995E-02,6.000435722363634E-04
2451746.500000000,-5.873711635978780E-01,4.120489369715012E-01,3.953496837890064E-02,-1.169479845811990E-02,-1.665952494463327E-02,4.473288271445437E-04
2451751.500000000,-6.398067322434429E-01,3.249278130650723E-01,4.137081462303822E-02,-9.244926795336042E-03,-1.813082128208231E-02,2.858123275784144E-04
2451756.500000000,-6.795181720939090E-01,2.313442899299654E-01,4.238389444011465E-02,-6.613819607688722E-03,-1.924023570088511E-02,1.187809138114274E-04
2451761.500000000,-7.057320939749476E-01,1.331649588044824E-01,4.255507931387381E-02,-3.855090867941192E-03,-1.996621968198982E-02,-5.037631161611335E-05
2451766.500000000,-7.179496194303961E-01,3.234400236390474E-02,4.188228261426805E-02,-1.024722145066385E-03,-2.029533597731236E-02,-2.182444331061094E-04
2451771.500000000,-7.159550688347593E-01,-6.911794890280049E-02,4.038039892763694E-02,1.820199805305009E-03,-2.022245864831906E-02,-3.814582850091329E-04
2451776.500000000,-6.998183314561239E-01,-1.692154416085262E-01,3.808087219834162E-02,4.622741777603199E-03,-1.975076656192707E-02,-5.367750372197454E-04
2451781.500000000,-6.698910247117548E-01,-2.659792927783313E-01,3.503091240666797E-02,7.327344015957481E-03,-1.889153920280012E-02,-6.811418783602812E-04
2451786.500000000,-6.267967199281549E-01,-3.575161983454511E-01,3.129238984294989E-02,9.880968597569978E-03,-1.766377010643913E-02,-8.117570350149008E-04
2451791.500000000,-5.714156634104250E-01,-4.420459975417207E-01,2.694044369263824E-02,1.223414896285518E-02,-1.609361982183940E-02,-9.261228633023856E-04
2451796.500000000,-5.048645407996326E-01,-5.179358533759633E-01,2.206184670988948E-02,1.434192021241048E-02,-1.421373375651349E-02,-1.022090217990485E-03
2451801.500000000,-4.284719187751176E-01,-5.837307399897748E-01,1.675317090198046E-02,1.616461600365612E-02,-1.206245157374618E-02,-1.097893625637263E-03
2451806.500000000,-3.437500542119462E-01,-6.381797617408479E-01,1.111880070924074E-02,1.766852378419830E-02,-9.682934880201636E-03,-1.152177123161045E-03
2451811.500000000,-2.523637878107852E-01,-6.802579603079451E-01,5.268839844646231E-03,1.882639576463160E-02,-7.122238915810354E-03,-1.184011031632650E-03
2451816.500000000,-1.560972402155880E-01,-7.091833908349181E-01,-6.830441319468588E-04,1.961781756541828E-02,-4.430352295988075E-03,-1.192900173041356E-03
2451821.500000000,-5.681901057518156E-02,-7.244293618030336E-01,-6.621795943966384E-03,2.002943969242964E-02,-1.659225979421239E-03,-1.178784021307267E-03
2451826.500000000,4.355345528899025E-02,-7.257318299220517E-01,-1.243313058630464E-02,2.005507972228968E-02,1.138191072798760E-03,-1.142029419059120E-03
2451831.500000000,1.430897043270597E-01,-7.130920202002848E-01,-1.800563795783174E-02,1.969570484337878E-02,3.908895375530112E-03,-1.083416652872097E-03
2451836.500000000,2.398817504724487E-01,-6.867744046748357E-01,-2.323280288628804E-02,1.895930490988647E-02,6.600740355892798E-03,-1.004119656398757E-03
2451841.500000000,3.320786611232340E-01,-6.473002220970638E-01,-2.801491293620312E-02,1.786066588954270E-02,9.163307344174263E-03,-9.056810279129472E-04
2451846.500000000,4.179197809699681E-01,-5.954367568630256E-01,-3.226082960907663E-02,1.642105277252758E-02,1.154873003446412E-02,-7.899824614263482E-04
2451851.500000000,4.957661605391194E-01,-5.321826213219766E-01,-3.588960128412475E-02,1.466780970827609E-02,1.371246804874672E-02,-6.592110837858891E-04
2451856.500000000,5.641297914682939E-01,-4.587493049389958E-01,-3.883189842376693E-02,1.263388343086449E-02,1.561402602893440E-02,-5.158220822362481E-04
2451861.500000000,6.217002773367580E-01,-3.765392723573217E-01,-4.103125341435453E-02,1.035727485777611E-02,1.721761426969428E-02,-3.624979999324410E-04
2451866.500000000,6.673685931352878E-01,-2.871209128658534E-01,-4.244508939335809E-02,7.880423712509927E-03,1.849274696452317E-02,-2.021050866322875E-04
2451871.500000000,7.002476079681391E-01,-1.922006613258556E-01,-4.304552386911133E-02,5.249529537149085E-03,1.941477472989821E-02,-3.764687595497565E-05
2451876.500000000,7.196890572562321E-01,-9.359263151125352E-02,-4.281993350169047E-02,2.513810792420933E-03,1.996534594524322E-02,1.277848915738155E-04
2451881.500000000,7.252966610637018E-01,6.813863152964642E-03,-4.177126747560841E-02,-2.752951879386918E-04,2.013278904546273E-02,2.910616929937149E-04
2451886.500000000,7.169351029717002E-01,1.070884844497179E-01,-3.991809868897962E-02,-3.064987116803790E-03,1.991240691583269E-02,4.490716027832053E-04
2451891.500000000,6.947346086755148E-01,2.052952761015746E-01,-3.729440409257404E-02,-5.802003837934736E-03,1.930667350351709E-02,5.987741664234563E-04
2451896.500000000,6.590908971070905E-01,2.995287865685452E-01,-3.394906813869574E-02,-8.433569696086086E-03,1.832532176078231E-02,7.372561692644850E-04
2451901.500000000,6.106603232392168E-01,3.879503363295420E-01,-2.994510672004069E-02,-1.090837043274634E-02,1.698531161849626E-02,8.617875271835154E-04
2451906.500000000,5.503500937450079E-01,4.688238022214259E-01,-2.535861331610408E-02,-1.317754550333661E-02,1.531066710665086E-02,9.698763366161832E-04
2451911.500000000,4.793035160824559E-01,5.405502400642462E-01,-2.027743434872720E-02,-1.519567914598906E-02,1.333217314171854E-02,1.059321934358231E-03
2451916.500000000,3.988803387924549E-01,6.017006251690885E-01,-1.479958693009483E-02,-1.692176901834231E-02,1.108692499611101E-02,1.128264648599926E-03
2451921.500000000,3.106323548000464E-01,6.510459640032635E-01,-9.031439128737622E-03,-1.832014807545408E-02,8.617727093493932E-03,1.175230790592117E-03
2451926.500000000,2.162745675824672E-01,6.875840248586613E-01,-3.085680349058817E-03,-1.936133293481427E-02,5.972342485962960E-03,1.199171360539453E-03
2451931.500000000,1.176523577614572E-01,7.105619559255018E-01,2.920882911707439E-03,-2.002277061065973E-02,3.202600018924574E-03,1.199492940985065E-03
2451936.500000000,1.670522880547964E-02,7.194941098454364E-01,8.869663226843153E-03,-2.028945555196119E-02,3.633725361233087E-04,1.176079347085592E-03
2451941.500000000,-8.457215297695776E-02,7.141744771340717E-01,1.464271094493169E-02,-2.015439078461306E-02,-2.488553915797008E-03,1.129302811696507E-03
2451946.500000000,-1.841707866042913E-01,6.946832461766483E-01,2.012516060877183E-02,-1.961887063401002E-02,-5.295693883906837E-03,1.060023744072598E-03
2451951.500000000,-2.801090928785208E-01,6.613871505256151E-01,2.520764600921054E-02,-1.869256658106250E-02,-8.001128211797550E-03,9.695783333265732E-04
2451956.500000000,-3.704745796485346E-01,6.149334315762937E-01,2.978862238051649E-02,-1.739340362804842E-02,-1.054978580889096E-02,8.597538488449236E-04
2451961.500000000,-4.534643583491038E-01,5.562374355577483E-01,3.377653530594409E-02,-1.574722483314998E-02,-1.288970123057690E-02,7.327521204226543E-04
2451966.500000000,-5.274234634823918E-01,4.864640676815394E-01,3.709177891446257E-02,-1.378724938316708E-02,-1.497320782688796E-02,5.911419418454060E-04
2451971.500000000,-5.908799714291165E-01,4.070035195587300E-01,3.966839101899424E-02,-1.155333716351172E-02,-1.675802923524274E-02,4.378017035540982E-04
2451976.500000000,-6.425760015516981E-01,3.194418666791555E-01,4.145544052602036E-02,-9.091081319561970E-03,-1.820823439058183E-02,2.758539856520076E-04
2451981.500000000,-6.814938082864032E-01,2.255272954017826E-01,4.241807194301964E-02,-6.450757359847266E-03,-1.929502631028716E-02,1.085941709906420E-04
2451986.500000000,-7.068763301060998E-01,1.271328502817939E-01,4.253818274427159E-02,-3.686162833314032E-03,-1.999734206766088E-02,-6.058463187752615E-05
2451991.500000000,-7.182417412059252E-01,2.621668541882458E-02,4.181472105297326E-02,-8.533852061931538E-04,-2.030224951167733E-02,-2.282679943276434E-04
2451996.500000000,-7.153917447140119E-01,-7.521914556480247E-02,4.026360274544471E-02,1.990462840153294E-03,-2.020513481285523E-02,-3.910956290408478E-04
2452001.500000000,-6.984135421524136E-01,-1.751703174921747E-01,3.791725798207630E-02,4.788501883994889E-03,-1.970968311800625E-02,-5.458338284394216E-04
2452006.500000000,-6.676756024388146E-01,-2.716712662857332E-01,3.482382710003566E-02,7.485301760784119E-03,-1.882766193560410E-02,-6.894429738481383E-04
2452011.500000000,-6.238175241599713E-01,-3.628346776665246E-01,3.104603500892626E-02,1.002802344939535E-02,-1.757852335414750E-02,-8.191383489550556E-04
2452016.500000000,-5.677344288313412E-01,-4.468885782682037E-01,2.665978135434003E-02,1.236746097523041E-02,-1.598884680254841E-02,-9.324428244482375E-04
2452021.500000000,-5.005564373955376E-01,-5.222102947993632E-01,2.175248948709554E-02,1.445896337480414E-02,-1.409164798375678E-02,-1.027230559688739E-03
2452026.500000000,-4.236238673198299E-01,-5.873566799473378E-01,1.642126012653217E-02,1.626322262805718E-02,-1.192558119156804E-02,-1.101761402377731E-03
2452031.500000000,-3.384588437096579E-01,-6.410901397958748E-01,1.077087633531582E-02,1.774691918575800E-02,-9.534062052950834E-03,-1.154705983453444E-03
2452036.500000000,-2.467340457383777E-01,-6.824001310102663E-01,4.911705798318291E-03,1.888322235457195E-02,-6.964336969102154E-03,-1.185161772359430E-03
2452041.500000000,-1.502393086359616E-01,-7.105199228769286E-01,-1.042455700122320E-03,1.965214861377239E-02,-4.266523270140841E-03,-1.192660646452838E-03
2452046.500000000,-5.084677598700055E-02,-7.249385285495336E-01,-6.976558641683934E-03,2.004078432448277E-02,-1.492639683280250E-03,-1.177168544044760E-03
2452051.500000000,4.952473743326072E-02,-7.254077996707023E-01,-1.277645374843470E-02,2.004338014844296E-02,1.304356118232955E-03,-1.139077764817173E-03
2452056.500000000,1.489455529593662E-01,-7.119447576624310E-01,-1.833099062548789E-02,1.966132638462141E-02,4.071508225637349E-03,-1.079192672352779E-03
2452061.500000000,2.455105360636270E-01,-6.848292997862714E-01,-2.353403007409724E-02,1.890301965854372E-02,6.756770312795302E-03,-9.987095828974501E-04
2452066.500000000,3.373735872279441E-01,-6.445974655493508E-01,-2.828634276342459E-02,1.778363095638113E-02,9.309872550044373E-03,-8.991915259939830E-04
2452071.500000000,4.227807452232808E-01,-5.920304833101420E-01,-3.249737013386643E-02,1.632478394308683E-02,1.168314178181192E-02,-7.825384673675076E-04
2452076.500000000,5.001014739407410E-01,-5.281398421099827E-01,-3.608682613020914E-02,1.455415122662782E-02,1.383227062574795E-02,-6.509534935285824E-04
2452081.500000000,5.678577387387780E-01,-4.541486530696047E-01,-3.898612063125012E-02,1.250497482449408E-02,1.571703200248770E-02,-5.069053665546871E-04
2452086.500000000,6.247505060609209E-01,-3.714695813581973E-01,-4.113958727380479E-02,1.021551571256743E-02,1.730193581493862E-02,-3.530877755262213E-04
2452091.500000000,6.696833214451502E-01,-2.816796468788559E-01,-4.250549983484049E-02,7.728436173449011E-03,1.855682411118672E-02,-1.923755484355770E-04
2452096.500000000,7.017826374997009E-01,-1.864922121757864E-01,-4.305686255422396E-02,5.090117887615136E-03,1.945740017754535E-02,-2.777805361070907E-05
2452101.500000000,7.204145773051901E-01,-8.772650191089995E-02,-4.278196091823026E-02,2.349918474373807E-03,1.998568571733994E-02,1.376099747936780E-04
2452106.500000000,7.251978327090987E-01,1.272496863218432E-02,-4.168466073654693E-02,-4.406305687916759E-04,2.013039869244823E-02,3.006598871818747E-04
2452111.500000000,7.160124129714687E-01,1.129306379603815E-01,-3.978444501571139E-02,-3.228680956130746E-03,1.988724314713442E-02,4.582624947138155E-04
2452116.500000000,6.930039816838482E-01,2.109553523850199E-01,-3.711617981841117E-02,-5.960973998043303E-03,1.925910150927389E-02,6.073830292408765E-04
2452121.500000000,6.565835553750621E-01,3.048965141911001E-01,-3.372960258553122E-02,-8.584788047737863E-03,1.825611786133588E-02,7.451170597432567E-04
2452126.500000000,6.074223832981678E-01,3.929203473920171E-01,-2.968853039713257E-02,-1.104891646174045E-02,1.689565970883646E-02,8.687464330310919E-04
2452131.500000000,5.464418919104256E-01,4.732976458517293E-01,-2.506979060601355E-02,-1.330466090673821E-02,1.520214763307613E-02,9.757942125052915E-04
2452136.500000000,4.747986614870311E-01,5.444383220085321E-01,-1.996188142721591E-02,-1.530682207423930E-02,1.320674461105589E-02,1.064077575211077E-03
2452141.500000000,3.938644974617278E-01,6.049240363383427E-01,-1.446337568501456E-02,-1.701466731759116E-02,1.094689798298618E-02,1.131757414883117E-03
2452146.500000000,3.052017717139635E-01,6.535381591963249E-01,-8.681087916265309E-03,-1.839285065463105E-02,8.465730210827433E-03,1.177383133923572E-03
2452151.500000000,2.105343394084148E-01,6.892923103646956E-01,-2.728032817863031E-03,-1.941225787290965E-02,5.811279935010893E-03,1.199931054215043E-03
2452156.500000000,1.117144765251150E-01,7.114487437661338E-01,3.278789205372913E-03,-2.005074839968868E-02,3.035600726976389E-03,1.198834916899681E-03
2452161.500000000,1.068642499090722E-02,7.195378973135480E-01,9.220736197428163E-03,-2.029376579365958E-02,1.937312136934662E-04,1.174007038103967E-03
2452166.500000000,-9.055273059100401E-02,7.133705125799309E-01,1.497994857750825E-02,-2.013479044733512E-02,-2.657443205216658E-03,1.125848874222362E-03
2452171.500000000,-1.899940065068915E-01,6.930438461523363E-01,2.044179734415992E-02,-1.957561156249521E-02,-5.460410472324351E-03,1.055250036553575E-03
2452176.500000000,-2.856583333121717E-01,6.589416418943079E-01,2.549729717176543E-02,-1.862640066316647E-02,-8.158301616327151E-03,9.635751719331934E-04
2452181.500000000,-3.756382161218154E-01,6.117277059304248E-01,3.004542319339016E-02,-1.730557564248012E-02,-1.069617354011697E-02,8.526385742981331E-04
2452186.500000000,-4.581381832457673E-01,5.523331165979162E-01,3.399527080787052E-02,-1.563945223824059E-02,-1.302226557886099E-02,7.246668845246991E-04
2452191.500000000,-5.315129703278065E-01,4.819373005551305E-01,3.726800089688619E-02,-1.366168839541629E-02,-1.508918987796452E-02,5.822507392400096E-04
2452196.500000000,-5.943024361334704E-01,4.019434031901866E-01,3.979851835762631E-02,-1.141253561515222E-02,-1.685501711913616E-02,4.282867093456943E-04
2452201.500000000,-6.452622973234947E-01,3.139485657421457E-01,4.153683965912507E-02,-8.937919547107114E-03,-1.828422269566067E-02,2.659112983230695E-04
2452206.500000000,-6.833898994171430E-01,2.197098829372045E-01,4.244911490163529E-02,-6.288379325902996E-03,-1.934846402313993E-02,9.842912117873873E-05
2452211.500000000,-7.079444035016967E-01,1.211069431259116E-01,4.251828101521177E-02,-3.517900675303197E-03,-2.002716735079109E-02,-7.076243387605575E-05
2452216.500000000,-7.184609507510850E-01,2.010193965810957E-02,4.174433421599226E-02,-6.826802313182394E-04,-2.030791088129452E-02,-2.382497880965315E-04
2452221.500000000,-7.147585563109546E-01,-8.130160996113074E-02,4.014422124136827E-02,2.160140509877880E-03,-2.018659813003059E-02,-4.006786807167976E-04
2452226.500000000,-6.969416789150300E-01,-1.811004899410469E-01,3.775136060433526E-02,4.953732411493663E-03,-1.966742376129924E-02,-5.548262916148469E-04
2452231.500000000,-6.653956033555344E-01,-2.773327444077608E-01,3.461481581992511E-02,7.642790693628743E-03,-1.876264316669682E-02,-6.976680436426033E-04
2452236.500000000,-6.207759418600627E-01,-3.681170281471454E-01,3.079815122727055E-02,1.017467067588695E-02,-1.749216319117411E-02,-8.264375301387546E-04
2452241.500000000,-5.639927011691491E-01,-4.516895085431025E-01,2.637800788697847E-02,1.250042204024996E-02,-1.588297588150854E-02,-9.386784064250042E-04
2452246.500000000,-4.961894738949463E-01,-5.264375965441803E-01,2.144244161446494E-02,1.457570203762215E-02,-1.396846080839399E-02,-1.032287556790030E-03
2452251.500000000,-4.187183967962183E-01,-5.909299168294898E-01,1.608906794757915E-02,1.636155372987434E-02,-1.178758290721433E-02,-1.105549096901032E-03
2452256.500000000,-3.331115720198120E-01,-6.439420615476110E-01,1.042306040827186E-02,1.782504184353046E-02,-9.384012444453811E-03,-1.157159065126182E-03
2452261.500000000,-2.410496697481898E-01,-6.844778028691184E-01,4.555048131366621E-03,1.893974444282597E-02,-6.805192698247409E-03,-1.186241050729510E-03
2452266.500000000,-1.443284284994280E-01,-7.117855626444808E-01,-1.401042974379839E-03,1.968610292163733E-02,-4.101378793446063E-03,-1.192353247224850E-03
2452271.500000000,-4.482374799760029E-02,-7.253700474032062E-01,-7.330164175823855E-03,2.005163619541102E-02,-1.324668138811078E-03,-1.175487556249991E-03
2452276.500000000,5.554396630504233E-02,-7.249990509274988E-01,-1.311829498261733E-02,2.003102737358559E-02,1.471960408165496E-03,-1.136061453831552E-03
2452281.500000000,1.548455932296452E-01,-7.107055038440661E-01,-1.865453700412902E-02,1.962609257017525E-02,4.235584875946724E-03,-1.074903364097747E-03
2452286.500000000,2.511786563370377E-01,-6.827849104964864E-01,-2.383311996432600E-02,1.884564195341830E-02,6.914245414319793E-03,-9.932322649847474E-04
2452291.500000000,3.427017405876518E-01,-6.417883591359556E-01,-2.855529270346539E-02,1.770524270183965E-02,9.457808633665186E-03,-8.926321772559042E-04
2452296.500000000,4.276674964568862E-01,-5.885113250080718E-01,-3.273107500287108E-02,1.622689232235671E-02,1.181878523270917E-02,-7.750220920238839E-04
2452301.500000000,5.044538020941057E-01,-5.239785126345118E-01,-3.628084876135153E-02,1.443860977330692E-02,1.395309591261597E-02,-6.426218782962180E-04
2452306.500000000,5.715926907808450E-01,-4.494250060333803E-01,-3.913676977837114E-02,1.237395157051283E-02,1.582078185559150E-02,-4.979146869712503E-04
2452311.500000000,6.277966826400818E-01,-3.662740095441465E-01,-4.124398337383658E-02,1.007145794757674E-02,1.738665762150102E-02,-3.436061019008039E-04
2452316.500000000,6.719821778846253E-01,-2.761114749710596E-01,-4.256162791648122E-02,7.574031706497389E-03,1.862090293278563E-02,-1.825801883184352E-04
2452321.500000000,7.032895815708917E-01,-1.806579335374224E-01,-4.306361138912659E-02,4.928252465820333E-03,1.949958801033009E-02,-1.785270836433556E-05
2452326.500000000,7.210998443158988E-01,-8.173787977508097E-02,-4.273914753641098E-02,2.183629292936583E-03,2.000512636996961E-02,1.474782173000577E-04
2452331.500000000,7.250471185615318E-01,1.875291236249798E-02,-4.159303950425625E-02,-6.082051372856977E-04,2.012664779438024E-02,3.102837241398567E-04
2452336.500000000,7.150272475788181E-01,1.188817206131911E-01,-3.964570042050898E-02,-3.394354809674368E-03,1.986028265786725E-02,4.674577454815679E-04
2452341.500000000,6.912018286390325E-01,2.167143845550501E-01,-3.693290239895145E-02,-6.121569291937841E-03,1.920934742725160E-02,6.159720111637272E-04
2452346.500000000,6.539976263784973E-01,3.103514732087510E-01,-3.350524817048570E-02,-8.737193139470136E-03,1.818442024829751E-02,7.529318800992574E-04
2452351.500000000,6.041011604700138E-01,3.979645320522106E-01,-2.942736309199780E-02,-1.119014463883479E-02,1.680329524603945E-02,8.756322080440522E-04
2452356.500000000,5.424483557441617E-01,4.778317755175480E-01,-2.477680974421041E-02,-1.343190936833774E-02,1.509080470673081E-02,9.816122640174199E-04
2452361.500000000,4.702092244200934E-01,5.483725402479861E-01,-1.964273273121969E-02,-1.541753047892112E-02,1.307849983192858E-02,1.068708523085453E-03
2452366.500000000,3.887676494354069E-01,6.081797739231940E-01,-1.412424758363318E-02,-1.710657409787454E-02,1.080418337590314E-02,1.135103996952904E-03
2452371.500000000,2.996964538515178E-01,6.560498099657169E-01,-8.328594696897888E-03,-1.846404515421346E-02,8.311291249944810E-03,1.179372637736601E-03
2452376.500000000,2.047280710195108E-01,6.910086756749115E-01,-2.369086741984701E-03,-1.946122661567740E-02,5.648125086912132E-03,1.200517290953575E-03
2452381.500000000,1.057212684182099E-01,7.123342056561051E-01,3.637114427644242E-03,-2.007641410607088E-02,2.866943621966737E-03,1.197999699519189E-03
2452386.500000000,4.624517974642458E-03,7.195732869212098E-01,9.571347987466053E-03,-2.029551810867060E-02,2.292673421158675E-05,1.171761107844358E-03
2452391.500000000,-9.656325730880712E-02,7.125536444605608E-01,1.531588107090808E-02,-2.011250698262709E-02,-2.826968694487960E-03,1.122232161051908E-03
2452396.500000000,-1.958337047884393E-01,6.913896904416056E-01,2.075635652845058E-02,-1.952966778731504E-02,-5.625233774140148E-03,1.050331216047472E-03
2452401.500000000,-2.912108747303591E-01,6.564821180404548E-01,2.578420195039276E-02,-1.855766755275264E-02,-8.315078874863198E-03,9.574504745416490E-04
2452406.500000000,-3.807928375399913E-01,6.085110971678176E-01,3.029893868074216E-02,-1.721540483967038E-02,-1.084171545597903E-02,8.454298808892456E-04
2452411.500000000,-4.627920276536568E-01,5.484231146388531E-01,3.421033045717208E-02,-1.552964906342109E-02,-1.315360977635100E-02,7.165191727420688E-04
2452416.500000000,-5.355732634163717E-01,4.774116998806693E-01,3.744031435000707E-02,-1.353447325314962E-02,-1.520366834008036E-02,5.733289368565193E-04
2452421.500000000,-5.976884428230285E-01,3.968924749049499E-01,3.992466224147855E-02,-1.127049477474628E-02,-1.695031659320229E-02,4.187720353103470E-04
2452426.500000000,-6.479070085806961E-01,3.084731508182929E-01,4.161432901371086E-02,-8.783946748672286E-03,-1.835843627205786E-02,2.559971908749272E-04
2452431.500000000,-6.852414075839433E-01,2.139192524802364E-01,4.247645340299474E-02,-6.125609840140348E-03,-1.940013255229567E-02,8.831684044387130E-05
2452436.500000000,-7.089669322466262E-01,1.151164795935047E-01,4.249498858457406E-02,-3.349639374977066E-03,-2.005530938953933E-02,-8.086843028474326E-05
2452441.500000000,-7.186355149765213E-01,1.403070028929305E-02,4.167095136358279E-02,-5.123260129469317E-04,-2.031203966402615E-02,-2.481464813277719E-04
2452446.500000000,-7.140832419493818E-01,-8.733338126308425E-02,4.002229071542539E-02,2.329170667695747E-03,-2.016672534178051E-02,-4.101689056934699E-04
2452451.500000000,-6.954315474525880E-01,-1.869738388944835E-01,3.758338771588741E-02,5.118077324756053E-03,-1.962405123257488E-02,-5.637228455985233E-04
2452456.500000000,-6.630822352485775E-01,-2.829324130661914E-01,3.440420907617849E-02,7.799215317295205E-03,-1.869674349818066E-02,-7.057974459088899E-04
2452461.500000000,-6.177066399137913E-01,-3.733337391820102E-01,3.054914512300078E-02,1.032013152788497E-02,-1.740515037128821E-02,-8.336433951998558E-04
2452466.500000000,-5.602293824343541E-01,-4.564220804585099E-01,2.609556988459805E-02,1.263212607937404E-02,-1.577666726181810E-02,-9.448243772008653E-04
2452471.500000000,-4.918072870424156E-01,-5.305948496527857E-01,2.113216589236759E-02,1.469115735527880E-02,-1.384503163368888E-02,-1.037259633155056E-03
2452476.500000000,-4.138041088035720E-01,-5.944323366523937E-01,1.575705924696326E-02,1.645861105523475E-02,-1.164951515400362E-02,-1.109257275557840E-03
2452481.500000000,-3.277617700434067E-01,-6.467231975237222E-01,1.007581112261765E-02,1.790192711847247E-02,-9.234040480683875E-03,-1.159538434794093E-03
2452486.500000000,-2.353688203717421E-01,-6.864853906537275E-01,4.199311000367373E-03,1.899508340825800E-02,-6.646247169882937E-03,-1.187252458567207E-03
2452491.500000000,-1.384268334683502E-01,-7.129823626234476E-01,-1.758384374711018E-03,1.971893791655607E-02,-3.936529354686533E-03,-1.191983506050672E-03
2452496.500000000,-3.881543548885415E-02,-7.257343960480552E-01,-7.682224794231532E-03,2.006143518414277E-02,-1.157066053446850E-03,-1.173749182528232E-03
2452501.500000000,6.154337701015462E-02,-7.245251271200339E-01,-1.345831526427049E-02,2.001768566077095E-02,1.639138727463878E-03,-1.132991983413535E-03
2452506.500000000,1.607210187142834E-01,-7.094033168707939E-01,-1.897600549860402E-02,1.958992784842151E-02,4.399192637702772E-03,-1.070564299027302E-03
2452511.500000000,2.568176358249882E-01,-6.806800195540050E-01,-2.412988983868201E-02,1.878738326765584E-02,7.071217991161521E-03,-9.877076960040313E-04
2452516.500000000,3.479964534606830E-01,-6.389213367580743E-01,-2.882169066252602E-02,1.762601388617297E-02,9.605213360917669E-03,-8.860271354277084E-04
2452521.500000000,4.325166847787454E-01,-5.849369793066894E-01,-3.296200145391533E-02,1.612819073578297E-02,1.195386805961518E-02,-7.674607079603615E-04
2452526.500000000,5.087645770087502E-01,-5.197648836231510E-01,-3.647186837421416E-02,1.432228119093148E-02,1.407332524898772E-02,-6.342453729314722E-04
2452531.500000000,5.752822035025812E-01,-4.446521483196243E-01,-3.928419137766649E-02,1.224216099610648E-02,1.592389018484237E-02,-4.888790951311124E-04
2452536.500000000,6.307936379166039E-01,-3.610325737754073E-01,-4.134492768428332E-02,9.926655768337893E-03,1.747068018003730E-02,-3.340797010964161E-04
2452541.500000000,6.742281669939100E-01,-2.705011055167500E-01,-4.261408195031526E-02,7.418915412665279E-03,1.868421243321995E-02,-1.727407497467310E-04
2452546.500000000,7.047402133377541E-01,-1.747855028993334E-01,-4.306646885170891E-02,4.765724169251315E-03,1.954092526045671E-02,-7.884655491602135E-06
2452551.500000000,7.217256539513501E-01,-7.571557990635423E-02,-4.269223470557375E-02,2.016749432366060E-03,2.002362685534690E-02,1.573867918297164E-04
2452556.500000000,7.248342363705660E-01,2.480960061240621E-02,-4.149712572664097E-02,-7.762675591982692E-04,2.012186373350349E-02,3.199442287073401E-04
2452561.500000000,7.139778094018466E-01,1.248561554271185E-01,-3.950249232861825E-02,-3.560375881947044E-03,1.983219971963644E-02,4.766844235782581E-04
2452566.500000000,6.893341074407170E-01,2.224909583369267E-01,-3.674502122523182E-02,-6.282328023116335E-03,1.915839461410604E-02,6.245853419724977E-04
2452571.500000000,6.513458662048535E-01,3.158178369072426E-01,-3.327619024868140E-02,-8.889532442305234E-03,1.811147154638110E-02,7.607618828680770E-04
2452576.500000000,6.007151001154384E-01,4.030138067610046E-01,-2.916144412623403E-02,-1.133103434020655E-02,1.670966292272247E-02,8.825216497345942E-04
2452581.500000000,5.383924337171444E-01,4.823647097463182E-01,-2.447909296589161E-02,-1.355851051574967E-02,1.497822422070100E-02,9.874199222602556E-04
2452586.500000000,4.655614622448691E-01,5.522995695762726E-01,-1.931894039477385E-02,-1.552725932873085E-02,1.294910574208619E-02,1.073312585555207E-03
2452591.500000000,3.836182209933465E-01,6.114229358762512E-01,-1.378065536248791E-02,-1.719716327065827E-02,1.066047536967717E-02,1.138405457805936E-03
2452596.500000000,2.941459611966118E-01,6.585444626818511E-01,-7.971909790670386E-03,-1.853359953250994E-02,8.156089552881461E-03,1.181298353988036E-03
2452601.500000000,1.988855578838744E-01,6.927049668426156E-01,-2.006312265394902E-03,-1.950827207898328E-02,5.484515237494752E-03,1.201022369647192E-03
2452606.500000000,9.970201173648983E-02,7.131982403831647E-01,3.998824902320141E-03,-2.009993725067518E-02,2.698211475656112E-03,1.197069030487860E-03
2452611.500000000,-1.452352312287457E-03,7.195879496059557E-01,9.924841314729975E-03,-2.029499490302289E-02,-1.475145177209855E-04,1.169410010661430E-03
2452616.500000000,-1.025772511164127E-01,7.117190428941184E-01,1.565415661058841E-02,-2.008791904672277E-02,-2.995655935935173E-03,1.118506225853644E-03
2452621.500000000,-2.016655139445271E-01,6.897232091832595E-01,2.107271545992423E-02,-1.948150573718919E-02,-5.788732552571760E-03,1.045305361018164E-03
2452626.500000000,-2.967448992419064E-01,6.540180782754137E-01,2.607239003437403E-02,-1.848692135722722E-02,-8.470061997350424E-03,9.512272771260735E-04
2452631.500000000,-3.859196312633741E-01,6.053000278704094E-01,3.055327891179797E-02,-1.712354123723654E-02,-1.098503940222580E-02,8.381372035788801E-04
2452636.500000000,-4.674105993992110E-01,5.445306529871190E-01,3.442584214963115E-02,-1.541857645264918E-02,-1.328238614289064E-02,7.083071240694432E-04
2452641.500000000,-5.395931734668483E-01,4.729171520998604E-01,3.761281558689755E-02,-1.340649521915190E-02,-1.531532783759602E-02,5.643662788871068E-04
2452646.500000000,-6.010316424508100E-01,3.918870802744393E-01,4.005085331407177E-02,-1.112825414668645E-02,-1.704266347699748E-02,4.092422039680360E-04
2452651.500000000,-6.505093814827841E-01,3.030581003006717E-01,4.169185537161656E-02,-8.630362747625931E-03,-1.842969197490716E-02,2.460941019166738E-04
2452656.500000000,-6.870539844478928E-01,2.082035164105353E-01,4.250394724824683E-02,-5.963810436284118E-03,-1.944896844157243E-02,7.824054163593609E-05
2452661.500000000,-7.099567579358844E-01,1.092144993772399E-01,4.247208839611619E-02,-3.182890245989563E-03,-2.008086826283855E-02,-9.091622154897487E-05
2452666.500000000,-7.187861564688766E-01,8.060002570747933E-03,4.159829916814695E-02,-3.439583417359147E-04,-2.031394517982238E-02,-2.579667799816372E-04
2452671.500000000,-7.133949377016594E-01,-9.325458728657124E-02,3.990150795739379E-02,2.495831089705372E-03,-2.014507943420008E-02,-4.195695858410650E-04
2452676.500000000,-6.939210089369117E-01,-1.927290234149530E-01,3.741703145888774E-02,5.279778091083742E-03,-1.957942066731775E-02,-5.725223748204311E-04
2452681.500000000,-6.607821191863028E-01,-2.884089966576426E-01,3.419571052073818E-02,7.952840832269692E-03,-1.863013718116668E-02,-7.138282244619953E-04
2452686.500000000,-6.146647181642693E-01,-3.784252299872201E-01,3.030273248092429E-02,1.046276032245671E-02,-1.731798873279302E-02,-8.407546638369830E-04
2452691.500000000,-5.565074424060026E-01,-4.610300414880759E-01,2.581617789173636E-02,1.276108120918726E-02,-1.567074519730310E-02,-9.508846527604475E-04
2452696.500000000,-4.874797977617845E-01,-5.346306682537171E-01,2.082533427119478E-02,1.480404978762951E-02,-1.372247669096934E-02,-1.042158703112708E-03
2452701.500000000,-4.089566866566596E-01,-5.978187754618749E-01,1.542882220591854E-02,1.655337647199483E-02,-1.151274202493834E-02,-1.112907786327936E-03
2452706.500000000,-3.224894771564892E-01,-6.493957093966058E-01,9.732580066399668E-03,1.797685593390666E-02,-9.085702200682496E-03,-1.161877002173657E-03
2452711.500000000,-2.297743313276304E-01,-6.883931837397730E-01,3.847752988021401E-03,1.904884338659542E-02,-6.489184272131048E-03,-1.188240267095424E-03
2452716.500000000,-1.326185066741174E-01,-7.140892095478613E-01,-2.111470097671950E-03,1.975058985239340E-02,-3.773718553220784E-03,-1.191606500165315E-03
2452721.500000000,-3.290532148705600E-02,-7.260191869539342E-01,-8.030030394196584E-03,2.007044257891070E-02,-9.915691604255011E-04,-1.172017935969963E-03
2452726.500000000,6.744156197201384E-02,-7.239821683279757E-01,-1.379414652609921E-02,2.000391902174165E-02,1.804225457580546E-03,-1.129941274959879E-03
2452731.500000000,1.664939279113516E-01,-7.080423773544678E-01,-1.929340117457721E-02,1.955366393037786E-02,4.560788740483745E-03,-1.066252389768814E-03
2452736.500000000,2.623543106264984E-01,-6.785261272321663E-01,-2.442273655939284E-02,1.872929909455101E-02,7.226308595882481E-03,-9.822152698931294E-04
2452741.500000000,3.531902980899404E-01,-6.360143281045053E-01,-2.908433169852642E-02,1.754717520048405E-02,9.750897875084421E-03,-8.794559116527954E-04
2452746.500000000,4.372673704072303E-01,-5.813308103986647E-01,-3.318933795790449E-02,1.603003545592301E-02,1.208740684500315E-02,-7.599318402696872E-04
2452751.500000000,5.129798523389995E-01,-5.155267124996069E-01,-3.665945219442755E-02,1.420659856686237E-02,1.419218452584762E-02,-6.258976703992696E-04
2452756.500000000,5.788795896131466E-01,-4.398611964117476E-01,-3.942830837488236E-02,1.211106603021368E-02,1.602578547999928E-02,-4.798669917090072E-04
2452761.500000000,6.337019819495850E-01,-3.557787745379804E-01,-4.144267018544671E-02,9.782558260439321E-03,1.755361789523312E-02,-3.245709385159043E-04
2452766.500000000,6.763890272263636E-01,-2.648835512819185E-01,-4.266340885569610E-02,7.264483491550504E-03,1.874652886140838E-02,-1.629137491734719E-04
2452771.500000000,7.061090485719584E-01,-1.689107050022488E-01,-4.306625175433434E-02,4.603842507777689E-03,1.958132205434204E-02,2.074446748549249E-06
2452776.500000000,7.222727904226834E-01,-6.969556296873392E-02,-4.264228848059821E-02,1.850471978247139E-03,2.004120170681030E-02,1.672873745957393E-04
2452781.500000000,7.245455843148305E-01,3.085934368043758E-02,-4.139822247842703E-02,-9.437703695392623E-04,2.011613524061765E-02,3.295946049874858E-04
2452786.500000000,7.128553039520132E-01,1.308188161575896E-01,-3.935635785068315E-02,-3.725874349621730E-03,1.980312547999527E-02,4.858954113874421E-04
2452791.500000000,6.873958553258265E-01,2.282506380128838E-01,-3.655431322893717E-02,-6.442593472905681E-03,1.910638214725118E-02,6.331739950670202E-04
2452796.500000000,6.486259846707905E-01,3.212618078032985E-01,-3.304445742509620E-02,-9.041399975234034E-03,1.803738155827291E-02,7.685554244822222E-04
2452801.500000000,5.972632377575982E-01,4.080347672833298E-01,-2.889306528736331E-02,-1.147146703331936E-02,1.661480329492738E-02,8.893614607431548E-04
2452806.500000000,5.342729707903634E-01,4.868629831994015E-01,-2.417919678711689E-02,-1.368466310207482E-02,1.486433332914178E-02,9.931652554078028E-04
2452811.500000000,4.608523973383983E-01,5.561851919724181E-01,-1.899330788579923E-02,-1.563653977113562E-02,1.281832478908269E-02,1.077843728280309E-03
2452816.500000000,3.784097573309493E-01,6.146175792395890E-01,-1.343560808296238E-02,-1.728729116085028E-02,1.051531046129237E-02,1.141626282985464E-03
2452821.500000000,2.885388114785489E-01,6.609831463839291E-01,-7.614186567115556E-03,-1.860266001564494E-02,7.999365117682320E-03,1.183138396366151E-03
2452826.500000000,1.929889940129632E-01,6.943375166929543E-01,-1.642936442792312E-03,-1.955476374407730E-02,5.319319690678402E-03,1.201438548307295E-03
2452831.500000000,9.363169283806690E-02,7.139904557948823E-01,4.360686013527681E-03,-2.012281264657459E-02,2.527834809726017E-03,1.196047034257748E-03
2452836.500000000,-7.576731076725556E-03,7.195224409113640E-01,1.027802264382193E-02,-2.029369121784876E-02,-3.196499009722121E-04,1.166965123596305E-03
2452841.500000000,-1.086344338751800E-01,7.107957104349724E-01,1.599164383522314E-02,-2.006237692740047E-02,-3.166069018925908E-03,1.114683417258263E-03
2452846.500000000,-2.075352229469770E-01,6.879593457604083E-01,2.138779214361231E-02,-1.943217584551435E-02,-5.953960264169437E-03,1.040178649908571E-03
2452851.500000000,-3.023103753616228E-01,6.514480857623208E-01,2.635877978027119E-02,-1.841475844089311E-02,-8.626736647911450E-03,9.448983737000911E-04
2452856.500000000,-3.910701133272381E-01,6.019747489180723E-01,3.080527893174385E-02,-1.702998560119525E-02,-1.112996483424108E-02,8.307334386829096E-04
2452861.500000000,-4.720436799616806E-01,5.405163299428087E-01,3.463844479308486E-02,-1.530552316700223E-02,-1.341261032057827E-02,6.999787144120626E-04
2452866.500000000,-5.436169716299387E-01,4.682940363364245E-01,3.778181468165873E-02,-1.327625190072429E-02,-1.542820977107033E-02,5.552829984087275E-04
2452871.500000000,-6.043667392305422E-01,3.867477248083135E-01,4.017293251097830E-02,-1.098348836568806E-02,-1.713593269948679E-02,3.995895229669517E-04
2452876.500000000,-6.530904684089976E-01,2.975053775065988E-01,4.176465600194233E-02,-8.474040126528701E-03,-1.850149865820379E-02,2.360688747758817E-04
2452881.500000000,-6.888311832069501E-01,2.023484133120161E-01,4.252611389923190E-02,-5.799125429745136E-03,-1.949792192758578E-02,6.804645122302973E-05
2452886.500000000,-7.108965819144757E-01,1.031737517157679E-01,4.244329161373463E-02,-3.013192596661204E-03,-2.010606301176055E-02,-1.010732300743511E-04
2452891.500000000,-7.188720985955854E-01,1.953629919439388E-03,4.151923550866877E-02,-1.726774238832635E-04,-2.031497449318226E-02,-2.678829882154456E-04
2452896.500000000,-7.126276783879596E-01,-9.930578537857956E-02,3.977387783749594E-02,2.665262214204425E-03,-2.012203736266677E-02,-4.290478873668622E-04
2452901.500000000,-6.923182484667412E-01,-1.986059515024260E-01,3.724349550963970E-02,5.443996574052281E-03,-1.953289218525694E-02,-5.813764615072011E-04
2452906.500000000,-6.583780496363413E-01,-2.939966692602511E-01,3.397982590104263E-02,8.108624076435042E-03,-1.856117681595577E-02,-7.218863852141333E-04
2452911.500000000,-6.115091581927192E-01,-3.836150436319835E-01,3.004887148763619E-02,1.060709046568862E-02,-1.722808864770795E-02,-8.478630492786179E-04
2452916.500000000,-5.526646677157956E-01,-4.657218646304215E-01,2.552943172608260E-02,1.289120209688124E-02,-1.556179466507845E-02,-9.569099493086815E-04
2452921.500000000,-4.830271074194894E-01,-5.387347122338580E-01,2.051140478122750E-02,1.491751567373162E-02,-1.359671538735138E-02,-1.046990285813533E-03
2452926.500000000,-4.039827460338813E-01,-6.012572196436599E-01,1.509390404200287E-02,1.664809267670043E-02,-1.137270854337811E-02,-1.116459395948233E-03
2452931.500000000,-3.170924783239544E-01,-6.521040586947356E-01,9.383235770791079E-03,1.805111110451142E-02,-8.934178689198633E-03,-1.164087883363729E-03
2452936.500000000,-2.240600140759457E-01,-6.903213426210976E-01,3.490783807834771E-03,1.910133297050255E-02,-6.329138660185219E-03,-1.189075744053871E-03
2452941.500000000,-1.266980838362112E-01,-7.152022644386894E-01,-2.469154948874588E-03,1.978043097356110E-02,-3.608245923028021E-03,-1.191058030494899E-03
2452946.500000000,-2.689335031964211E-02,-7.262978960275912E-01,-8.381543552205389E-03,2.007718083435871E-02,-8.238335101416805E-04,-1.170102696469555E-03
2452951.500000000,7.342932342691971E-02,-7.234231632028347E-01,-1.413274915801529E-02,1.998752779594252E-02,1.971048056887459E-03,-1.126701331286482E-03
2452956.500000000,1.723426437434493E-01,-7.066580859887182E-01,-1.961262459882605E-02,1.951453693261837E-02,4.723564672483014E-03,-1.061753515401650E-03
2452961.500000000,2.679521378882697E-01,-6.763444315944332E-01,-2.471649727087758E-02,1.866823720598893E-02,7.381998191648315E-03,-9.765455034582535E-04
2452966.500000000,3.584303801662188E-01,-6.330779719406524E-01,-2.934703861605721E-02,1.746536875683364E-02,9.896603977367406E-03,-8.727238816143498E-04
2452971.500000000,4.420497304621631E-01,-5.776965704528955E-01,-3.341599056606486E-02,1.592904187354196E-02,1.222042086216713E-02,-7.522647902175339E-04
2452976.500000000,5.172131619937359E-01,-5.112643466395841E-01,-3.684572814208378E-02,1.408831481625776E-02,1.431002949172558E-02,-6.174392409008611E-04
2452981.500000000,5.824827883578291E-01,-4.350521851037871E-01,-3.957063964953355E-02,1.197769664486979E-02,1.612625561328543E-02,-4.707748767009126E-04
2452986.500000000,6.366057275641945E-01,-3.505148736556042E-01,-4.153830722458476E-02,9.636579838374050E-03,1.763481447872729E-02,-3.150143939608328E-04
2452991.500000000,6.785369606680343E-01,-2.592651749858408E-01,-4.271047176086235E-02,7.108605983521137E-03,1.880689233313202E-02,-1.530709262207780E-04
2452996.500000000,7.074588570629931E-01,-1.630451574751442E-01,-4.306376774234039E-02,4.440967160917937E-03,1.961966039260091E-02,1.201934260508646E-05
2453001.500000000,7.227970509608515E-01,-6.369513768989604E-02,-4.259021463341527E-02,1.683645462399525E-03,2.005671492618585E-02,1.771471272809988E-04
2453006.500000000,7.242323675570104E-01,3.687937518553515E-02,-4.129745281924749E-02,-1.111405879265118E-03,2.010843485411706E-02,3.391821947163049E-04
2453011.500000000,7.117085202645970E-01,1.367422977276828E-01,-3.920871425840312E-02,-3.891134168562195E-03,1.977224782077900E-02,4.950272548848500E-04
2453016.500000000,6.854353302698496E-01,2.339626733855137E-01,-3.636252014818613E-02,-6.602305574638995E-03,1.905279551909705E-02,6.416731942492053E-04
2453021.500000000,6.458872535209917E-01,3.266509251061226E-01,-3.281210022416587E-02,-9.192462191416379E-03,1.796198695351333E-02,7.762550599784232E-04
2453026.500000000,5.937970496702699E-01,4.129950692420094E-01,-2.862453208970362E-02,-1.161090587374155E-02,1.651892780449100E-02,8.961078981389602E-04
2453031.500000000,5.301444967169767E-01,4.912962443015204E-01,-2.387960389651043E-02,-1.380969324841024E-02,1.474971539253237E-02,9.988213875723991E-04
2453036.500000000,4.561401413180847E-01,5.600028601367465E-01,-1.866840933899131E-02,-1.574462300993361E-02,1.268709065691948E-02,1.082292066902403E-03
2453041.500000000,3.732041774477860E-01,6.177426367498983E-01,-1.309169032483164E-02,-1.737619332957938E-02,1.036994134915112E-02,1.144771799908276E-03
2453046.500000000,2.829406644484900E-01,6.633517822089458E-01,-7.257949771496540E-03,-1.867050430637849E-02,7.842654552615635E-03,1.184911007845161E-03
2453051.500000000,1.871074265201527E-01,6.959005617300251E-01,-1.281364500645823E-03,-1.960007829492939E-02,5.154321604503916E-03,1.201795143139613E-03
2453056.500000000,8.758211441387935E-02,7.147145395849462E-01,4.720464195907580E-03,-2.014457000586864E-02,2.357804301736998E-03,1.194972903649030E-03
2453061.500000000,-1.367494998498937E-02,7.193908356021467E-01,1.062887748974732E-02,-2.029133877505540E-02,-4.913223887834989E-04,1.164474801953688E-03
2453066.500000000,-1.146603921148426E-01,7.098088303499838E-01,1.632659218102248E-02,-2.003585753492552E-02,-3.335929422528757E-03,1.110820915786924E-03
2453071.500000000,-2.133689937469240E-01,6.861348771535163E-01,2.170014368535336E-02,-1.938193687059732E-02,-6.118566735885897E-03,1.035016951909097E-03
2453076.500000000,-3.078355250550867E-01,6.488207320451107E-01,2.664227904101680E-02,-1.834174804076765E-02,-8.782737101282590E-03,9.385381478924856E-04
2453081.500000000,-3.961761685412501E-01,5.985955893883629E-01,3.105423889627040E-02,-1.693563583211801E-02,-1.127417354305717E-02,8.233010033486284E-04
2453086.500000000,-4.766284781693032E-01,5.364518035891673E-01,3.484786867713650E-02,-1.519172038061502E-02,-1.354208085524997E-02,6.916233479461876E-04
2453091.500000000,-5.475888346039210E-01,4.636245747935397E-01,3.794750287368944E-02,-1.314529576489273E-02,-1.554030214192243E-02,5.461737112208072E-04
2453096.500000000,-6.076464158623975E-01,3.815660667191127E-01,4.029157208121999E-02,-1.083804072887293E-02,-1.722837343673925E-02,3.899113071580590E-04
2453101.500000000,-6.556127981730042E-01,2.919146039350381E-01,4.183389015868651E-02,-8.317064605842743E-03,-1.857243188022045E-02,2.260184514234631E-04
2453106.500000000,-6.905464375632017E-01,1.964597555173049E-01,4.254458933515325E-02,-5.633819321503987E-03,-1.954594904680392E-02,5.782772637478771E-05
2453111.500000000,-7.117714506589319E-01,9.710423058867584E-02,4.241068292733563E-02,-2.842913396784115E-03,-2.013027036165622E-02,-1.112537657931145E-04
2453116.500000000,-7.188903013794227E-01,-4.176412331672515E-03,4.143624668736134E-02,-8.668447937845270E-07,-2.031494874655993E-02,-2.778208227593420E-04
2453121.500000000,-7.117901952432137E-01,-1.053751995793929E-01,3.964222122386968E-02,2.835154310674509E-03,-2.009786854059276E-02,-4.385449084539164E-04
2453126.500000000,-6.906431739871918E-01,-2.044952806574926E-01,3.706584929588168E-02,5.608586316854833E-03,-1.948516469291671E-02,-5.902451041769486E-04
2453131.500000000,-6.559000852845699E-01,-2.995905749816832E-01,3.375977177930994E-02,8.264663906008439E-03,-1.849094953240846E-02,-7.299534107596854E-04
2453136.500000000,-6.082787655776437E-01,-3.888046085003525E-01,2.979081441597944E-02,1.075153426208376E-02,-1.713686543105293E-02,-8.549729172353900E-04
2453141.500000000,-5.487469108847248E-01,-4.704067252945887E-01,2.523850392466066E-02,1.302126430315323E-02,-1.545148623554793E-02,-9.629277377052730E-04
2453146.500000000,-4.785002171419538E-01,-5.428249814856930E-01,2.019335654459789E-02,1.503072308130912E-02,-1.346959319364367E-02,-1.051804018011538E-03
2453151.500000000,-3.989364468318998E-01,-6.046751610271257E-01,1.475498459782769E-02,1.674232739546384E-02,-1.123135228336058E-02,-1.119981700317518E-03
2453156.500000000,-3.116261231097945E-01,-6.547854873556099E-01,9.030067315621693E-03,1.812464464440280E-02,-8.781419577796868E-03,-1.166257086361452E-03
2453161.500000000,-2.182805691651109E-01,-6.922167348940182E-01,3.130231212004312E-03,1.915285212414889E-02,-6.167999854461471E-03,-1.189856529328495E-03
2453166.500000000,-1.207180038674768E-01,-7.162775649867287E-01,-2.830116859031364E-03,1.980905602686127E-02,-3.441881335021413E-03,-1.190441759270688E-03
2453171.500000000,-2.082838112291740E-02,-7.265350177143276E-01,-8.735963484802520E-03,2.008247611394881E-02,-6.554662854608974E-04,-1.168107381141038E-03
2453176.500000000,7.946237405300009E-02,-7.228201807815123E-01,-1.447383153510663E-02,1.996950377909893E-02,2.138186318062178E-03,-1.123371104985347E-03
2453181.500000000,1.782281229375649E-01,-7.052291302217867E-01,-1.993385753700972E-02,1.947364320247027E-02,4.886292733202953E-03,-1.057157483793866E-03
2453186.500000000,2.735777081541609E-01,-6.741192966563708E-01,-2.501177349949186E-02,1.860534719709702E-02,7.537240954395070E-03,-9.707761008440844E-04
2453191.500000000,3.636890865457638E-01,-6.301014517317464E-01,-2.961076728504734E-02,1.738175790980952E-02,1.004144518578209E-02,-8.658948861473942E-04
2453196.500000000,4.468419437672642E-01,-5.740275391197961E-01,-3.364319838354503E-02,1.582635999902205E-02,1.235215262136386E-02,-7.445090418644113E-04
2453201.500000000,5.214483707143309E-01,-5.069746012614733E-01,-3.703214835311624E-02,1.396855332094824E-02,1.442619769522997E-02,-6.089060597771691E-04
2453206.500000000,5.860812151578906E-01,-4.302250735523944E-01,-3.971278742586242E-02,1.184315121296375E-02,1.622470034057112E-02,-4.616272255187741E-04
2453211.500000000,6.394997486308029E-01,-3.452437337303858E-01,-4.163354047854799E-02,9.489808964097448E-03,1.771370508713030E-02,-3.054259039907967E-04
2453216.500000000,6.806723084605885E-01,-2.536516114094642E-01,-4.275703689825832E-02,6.952385905667313E-03,1.886475718915583E-02,-1.432228504243174E-04
2453221.500000000,7.087955901839476E-01,-1.571971843543418E-01,-4.306083004220586E-02,4.278243913359603E-03,1.965541087489975E-02,2.194122476696988E-05
2453226.500000000,7.233102790749658E-01,-5.772521598269455E-02,-4.253787315578621E-02,1.517485026638487E-03,2.006966343526660E-02,1.869555937869862E-04
2453231.500000000,7.239127241312538E-01,4.285637627061104E-02,-4.119673994467725E-02,-1.277868565170352E-03,2.009830736732401E-02,3.486916564509861E-04
2453236.500000000,7.105623768782866E-01,1.426111894733583E-01,-3.906157968342958E-02,-4.054747697874858E-03,1.973919133317891E-02,5.040569068628782E-04
2453241.500000000,6.834847442047692E-01,2.396100589875717E-01,-3.617179897208690E-02,-6.759956187393428E-03,1.899737949006281E-02,6.500502099820771E-04
2453246.500000000,6.431696424724281E-01,3.319673016217714E-01,-3.258146519149674E-02,-9.341128633182380E-03,1.788519801440787E-02,7.838177199812337E-04
2453251.500000000,5.903645923436761E-01,4.178768859568720E-01,-2.835843048337559E-02,-1.174771403991608E-02,1.642215762878689E-02,9.027085957128389E-04
2453256.500000000,5.260632625643515E-01,4.956478835859051E-01,-2.358317978227337E-02,-1.393196972297382E-02,1.463474184416016E-02,1.004329473472802E-03
2453261.500000000,4.514889572156516E-01,5.637385071873019E-01,-1.834741212239683E-02,-1.584994667120686E-02,1.255605212537621E-02,1.086596473319208E-03
2453266.500000000,3.680732411194222E-01,6.207880027442990E-01,-1.275237067115414E-02,-1.746244509623330E-02,1.022530369346811E-02,1.147783487721288E-03
2453271.500000000,2.774299150464524E-01,6.656456430555069E-01,-6.906943751628359E-03,-1.873591415187004E-02,7.687170367523071E-03,1.186565190177181E-03
2453276.500000000,1.813246925331055E-01,6.973960738994294E-01,-9.255677413085453E-04,-1.964326690178519E-02,4.990981867302685E-03,1.202053029877798E-03
2453281.500000000,8.164107023053685E-02,7.153802969825312E-01,5.074029751928602E-03,-2.016458350908233E-02,2.189783339924512E-03,1.193822920103627E-03
2453286.500000000,-1.965698244197526E-02,7.192116367695041E-01,1.097320166259206E-02,-2.028767585743433E-02,-6.607275927742696E-04,1.161933303277433E-03
2453291.500000000,-1.205647561264745E-01,7.087861298339305E-01,1.665481685975559E-02,-2.000848789421321E-02,-3.503364699696212E-03,1.106932353226544E-03
2453296.500000000,-2.190780789962291E-01,6.842869000802617E-01,2.200570247637281E-02,-1.933130996768789E-02,-6.280689739995491E-03,1.029853436061793E-03
2453301.500000000,-3.132351664266896E-01,6.461822380569714E-01,2.691903315454348E-02,-1.826879128064869E-02,-8.936288270317665E-03,9.321983774493498E-04
2453306.500000000,-4.011580083061199E-01,5.952172805035865E-01,3.129660605884159E-02,-1.684174167646837E-02,-1.141604727901312E-02,8.159085442281789E-04
2453311.500000000,-4.810922353351062E-01,5.323993792711037E-01,3.505094177056167E-02,-1.507872203632419E-02,-1.366939514599122E-02,6.833242402123934E-04
2453316.500000000,-5.514444234205301E-01,4.589774473830282E-01,3.810715492037087E-02,-1.301543115237229E-02,-1.565046433364634E-02,5.371334118712154E-04
2453321.500000000,-6.108158560624998E-01,3.764157637033476E-01,4.040454457498937E-02,-1.069390546756385E-02,-1.731913928555479E-02,3.803111229896790E-04
2453326.500000000,-6.580318666167273E-01,2.863628956993241E-01,4.189786271332160E-02,-8.161555922077665E-03,-1.864195618192199E-02,2.160516531470688E-04
2453331.500000000,-6.921660206383577E-01,1.906165521927592E-01,4.255822919304973E-02,-5.470072743881454E-03,-1.959282721668337E-02,4.769537309601724E-05
2453336.500000000,-7.125585656850965E-01,9.108529657812511E-02,4.237367287597175E-02,-2.674233895928684E-03,-2.015356948887445E-02,-1.213472699850082E-04
2453341.500000000,-7.188287625193946E-01,-1.025186993166693E-02,4.134929043196335E-02,1.693442584135461E-04,-2.031422686973985E-02,-2.876722703385104E-04
2453346.500000000,-7.108809072468907E-01,-1.113870085187560E-01,3.950702616780224E-02,3.003474723407212E-03,-2.007318169453272E-02,-4.479567587096564E-04
2453351.500000000,-6.889040487280674E-01,-2.103247851082245E-01,3.688508747795383E-02,5.771647808351070E-03,-1.943706148361224E-02,-5.990297223158021E-04
2453356.500000000,-6.533655897262102E-01,-3.051230600123149E-01,3.353702048231375E-02,8.419224313630147E-03,-1.842045395522169E-02,-7.379369501735884E-04
2453361.500000000,-6.049991208148334E-01,-3.939316125537193E-01,2.953047826140635E-02,1.089454491670172E-02,-1.704544948297390E-02,-8.619988493077313E-04
2453366.500000000,-5.447869671186690E-01,-4.750281920902418E-01,2.494572021250510E-02,1.314993204335408E-02,-1.534103314179750E-02,-9.688600079127989E-04
2453371.500000000,-4.739380352410890E-01,-5.468512058686096E-01,1.987388601240300E-02,1.514256530153631E-02,-1.334235195686823E-02,-1.056529700593790E-03
2453376.500000000,-3.938616255504019E-01,-6.080284891699498E-01,1.441509036197697E-02,1.683521851454092E-02,-1.108988521039668E-02,-1.123413061854187E-03
2453381.500000000,-3.061379176729434E-01,-6.574017413475015E-01,8.676385063712218E-03,1.819685295723191E-02,-8.628544850636931E-03,-1.168333014257576E-03
2453386.500000000,-2.124858510337083E-01,-6.940463419024820E-01,2.769633957849362E-03,1.920306639876018E-02,-6.006731089829689E-03,-1.190543266481799E-03
2453391.500000000,-1.147291137674298E-01,-7.172863801829814E-01,-3.190655823870948E-03,1.983640161215549E-02,-3.275365779800698E-03,-1.189732885141125E-03
2453396.500000000,-1.476092684871559E-02,-7.267048377648756E-01,-9.089505707942518E-03,2.008652110245200E-02,-4.869230812102775E-04,-1.166023080039510E-03
2453401.500000000,8.549172896315162E-02,-7.221489516023234E-01,-1.481360352680840E-02,1.995025683681394E-02,2.305526519285150E-03,-1.119956952487073E-03
2453406.500000000,1.841038429567436E-01,-7.037308575811635E-01,-2.025337424821203E-02,1.943154494944204E-02,5.049246216014172E-03,-1.052483036771288E-03
2453411.500000000,2.791875118563421E-01,-6.718236700296045E-01,-2.530495443948279E-02,1.854125574552796E-02,7.692727040833978E-03,-9.649333511386838E-04
2453416.500000000,3.689259855927452E-01,-6.270531962888340E-01,-2.987204435858944E-02,1.729692853033107E-02,1.018653862946824E-02,-8.589964812692087E-04
2453421.500000000,4.516061667830706E-01,-5.702855171962372E-01,-3.386761417493029E-02,1.572241955411749E-02,1.248413138099766E-02,-7.366862462960282E-04
2453426.500000000,5.256491479309371E-01,-5.026106862419136E-01,-3.721544363588620E-02,1.384747024956643E-02,1.454258626796500E-02,-6.003064905061116E-04
2453431.500000000,5.896384030212989E-01,-4.253228173036961E-01,-3.985147685685428E-02,1.170720159972793E-02,1.632330907174558E-02,-4.524123937203176E-04
2453436.500000000,6.423452755610376E-01,-3.398968468266417E-01,-4.172497552455289E-02,9.341538933854724E-03,1.779266578778194E-02,-2.957685623532813E-04
2453441.500000000,6.827514229442112E-01,-2.479622743937716E-01,-4.279945494532044E-02,6.794570087040623E-03,1.892255502753171E-02,-1.333041158624194E-04
2453446.500000000,7.100678908779370E-01,-1.512742106850583E-01,-4.305338862681551E-02,4.113839850167762E-03,1.969091160247072E-02,3.193492507636579E-05
2453451.500000000,7.237505087157727E-01,-5.168209246160736E-02,-4.248066876528502E-02,1.349584492250934E-03,2.008213514131868E-02,1.968356248775255E-04
2453456.500000000,7.235113140421474E-01,4.890354463944143E-02,-4.109081123631769E-02,-1.446090619385514E-03,2.008743701380627E-02,3.582703152867032E-04
2453461.500000000,7.093257300667906E-01,1.485458043083445E-01,-3.890889479224256E-02,-4.220086685670451E-03,1.970509600720184E-02,5.131506512549885E-04
2453466.500000000,6.814352445558048E-01,2.453171949219574E-01,-3.597522646473373E-02,-6.919233849445897E-03,1.894061163625677E-02,6.584829641964831E-04
2453471.500000000,6.403453791191390E-01,3.373358820882782E-01,-3.234472840805468E-02,-9.491250892335113E-03,1.780674383118521E-02,7.914242040413152E-04
2453476.500000000,5.868187915573222E-01,4.228018322856515E-01,-2.808604530221200E-02,-1.188573000485716E-02,1.632342786779067E-02,9.093376160238852E-04
2453481.500000000,5.218634234487365E-01,5.000321973897283E-01,-2.328037615909700E-02,-1.405513102286933E-02,1.451755418429270E-02,1.009847113881463E-03
2453486.500000000,4.467156920758680E-01,5.674952421983048E-01,-1.802004003059466E-02,-1.595576596982677E-02,1.242260455349853E-02,1.090889128220508E-03
2453491.500000000,3.628188301873826E-01,6.238420813324651E-01,-1.240679162865148E-02,-1.754875136364829E-02,1.007813903943195E-02,1.150760553029695E-03
2453496.500000000,2.717965972439694E-01,6.679354737862413E-01,-6.549910049849408E-03,-1.880090288403202E-02,7.529132247883836E-03,1.188161303518469E-03
2453501.500000000,1.754227182486019E-01,6.988749282992267E-01,-5.640913761585044E-04,-1.968554499526049E-02,4.825162477922784E-03,1.202229952512537E-03
2453506.500000000,7.558654587377349E-02,7.160174052528031E-01,5.432816460988945E-03,-2.018320730801830E-02,2.019463290339834E-03,1.192570946408928E-03
2453511.500000000,-2.574441829481690E-02,7.189929642671866E-01,1.132219094467374E-02,-2.028218011684253E-02,-8.321465789606742E-04,1.159272027111483E-03
2453516.500000000,-1.265643748206393E-01,7.077148026749676E-01,1.698707240723336E-02,-1.997890386199439E-02,-3.672432505132481E-03,1.102910711156396E-03
2453521.500000000,-2.248705644461508E-01,6.823832580544945E-01,2.231460471559602E-02,-1.927817137329908E-02,-6.443983812523397E-03,1.024549007626930E-03
2453526.500000000,-3.187051162537750E-01,6.434835048153309E-01,2.719841922816843E-02,-1.819312774200011E-02,-9.090490339606641E-03,9.257159807415618E-04
2453531.500000000,-4.061963712675166E-01,5.917768529613274E-01,3.154090115243598E-02,-1.674505991169828E-02,-1.155801865410463E-02,8.083781804395186E-04
2453536.500000000,-4.855986250728438E-01,5.282857476784570E-01,3.525527844136207E-02,-1.496297514203164E-02,-1.379624880673905E-02,6.748983332757150E-04
2453541.500000000,-5.553292478373272E-01,4.542727681760644E-01,3.826747679024822E-02,-1.288297553986929E-02,-1.575963126341622E-02,5.279833369655774E-04
2453546.500000000,-6.140022020467670E-01,3.712141201551691E-01,4.051769135675171E-02,-1.054744645221654E-02,-1.740842668890243E-02,3.706232531948226E-04
2453551.500000000,-6.604570901252672E-01,2.807682919354429E-01,4.196163462715569E-02,-8.004084733706108E-03,-1.870959558993415E-02,2.060230831043702E-04
2453556.500000000,-6.937830052951482E-01,1.847406954060382E-01,4.257142939601538E-02,-5.304797259399012E-03,-1.963751092862602E-02,3.752942296796494E-05
2453561.500000000,-7.133366237217196E-01,8.504522771947318E-02,4.233612717005480E-02,-2.504505223039900E-03,-2.017447467522724E-02,-1.314456215231133E-04
2453566.500000000,-7.187541631781396E-01,-1.633623469444867E-02,4.126184426640717E-02,3.401069771692411E-04,-2.031102717786178E-02,-2.975008788182872E-04
2453571.500000000,-7.099570296543067E-01,-1.173953638510852E-01,3.937151961516532E-02,3.171858967395023E-03,-2.004604676791134E-02,-4.573206163761501E-04
2453576.500000000,-6.871511667533411E-01,-2.161388917820943E-01,3.670430931577306E-02,5.934319990382117E-03,-1.938664528751927E-02,-6.077450059781899E-04
2453581.500000000,-6.508203038100926E-01,-3.106291152862309E-01,3.331464280441408E-02,8.572998450604382E-03,-1.834787254643118E-02,-7.458347409093163E-04
2453586.500000000,-6.017134592643923E-01,-3.990224838219517E-01,2.927097365734460E-02,1.103644578848072E-02,-1.695224870662033E-02,-8.689283549358041E-04
2453591.500000000,-5.408271898125644E-01,-4.796054672101154E-01,2.465426432903180E-02,1.327725083501596E-02,-1.522914800104110E-02,-9.746911869348736E-04
2453596.500000000,-4.693831795307446E-01,-5.508270243399732E-01,1.955624840256204E-02,1.525290706948709E-02,-1.321405990599334E-02,-1.061155334404331E-03
2453601.500000000,-3.888018352342122E-01,-6.113271279544317E-01,1.407751625598935E-02,1.692654149548829E-02,-1.094775493084835E-02,-1.126750316263107E-03
2453606.500000000,-3.006725958082744E-01,-6.599609357777797E-01,8.325470598773118E-03,1.826749972580375E-02,-8.475381695952225E-03,-1.170324493962339E-03
2453611.500000000,-2.067216773149893E-01,-6.958183276338191E-01,2.412197416917117E-03,1.925178687512830E-02,-5.845520208960150E-03,-1.191157554380507E-03
2453616.500000000,-1.087779676049952E-01,-7.182386469024176E-01,-3.547704147242981E-03,1.986236772017637E-02,-3.109213889234356E-03,-1.188964553061917E-03
2453621.500000000,-8.737758308672454E-03,-7.268205914661581E-01,-9.439292492690727E-03,2.008933305132945E-02,-3.190004299268440E-04,-1.163892242185758E-03
2453626.500000000,9.147104103371760E-02,-7.214272906437051E-01,-1.514941838943835E-02,1.992994225650491E-02,2.472042435712297E-03,-1.116508525584440E-03
2453631.500000000,1.899246136630668E-01,-7.021866726544916E-01,-2.056879131023085E-02,1.938855220802131E-02,5.211224808851798E-03,-1.047785699890127E-03
2453636.500000000,2.847383253436369E-01,-6.694872787725199E-01,-2.559394768889276E-02,1.847644153396596E-02,7.847136582799480E-03,-9.590780973073169E-04
2453641.500000000,3.741006935848140E-01,-6.239697241773233E-01,-3.012909484984352E-02,1.721153970696455E-02,1.033049573746893E-02,-8.520948233331504E-04
2453646.500000000,4.563057829601376E-01,-5.665140378610228E-01,-3.408780764213057E-02,1.561806973314000E-02,1.261494770690498E-02,-7.288681881458769E-04
2453651.500000000,5.297836132036932E-01,-4.982231360396039E-01,-3.739455745154429E-02,1.372611163727257E-02,1.465781204720392E-02,-5.917182944451460E-04
2453656.500000000,5.931281987658054E-01,-4.204027007630673E-01,-3.998605532036686E-02,1.157109238269399E-02,1.642077315519968E-02,-4.432141468740052E-04
2453661.500000000,6.451228632766371E-01,-3.345377517167035E-01,-4.181239254089800E-02,9.193206536997721E-03,1.787051167403357E-02,-2.861315760978575E-04
2453666.500000000,6.847624912246154E-01,-2.422662174313777E-01,-4.283796342194626E-02,6.636770977583120E-03,1.897927257735706E-02,-1.234082221280070E-04
2453671.500000000,7.112723939680392E-01,-1.453498347079794E-01,-4.304215609079164E-02,3.949516351297977E-03,1.972536484292023E-02,4.190419678139512E-05
2453676.500000000,7.241234804611553E-01,-4.564273386760059E-02,-4.241979835305188E-02,1.181817980649517E-03,2.009358624577042E-02,2.066900857234054E-04
2453681.500000000,7.230434378203436E-01,5.494189645899060E-02,-4.098134697673150E-02,-1.614130464121406E-03,2.007556529552428E-02,3.678223451368014E-04
2453686.500000000,7.080236464955214E-01,1.544666277718601E-01,-3.875281048848987E-02,-4.385195866582993E-03,1.967001091852585E-02,5.222165179617440E-04
2453691.500000000,6.793215830432358E-01,2.510056061347737E-01,-3.577539787640854E-02,-7.078230386205383E-03,1.888285933459401E-02,6.668861754544784E-04
2453696.500000000,6.374585035536398E-01,3.426808203728314E-01,-3.210488873511184E-02,-9.641032740434806E-03,1.772730675024546E-02,7.989988222577365E-04
2453701.500000000,5.832122528022711E-01,4.276982247114171E-01,-2.781072422540837E-02,-1.202333444759993E-02,1.622371669986862E-02,9.159315365931099E-04
2453706.500000000,5.176051115075154E-01,5.043830638749339E-01,-2.297482238596837E-02,-1.417779524201136E-02,1.439939202957582E-02,1.015325380001039E-03
2453711.500000000,4.418866857217091E-01,5.712136992879253E-01,-1.769012752328011E-02,-1.606098712732685E-02,1.228820197320097E-02,1.095137094285594E-03
2453716.500000000,3.575119521794236E-01,6.268531964568740E-01,-1.205891090924830E-02,-1.763434391882051E-02,9.930059229471070E-03,1.153686669164308E-03
2453721.500000000,2.661146937037789E-01,6.701779220419477E-01,-6.190846643765777E-03,-1.886505139042549E-02,7.370247010639486E-03,1.189699476380086E-03
2453726.500000000,1.694766879915240E-01,7.003024073291468E-01,-2.008935418350391E-04,-1.972685109060810E-02,4.658599545916735E-03,1.202341460671268E-03
2453731.500000000,6.949315257766628E-02,7.165997658734877E-01,5.792978313697700E-03,-2.020072929294263E-02,1.848545387962566E-03,1.191245836096680E-03
2453736.500000000,-3.186490955392027E-02,7.187170171959825E-01,1.167217038011759E-02,-2.027546334263292E-02,-1.003970199410734E-03,1.156529928467095E-03
2453741.500000000,-1.325906867110463E-01,7.065847663948370E-01,1.731989570173526E-02,-1.994800039576288E-02,-3.841660928516964E-03,1.098801070044441E-03
2453746.500000000,-2.306829657217697E-01,6.804208193662264E-01,2.262361932717239E-02,-1.922364786694183E-02,-6.607144233607314E-03,1.019150743822089E-03
2453751.500000000,-3.241879881415279E-01,6.407274724947406E-01,2.747743896058583E-02,-1.811606061317920E-02,-9.244220605089670E-03,9.191364767142477E-04
2453756.500000000,-4.112407156176424E-01,5.882823985803280E-01,3.178434411408684E-02,-1.664701666833153E-02,-1.169914916846035E-02,8.007513727067298E-04
2453761.500000000,-4.901044429061307E-01,5.241232472059316E-01,3.545829294507424E-02,-1.484598125487668E-02,-1.392187970748905E-02,6.663818041682591E-04
2453766.500000000,-5.592077181232089E-01,4.495262755036816E-01,3.842605043450878E-02,-1.274946794232731E-02,-1.586720213237033E-02,5.187545181336527E-04
2453771.500000000,-6.171775976817457E-01,3.659795150997292E-01,4.062873919685833E-02,-1.040021509649447E-02,-1.749577669331865E-02,3.608748925302367E-04
2453776.500000000,-6.628683743656383E-01,2.751511553740566E-01,4.202306343527210E-02,-7.846203552736420E-03,-1.877501223740536E-02,1.959582714945561E-04
2453781.500000000,-6.953850621561393E-01,1.788539722704770E-01,4.258217659016509E-02,-5.139547356184351E-03,-1.967976590110829E-02,2.735647256540036E-05
2453786.500000000,-7.141010920698843E-01,7.900674623816478E-02,4.229617417694422E-02,-2.335293736784594E-03,-2.019284530281007E-02,-1.415182506434545E-04
2453791.500000000,-7.186698617298315E-01,-2.240631366817014E-02,4.117220505166037E-02,5.098287619906059E-04,-2.030530293562521E-02,-3.072694047132106E-04
2453796.500000000,-7.090299780445843E-01,-1.233770940859403E-01,3.923420604783344E-02,3.338674796998663E-03,-2.001652170129320E-02,-4.665903620801174E-04
2453801.500000000,-6.854042223251958E-01,-2.219150200281805E-01,3.652227544062159E-02,6.094922957476369E-03,-1.933409834155517E-02,-6.163344129362599E-04
2453806.500000000,-6.482924414313515E-01,-3.160874340148435E-01,3.309171012957771E-02,8.724259236989383E-03,-1.827353715557554E-02,-7.535789316179000E-04
2453811.500000000,-5.984587285203946E-01,-4.040580075802696E-01,2.901174002337186E-02,1.117547318073499E-02,-1.685777294146077E-02,-8.756821185298367E-04
2453816.500000000,-5.369133920023589E-01,-4.841223904258012E-01,2.436399944493814E-02,1.340144312996747E-02,-1.511654739864145E-02,-9.803313244249603E-04
2453821.500000000,-4.648903116970194E-01,-5.547404299271221E-01,1.924077924700286E-02,1.535999381859715E-02,-1.308566533819082E-02,-1.065582369879363E-03
2453826.500000000,-3.838203497605907E-01,-6.145644273034213E-01,1.374310549706901E-02,1.701461555393964E-02,-1.080615760613303E-02,-1.129889576351105E-03
2453831.500000000,-2.953015234797471E-01,-6.624630301491680E-01,7.978691201131299E-03,1.833503990360808E-02,-8.323376959454598E-03,-1.172126560905931E-03
2453836.500000000,-2.010666589931167E-01,-6.975404884029490E-01,2.059806308377239E-03,1.929767204270976E-02,-5.686051511295609E-03,-1.191598225643834E-03
2453841.500000000,-1.029492337266990E-01,-7.191511188857458E-01,-3.898891448568284E-03,1.988588384432192E-02,-2.945318232245938E-03,-1.188044525473706E-03
2453846.500000000,-2.848087972642072E-03,-7.269089283972172E-01,-9.782525107493291E-03,2.009017444958028E-02,-1.537557553050777E-04,-1.161636554109016E-03
2453851.500000000,9.730835323452428E-02,-7.206924320421199E-01,-1.547812964168054E-02,1.990820719503108E-02,2.635568043586231E-03,-1.112965632789469E-03
2453856.500000000,1.955977545996999E-01,-7.006447725758093E-01,-2.087671274148684E-02,1.934473292886551E-02,5.370021413520338E-03,-1.043026198886566E-03
2453861.500000000,2.901388986332195E-01,-6.671693008057955E-01,-2.587521609086840E-02,1.841140976342013E-02,7.998297582300631E-03,-9.531932292453977E-04
2453866.500000000,3.791255733336394E-01,-6.209208179862697E-01,-3.037835144138344E-02,1.712652865525751E-02,1.047126012610039E-02,-8.451948338055791E-04
2453871.500000000,4.608588698901562E-01,-5.627927108222627E-01,-3.430028872004064E-02,1.551465309995404E-02,1.274273985437883E-02,-7.210805558345852E-04
2453876.500000000,5.337774785921059E-01,-4.939002311464908E-01,-3.756617580789571E-02,1.360617969683682E-02,1.477027949386042E-02,-5.831858005520765E-04
2453881.500000000,5.964856005328870E-01,-4.155601899237206E-01,-4.011347148809814E-02,1.143682463599541E-02,1.651582262245295E-02,-4.340927302343352E-04
2453886.500000000,6.477781156638642E-01,-3.292673547830255E-01,-4.189307480362911E-02,9.047040513172218E-03,1.794634259620841E-02,-2.765879998256932E-04
2453891.500000000,6.866626699704800E-01,-2.366678611618242E-01,-4.287023590814172E-02,6.481367759720546E-03,1.903440760992026E-02,-1.136176508252711E-04
2453896.500000000,7.123783616468966E-01,-1.395299658909345E-01,-4.302523450905052E-02,3.787723048071541E-03,1.975867776624069E-02,5.176073304316613E-05
2453901.500000000,7.244107151545170E-01,-3.971249930918624E-02,-4.235381257871018E-02,1.016626463349607E-03,2.010432722346877E-02,2.164284240390978E-04
2453906.500000000,7.225026449810619E-01,6.086858796703184E-02,-4.086734943425207E-02,-1.779629064195069E-03,2.006338265538134E-02,3.772581367885983E-04
2453911.500000000,7.066611324466736E-01,1.602751415051924E-01,-3.859276930811326E-02,-4.547860999041521E-03,1.963496839637039E-02,5.311683667883906E-04
2453916.500000000,6.771593685103512E-01,2.565826899970344E-01,-3.557217393610659E-02,-7.234926216447333E-03,1.882544763932052E-02,6.751789429970094E-04
2453921.500000000,6.345341562132498E-01,3.479167547780190E-01,-3.186219576601835E-02,-9.788686296751253E-03,1.764844835952822E-02,8.064670953873424E-04
2453926.500000000,5.795784216654776E-01,4.324889771625677E-01,-2.753307134505858E-02,-1.215899641313631E-02,1.612476268926746E-02,9.224231523836229E-04
2453931.500000000,5.133287545985473E-01,5.086324044975556E-01,-2.266743934686090E-02,-1.429870161855726E-02,1.428210945133676E-02,1.020704792896585E-03
2453936.500000000,4.370479894384107E-01,5.748352290115145E-01,-1.735887353003649E-02,-1.616462076620757E-02,1.215475159627663E-02,1.099288599045694E-03
2453941.500000000,3.522029451869836E-01,6.297722396784788E-01,-1.171016757970402E-02,-1.771849496219098E-02,9.782963443516084E-03,1.156517506117746E-03
2453946.500000000,2.604375651343777E-01,6.723332320286195E-01,-5.831396078611203E-03,-1.892787468124435E-02,7.212346890161146E-03,1.191142644689814E-03
2453951.500000000,1.635418318634783E-01,7.016476294350402E-01,1.622165009075430E-04,-1.976691781877517E-02,4.493001015472039E-03,1.202358034741769E-03
2453956.500000000,6.341697376537972E-02,7.171046064288867E-01,6.152579277178440E-03,-2.021707033767251E-02,1.678555574334618E-03,1.189826641423520E-03
2453961.500000000,-3.796238070397461E-02,7.183680733478117E-01,1.202112429295923E-02,-2.026760214454806E-02,-1.174914564388148E-03,1.153696457335588E-03
2453966.500000000,-1.385883144218409E-01,7.053859833154354E-01,1.765124902874411E-02,-1.991597374584656E-02,-4.010070502863615E-03,1.094605537966338E-03
2453971.500000000,-2.364611005179104E-01,6.783935545441045E-01,2.293075475361147E-02,-1.916801363151853E-02,-6.769556847626760E-03,1.013675184716127E-03
2453976.500000000,-3.296310615159604E-01,6.379101583691581E-01,2.775421999156087E-02,-1.803789083342320E-02,-9.397281872675344E-03,9.124907718716053E-04
2453981.500000000,-4.162397604406037E-01,5.847298034997870E-01,3.202524753426702E-02,-1.654787479970256E-02,-1.183969217594679E-02,7.930704385037030E-04
2453986.500000000,-4.945594636058773E-01,5.199053463617020E-01,3.565852599312765E-02,-1.472788527777312E-02,-1.404700073666930E-02,6.578223380191527E-04
2453991.500000000,-5.630298463352718E-01,4.447267599589972E-01,3.858165095938972E-02,-1.261484180600516E-02,-1.597432926845724E-02,5.094914512516274E-04
2453996.500000000,-6.202909802341180E-01,3.606939803762905E-01,4.073665731667452E-02,-1.025183052223690E-02,-1.758272905275162E-02,3.510975287849407E-04
2454001.500000000,-6.652117499682905E-01,2.694850212712158E-01,4.208122302522678E-02,-7.687114014763039E-03,-1.884004798747319E-02,1.858660825331057E-04
2454006.500000000,-6.969129924191025E-01,1.729201932471164E-01,4.258951501395743E-02,-4.973016180294974E-03,-1.972161787998573E-02,1.715462035209644E-05
2454011.500000000,-7.147848228454929E-01,7.292337573919269E-02,4.225265923747325E-02,-2.164718500806027E-03,-2.021074381124766E-02,-1.516235248930363E-04
2454016.500000000,-7.184978015610998E-01,-2.851864101162426E-02,4.107882882005751E-02,6.809934807045846E-04,-2.029898582858690E-02,-3.170753992507328E-04
2454021.500000000,-7.080077899695191E-01,-1.293976989847663E-01,3.909295585966718E-02,3.506994484714847E-03,-1.998623174175202E-02,-4.759023965973322E-04
2454026.500000000,-6.835545360770244E-01,-2.277256697864534E-01,3.633608330929214E-02,6.257057430663937E-03,-1.928056784113145E-02,-6.249699395883935E-04
2454031.500000000,-6.456542072796015E-01,-3.215747280809532E-01,3.286438289112111E-02,8.877031365281450E-03,-1.819796142595026E-02,-7.613711228550148E-04
2454036.500000000,-5.950862444428943E-01,-4.091156070273423E-01,2.874787285826554E-02,1.131593070362768E-02,-1.676177473729914E-02,-8.824829320328026E-04
2454041.500000000,-5.328750403693222E-01,-4.886530506253920E-01,2.406887537472148E-02,1.352691294187870E-02,-1.500213398868905E-02,-9.860140448418166E-04
2454046.500000000,-4.602670444249760E-01,-5.586578030009626E-01,1.892025727361602E-02,1.546812823079269E-02,-1.295517956319275E-02,-1.070043608384589E-03
2454051.500000000,-3.787039628535691E-01,-6.177946074571105E-01,1.340350009170149E-02,1.710343023460523E-02,-1.066222417873261E-02,-1.133050734377381E-03
2454056.500000000,-2.897927634315129E-01,-6.649458214857505E-01,7.626645788824218E-03,1.840294310199969E-02,-8.168845455491716E-03,-1.173934766624392E-03
2454061.500000000,-1.952732057929600E-01,-6.992303838836171E-01,1.702163421567172E-03,1.934348473413752E-02,-5.523938234297535E-03,-1.192026729987211E-03
2454066.500000000,-9.698360439577286E-02,-7.200179897645479E-01,-4.255220728181148E-03,1.990885161144588E-02,-2.778748675325222E-03,-1.187092605802516E-03
2454071.500000000,3.174501418670290E-03,-7.269384278727471E-01,-1.013069017558815E-02,2.008997234417011E-02,1.409221160667214E-05,-1.159329007749604E-03
2454076.500000000,1.032721331965891E-01,-7.198861167778714E-01,-1.581146592026558E-02,1.988493795163592E-02,2.801520117906416E-03,-1.109351896210937E-03
2454081.500000000,2.013885226481748E-01,-6.990199482440494E-01,-2.118886194251444E-02,1.929891872493648E-02,5.530961167696548E-03,-1.038179119820772E-03
2454086.500000000,2.956460832618474E-01,-6.647586017060769E-01,-2.616023954285739E-02,1.834397796071496E-02,8.151218433060159E-03,-9.472075251722716E-04
2454091.500000000,3.842442126400153E-01,-6.177715336502497E-01,-3.063083498686006E-02,1.703879199076517E-02,1.061331450598562E-02,-8.381852663051197E-04
2454096.500000000,4.654914780915773E-01,-5.589658745730305E-01,-3.451543783369604E-02,1.540828471138892E-02,1.287128518473610E-02,-7.131798504660608E-04
2454101.500000000,5.378357756458838E-01,-4.894694878266334E-01,-3.773989977954920E-02,1.348318344174067E-02,1.488292045591339E-02,-5.745423648665165E-04
2454106.500000000,5.998920832475692E-01,-4.106104622878748E-01,-4.024245584932766E-02,1.129950152699729E-02,1.661044943269838E-02,-4.248682422936955E-04
2454111.500000000,6.504674526801800E-01,-3.238933275975510E-01,-4.197484137169116E-02,8.897951823652914E-03,1.802116576508645E-02,-2.669548517116058E-04
2454116.500000000,6.885829028747148E-01,-2.309722996656303E-01,-4.290318947325496E-02,6.323294239472669E-03,1.908798934441094E-02,-1.037561528033654E-04
2454121.500000000,7.134918916789796E-01,-1.336218876906043E-01,-4.300869497020109E-02,3.623620016833736E-03,1.978995899641273E-02,6.166536138183436E-05
2454126.500000000,7.246950566479216E-01,-3.370522399013137E-02,-4.228803171193708E-02,8.495755652026481E-04,2.011264940059237E-02,2.261891773672478E-04
2454131.500000000,7.219509307390796E-01,6.685948417273782E-02,-4.075351192299711E-02,-1.946470792934692E-03,2.004850385684256E-02,3.866893837307235E-04
2454136.500000000,7.052823578104622E-01,1.661339367217715E-01,-3.843297795990582E-02,-4.711314731657311E-03,1.959707350173898E-02,5.400890238874502E-04
2454141.500000000,6.749783612513436E-01,2.621956641616890E-01,-3.536941880482099E-02,-7.391847295033844E-03,1.876515272847422E-02,6.834157529467907E-04
2454146.500000000,6.315912618975199E-01,3.531743433576841E-01,-3.162030659433109E-02,-9.936022032594378E-03,1.756679857509891E-02,8.138580038479199E-04
2454151.500000000,5.759288965248546E-01,4.372878944040570E-01,-2.725665319613582E-02,-1.229384507365212E-02,1.602322194362289E-02,9.288206222253021E-04
2454156.500000000,5.090418640370227E-01,5.128776930974609E-01,-2.236179217890543E-02,-1.441837087469527E-02,1.416254131341269E-02,1.025978897821787E-03
2454161.500000000,4.322058187467477E-01,5.784421930432854E-01,-1.702989692002839E-02,-1.626668420661448E-02,1.201939177387893E-02,1.103329872943001E-03
2454166.500000000,3.468989343323919E-01,6.326682191869828E-01,-1.136425182082768E-02,-1.780084577939096E-02,9.634383938397629E-03,1.159239535787720E-03
2454171.500000000,2.547747847618568E-01,6.744591772486147E-01,-5.475301112731383E-03,-1.898877524940905E-02,7.053411691966971E-03,1.192484326757304E-03
2454176.500000000,1.576310249875977E-01,7.029594327047402E-01,5.214923904969290E-04,-1.980504356633468E-02,4.326813562243264E-03,1.202285398924398E-03
2454181.500000000,5.737439572784877E-02,7.175741521092650E-01,6.507938618824915E-03,-2.023154630862981E-02,1.508398631855575E-03,1.188334151561185E-03
2454186.500000000,-4.401728361911858E-02,7.179839701030900E-01,1.236551459959853E-02,-2.025803071865264E-02,-1.345645663752102E-03,1.150807702366972E-03
2454191.500000000,-1.445353394648729E-01,7.041539483950153E-01,1.797780867945736E-02,-1.988245184792520E-02,-4.177940060029114E-03,1.090373205748020E-03
2454196.500000000,-2.421817788813124E-01,6.763364271901855E-01,2.323295679607406E-02,-1.911113765446475E-02,-6.931164548867464E-03,1.008180261034788E-03
2454201.500000000,-3.350111414762324E-01,6.350675312610706E-01,2.802601021345423E-02,-1.795874894469428E-02,-9.549339308626583E-03,9.058410712839141E-04
2454206.500000000,-4.211716224088763E-01,5.811572758251238E-01,3.226117360383778E-02,-1.644802743805540E-02,-1.197909729197168E-02,7.853984868478898E-04
2454211.500000000,-4.989444074999402E-01,5.156734131639558E-01,3.585385427597173E-02,-1.460933351920077E-02,-1.417090868640404E-02,6.492825678033281E-04
2454216.500000000,-5.667801907874920E-01,4.399193594846330E-01,3.873246776013414E-02,-1.247998388036100E-02,-1.608021796626672E-02,5.002567911417809E-04
2454221.500000000,-6.233319170957765E-01,3.554067321956287E-01,4.083995174041539E-02,-1.010340764881539E-02,-1.766845689640442E-02,3.413554798420677E-04
2454226.500000000,-6.674829046474824E-01,2.638232001734294E-01,4.213494920931812E-02,-7.528147231727383E-03,-1.890390148579284E-02,1.758144181539063E-04
2454231.500000000,-6.983696506774038E-01,1.669964939580179E-01,4.259263231196105E-02,-4.806736564104517E-03,-1.976234748947251E-02,6.996901017992807E-06
2454236.500000000,-7.153987981368553E-01,6.685552928813672E-02,4.220514987218361E-02,-1.994493598283127E-03,-2.022758747594146E-02,-1.616824630429030E-04
2454241.500000000,-7.182579293955692E-01,-3.461033870819297E-02,4.098169300507343E-02,8.517350414852612E-04,-2.029168058693661E-02,-3.268339426773024E-04
2454246.500000000,-7.069200438373475E-01,-1.353928863560678E-01,3.894818460772512E-02,3.674838653378140E-03,-1.995501316525791E-02,-4.851665544690927E-04
2454251.500000000,-6.816417693550384E-01,-2.335063852886913E-01,3.614660987417703E-02,6.418678230336122E-03,-1.922615726954761E-02,-6.335574600499638E-04
2454256.500000000,-6.429555384288453E-01,-3.270277836225954E-01,3.263401465702686E-02,9.029259710459278E-03,-1.812154206510693E-02,-7.691151771593692E-04
2454261.500000000,-5.916561137407104E-01,-4.141348170158179E-01,2.848120614205166E-02,1.145581674515177E-02,-1.666495804060092E-02,-8.892352468073742E-04
2454266.500000000,-5.287819731409663E-01,-4.931412716274338E-01,2.377119608666975E-02,1.365178102701363E-02,-1.488691779877138E-02,-9.916474301144981E-04
2454271.500000000,-4.555921591026324E-01,-5.625287474727162E-01,1.859743031111221E-02,1.557562390186105E-02,-1.282389995753806E-02,-1.074453950354483E-03
2454276.500000000,-3.735392652536915E-01,-6.209744053921571E-01,1.306184999748419E-02,1.719155868804613E-02,-1.051750311824870E-02,-1.136158499396593E-03
2454281.500000000,-2.842392698654240E-01,-6.673743133939979E-01,7.272831068338126E-03,1.847009931415932E-02,-8.013535871640158E-03,-1.175686038881566E-03
2454286.500000000,-1.894389348472488E-01,-7.008621344127610E-01,1.343046819232201E-03,1.938847592807549E-02,-5.361067240144463E-03,-1.192393781650782E-03
2454291.500000000,-9.098147578858881E-02,-7.208230135083963E-01,-4.612703476401621E-03,1.993091186278162E-02,-2.611459396674890E-03,-1.186073926852047E-03
2454296.500000000,9.228820757371746E-03,-7.269026239114881E-01,-1.047966041381974E-02,2.008876915721441E-02,1.825986854908010E-04,-1.156948824150148E-03
2454301.500000000,1.092623975508022E-01,-7.190114162219872E-01,-1.614522871744824E-02,1.986057166588776E-02,2.968041347981340E-03,-1.105659299335732E-03
2454306.500000000,2.072000570298392E-01,-6.973241833601720E-01,-2.150102758098474E-02,1.925191565985020E-02,5.692348083779789E-03,-1.033246882228279E-03
2454311.500000000,3.011678841411488E-01,-6.622751064568909E-01,-2.644483837879472E-02,1.827527781741211E-02,8.304428047005628E-03,-9.411306383415875E-04
2454316.500000000,3.893709717539603E-01,-6.145484855426676E-01,-3.088242435023678E-02,1.694972966624531E-02,1.075546069905186E-02,-8.310792203925316E-04
2454321.500000000,4.701255007125166E-01,-5.550653873677954E-01,-3.472919970666438E-02,1.530056618899747E-02,1.299968750941307E-02,-7.051786720570504E-04
2454326.500000000,5.418887631450841E-01,-4.849664667639984E-01,-3.791172822479919E-02,1.335885572122117E-02,1.499515015578868E-02,-5.657965012967439E-04
2454331.500000000,6.032867527495948E-01,-4.055912376875460E-01,-4.036903367836292E-02,1.116091776958157E-02,1.670437205654049E-02,-4.155423684852905E-04
2454336.500000000,6.531389725631311E-01,-3.184540837993132E-01,-4.205370534684619E-02,8.747732573352105E-03,1.809498038515639E-02,-2.572254310925977E-04
2454341.500000000,6.904801240894090E-01,-2.252173177999470E-01,-4.293278217249643E-02,6.164284437074166E-03,1.914026358475469E-02,-9.380851658274450E-05
2454346.500000000,7.145783525549477E-01,-1.276616267333062E-01,-4.298840077066191E-02,3.458841320324102E-03,1.981965847440916E-02,7.164042509590287E-05
2454351.500000000,7.249497371622426E-01,-2.765427073765897E-02,-4.221819488113770E-02,6.821738324538536E-04,2.011916061304983E-02,2.359991321205239E-04
2454356.500000000,7.213687329904932E-01,7.288456230514159E-02,-4.063543582152043E-02,-2.113282336794191E-03,2.003165012184695E-02,3.961437704071776E-04
2454361.500000000,7.038742943846485E-01,1.720168002732240E-01,-3.826890506954952E-02,-4.874315235464428E-03,1.955712340388490E-02,5.490032796988841E-04
2454366.500000000,6.727714405311026E-01,2.678224312982196E-01,-3.516249204506262E-02,-7.547869576110086E-03,1.870281995272145E-02,6.916148505975515E-04
2454371.500000000,6.286280657058785E-01,3.584357964056413E-01,-3.137451307807708E-02,-1.008201407394083E-02,1.748323290481139E-02,8.211798393274015E-04
2454376.500000000,5.722668529135067E-01,4.420816209256803E-01,-2.697675155339313E-02,-1.242693031789569E-02,1.591999220102063E-02,9.351192146740681E-04
2454381.500000000,5.047522227717703E-01,5.171101219523319E-01,-2.205322424340901E-02,-1.453590676443338E-02,1.404161031387551E-02,1.031127437289976E-03
2454386.500000000,4.273723405515948E-01,5.820304837563968E-01,-1.669868478311803E-02,-1.636631785936837E-02,1.188308261601189E-02,1.107223498285538E-03
2454391.500000000,3.416163127369271E-01,6.355419610555043E-01,-1.101688197882674E-02,-1.788056497167475E-02,9.485337703897170E-03,1.161797701688113E-03
2454396.500000000,2.491468281632036E-01,6.765618570878226E-01,-5.118597973866984E-03,-1.904695311122842E-02,6.894537367047626E-03,1.193652684256336E-03
2454401.500000000,1.517686336558101E-01,7.042496350750105E-01,8.805011050604804E-04,-1.984047572962566E-02,4.161231330030764E-03,1.202037154475403E-03
2454406.500000000,5.139337371570694E-02,7.180264625174080E-01,6.862161956906883E-03,-2.024347971040372E-02,1.339378038121107E-03,1.186670900430327E-03
2454411.500000000,-4.999853862078376E-02,7.175895590174776E-01,1.270794122140614E-02,-2.024618348067633E-02,-1.514751456815806E-03,1.147759681786507E-03
2454416.500000000,-1.503982210698548E-01,7.029208168764429E-01,1.830164932514585E-02,-1.984702312112037E-02,-4.343763853896157E-03,1.085998888665278E-03
2454421.500000000,-2.478098791813163E-01,6.742892980577472E-01,2.353178308937686E-02,-1.905280656665565E-02,-7.090396767192080E-03,1.002565295097637E-03
2454426.500000000,-3.402926248538065E-01,6.322473835910273E-01,2.829388649998038E-02,-1.787866231265630E-02,-9.698798596879173E-03,8.990965594905827E-04
2454431.500000000,-4.260015105344671E-01,5.776205329626257E-01,3.249277868938232E-02,-1.634777663629799E-02,-1.211579828086742E-02,7.776586809111839E-04
2454436.500000000,-5.032267229602895E-01,5.114908020001784E-01,3.604459031249156E-02,-1.449092118203707E-02,-1.429212546511592E-02,6.407020437657248E-04
2454441.500000000,-5.704299104657766E-01,4.351744663720754E-01,3.887855384733786E-02,-1.234578126195703E-02,-1.618354169348580E-02,4.910071722789419E-04
2454446.500000000,-6.262766913062514E-01,3.501942885504090E-01,4.093850017838491E-02,-9.956103782449649E-03,-1.775184609664358E-02,3.316217887545091E-04
2454451.500000000,-6.696645044309116E-01,2.582471372432006E-01,4.218402275824332E-02,-7.370691267182602E-03,-1.896572394298286E-02,1.657911390966026E-04
2454456.500000000,-6.997451123947510E-01,1.611678107341258E-01,4.259128115830849E-02,-4.642274529813069E-03,-1.980141296152781E-02,-3.116191244907929E-06
2454461.500000000,-7.159412403022821E-01,6.089002197789302E-02,4.215342733176883E-02,-1.826300792325434E-03,-2.024317012409071E-02,-1.716846101481345E-04
2454466.500000000,-7.179570249453865E-01,-4.059443110586244E-02,4.088064979132910E-02,1.020323797908310E-03,-2.028353002324909E-02,-3.365276312250938E-04
2454471.500000000,-7.057821439658375E-01,-1.412772637616784E-01,3.879984250924332E-02,3.840498291661488E-03,-1.992335449515358E-02,-4.943615128062659E-04
2454476.500000000,-6.796896854231592E-01,-2.391750431174777E-01,3.595391608798013E-02,6.578160761376697E-03,-1.917168112309351E-02,-6.420743967182253E-04
2454481.500000000,-6.402279940930407E-01,-3.323692957353815E-01,3.240077813380556E-02,9.179458646355772E-03,-1.804538520455048E-02,-7.767892318397155E-04
2454486.500000000,-5.882068844690906E-01,-4.190444995651096E-01,2.821201744454412E-02,1.159382751207046E-02,-1.656867526276074E-02,-8.959191311306173E-04
2454491.500000000,-5.246787366951539E-01,-4.975231865709220E-01,2.347133243965435E-02,1.377495588803574E-02,-1.477244603231932E-02,-9.972141857841584E-04
2454496.500000000,-4.509150885338832E-01,-5.662975086500096E-01,1.827274819827633E-02,1.568161979744319E-02,-1.269351535887552E-02,-1.078799145036989E-03
2454501.500000000,-3.683794023893799E-01,-6.240567557164161E-01,1.271866830737843E-02,1.727837717674694E-02,-1.037377278055198E-02,-1.139201829598967E-03
2454506.500000000,-2.786967180295833E-01,-6.697104513037242E-01,6.917807379405923E-03,1.853611907732414E-02,-7.859266038149289E-03,-1.177372495032394E-03
2454511.500000000,-1.836209064926865E-01,-7.024067742013693E-01,9.830488310666602E-04,1.943247828616530E-02,-5.199248688810144E-03,-1.192694415892018E-03
2454516.500000000,-8.500023080867102E-02,-7.215461664855789E-01,-4.970729217572021E-03,1.995209890151856E-02,-2.445210533633027E-03,-1.184986159404463E-03
2454521.500000000,1.525810818661673E-02,-7.267900914625796E-01,-1.082882013202291E-02,2.008677418528732E-02,3.500899730736878E-04,-1.154496277291402E-03
2454526.500000000,1.152238054755085E-01,-7.180649912166078E-01,-1.647881107112557E-02,1.983546213511305E-02,3.133576051334953E-03,-1.101891187329326E-03
2454531.500000000,2.129790784920838E-01,-6.955615610280170E-01,-2.181262921845786E-02,1.920418879258272E-02,5.852773791007705E-03,-1.028236980657013E-03
2454536.500000000,3.066535503538607E-01,-6.597295100243897E-01,-2.672848331570138E-02,1.820584918465252E-02,8.456695165108673E-03,-9.349758455189416E-04
2454541.500000000,3.944579013382115E-01,-6.112680166241504E-01,-3.113267517216985E-02,1.685991514085651E-02,1.089667614652170E-02,-8.238977311919069E-04
2454546.500000000,4.747158438997552E-01,-5.511121162320054E-01,-3.494125873399814E-02,1.519205814636553E-02,1.312716497944566E-02,-6.971077897834748E-04
2454551.500000000,5.458940140728455E-01,-4.804152803139233E-01,-3.808152675173677E-02,1.323369406709186E-02,1.510645677544576E-02,-5.569900401240934E-04
2454556.500000000,6.066294028559965E-01,-4.005284637412430E-01,-4.049330708182605E-02,1.102145522035333E-02,1.679737104590313E-02,-4.061676106764972E-04
2454561.500000000,6.557539753173941E-01,-3.129759145247765E-01,-4.213005227864618E-02,8.596593990812166E-03,1.816786856473989E-02,-2.474598607632436E-04
2454566.500000000,6.923161431959195E-01,-2.194280595997058E-01,-4.295970758552494E-02,6.004321048994376E-03,1.919160332498704E-02,-8.383666428235223E-05
2454571.500000000,7.155987706131788E-01,-1.216718032489943E-01,-4.296534372219418E-02,3.293080881908548E-03,1.984840459745825E-02,8.162993100167087E-05
2454576.500000000,7.251334077594399E-01,-2.157860338157098E-02,-4.214554171689103E-02,5.137680501931795E-04,2.012468243006584E-02,2.458165064138341E-04
2454581.500000000,7.207104647599116E-01,7.892927070123774E-02,-4.051451825109278E-02,-2.281112445685019E-03,2.001374802567313E-02,4.056011924825674E-04
2454586.500000000,7.023850559288847E-01,1.779138493695146E-01,-3.810198206595863E-02,-5.038336434639066E-03,1.951603910171781E-02,5.579182362150390E-04
2454591.500000000,6.704782738783978E-01,2.734574395413079E-01,-3.495271470928593E-02,-7.704895730157404E-03,1.863923896841078E-02,6.998135736945217E-04
2454596.500000000,6.255737006271531E-01,3.636989089347030E-01,-3.112587245926362E-02,-1.022896622686320E-02,1.739827874325177E-02,8.285006677440094E-04
2454601.500000000,5.685090213277246E-01,4.468696681663646E-01,-2.669400995720562E-02,-1.256089647944502E-02,1.581521249933752E-02,9.414158381243734E-04
2454606.500000000,5.003626761390411E-01,5.213286888016408E-01,-2.174183063651999E-02,-1.465420080186726E-02,1.391895485702747E-02,1.036272004759433E-03
2454611.500000000,4.224355771196094E-01,5.855958476050174E-01,-1.636467515322566E-02,-1.646653644836456E-02,1.174487280122489E-02,1.111109511651272E-03
2454616.500000000,3.362280277974830E-01,6.383828553713036E-01,-1.066676596284045E-02,-1.796064119283751E-02,9.334227306526822E-03,1.164342599364642E-03
2454621.500000000,2.434121078466581E-01,6.786210174108158E-01,-4.759233530978207E-03,-1.910520518593286E-02,6.733464791373963E-03,1.194800024678658E-03
2454626.500000000,1.457999204172292E-01,7.054850857490006E-01,1.242042738430921E-03,-1.987564933287981E-02,3.993363723944049E-03,1.201758301523214E-03
2454631.500000000,4.530824006274137E-02,7.184125046389951E-01,7.218738248779075E-03,-2.025478202649233E-02,1.168047774862351E-03,1.184966094565630E-03
2454636.500000000,-5.607976211233734E-02,7.171174240873520E-01,1.305248402081805E-02,-2.023330720443900E-02,-1.686116605127450E-03,1.144658450200016E-03
2454641.500000000,-1.563549106881569E-01,7.015989617035224E-01,1.862731097084327E-02,-1.981015954322149E-02,-4.511713864526980E-03,1.081559801650179E-03
2454646.500000000,-2.535236199420088E-01,6.721433298459885E-01,2.383207956931239E-02,-1.899264717475826E-02,-7.251534074331063E-03,9.968750293346340E-04
2454651.500000000,-3.456496907650072E-01,6.293196087493900E-01,2.856283422479703E-02,-1.779638847850435E-02,-9.849853640029297E-03,8.922682796005244E-04
2454656.500000000,-4.308952625733167E-01,5.739691306280558E-01,3.272502142774109E-02,-1.624503696468688E-02,-1.225370361837669E-02,7.698297214102750E-04
2454661.500000000,-5.075598629460690E-01,5.071886361783382E-01,3.623551284064780E-02,-1.436979659554381E-02,-1.441408578218558E-02,6.320309247240000E-04
2454666.500000000,-5.741165312461962E-01,4.303075635842463E-01,3.902437921195497E-02,-1.220873864364871E-02,-1.628709718204392E-02,4.816700512852800E-04
2454671.500000000,-6.292440698608630E-01,3.448600199419281E-01,4.103636813476213E-02,-9.805939855971552E-03,-1.783492697930463E-02,3.218085079409839E-04
2454676.500000000,-6.718545946725714E-01,2.525521530108144E-01,4.223204773214183E-02,-7.210468942817220E-03,-1.902669492553046E-02,1.557009994968947E-04
2454681.500000000,-7.011157042958744E-01,1.552257784346898E-01,4.258858845589558E-02,-4.475253279997747E-03,-1.983910710466119E-02,-1.327890267027150E-05
2454686.500000000,-7.164667588619400E-01,5.481922430469070E-02,4.210016651587598E-02,-1.655862567477073E-03,-2.025691094154563E-02,-1.817152520654728E-04
2454691.500000000,-7.176289530594482E-01,-4.667357713111537E-02,4.077798494762375E-02,1.190750430280995E-03,-2.027314071940525E-02,-3.462257805500867E-04
2454696.500000000,-7.046090670458383E-01,-1.472447013352963E-01,3.864992026415448E-02,4.007513251274059E-03,-1.988915430951473E-02,-5.035352616388943E-04
2454701.500000000,-6.776969662043177E-01,-2.449135216403478E-01,3.575981307647036E-02,6.738464956856974E-03,-1.911446979604766E-02,-6.505442702836444E-04
2454706.500000000,-6.374570958483897E-01,-3.377667123651118E-01,3.216642986833895E-02,9.329921742120531E-03,-1.796641695088083E-02,-7.843917023705008E-04
2454711.500000000,-5.847143713236768E-01,-4.239960870373030E-01,2.794213077625233E-02,1.173154907082191E-02,-1.646962354047090E-02,-9.025096528750934E-04
2454716.500000000,-5.205349872683378E-01,-5.019335052356793E-01,2.317128416380968E-02,1.389731877750711E-02,-1.465536077585072E-02,-1.002669701143304E-03
2454721.500000000,-4.462027626731084E-01,-5.700822097125116E-01,1.794847240810019E-02,1.578633555820780E-02,-1.256077448764288E-02,-1.083020084951253E-03
2454726.500000000,-3.631917010546369E-01,-6.271440901238394E-01,1.237653501345532E-02,1.736352334201836E-02,-1.022802906548619E-02,-1.142113594197177E-03
2454731.500000000,-2.731354781797557E-01,-6.720425032279690E-01,6.564495229828688E-03,1.860016768708099E-02,-7.703390334260580E-03,-1.178926320967623E-03
2454736.500000000,-1.777945766133025E-01,-7.039404057868850E-01,6.254150169466647E-04,1.947431516666620E-02,-5.036271586094201E-03,-1.192867653071710E-03
2454741.500000000,-7.902177154328616E-02,-7.222536709045401E-01,-5.325779227282367E-03,1.997103453256809E-02,-2.278264244458009E-03,-1.183782081516843E-03
2454746.500000000,2.127335893873414E-02,-7.266595580161643E-01,-1.117446092273448E-02,2.008254720016238E-02,5.178285778280348E-04,-1.151943506838568E-03
2454751.500000000,1.211602682934682E-01,-7.171003895607670E-01,-1.680842186180394E-02,1.980823627523015E-02,3.298940771140868E-03,-1.098042773713763E-03
2454756.500000000,2.187230378458457E-01,-6.937825533279919E-01,-2.211991298830202E-02,1.915454388089263E-02,6.012662574366935E-03,-1.023169139033515E-03
2454761.500000000,3.120952001799783E-01,-6.571710008714171E-01,-2.700757874398019E-02,1.813476620555487E-02,8.608121418494938E-03,-9.287863444673375E-04
2454766.500000000,3.994933016681600E-01,-6.079794538100957E-01,-3.137825976658258E-02,1.676875572252813E-02,1.103681689745167E-02,-8.167040041937210E-04
2454771.500000000,4.792487634477774E-01,-5.471565599463558E-01,-3.514864212463654E-02,1.508253968219734E-02,1.325340538266087E-02,-6.890449040534577E-04
2454776.500000000,5.498376392292226E-01,-4.758682577421625E-01,-3.824673349800741E-02,1.310786115291756E-02,1.521643155501104E-02,-5.482085219875459E-04
2454781.500000000,6.099078940018199E-01,-3.954766234593805E-01,-4.061314812037768E-02,1.088164707000954E-02,1.688900310531307E-02,-3.968310717501123E-04
2454786.500000000,6.583038495152950E-01,-3.075154955668015E-01,-4.220218398441013E-02,8.445407563460468E-03,1.823940444588577E-02,-2.377424168232932E-04
2454791.500000000,6.940874621132582E-01,-2.136631919036532E-01,-4.298267737326802E-02,5.844570082515385E-03,1.924164511348460E-02,-7.392012669245679E-05
2454796.500000000,7.165561141743108E-01,-1.157126589439308E-01,-4.293862101191850E-02,3.127751171966544E-03,1.987593751895375E-02,9.155909225479284E-05
2454801.500000000,7.252566145322334E-01,-1.553942280281587E-02,-4.206953333478731E-02,3.459688184163777E-04,2.012909723866911E-02,2.555703335523068E-04
2454806.500000000,7.199951195244416E-01,8.493225053661314E-02,-4.039056781125544E-02,-2.448200923552185E-03,1.999485752621741E-02,4.149934685289323E-04
2454811.500000000,7.008427082955880E-01,1.837645331500110E-01,-3.793235315319693E-02,-5.201517829740853E-03,1.947408834506854E-02,5.667677329311500E-04
2454816.500000000,6.681363770802552E-01,2.790420473333802E-01,-3.474055772498950E-02,-7.861014578179237E-03,1.857490917722771E-02,7.079473509280736E-04
2454821.500000000,6.224752606099773E-01,3.689081528250767E-01,-3.087517473945012E-02,-1.037496688523527E-02,1.731268435822194E-02,8.357574588435812E-04
2454826.500000000,5.647119472560010E-01,4.516008939212688E-01,-2.640952896543854E-02,-1.269388336359136E-02,1.570988993206227E-02,9.476494075490409E-04
2454831.500000000,4.959388299521917E-01,5.254879388064991E-01,-2.142901074637618E-02,-1.477149824373629E-02,1.379584219835339E-02,1.041354336144920E-03
2454836.500000000,4.174695281260492E-01,5.890997994949734E-01,-1.602954910120375E-02,-1.656574656840163E-02,1.160628040667776E-02,1.114933740249349E-03
2454841.500000000,3.308155260127044E-01,6.411605913402587E-01,-1.031584240765806E-02,-1.803969828286001E-02,9.182799576722763E-03,1.166825627272033E-03
2454846.500000000,2.376582971911912E-01,6.806155818313996E-01,-4.399372474993603E-03,-1.916242514964418E-02,6.572133803576674E-03,1.195884745170508E-03
2454851.500000000,1.398173195985440E-01,7.066547904212860E-01,1.603764497534716E-03,-1.990977302099928E-02,3.825294508472831E-03,1.201415356501683E-03
2454856.500000000,3.921452439761334E-02,7.187319387469255E-01,7.575169200940659E-03,-2.026501118809566E-02,9.965751081868637E-04,1.183195109394420E-03
2454861.500000000,-6.216413483849501E-02,7.165781310584387E-01,1.339654450336962E-02,-2.021933050061750E-02,-1.857557810397216E-03,1.141488562534474E-03
2454866.500000000,-1.623091760504199E-01,7.002097567555742E-01,1.895214048557531E-02,-1.977216710721877E-02,-4.679662356928046E-03,1.077049444365473E-03
2454871.500000000,-2.592292260206960E-01,6.699302418621511E-01,2.413118124740095E-02,-1.893133331698338E-02,-7.412578435298881E-03,9.911110092809567E-04
2454876.500000000,-3.509928003567687E-01,6.263254393069028E-01,2.883021292929236E-02,-1.771294215121232E-02,-1.000070890594554E-02,8.853641536789780E-04
2454881.500000000,-4.357691767287053E-01,5.702526333013316E-01,3.295531200227636E-02,-1.614111984275322E-02,-1.239128617147329E-02,7.619234843369118E-04
2454886.500000000,-5.118673045908386E-01,5.028233304172510E-01,3.642409517176732E-02,-1.424750913317586E-02,-1.453558426517832E-02,6.232820571824180E-04
2454891.500000000,-5.777717306451394E-01,4.253802082696300E-01,3.916747707134295E-02,-1.207057490770317E-02,-1.639003740033519E-02,4.722559945494118E-04
2454896.500000000,-6.321745980366545E-01,3.394687812523883E-01,4.113112909226754E-02,-9.654732010873527E-03,-1.791722895739868E-02,3.119206301468175E-04
2454901.500000000,-6.740028953874669E-01,2.468045110964160E-01,4.227660188377503E-02,-7.049322441622110E-03,-1.908671991813852E-02,1.455401920359191E-04
2454906.500000000,-7.024402831897832E-01,1.492362287647622E-01,4.258208478288943E-02,-4.307475014394748E-03,-1.987569248758192E-02,-2.350671905016239E-05
2454911.500000000,-7.169430014889466E-01,4.870683600686029E-02,4.204278703416848E-02,-1.484884642875486E-03,-2.026939259339670E-02,-1.918035000497373E-04
2454916.500000000,-7.172495546395243E-01,-5.278768473973222E-02,4.067093734185214E-02,1.361449507640598E-03,-2.026136345472896E-02,-3.559714729538414E-04
2454921.500000000,-7.033840660409324E-01,-1.532399053342500E-01,3.849540935522936E-02,4.174487757358696E-03,-1.985347070261562E-02,-5.127432441907731E-04
2454926.500000000,-6.756533873167863E-01,-2.506722066195338E-01,3.556099093306743E-02,6.898378533031217E-03,-1.905572705560960E-02,-6.590315097012642E-04
2454931.500000000,-6.346382215390715E-01,-3.431766847985200E-01,3.192732472545122E-02,9.479619082254646E-03,-1.788593131991270E-02,-7.919914253614704E-04
2454936.500000000,-5.811786712481950E-01,-4.289528312755941E-01,2.766755633533583E-02,1.186812071970586E-02,-1.636914277401317E-02,-9.090749971438936E-04
2454941.500000000,-5.163547448132123E-01,-5.063422264594318E-01,2.286673241585533E-02,1.401815729891602E-02,-1.453701693749408E-02,-1.008076636925899E-03
2454946.500000000,-4.414624433853706E-01,-5.738596226322120E-01,1.761999370889679E-02,1.588918261340907E-02,-1.242702983424144E-02,-1.087169601779700E-03
2454951.500000000,-3.579861087502187E-01,-6.302199236267462E-01,1.203060900058546E-02,1.744650743098388E-02,-1.008161678680037E-02,-1.144933174926672E-03
2454956.500000000,-2.675677473635672E-01,-6.743606993435843E-01,6.207896177063341E-03,1.866183176458119E-02,-7.547251880764616E-03,-1.180370695934657E-03
2454961.500000000,-1.719740528993516E-01,-7.054600012250092E-01,2.650751164451807E-04,1.951363385253981E-02,-4.873492724309692E-03,-1.192918888369203E-03
2454966.500000000,-7.306183115341446E-02,-7.229493597926908E-01,-5.682905540318770E-03,1.998742139221689E-02,-2.112011766332782E-03,-1.182449088350211E-03
2454971.500000000,2.725750301315042E-02,-7.265219430368380E-01,-1.152152892085205E-02,2.007585296006481E-02,6.843679836460058E-04,-1.149261055786703E-03
2454976.500000000,1.270537306729888E-01,-7.161359353952180E-01,-1.713882248054254E-02,1.977873901076074E-02,3.462618284419694E-03,-1.094070097136481E-03
2454981.500000000,2.244133586046742E-01,-6.920132618324634E-01,-2.242739097524509E-02,1.910293246366589E-02,6.170420640897709E-03,-1.017988226325502E-03
2454986.500000000,3.174743466013120E-01,-6.546338313606861E-01,-2.728634176192708E-02,1.806211872227292E-02,8.757042320471912E-03,-9.225000422701758E-04
2454991.500000000,4.044595525292192E-01,-6.047255115176206E-01,-3.162307755562337E-02,1.667651416464040E-02,1.117416705143532E-02,-8.094339290092976E-04
2454996.500000000,4.837084574579708E-01,-5.432500726230747E-01,-3.535493464160911E-02,1.497248085200152E-02,1.337667575780786E-02,-6.809291249208229E-04
2455001.500000000,5.537067684668388E-01,-4.713853606034683E-01,-3.841064711709065E-02,1.298206387259627E-02,1.532337387714591E-02,-5.393991305153136E-04
2455006.500000000,6.131135262859535E-01,-3.905039735120234E-01,-4.073161963806789E-02,1.074245674476499E-02,1.697766195788282E-02,-3.874917333166197E-04
2455011.500000000,6.607853689177269E-01,-3.021487350708718E-01,-4.227299223313235E-02,8.295398946840272E-03,1.830814555017694E-02,-2.280458526853207E-04
2455016.500000000,6.957976190958031E-01,-2.080052794625310E-01,-4.300448200422671E-02,5.686508327691167E-03,1.928918005861725E-02,-6.404549881399196E-05
2455021.500000000,7.174618759249941E-01,-1.098720850003441E-01,-4.291098792530827E-02,2.964550752602207E-03,1.990134531411236E-02,1.014289143637859E-04
2455026.500000000,7.253398029934016E-01,-9.628325526851604E-03,-4.199294606069989E-02,1.806495677084137E-04,2.013184246998144E-02,2.652516599151269E-04
2455031.500000000,7.192528219158448E-01,9.080004928544345E-02,-4.026642418843851E-02,-2.612560751631602E-03,1.997480396993070E-02,4.243047611425424E-04
2455036.500000000,6.992874473830718E-01,1.894755470921991E-01,-3.776294715752034E-02,-5.361830583189691E-03,1.943150745812612E-02,5.755325684300033E-04
2455041.500000000,6.657960319372267E-01,2.844851750589449E-01,-3.452904645469972E-02,-8.014234017140590E-03,1.851048360541643E-02,7.159974064613559E-04
2455046.500000000,6.193927284474234E-01,3.739767312648459E-01,-3.062553032324224E-02,-1.051814094185135E-02,1.722750595300787E-02,8.429355559257532E-04
2455051.500000000,5.609445371512382E-01,4.561947261575178E-01,-2.612647517665055E-02,-1.282420851918438E-02,1.560545130787131E-02,9.538125755963285E-04
2455056.500000000,4.915573822562133E-01,5.295152616490504E-01,-2.111794438989223E-02,-1.488637472137434E-02,1.367402094941584E-02,1.046376827701742E-03
2455061.500000000,4.125572580416089E-01,5.924791522368605E-01,-1.569644660584409E-02,-1.666283327584094E-02,1.146931524367120E-02,1.118709919128145E-03
2455066.500000000,3.254665957619525E-01,6.438225434462282E-01,-9.967152496855841E-03,-1.811696618822165E-02,9.033257626458206E-03,1.169272630811210E-03
2455071.500000000,2.319761285869241E-01,6.825042734970675E-01,-4.041896309828659E-03,-1.921820743615283E-02,6.412868417192519E-03,1.196944818236076E-03
2455076.500000000,1.339126682831990E-01,7.077292397500188E-01,1.963003816161075E-03,-1.994280984863215E-02,3.659394406737081E-03,1.201057749323883E-03
2455081.500000000,3.320334850934493E-02,7.189670764596604E-01,7.929065239150932E-03,-2.027448693478299E-02,8.273063559138892E-04,1.181417416222871E-03
2455086.500000000,-6.816297184425860E-02,7.159655273370622E-01,1.373805144655221E-02,-2.020490275260763E-02,-2.026816919684175E-03,1.138317523486917E-03
2455091.500000000,-1.681763241833189E-01,6.987580060402885E-01,1.927441959823620E-02,-1.973398595694775E-02,-4.845492764925685E-03,1.072541118935257E-03
2455096.500000000,-2.648473354488909E-01,6.676649782412017E-01,2.442774633297189E-02,-1.887004893971776E-02,-7.571596242553939E-03,9.853501892138443E-04
2455101.500000000,-3.562490137652511E-01,6.232889661712290E-01,2.909507085992395E-02,-1.762969933903605E-02,-1.014964330561866E-02,8.784629779960355E-04
2455106.500000000,-4.405575604146780E-01,5.665031640163722E-01,3.318309437817279E-02,-1.603753894218735E-02,-1.252705662524628E-02,7.540192866325804E-04
2455111.500000000,-5.160911508579809E-01,4.984338509965984E-01,3.661017748145169E-02,-1.412565378288421E-02,-1.465537408927061E-02,6.145345370045065E-04
2455116.500000000,-5.813456682760607E-01,4.204369856977850E-01,3.930808219331997E-02,-1.193290772188858E-02,-1.649136164956033E-02,4.628437850271655E-04
2455121.500000000,-6.350264528898363E-01,3.340695500886505E-01,4.122341207232425E-02,-9.504059062057753E-03,-1.799799486727485E-02,3.020372349910807E-04
2455126.500000000,-6.760752476270835E-01,2.410563821433215E-01,4.231871289591217E-02,-6.888727733614073E-03,-1.914527710761387E-02,1.353893495360841E-04
2455131.500000000,-7.036916764079941E-01,1.432533779492640E-01,4.257320794726852E-02,-4.140247198441269E-03,-1.991087040946331E-02,-3.371601460060588E-05
2455136.500000000,-7.173487721246684E-01,4.260803979262347E-02,4.198315391673680E-02,-1.314438998445764E-03,-2.028052439688643E-02,-2.018621249109896E-04
2455141.500000000,-7.168022667289780E-01,-5.888159805184204E-02,4.056181475976207E-02,1.531650400279278E-03,-2.024829565397961E-02,-3.656752868336670E-04
2455146.500000000,-7.020935516399415E-01,-1.592086164391857E-01,3.833906228274541E-02,4.341012065594880E-03,-1.981655842434279E-02,-5.218978746541566E-04
2455151.500000000,-6.735464039842453E-01,-2.563984082234737E-01,3.536062303786115E-02,7.057899994517775E-03,-1.899581596307738E-02,-6.674564727354867E-04
2455156.500000000,-6.317577474683298E-01,-3.485484655475009E-01,3.168700024357932E-02,9.628986849036028E-03,-1.780432849182047E-02,-7.995234795156671E-04
2455161.500000000,-5.775828666458921E-01,-4.338658916752615E-01,2.739210676429822E-02,1.200442282442504E-02,-1.626757895014053E-02,-9.155709003782276E-04
2455166.500000000,-5.121156142522398E-01,-5.107018873083982E-01,2.256165056152817E-02,1.413877657024227E-02,-1.441760139296257E-02,-1.013415453558302E-03
2455171.500000000,-4.366642407945094E-01,-5.775825911380380E-01,1.729131741779199E-02,1.599184343729225E-02,-1.229219882718525E-02,-1.091254505956628E-03
2455176.500000000,-3.527235336819393E-01,-6.332357898222689E-01,1.168479723228290E-02,1.752931247171654E-02,-9.934077617942462E-03,-1.147692715531214E-03
2455181.500000000,-2.619439818346908E-01,-6.766131461320292E-01,5.851700009938742E-03,1.872328915188333E-02,-7.389924546536000E-03,-1.181759564627033E-03
2455186.500000000,-1.660986845180988E-01,-7.069077194344614E-01,-9.459389162330281E-05,1.955267558919023E-02,-4.709450448947530E-03,-1.192918210943401E-03
2455191.500000000,-6.704870489365720E-02,-7.235666651999513E-01,-6.039107274180118E-03,2.000341357965395E-02,-1.944421405435557E-03,-1.181066248019273E-03
2455196.500000000,3.329246469768309E-02,-7.262990967287974E-01,-1.186742458148582E-02,2.006859828311978E-02,8.523048964495789E-04,-1.146529048548995E-03
2455201.500000000,1.329947010569554E-01,-7.150791726735032E-01,-1.746780005032907E-02,1.974847158808616E-02,3.627722968956448E-03,-1.090046417665354E-03
2455206.500000000,2.301467358392353E-01,-6.901445407677875E-01,-2.273318411967160E-02,1.905030556107485E-02,6.329591530293993E-03,-1.012753385528824E-03
2455211.500000000,3.228908067531314E-01,-6.519903184627176E-01,-2.756314076223932E-02,1.798818686785537E-02,8.907305764827235E-03,-9.161558815387006E-04
2455216.500000000,4.094560016124567E-01,-6.013588222856528E-01,-3.186563139742658E-02,1.658271069899307E-02,1.131272476882006E-02,-8.021017619540377E-04
2455221.500000000,4.881898602604368E-01,-5.392252822706126E-01,-3.555864327350844E-02,1.486059113184059E-02,1.350094928676587E-02,-6.727476542668561E-04
2455226.500000000,5.575878332170662E-01,-4.667798008166252E-01,-3.857164262775540E-02,1.285419446480775E-02,1.543104561652326E-02,-5.305220946064855E-04
2455231.500000000,6.163202256982653E-01,-3.854058335037897E-01,-4.084683503464748E-02,1.060100077586155E-02,1.706671237849182E-02,-3.780853152617369E-04
2455236.500000000,6.632562782015565E-01,-2.966554861441436E-01,-4.234021687795178E-02,8.142997536831162E-03,1.837688659781846E-02,-2.182859462689969E-04
2455241.500000000,6.974850515272513E-01,-2.022219422013800E-01,-4.302240309091543E-02,5.526008217649873E-03,1.933628463328042E-02,-5.411485791492272E-05
2455246.500000000,7.183327977217809E-01,-1.039093600851900E-01,-4.287921743151525E-02,2.798958489743990E-03,1.992587222693663E-02,1.113436277695648E-04
2455251.500000000,7.253765119091062E-01,-3.600612034267450E-03,-4.191203277740613E-02,1.308291631958208E-05,2.013325649749500E-02,2.749628913752586E-04
2455256.500000000,7.184533764677572E-01,9.677672408092405E-02,-4.013785042158368E-02,-2.778924049123913E-03,1.995299121726705E-02,4.336271966586951E-04
2455261.500000000,6.976658318669812E-01,1.952856619794849E-01,-3.758910931164164E-02,-5.523807322190965E-03,1.938678538561857E-02,5.842864463114377E-04
2455266.500000000,6.633820410560790E-01,2.900158826170929E-01,-3.431321877779520E-02,-8.168693001447630E-03,1.844360414751946E-02,7.240119180854977E-04
2455271.500000000,6.162315597322255E-01,3.791200216639567E-01,-3.037181168255426E-02,-1.066206217895638E-02,1.713965072770227E-02,8.500522178318289E-04
2455276.500000000,5.570960857359679E-01,4.608495463168839E-01,-2.583971919461472E-02,-1.295474286990926E-02,1.549821850986587E-02,9.598885032392520E-04
2455281.500000000,4.870952391472531E-01,5.335895477682093E-01,-2.080367360877579E-02,-1.500090260114742E-02,1.354940379050899E-02,1.051287833730836E-03
2455286.500000000,4.075674199715490E-01,5.958917327854889E-01,-1.536075178924132E-02,-1.675902120765129E-02,1.132967158482808E-02,1.122353356136136E-03
2455291.500000000,3.200458984383531E-01,6.465048669885901E-01,-9.616578292370512E-03,-1.819282076496995E-02,8.881270238212819E-03,1.171570005909108E-03
2455296.500000000,2.262304205672351E-01,6.844019144681234E-01,-3.683314696299545E-03,-1.927212455580438E-02,6.251495958356995E-03,1.197844011687892E-03
2455301.500000000,1.279547570067545E-01,7.088031373727315E-01,2.322529639458786E-03,-1.997361624872118E-02,3.491813926963054E-03,1.200534603613097E-03
2455306.500000000,2.715076108888450E-02,7.191944682813294E-01,8.282423312651095E-03,-2.028147260613014E-02,6.568489123604066E-04,1.179476692636374E-03
2455311.500000000,-7.419036526375007E-02,7.153405467788070E-01,1.407822672775193E-02,-2.018784333501941E-02,-2.196736034984877E-03,1.134993226695459E-03
2455316.500000000,-1.740587718679387E-01,6.972919208155850E-01,1.959463959061700E-02,-1.969315409957209E-02,-5.011447612349825E-03,1.067896145833382E-03
2455321.500000000,-2.704676929514959E-01,6.653860552620481E-01,2.472162320494407E-02,-1.880621381336572E-02,-7.730225705724021E-03,9.794752743334304E-04
2455326.500000000,-3.614951999169042E-01,6.202419588337559E-01,2.935673653673008E-02,-1.754411395490664E-02,-1.029772631033337E-02,8.714749401334721E-04
2455331.500000000,-4.453249195586719E-01,5.627484283871085E-01,3.340732515930058E-02,-1.593191536642101E-02,-1.266158502717812E-02,7.460585948429692E-04
2455336.500000000,-5.202846613384228E-01,4.940461075931390E-01,3.679250480911982E-02,-1.400212645756470E-02,-1.477362117944323E-02,6.057622085584534E-04
2455341.500000000,-5.848819386606979E-01,4.155037549690226E-01,3.944488638096576E-02,-1.179398541341235E-02,-1.659094368205187E-02,4.534376989045269E-04
2455346.500000000,-6.378354530765472E-01,3.286893033093099E-01,4.131199659914547E-02,-9.352567281838651E-03,-1.807692306000858E-02,2.921880864085756E-04
2455351.500000000,-6.781017334185940E-01,2.353364581964813E-01,4.235735797109270E-02,-6.727744079624163E-03,-1.920199927328235E-02,1.252964152579803E-04
2455356.500000000,-7.048962776098674E-01,1.373077183161132E-01,4.256120246416563E-02,-3.973031778523410E-03,-1.994430190638452E-02,-4.384928602267762E-05
2455361.500000000,-7.177087245267946E-01,3.655479780022401E-02,4.192080504611103E-02,-1.144361819660612E-03,-2.029006730198657E-02,-2.118326201785761E-04
2455366.500000000,-7.163117765898496E-01,-6.492251328966386E-02,4.045043515826360E-02,1.701183528974261E-03,-2.023384573107596E-02,-3.752846451687900E-04
2455371.500000000,-7.007637902570356E-01,-1.651180008556459E-01,3.818093576263179E-02,4.506632995000266E-03,-1.977850010995124E-02,-5.309566623609105E-04
2455376.500000000,-6.714051418624013E-01,-2.620601695584106E-01,3.515895027349783E-02,7.216348505134176E-03,-1.893500591761728E-02,-6.757879723260351E-04
2455381.500000000,-6.288486497733635E-01,-3.538519224414189E-01,3.144582665359971E-02,9.777175633350781E-03,-1.772206932909632E-02,-8.069670338722979E-04
2455386.500000000,-5.739644785501177E-01,-4.387079207750165E-01,2.711623467785396E-02,1.213949652031191E-02,-1.616558491422018E-02,-9.219848608366062E-04
2455391.500000000,-5.078600667765797E-01,-5.149888802726632E-01,2.225653769111137E-02,1.425816437671405E-02,-1.429795673584813E-02,-1.018679691552172E-03
2455396.500000000,-4.318557119344125E-01,-5.812321870968338E-01,1.696296408409754E-02,1.609330420061056E-02,-1.215730984324089E-02,-1.095272388860912E-03
2455401.500000000,-3.474565046893823E-01,-6.361783554197225E-01,1.133962512075416E-02,1.761097146416970E-02,-9.786619922347939E-03,-1.150392519488722E-03
2455406.500000000,-2.563213308633333E-01,-6.787929834262739E-01,5.496425231016442E-03,1.878366634666288E-02,-7.232787187099505E-03,-1.183095344714534E-03
2455411.500000000,-1.602296599983511E-01,-7.082839893822717E-01,-4.530907904190926E-04,1.959070552176591E-02,-4.545678250592990E-03,-1.192870154165855E-03
2455416.500000000,-6.104682017220081E-02,-7.241140212146978E-01,-6.393911815600173E-03,2.001845703408511E-02,-1.777156880330678E-03,-1.179640532383354E-03
2455421.500000000,3.931157564991974E-02,-7.260080295293198E-01,-1.221171700452564E-02,2.006044629673368E-02,1.019878731916886E-03,-1.143757250179990E-03
2455426.500000000,1.389154306258122E-01,-7.139560734473567E-01,-1.779498004160232E-02,1.971734269567917E-02,3.792438046410221E-03,-1.085984555388334E-03
2455431.500000000,2.358556207277756E-01,-6.882114908995045E-01,-2.303699003445210E-02,1.899683697826521E-02,6.488348741865772E-03,-1.007480676495031E-03
2455436.500000000,3.282785865204434E-01,-6.492846127221875E-01,-2.783776187886539E-02,1.791341951147931E-02,9.057127402472288E-03,-9.097731929052996E-04
2455441.500000000,4.144195873319581E-01,-5.979322366045114E-01,-3.210581163883391E-02,1.648806834270570E-02,1.145080401839585E-02,-7.947297504796437E-04
2455446.500000000,4.926341861612188E-01,-5.351431033323396E-01,-3.575977494336526E-02,1.474785458835009E-02,1.362469596955152E-02,-6.645246429355993E-04
2455451.500000000,5.614275683027077E-01,-4.621196363071523E-01,-3.872984899306847E-02,1.272547148118167E-02,1.553812821594532E-02,-5.216017421258855E-04
2455456.500000000,6.194813250062364E-01,-3.802562210759033E-01,-4.095904080166522E-02,1.045869203874709E-02,1.715509656647978E-02,-3.686341045727551E-04
2455461.500000000,6.656773545393349E-01,-2.911143180538976E-01,-4.240420562229183E-02,7.989758815721223E-03,1.844487045303902E-02,-2.084804704143578E-04
2455466.500000000,6.991185473970730E-01,-1.963947226342017E-01,-4.303686053933595E-02,5.364708228153436E-03,1.938253020213727E-02,-4.413887752350912E-05
2455471.500000000,7.191459358993911E-01,-9.790731618962480E-02,-4.284375962181550E-02,2.632632625159848E-03,1.994943229428980E-02,1.213022662198190E-04
2455476.500000000,7.253520064520119E-01,2.461315676240949E-03,-4.182721871942210E-02,-1.551161759668963E-04,2.013359609529466E-02,2.847153661191124E-04
2455481.500000000,7.175898893383434E-01,1.027819861753957E-01,-4.000517911402724E-02,-2.945778858735078E-03,1.993000404095131E-02,4.429868651929326E-04
2455486.500000000,6.959781592642529E-01,2.011182728769320E-01,-3.741100083547585E-02,-5.686091255061740E-03,1.934080454302088E-02,5.930720559902876E-04
2455491.500000000,6.609010121217888E-01,2.955626307197761E-01,-3.409297927690955E-02,-8.323229624652153E-03,1.837540618053315E-02,7.320508346924007E-04
2455496.500000000,6.130036310555494E-01,3.842726807776635E-01,-3.011358217338394E-02,-1.080578755319552E-02,1.705045196829276E-02,8.571836726040608E-04
2455501.500000000,5.531826183244251E-01,4.655070480350174E-01,-2.554840794027138E-02,-1.308477000791537E-02,1.538966296875281E-02,9.659669369510542E-04
2455506.500000000,4.825714512160483E-01,5.376600700824126E-01,-2.048487136276122E-02,-1.511458633140582E-02,1.342354156866029E-02,1.056186406381634E-03
2455511.500000000,4.025210196934123E-01,5.992946549989763E-01,-1.502062929491526E-02,-1.685402076745622E-02,1.118892688672698E-02,1.125967479992929E-03
2455516.500000000,3.145754168540966E-01,6.491725379225470E-01,-9.261767002229308E-03,-1.826715664022504E-02,8.728398643462072E-03,1.173820444675569E-03
2455521.500000000,2.204432783470716E-01,6.862811803634419E-01,-3.320773688074933E-03,-1.932422806195345E-02,6.089531145311095E-03,1.198679299335802E-03
2455526.500000000,1.219651023070744E-01,7.098565790314566E-01,2.685657140108396E-03,-2.000237129061107E-02,3.324004832003134E-03,1.199932771676127E-03
2455531.500000000,2.107712223869606E-02,7.194013028210779E-01,8.638960092110154E-03,-2.028624757723720E-02,4.865887174260854E-04,1.177446197673661E-03
2455536.500000000,-8.022755719488822E-02,7.146971585078448E-01,1.442111423869133E-02,-2.016851096426895E-02,-2.365986794785950E-03,1.131573018547299E-03
2455541.500000000,-1.799397265965985E-01,6.958119987969924E-01,1.991708881912669E-02,-1.965009788739334E-02,-5.176240991939744E-03,1.063154890081650E-03
2455546.500000000,-2.760758019302675E-01,6.631003297585895E-01,2.501725963959077E-02,-1.874032056064427E-02,-7.887206347143717E-03,9.735097842116441E-04
2455551.500000000,-3.667195060764030E-01,6.171975437747111E-01,2.961973553712057E-02,-1.745675293871621E-02,-1.044370860315654E-02,8.644079245372484E-04
2455556.500000000,-4.500624523519425E-01,5.590077896407741E-01,3.363253454090680E-02,-1.582490550571358E-02,-1.279362535619750E-02,7.380357985999550E-04
2455561.500000000,-5.244425795471370E-01,4.896856858872377E-01,3.697555154571395E-02,-1.387769231677119E-02,-1.488908344366876E-02,5.969489152921504E-04
2455566.500000000,-5.883794262741099E-01,4.106122830618447E-01,3.958226440270260E-02,-1.165470261962935E-02,-1.668755572615263E-02,4.440147095003959E-04
2455571.500000000,-6.406053201880580E-01,3.233658670156787E-01,4.140113375607057E-02,-9.201299666800755E-03,-1.815282251110837E-02,2.823474422937343E-04
2455576.500000000,-6.800916889925425E-01,2.296883570991557E-01,4.239666126644012E-02,-6.567575745163085E-03,-1.925576766920884E-02,1.152369977019054E-04
2455581.500000000,-7.060698548279027E-01,1.314481862826460E-01,4.255008120155475E-02,-3.807196409074736E-03,-1.997498664857336E-02,-5.392616669857071E-05
2455586.500000000,-7.180458501882730E-01,3.060064364509603E-02,4.185967218356273E-02,-9.761713469585347E-04,-2.029719173132766E-02,-2.217275098870517E-04
2455591.500000000,-7.158089865769774E-01,-7.085328724793069E-02,4.034068778869941E-02,1.868408836935363E-03,-2.021740805217411E-02,-3.848039947465733E-04
2455596.500000000,-6.994341026962625E-01,-1.709085493536934E-01,3.802491608894836E-02,4.669631315198592E-03,-1.973896234205220E-02,-5.399165756544598E-04
2455601.500000000,-6.692776063405632E-01,-2.675970775462544E-01,3.495988862477854E-02,7.371979159794945E-03,-1.887327415820126E-02,-6.840176396335725E-04
2455606.500000000,-6.259675945514495E-01,-3.590273593070324E-01,3.120776823052495E-02,9.922477020204981E-03,-1.763946597879328E-02,-8.143117855576063E-04
2455611.500000000,-5.703884829518928E-01,-4.434216370032444E-01,2.684395227485580E-02,1.227173784742016E-02,-1.606381366912051E-02,-9.283087061409131E-04
2455616.500000000,-5.036606927300957E-01,-5.191500149635712E-01,2.195543306020297E-02,1.437489022983292E-02,-1.417906229666706E-02,-1.023867335991713E-03
2455621.500000000,-4.271160301568427E-01,-5.847608646011452E-01,1.663896032797745E-02,1.619237220827569E-02,-1.202363405801813E-02,-1.099230817364095E-03
2455626.500000000,-3.422694488037404E-01,-6.390070557687247E-01,1.099905215669553E-02,1.769058351850201E-02,-9.640755276650365E-03,-1.153052187868084E-03
2455631.500000000,-2.507879109127631E-01,-6.808676748417796E-01,5.145900258415525E-03,1.884239365913866E-02,-7.077528224416194E-03,-1.184410986270649E-03
2455636.500000000,-1.544570658730455E-01,-7.095650135060507E-01,-8.067858652076113E-04,1.962750757977054E-02,-4.383971291064949E-03,-1.192821185241565E-03
2455641.500000000,-5.514644615189859E-02,-7.245767236417735E-01,-6.743953933288873E-03,2.003269413133972E-02,-1.612048570109172E-03,-1.178231041822078E-03
2455646.500000000,4.522615285525492E-02,-7.256431325881243E-01,-1.255136458865854E-02,2.005188572990414E-02,1.185292858932674E-03,-1.141015669981054E-03
2455651.500000000,1.447304913916633E-01,-7.127697935632913E-01,-1.811769348114358E-02,1.968615979617159E-02,3.955064288769979E-03,-1.081963133079952E-03
2455656.500000000,2.414593356767234E-01,-6.862254037503879E-01,-2.333654886580835E-02,1.894361149536296E-02,6.645145424276671E-03,-1.002254652738290E-03
2455661.500000000,3.335630187663530E-01,-6.465352688232692E-01,-2.810837683915677E-02,1.783912674587902E-02,9.205154463264659E-03,-9.034395698462445E-04
2455666.500000000,4.192826362874250E-01,-5.944705311125661E-01,-3.234222965542566E-02,1.639406461997866E-02,1.158727167890519E-02,-7.874057161501399E-04
2455671.500000000,4.969814446038635E-01,-5.310334056165328E-01,-3.595737555742277E-02,1.463585710500077E-02,1.374701207366958E-02,-6.563457249712122E-04
2455676.500000000,5.651740646990782E-01,-4.574386873516606E-01,-3.888473087603041E-02,1.259753255480300E-02,1.564394364502532E-02,-5.127196879525608E-04
2455681.500000000,6.225531229722291E-01,-3.750918101842342E-01,-4.106809696589332E-02,1.031716771002016E-02,1.724234795761549E-02,-3.592144809999245E-04
2455686.500000000,6.680129814905583E-01,-2.855637546389184E-01,-4.246518600303054E-02,7.837272000198689E-03,1.851181929784146E-02,-1.987000235340103E-04
2455691.500000000,7.006702266626066E-01,-1.905631228705362E-01,-4.304842089816572E-02,5.204107058256848E-03,1.942779778684111E-02,-3.418270326081944E-05
2455696.500000000,7.198805990290750E-01,-9.190572514786736E-02,-4.280549572988913E-02,2.466944104235576E-03,1.997203056181106E-02,1.312437995551555E-04
2455701.500000000,7.252520607317843E-01,8.517944716031678E-03,-4.173968435470184E-02,-3.227378037221586E-04,2.013295366203770E-02,2.944500146131553E-04
2455706.500000000,7.166537144814673E-01,1.087769269778629E-01,-3.986988640020742E-02,-3.112108626524644E-03,1.990598576918980E-02,4.523241584902069E-04
2455711.500000000,6.942203120499778E-01,2.069352410356349E-01,-3.723040188629289E-02,-5.847893526986166E-03,1.929372367531098E-02,6.018271162594466E-04
2455716.500000000,6.583521251551330E-01,3.010880393315034E-01,-3.387042845719276E-02,-8.477320120945620E-03,1.830602845373571E-02,7.400482929140538E-04
2455721.500000000,6.097099996304944E-01,3.893978949036008E-01,-2.985327885658077E-02,-1.094909591281475E-02,1.695999084308069E-02,8.642615221324203E-04
2455726.500000000,5.492054742109695E-01,4.701305913948512E-01,-2.525532046359835E-02,-1.321440244056156E-02,1.527976523796452E-02,9.719801861210272E-04
2455731.500000000,4.779859238905302E-01,5.416897350862837E-01,-2.016464350211499E-02,-1.522788779193482E-02,1.329626297129782E-02,1.061010376477924E-03
2455736.500000000,3.974147912024174E-01,6.026494643228207E-01,-1.467947166114811E-02,-1.694863498436334E-02,1.104669708624285E-02,1.129500515975204E-03
2455741.500000000,3.090470863659114E-01,6.517845059326904E-01,-8.906336319764254E-03,-1.834108187296462E-02,8.573976482174705E-03,1.175986084328362E-03
2455746.500000000,2.146004623736046E-01,6.880968300117494E-01,-2.958042163105340E-03,-1.937586681247666E-02,5.925951775437188E-03,1.199428089079283E-03
2455751.500000000,1.159223047970968E-01,7.108381757697412E-01,3.048540703158195E-03,-2.003057236681664E-02,3.154519471442594E-03,1.199243734511628E-03
2455756.500000000,1.495341693769081E-02,7.195277700370808E-01,8.994815351003146E-03,-2.029033885654748E-02,3.145976428504047E-04,1.175327808563821E-03
2455761.500000000,-8.631098186379937E-02,7.139646433031355E-01,1.476287770767044E-02,-2.014832140835412E-02,-2.537006860679136E-03,1.128063542989038E-03
2455766.500000000,-1.858621035127635E-01,6.942340641223489E-01,2.023796216872278E-02,-1.960596772304613E-02,-5.342813412908608E-03,1.058321997236342E-03
2455771.500000000,-2.817193409516300E-01,6.607077581392181E-01,2.531085413741352E-02,-1.867309886440466E-02,-8.045933065528853E-03,9.674493822422442E-04
2455776.500000000,-3.719719046928510E-01,6.140377482092594E-01,2.988020862642498E-02,-1.736778192379805E-02,-1.059134835489898E-02,8.572421761774793E-04
2455781.500000000,-4.548192935121957E-01,5.551438401962424E-01,3.385471451152731E-02,-1.571599113819599E-02,-1.292716862307103E-02,7.299103667290143E-04
2455786.500000000,-5.286095504929517E-01,4.851949760365617E-01,3.715504694286033E-02,-1.375106246483870E-02,-1.500582123275546E-02,5.880296512315304E-04
2455791.500000000,-5.918743020959875E-01,4.055848712880974E-01,3.971555578061750E-02,-1.151295517451179E-02,-1.678514040714824E-02,4.344839011618655E-04
2455796.500000000,-6.433596662643305E-01,3.179025378897977E-01,4.148564553098986E-02,-9.047342103901611E-03,-1.822931890324397E-02,2.723996158753236E-04
2455801.500000000,-6.820522418512752E-01,2.238984540571796E-01,4.243081175194689E-02,-6.404557215229690E-03,-1.930969312165135E-02,1.050744216224659E-04
2455806.500000000,-7.071995492753039E-01,1.254472734843366E-01,4.253330978800725E-02,-3.638434575496370E-03,-2.000533916193125E-02,-6.409810256417716E-05
2455811.500000000,-7.183244728544708E-01,2.450805896788413E-02,4.179244343708106E-02,-8.050765628676045E-04,-2.030346528249720E-02,-2.317048751977770E-04
2455816.500000000,-7.152334495710934E-01,-7.691692341397184E-02,4.022447313611940E-02,2.038409174298865E-03,-2.019959504090001E-02,-3.943886754143968E-04
2455821.500000000,-6.980183449604932E-01,-1.768238077001001E-01,3.786215450739067E-02,4.835165730824870E-03,-1.969754439068470E-02,-5.489203137069262E-04
2455826.500000000,-6.670521394580620E-01,-2.732481215815974E-01,3.475392788575245E-02,7.529801236252136E-03,-1.880920272645781E-02,-6.922657712505132E-04
2455831.500000000,-6.229787143954497E-01,-3.643042259546001E-01,3.096278833981074E-02,1.006952968310723E-02,-1.755413337592922E-02,-8.216466019822213E-04
2455836.500000000,-5.666971754062033E-01,-4.482223500317957E-01,2.656487332343330E-02,1.240521119164999E-02,-1.595901541416027E-02,-9.345923133152980E-04
2455841.500000000,-4.993412690726796E-01,-5.233824920384096E-01,2.164781014122567E-02,1.449227168969604E-02,-1.405695250909421E-02,-1.028983966511659E-03
2455846.500000000,-4.222545320271516E-01,-5.883445875851835E-01,1.630886827650374E-02,1.629148848866779E-02,-1.188667565110366E-02,-1.103088587470636E-03
2455851.500000000,-3.369618647681476E-01,-6.418744823744525E-01,1.065296294333775E-02,1.776963398853105E-02,-9.491666549988632E-03,-1.155584272472384E-03
2455856.500000000,-2.451382476224740E-01,-6.829653770697277E-01,4.790556001013118E-03,1.889997514725660E-02,-6.919227188255780E-03,-1.185576204835036E-03
2455861.500000000,-1.485753158016986E-01,-7.108545345651429E-01,-1.164501603224861E-03,1.966263110179102E-02,-4.219518945286527E-03,-1.192604136808285E-03
2455866.500000000,-4.914648952844670E-02,-7.250351510877932E-01,-7.097144792244236E-03,2.004479467150674E-02,-1.444592243380881E-03,-1.176641962849184E-03
2455871.500000000,5.122867906866256E-02,-7.252633890989370E-01,-1.289324858589939E-02,2.004082561318280E-02,1.352575790799338E-03,-1.138089957937701E-03
2455876.500000000,1.506203242764370E-01,-7.115606479119128E-01,-1.844172665248503E-02,1.965222512915765E-02,4.119021877237751E-03,-1.077760401951479E-03
2455881.500000000,2.471236819885785E-01,-6.842112089818366E-01,-2.363654310336042E-02,1.888750179610275E-02,6.802704595838863E-03,-9.968573785256575E-04
2455886.500000000,3.388935837160373E-01,-6.437554399690816E-01,-2.837861019679589E-02,1.776193873817675E-02,9.353371702728774E-03,-8.969514469111599E-04
2455891.500000000,4.241775583950380E-01,-5.909787767507164E-01,-3.257754783583001E-02,1.629727096361397E-02,1.172338079982750E-02,-7.799497777327909E-04
2455896.500000000,5.013471125046129E-01,-5.268967279106146E-01,-3.615328343908626E-02,1.452128049562305E-02,1.386846906036167E-02,-6.480622376263799E-04
2455901.500000000,5.689267931319981E-01,-4.527361651418063E-01,-3.903747290119207E-02,1.246731526533945E-02,1.574846857634955E-02,-5.037637945480914E-04
2455906.500000000,6.256206644005445E-01,-3.699131805680380E-01,-4.117472505613404E-02,1.017373625822231E-02,1.732796352453551E-02,-3.497535731428592E-04
2455911.500000000,6.703358493004616E-01,-2.800078129522403E-01,-4.252361384010419E-02,7.683297281180533E-03,1.857688474952104E-02,-1.889109401165322E-04
2455916.500000000,7.022028102001807E-01,-1.847359653787103E-01,-4.305746401070124E-02,5.042461112306940E-03,1.947103795651658E-02,-2.424885917368217E-05
2455921.500000000,7.205920550627141E-01,-8.591885801582630E-02,-4.276489699325421E-02,2.300653894024691E-03,1.999256035842070E-02,1.411353879490066E-04
2455926.500000000,7.251269659013005E-01,1.454960719360553E-02,-4.165012426987552E-02,-4.905397865759283E-04,2.013029777452065E-02,3.041118430918654E-04
2455931.500000000,7.156924630928820E-01,1.147371492901363E-01,-3.973297750545542E-02,-3.278236774563594E-03,1.988009290335650E-02,4.615714609760371E-04
2455936.500000000,6.924392450504742E-01,2.127086094771812E-01,-3.704866685261787E-02,-6.009164166046645E-03,1.924497465005408E-02,6.104811581048428E-04
2455941.500000000,6.557833779991183E-01,3.065621287844574E-01,-3.364726161792701E-02,-8.630608853039023E-03,1.823523750764312E-02,7.479397022718126E-04
2455946.500000000,6.064010587448898E-01,3.944654241152906E-01,-2.959289099679398E-02,-1.109139665207892E-02,1.686839965439159E-02,8.712336472531289E-04
2455951.500000000,5.452184373647565E-01,4.746915288069920E-01,-2.496266703583884E-02,-1.334288649027690E-02,1.516902895516055E-02,9.778923269841467E-04
2455956.500000000,4.733964682801698E-01,5.456533131707724E-01,-1.984533737967287E-02,-1.533996155293803E-02,1.316842759116347E-02,1.065740737739904E-03
2455961.500000000,3.923108574356194E-01,6.059360602218387E-01,-1.433968164015323E-02,-1.704199582772715E-02,1.090416867914898E-02,1.132948972423353E-03
2455966.500000000,3.035272889961636E-01,6.543273475506797E-01,-8.552672237865613E-03,-1.841377143138628E-02,8.419481999253983E-03,1.178076746361577E-03
2455971.500000000,2.087722441591846E-01,6.898434834987436E-01,-2.597428062670677E-03,-1.942631981518901E-02,5.762490761584280E-03,1.200111487582337E-03
2455976.500000000,1.098998627157262E-01,7.117517693706945E-01,3.409003052831898E-03,-2.005765874471850E-02,2.985307038058808E-03,1.198498473810360E-03
2455981.500000000,8.855438667956199E-03,7.195879131714789E-01,9.347989677497932E-03,-2.029339714954508E-02,1.429998151104966E-04,1.173161600828079E-03
2455986.500000000,-9.236372331448324E-02,7.131680065942492E-01,1.510173998231783E-02,-2.012718187738733E-02,-2.707543798384322E-03,1.124513580073452E-03
2455991.500000000,-1.917492429460461E-01,6.925945952800213E-01,2.055574755832930E-02,-1.956096426738710E-02,-5.508837589608823E-03,1.053454661976289E-03
2455996.500000000,-2.873234448638165E-01,6.582565182699599E-01,2.560120077913055E-02,-1.860506926989454E-02,-8.204063905504480E-03,9.613592441196014E-04
2456001.500000000,-3.771809643128167E-01,6.108223616374330E-01,3.013729429621424E-02,-1.727805496976125E-02,-1.073835399245479E-02,8.500501452165314E-04
2456006.500000000,-4.595291184559764E-01,5.512275604891161E-01,3.407338211699033E-02,-1.560635985547816E-02,-1.306004148760100E-02,7.217610992299561E-04
2456011.500000000,-5.327259968307805E-01,4.806553859505506E-01,3.733091544895190E-02,-1.362374489442004E-02,-1.512184833157748E-02,5.790883278649642E-04
2456016.500000000,-5.953152757818726E-01,4.005122502447604E-01,3.984511361582888E-02,-1.137054397764584E-02,-1.688196571573175E-02,4.249324599809336E-04
2456021.500000000,-6.460568499481849E-01,3.123979407727796E-01,4.156632406088617E-02,-8.892744610701719E-03,-1.830499618641949E-02,2.624325690080287E-04
2456026.500000000,-6.839525021935399E-01,2.180715529004760E-01,4.246103708547445E-02,-6.240927946911569E-03,-1.936272774324551E-02,9.489439567757763E-05
2456031.500000000,-7.082659928992785E-01,1.194140198296957E-01,4.251253189580118E-02,-3.469102582064302E-03,-2.003471789766015E-02,-7.428495894609534E-05
2456036.500000000,-7.185371309926768E-01,1.838822791267320E-02,4.172114223561872E-02,-6.334699293833399E-04,-2.030867383543340E-02,-2.416934962577005E-04
2456041.500000000,-7.145895822663598E-01,-8.300224622283968E-02,4.010414169567030E-02,2.208839729730397E-03,-2.018062334913782E-02,-4.039796083389554E-04
2456046.500000000,-6.965323648025532E-01,-1.827547347093235E-01,3.769526008373152E-02,5.001022250464937E-03,-1.965487953105461E-02,-5.579240232023220E-04
2456051.500000000,-6.647551665516991E-01,-2.789084059468574E-01,3.454385246351874E-02,7.687810153594919E-03,-1.874380980857102E-02,-7.005065004081233E-04
2456056.500000000,-6.199177875611287E-01,-3.695835823934434E-01,3.071375118824804E-02,1.021660746046048E-02,-1.746742631161835E-02,-8.289657067644618E-04
2456061.500000000,-5.629341521739847E-01,-4.530186083255739E-01,2.628183816388692E-02,1.253852307410001E-02,-1.585281946278777E-02,-9.408510838524441E-04
2456066.500000000,-4.949514501840796E-01,-5.276035454713126E-01,2.133637952329979E-02,1.460928306918947E-02,-1.393345989681487E-02,-1.034065917375505E-03
2456071.500000000,-4.173250483977529E-01,-5.919101043901064E-01,1.597516787202775E-02,1.639000851788251E-02,-1.174839531272804E-02,-1.106901201079471E-03
2456076.500000000,-3.315898660854246E-01,-6.447173530757057E-01,1.030351843433044E-02,1.784785128804336E-02,-9.341368906861281E-03,-1.158060227642294E-03
2456081.500000000,-2.394289326574915E-01,-6.850328760345666E-01,4.432164968174952E-03,1.895648536507114E-02,-6.759885392465546E-03,-1.186674161368105E-03
2456086.500000000,-1.426398454130297E-01,-7.121091839638419E-01,-1.524900774887969E-03,1.969645635453197E-02,-4.054249012279679E-03,-1.192309156567038E-03
2456091.500000000,-4.309982134376578E-02,-7.254552864949838E-01,-7.452605296450040E-03,2.005539552755540E-02,-1.276593675931756E-03,-1.174965599437948E-03
2456096.500000000,5.726999738632554E-02,-7.248434297139452E-01,-1.323694701721028E-02,2.002810557084859E-02,1.520078794820076E-03,-1.135069917741417E-03
2456101.500000000,1.565403639600505E-01,-7.103110745536994E-01,-1.876709177482317E-02,1.961652694624745E-02,4.282838443343451E-03,-1.073459647832127E-03
2456106.500000000,2.528093032934757E-01,-6.821582551938437E-01,-2.393737869730182E-02,1.882959572052162E-02,6.959733785629485E-03,-9.913626680483905E-04
2456111.500000000,3.442365283786128E-01,-6.409405052702947E-01,-2.864920938252100E-02,1.768300335009184E-02,9.500656892380652E-03,-8.903714046353945E-04
2456116.500000000,4.290764295305056E-01,-5.874575755335725E-01,-3.281279683432718E-02,1.619886743258053E-02,1.185816088093587E-02,-7.724126149050644E-04
2456121.500000000,5.057092107922907E-01,-5.227381923206423E-01,-3.634875323886907E-02,1.440532095634011E-02,1.398822548176604E-02,-6.397132087773325E-04
2456126.500000000,5.726697819114245E-01,-4.480211251067726E-01,-3.918949774060999E-02,1.233602618970177E-02,1.585096731760594E-02,-4.947624839616278E-04
2456131.500000000,6.286740416595906E-01,-3.647328474356314E-01,-4.128046708866651E-02,1.002961802957855E-02,1.741129172431441E-02,-3.402710860913206E-04
2456136.500000000,6.726422094214806E-01,-2.744620922690899E-01,-4.258111344764261E-02,7.529080497777857E-03,1.863948249298788E-02,-1.791269545937784E-04
2456141.500000000,7.037188783278218E-01,-1.789316230850607E-01,-4.306567488650617E-02,4.881059313101397E-03,1.951172496824373E-02,-1.434848566034733E-05
2456146.500000000,7.212894770398524E-01,-7.996756800812806E-02,-4.272370520725208E-02,2.135113246580712E-03,2.001055663625838E-02,1.509648531285653E-04
2456151.500000000,7.249928416034269E-01,2.053330260915119E-02,-4.156035105944977E-02,-6.570926261452594E-04,2.012523777887350E-02,3.136841663726442E-04
2456156.500000000,7.147296162254914E-01,1.206379335525544E-01,-3.959636599117067E-02,-3.442647884576976E-03,1.985203320329109E-02,4.707046423609176E-04
2456161.500000000,6.906662243664374E-01,2.184125082379571E-01,-3.686785311003559E-02,-6.168306541692682E-03,1.919439531170046E-02,6.190005331427555E-04
2456166.500000000,6.532341861043895E-01,3.119586189421445E-01,-3.342573019564337E-02,-8.781437084922678E-03,1.816303774555230E-02,7.556810697061250E-04
2456171.500000000,6.031246071798344E-01,3.994495056089249E-01,-2.933491480384118E-02,-1.123100168557097E-02,1.677588707060011E-02,8.780463699403952E-04
2456176.500000000,5.412777291531344E-01,4.791657241190937E-01,-2.467323214479935E-02,-1.346854964481499E-02,1.505790129079995E-02,9.836422371399013E-04
2456181.500000000,4.688675153046536E-01,5.495295570674278E-01,-1.953005401183444E-02,-1.544920638454672E-02,1.304074720359384E-02,1.070312758364364E-03
2456186.500000000,3.872813453615463E-01,6.091374452047718E-01,-1.400468268952602E-02,-1.713263719539829E-02,1.076233040595132E-02,1.136249486181150E-03
2456191.500000000,2.980950046982772E-01,6.567896922201369E-01,-8.204500576607198E-03,-1.848396131583960E-02,8.266174427833822E-03,1.180035706730045E-03
2456196.500000000,2.030432840024687E-01,6.915166904801535E-01,-2.242914061972327E-03,-1.947458897471487E-02,5.600650784146856E-03,1.200684209221615E-03
2456201.500000000,1.039866453983150E-01,7.126009394769007E-01,3.762871999035436E-03,-2.008295303008337E-02,2.818067839918714E-03,1.197667029228684E-03
2456206.500000000,2.874552418972122E-03,7.195941838936951E-01,9.694205480264707E-03,-2.029510723776102E-02,-2.636729894354657E-05,1.170935751887225E-03
2456211.500000000,-9.829380301491726E-02,7.123290854745531E-01,1.543341350433331E-02,-2.010516508295547E-02,-2.875693168310946E-03,1.120931156619491E-03
2456216.500000000,-1.975105214049422E-01,6.909249622354747E-01,2.086624853646078E-02,-1.951555671152079E-02,-5.672417644094140E-03,1.048581276937520E-03
2456221.500000000,-2.928008093072269E-01,6.557872775137369E-01,2.588429458778160E-02,-1.853708678986942E-02,-8.359788501139489E-03,9.552873290643519E-04
2456226.500000000,-3.822645613535165E-01,6.076007348286653E-01,3.038727243062610E-02,-1.718878289876423E-02,-1.088307414677829E-02,8.428974119177150E-04
2456231.500000000,-4.641166536217463E-01,5.473160250741025E-01,3.428518345574119E-02,-1.549753196239694E-02,-1.319081530931985E-02,7.136683711949521E-04
2456236.500000000,-5.367248999825982E-01,4.761304708624302E-01,3.750023501577707E-02,-1.349751073504701E-02,-1.523600793278368E-02,5.702167190887459E-04
2456241.500000000,-5.986446746783671E-01,3.954630084476663E-01,3.996849575681326E-02,-1.122942493180115E-02,-1.697717914090607E-02,4.154599740278876E-04
2456246.500000000,-6.486492977216310E-01,3.069241299543314E-01,4.164123733370408E-02,-8.739579617173828E-03,-1.837932181741006E-02,2.525502026734387E-04
2456251.500000000,-6.857554108791675E-01,2.122815677293488E-01,4.248592870802305E-02,-6.078810518327349E-03,-1.941465892777127E-02,8.480188801683197E-05
2456256.500000000,-7.092427350636050E-01,1.134226290729863E-01,4.248686044000392E-02,-3.301311480144409E-03,-2.006321620896468E-02,-8.438354842976152E-05
2456261.500000000,-7.186677842312387E-01,1.231417459424933E-02,4.164538804398773E-02,-4.633959730214111E-04,-2.031319062454074E-02,-2.515942703604822E-04
2456266.500000000,-7.138713013559587E-01,-8.903872319832103E-02,3.997979477625620E-02,2.377769194499314E-03,-2.016110952237237E-02,-4.134833486132934E-04
2456271.500000000,-6.949793738609318E-01,-1.886343968746690E-01,3.752478559414397E-02,5.165419417223266E-03,-1.961178284711605E-02,-5.668406046853632E-04
2456276.500000000,-6.623983750730835E-01,-2.845154666597811E-01,3.433063478251349E-02,7.844400679909415E-03,-1.867805972317105E-02,-7.086590148437966E-04
2456281.500000000,-6.168040474984725E-01,-3.748080534057597E-01,3.046201839181165E-02,1.036229975921520E-02,-1.738040741671088E-02,-8.361941565944072E-04
2456286.500000000,-5.591251841227365E-01,-4.577584876712137E-01,2.599656936675141E-02,1.267047114170661E-02,-1.574633478667115E-02,-9.470155244670300E-04
2456291.500000000,-4.905224739949555E-01,-5.317667994747646E-01,2.102319799598559E-02,1.472494173723538E-02,-1.380968555285086E-02,-1.039049011270651E-03
2456296.500000000,-4.123631584525380E-01,-5.954164056732865E-01,1.564022272570487E-02,1.648718015519749E-02,-1.160982865418284E-02,-1.110610244430435E-03
2456301.500000000,-3.261921965084821E-01,-6.474995481120863E-01,9.953357483563213E-03,1.792472302246473E-02,-9.190772557051830E-03,-1.160428644926608E-03
2456306.500000000,-2.337006605517545E-01,-6.870381663239881E-01,4.073601572721574E-03,1.901165669140815E-02,-6.600228842419760E-03,-1.187662404988111E-03
2456311.500000000,-1.366920798086808E-01,-7.133000103885030E-01,-1.884923638840155E-03,1.972895720478288E-02,-3.888648340727606E-03,-1.191904892389130E-03
2456316.500000000,-3.704742616510707E-02,-7.258099089333687E-01,-7.807149954280198E-03,2.006469462533696E-02,-1.108250173124089E-03,-1.173183131795679E-03
2456321.500000000,6.331059973808990E-02,-7.243562007542140E-01,-1.357921167597946E-02,2.001411013894638E-02,1.687939291856650E-03,-1.131949084118295E-03
2456326.500000000,1.624533700002288E-01,-7.089924151098984E-01,-1.909053488466564E-02,1.957957567224626E-02,4.447023922587672E-03,-1.069064472039053E-03
2456331.500000000,2.584816565172568E-01,-6.800343459627769E-01,-2.423583623835702E-02,1.877044618328405E-02,7.117141259450875E-03,-9.857798794544188E-04
2456336.500000000,3.495599716832515E-01,-6.380527107346573E-01,-2.891700434637499E-02,1.760281437745550E-02,9.648324193708233E-03,-8.837087835549128E-04
2456341.500000000,4.339494568991382E-01,-5.838616170169749E-01,-3.304483980946588E-02,1.609917641146540E-02,1.199331528842577E-02,-7.647970733141973E-04
2456346.500000000,5.100388922396057E-01,-5.185030859440708E-01,-3.654063260630920E-02,1.428801579286431E-02,1.410832902632414E-02,-6.312885558991033E-04
2456351.500000000,5.763734354183208E-01,-4.432279033216729E-01,-3.933755807854530E-02,1.220331232136438E-02,1.595375791874211E-02,-4.856869691311278E-04
2456356.500000000,6.316807303071895E-01,-3.594730857543282E-01,-4.138187497852343E-02,9.883981645001887E-03,1.749482006339374E-02,-3.307148207556434E-04
2456361.500000000,6.748940459306823E-01,-2.688362611174870E-01,-4.263391002730899E-02,7.373248234793941E-03,1.870214512955260E-02,-1.692691781464918E-04
2456366.500000000,7.051721186147064E-01,-1.730472837838863E-01,-4.306881425374559E-02,4.717954133547907E-03,1.955229347275277E-02,-4.374640007978792E-06
2456371.500000000,7.219153834848507E-01,-7.393743447642399E-02,-4.267707776410730E-02,1.967806466203036E-03,2.002820204979510E-02,1.608662153494607E-04
2456376.500000000,7.247782971661555E-01,2.659341141380952E-02,-4.146479104667403E-02,-8.254329945032576E-04,2.011954977150249E-02,3.233246125462941E-04
2456381.500000000,7.136774718549229E-01,1.266112227605507E-01,-3.945364250687019E-02,-3.608812027643964E-03,1.982303345433841E-02,4.798992361179105E-04
2456386.500000000,6.887953658410066E-01,2.241833868960598E-01,-3.668064399664885E-02,-6.329100014590257E-03,1.914254418372516E-02,6.275712840896873E-04
2456391.500000000,6.505793109648066E-01,3.174148936749049E-01,-3.319757886754943E-02,-8.933739487562140E-03,1.808923300938968E-02,7.634602851924839E-04
2456396.500000000,5.997357065503022E-01,4.044845477105903E-01,-2.907017067773942E-02,-1.137182582501543E-02,1.668145465447650E-02,8.848798694500518E-04
2456401.500000000,5.372192744762136E-01,4.836805716108874E-01,-2.437697520368099E-02,-1.359510034680170E-02,1.494457852015426E-02,9.893924935585306E-04
2456406.500000000,4.642173527006610E-01,5.534349129973221E-01,-1.920800386665621E-02,-1.555893848614298E-02,1.291065786483092E-02,1.074861937780137E-03
2456411.500000000,3.821293049749661E-01,6.123555287681555E-01,-1.366309302280148E-02,-1.722331123485078E-02,1.061795073762939E-02,1.139502227311006E-03
2456416.500000000,2.925412413996229E-01,6.592558970940980E-01,-7.850040629642681E-03,-1.855369499779347E-02,8.110290088288520E-03,1.181921508037896E-03
2456421.500000000,1.971963748757128E-01,6.931810066813765E-01,-1.882539330802995E-03,-1.952190272946827E-02,5.436305427366182E-03,1.201159348531381E-03
2456426.500000000,9.796147725021360E-02,7.134290991401719E-01,4.122057401684085E-03,-2.010680823855601E-02,2.648504315648285E-03,1.196715973687268E-03
2456431.500000000,-3.209961345483710E-03,7.195684974725413E-01,1.004509219096844E-02,-2.029493611994611E-02,-1.977717482835271E-04,1.168572030328312E-03
2456436.500000000,-1.043171318578099E-01,7.114489408972713E-01,1.576903307617706E-02,-2.008089107029684E-02,-3.045496901758048E-03,1.117197583019889E-03
2456441.500000000,-2.033530015103534E-01,6.892069613878373E-01,2.117991890334698E-02,-1.946760358021371E-02,-5.837189494751418E-03,1.043549445202776E-03
2456446.500000000,-2.983461425949523E-01,6.532649915595585E-01,2.616976116947885E-02,-1.846637546051241E-02,-8.516184725218165E-03,9.490563690917913E-04
2456451.500000000,-3.874022665683787E-01,6.043240766428881E-01,3.063884115190209E-02,-1.709671546192551E-02,-1.102791423132005E-02,8.355920075852712E-04
2456456.500000000,-4.687444061132995E-01,5.433502498235231E-01,3.449784215423872E-02,-1.538596321383776E-02,-1.332115457738783E-02,7.054361099235525E-04
2456461.500000000,-5.407506992274527E-01,4.715548258840829E-01,3.766976007038001E-02,-1.336870787598696E-02,-1.534920485439368E-02,5.612248427108660E-04
2456466.500000000,-6.019887828665237E-01,3.903690643400113E-01,4.009154115077333E-02,-1.108601652040326E-02,-1.707095519003930E-02,4.058916190471200E-04
2456471.500000000,-6.512458994913199E-01,3.014138350330385E-01,4.171540387534225E-02,-8.584495382583013E-03,-1.845181199699519E-02,2.426002426575959E-04
2456476.500000000,-6.875539532548045E-01,2.064650760809271E-01,4.250981169981088E-02,-5.915213944721403E-03,-1.946445162995240E-02,7.467248636504322E-05
2456481.500000000,-7.102089159851820E-01,1.074159580413142E-01,4.246007457782684E-02,-3.132526946155323E-03,-2.008938139848203E-02,-9.448758067511309E-05
2456486.500000000,-7.187841673264003E-01,6.236753155686374E-03,4.156856895798439E-02,-2.928325584651237E-04,-2.031529509357660E-02,-2.614701342715579E-04
2456491.500000000,-7.131375479945622E-01,-9.506654862433506E-02,3.985457777161868E-02,2.546694032126337E-03,-2.013921874240302E-02,-4.229346818063652E-04
2456496.500000000,-6.934120994266700E-01,-1.944938346787324E-01,3.735376314588316E-02,5.329353488035785E-03,-1.956645060701311E-02,-5.756815481634815E-04
2456501.500000000,-6.600306470925501E-01,-2.900916729379296E-01,3.411729465421193E-02,8.000126467983114E-03,-1.861030693926949E-02,-7.167178901724512E-04
2456506.500000000,-6.136845497944990E-01,-3.799923941420508E-01,3.021066442971765E-02,1.050679841776965E-02,-1.729169123902798E-02,-8.433167138332188E-04
2456511.500000000,-5.553170769043532E-01,-4.624506250543373E-01,2.571222715643791E-02,1.280097991672846E-02,-1.563850940595389E-02,-9.530677461304759E-04
2456516.500000000,-4.861019861068586E-01,-5.358765646442103E-01,2.071150775559218E-02,1.483900343138527E-02,-1.368495619216271E-02,-1.043919387256872E-03
2456521.500000000,-4.074179549743441E-01,-5.988654273623624E-01,1.530732248239818E-02,1.658268338821879E-02,-1.147070023928324E-02,-1.114211370664820E-03
2456526.500000000,-3.208195684028258E-01,-6.502226158998093E-01,9.605759857097754E-03,1.799993329296729E-02,-9.039995288005359E-03,-1.162698214490922E-03
2456531.500000000,-2.280055795284747E-01,-6.889843179440386E-01,3.718066722119681E-03,1.906523942602446E-02,-6.440742402430718E-03,-1.188563770043415E-03
2456536.500000000,-1.307851564669454E-01,-7.144333378899663E-01,-2.241516867646896E-03,1.975999341121783E-02,-3.723525305554113E-03,-1.191427214145072E-03
2456541.500000000,-3.104280839369152E-02,-7.261100813393949E-01,-8.157932527675053E-03,2.007268915105056E-02,-9.406393650143055E-04,-1.171341089857512E-03
2456546.500000000,6.929735176609875E-02,-7.238187054183663E-01,-1.391745037510910E-02,1.999899286303372E-02,1.854868531191047E-03,-1.128782176885798E-03
2456551.500000000,1.683073983475197E-01,-7.076285243079729E-01,-1.940975389442030E-02,1.954169622030249E-02,4.610135815458258E-03,-1.064635958750053E-03
2456556.500000000,2.640908785553416E-01,-6.778708182064337E-01,-2.452993263869496E-02,1.871056271473776E-02,7.273385549367360E-03,-9.801754052954637E-04
2456561.500000000,3.548170832315293E-01,-6.351312385235939E-01,-2.918035602024244E-02,1.752207690193476E-02,9.794785531974081E-03,-8.770347296858178E-04
2456566.500000000,4.387538394726609E-01,-5.802380350995877E-01,-3.327240454806639E-02,1.599910525183677E-02,1.212725958285397E-02,-7.571786991997384E-04
2456571.500000000,5.142984023418272E-01,-5.142463555392119E-01,-3.672803753786066E-02,1.417047606366089E-02,1.422724679521809E-02,-6.228679866811101E-04
2456576.500000000,5.800060567430717E-01,-4.384188856181498E-01,-3.948117852021669E-02,1.207048451254481E-02,1.605540530548996E-02,-4.766209567928775E-04
2456581.500000000,6.346160675040179E-01,-3.542031165075224E-01,-4.147890133665873E-02,9.738327577034632E-03,1.757725720601397E-02,-3.211722024595393E-04
2456586.500000000,6.770746365122424E-01,-2.632055425559681E-01,-4.268240136886494E-02,7.217472442713692E-03,1.876377068795319E-02,-1.594281074773163E-04
2456591.500000000,7.065545412129607E-01,-1.671631149883971E-01,-4.306773771787930E-02,4.554961044838643E-03,1.959187467989359E-02,5.580294373550308E-06
2456596.500000000,7.224711417234188E-01,-6.791230265618697E-02,-4.262633333764412E-02,1.800653527929978E-03,2.004490032081083E-02,1.707469734287961E-04
2456601.500000000,7.244944601991689E-01,3.264385635712922E-02,-4.136522099721945E-02,-9.935856797827609E-04,2.011294169580472E-02,3.329428660595185E-04
2456606.500000000,7.125570548383884E-01,1.325702856965671E-01,-3.930702450426124E-02,-3.774755415617981E-03,1.979312646783882E-02,4.890697270750620E-04
2456611.500000000,6.868574328106358E-01,2.299355076092827E-01,-3.648966704650709E-02,-6.489633421125920E-03,1.908978570492187E-02,6.361153238462238E-04
2456616.500000000,6.478587839472328E-01,3.228478530883674E-01,-3.296580170973366E-02,-9.085730503739103E-03,1.801451155428645E-02,7.712092403132876E-04
2456621.500000000,5.962828722794372E-01,4.094916586512791E-01,-2.880196304634414E-02,-1.151227112608579E-02,1.658609257481621E-02,8.916785262889836E-04
2456626.500000000,5.330989869373576E-01,4.881628126665515E-01,-2.407744256529944E-02,-1.372118643881724E-02,1.483031647409236E-02,9.951023026746916E-04
2456631.500000000,4.595079337875968E-01,5.573029632550366E-01,-1.888289630227670E-02,-1.566810152659421E-02,1.277963060917413E-02,1.079364099009801E-03
2456636.500000000,3.769211511204619E-01,6.155316588910400E-01,-1.331869927844853E-02,-1.731329456466565E-02,1.047265383117859E-02,1.142700519622403E-03
2456641.500000000,2.869351516113238E-01,6.616756710244880E-01,-7.493068871878205E-03,-1.862260277254372E-02,7.953537461382132E-03,1.183744761226637E-03
2456646.500000000,1.913016238047339E-01,6.947947488403167E-01,-1.519986639952922E-03,-1.956824799817317E-02,5.271178066650648E-03,1.201563460577522E-03
2456651.500000000,9.189366533548970E-02,7.142030835600554E-01,4.483044283863585E-03,-2.012955372028042E-02,2.478290410028939E-03,1.195685374413484E-03
2456656.500000000,-9.331239140813914E-03,7.194858171829972E-01,1.039736186678377E-02,-2.029352564428364E-02,-3.696447298096215E-04,1.166120514779425E-03
2456661.500000000,-1.103707476903037E-01,7.105100204209180E-01,1.610557719108050E-02,-2.005527015436935E-02,-3.215536610978539E-03,1.113368576334260E-03
2456666.500000000,-2.092188311117717E-01,6.874296871108834E-01,2.149401990999011E-02,-1.941822872470305E-02,-6.001916754439717E-03,1.038415759350010E-03
2456671.500000000,-3.039076191225528E-01,6.506844457944290E-01,2.645513746949028E-02,-1.839421172440107E-02,-8.672213853321625E-03,9.427193776740643E-04
2456676.500000000,-3.925488915723385E-01,6.009918680180705E-01,3.088978625762527E-02,-1.700322155288246E-02,-1.117203366107391E-02,8.281800297854996E-04
2456681.500000000,-4.733741521977049E-01,5.393334470941147E-01,3.470935322393739E-02,-1.527306288762135E-02,-1.345040429080642E-02,6.971017501131105E-04
2456686.500000000,-5.447722340052357E-01,4.669345191225687E-01,3.783765049656714E-02,-1.323874707144777E-02,-1.546094753834957E-02,5.521413032225929E-04
2456691.500000000,-6.053234446034231E-01,3.852385915130069E-01,4.021253273299127E-02,-1.094170721750854E-02,-1.716293850954341E-02,3.962482841444682E-04
2456696.500000000,-6.538293641732035E-01,2.958767241955575E-01,4.178719587047553E-02,-8.428848860452668E-03,-1.852221978074842E-02,2.325978985445177E-04
2456701.500000000,-6.893375481730551E-01,2.006327619877922E-01,4.253112553846478E-02,-5.751466590864443E-03,-1.951194280205193E-02,6.451838307978626E-05
2456706.500000000,-7.111605486742287E-01,1.014053364033728E-01,4.243067361799856E-02,-2.964060949476700E-03,-2.011311578933518E-02,-1.045847631805574E-04
2456711.500000000,-7.188888506091343E-01,1.676413233632413E-04,4.148925312622918E-02,-1.230942225746633E-04,-2.031494488979213E-02,-2.713052600142524E-04
2456716.500000000,-7.123975180720564E-01,-1.010739713404501E-01,3.972715397726377E-02,2.714274820151319E-03,-2.011496523693262E-02,-4.323108367567264E-04
2456721.500000000,-6.918465401685517E-01,-2.003215353323630E-01,3.718099347606690E-02,5.491439891555775E-03,-1.951896715290174E-02,-5.844142264230399E-04
2456726.500000000,-6.576750450587872E-01,-2.956261574395952E-01,3.390282502728777E-02,8.153545429615173E-03,-1.854073003815826E-02,-7.246386240391789E-04
2456731.500000000,-6.105897147848134E-01,-3.851269301276700E-01,2.995893650622289E-02,1.064860339711406E-02,-1.720158194828325E-02,-8.502761335321568E-04
2456736.500000000,-5.515478720216799E-01,-4.670872519401805E-01,2.542837649054665E-02,1.292850419307756E-02,-1.552980718005281E-02,-9.589380172154231E-04
2456741.500000000,-4.817358159595150E-01,-5.399278589141923E-01,2.040125131933632E-02,1.494990356422049E-02,-1.355992753822359E-02,-1.048596033414820E-03
2456746.500000000,-4.025430602155971E-01,-6.022560026638089E-01,1.497683846819831E-02,1.667497335085055E-02,-1.133188424165752E-02,-1.117614548132965E-03
2456751.500000000,-3.155331717803658E-01,-6.528903453085247E-01,9.261562478586189E-03,1.807200973107693E-02,-8.890147101081887E-03,-1.164773427189237E-03
2456756.500000000,-2.224119283122419E-01,-6.908812712757086E-01,3.366878941457889E-03,1.911589783667087E-02,-6.282776102518416E-03,-1.189281988804473E-03
2456761.500000000,-1.249935056159384E-01,-7.155264359682646E-01,-2.592889925022208E-03,1.978843589095095E-02,-3.560458119147160E-03,-1.190784509810114E-03
2456766.500000000,-2.516538285756486E-02,-7.263814775403248E-01,-8.502727422319417E-03,2.007852525364502E-02,-7.755384542495007E-04,-1.169357924276305E-03
2456771.500000000,7.514738472497846E-02,-7.232659082845890E-01,-1.424906497851197E-02,1.998223492898949E-02,2.018936412476922E-03,-1.125502431308748E-03
2456776.500000000,1.740179218398193E-01,-7.062642755155871E-01,-1.972186158624940E-02,1.950275018951765E-02,4.770151878371369E-03,-1.060125737602936E-03
2456781.500000000,2.695527627795510E-01,-6.757227390279612E-01,-2.481658996187958E-02,1.865021495821687E-02,7.426424067151273E-03,-9.745216116458091E-04
2456786.500000000,3.599260464258625E-01,-6.322412568545988E-01,-2.943610262006820E-02,1.744147708870145E-02,9.938056440346956E-03,-8.703434103566728E-04
2456791.500000000,4.434122141920736E-01,-5.766616069591567E-01,-3.349235445992361E-02,1.589974579589689E-02,1.225814803309666E-02,-7.495732629789675E-04
2456796.500000000,5.184167928002170E-01,-5.100514958985496E-01,-3.690796145909790E-02,1.405416921973279E-02,1.434335004243787E-02,-6.144873796751151E-04
2456801.500000000,5.835048759416011E-01,-4.336850192539993E-01,-3.961757673489516E-02,1.193933708582621E-02,1.615456792860297E-02,-4.676177328092364E-04
2456806.500000000,6.374269403345867E-01,-3.490197562348497E-01,-4.156906658314571E-02,9.594712479601267E-03,1.765760492088782E-02,-3.117104243207774E-04
2456811.500000000,6.791416514964297E-01,-2.576708022527974E-01,-4.272447073811331E-02,7.063996528141995E-03,1.882374258334364E-02,-1.496810520421698E-04
2456816.500000000,7.078353316639225E-01,-1.613820659990416E-01,-4.306073247674549E-02,4.394429037444189E-03,1.963025353460341E-02,1.543268088789690E-05
2456821.500000000,7.229377764877247E-01,-6.199518517892057E-02,-4.257018536724833E-02,1.636027841826586E-03,2.006084010097874E-02,1.805208749466666E-04
2456826.500000000,7.241341218157193E-01,3.858355000695598E-02,-4.126078476671228E-02,-1.159229889550608E-03,2.010599114441541E-02,3.424535706566242E-04
2456831.500000000,7.113724808394356E-01,1.384178340173847E-01,-3.915607384144470E-02,-3.938279934063338E-03,1.976324783964656E-02,4.981347297328953E-04
2456836.500000000,6.848670986083790E-01,2.355770628432959E-01,-3.629487610031797E-02,-6.647890536745951E-03,1.903736796512962E-02,6.445575516226130E-04
2456841.500000000,6.450968087248744E-01,3.281725953872711E-01,-3.273070935789409E-02,-9.235620297456016E-03,1.794037751916288E-02,7.788604597957280E-04
2456846.500000000,5.927986288484109E-01,4.143939676499830E-01,-2.853091980997703E-02,-1.165080249459349E-02,1.649149838131766E-02,8.983829143923781E-04
2456851.500000000,5.289563997319660E-01,4.925444131389221E-01,-2.377553958810012E-02,-1.384554049325732E-02,1.471694150220240E-02,1.000720020735551E-03
2456856.500000000,4.547844581764715E-01,5.610749943319319E-01,-1.855587676910818E-02,-1.577569532394891E-02,1.264955688820166E-02,1.083774723177635E-03
2456861.500000000,3.717064374892698E-01,6.186166132236335E-01,-1.297285326250879E-02,-1.740184312565300E-02,1.032833459837610E-02,1.145806223303710E-03
2456866.500000000,2.813294079421905E-01,6.640091500316693E-01,-7.135113081126906E-03,-1.869017732127294E-02,7.797755141704883E-03,1.185473156864889E-03
2456871.500000000,1.854137007324524E-01,6.963269828093001E-01,-1.156931045975246E-03,-1.961332841194210E-02,5.106992283851045E-03,1.201869981756523E-03
2456876.500000000,8.583889705407610E-02,7.149001664660746E-01,4.844040331372632E-03,-2.015107347297565E-02,2.308975810818912E-03,1.194555085655923E-03
2456881.500000000,-1.543339564046106E-02,7.193306068859894E-01,1.074914086436521E-02,-2.029090703355051E-02,-5.406696846669393E-04,1.163569194372228E-03
2456886.500000000,-1.163992189325342E-01,7.095026671664438E-01,1.644113775128389E-02,-2.002844690966562E-02,-3.384786552798409E-03,1.109442823127062E-03
2456891.500000000,-2.150535117364292E-01,6.855877695582180E-01,2.180666896364703E-02,-1.936765458879781E-02,-6.165919063920083E-03,1.033192062125631E-03
2456896.500000000,-3.094319630513145E-01,6.480427067366452E-01,2.673863534762671E-02,-1.832085443492420E-02,-8.827588785080075E-03,9.363022217400900E-04
2456901.500000000,-3.976524365310261E-01,5.976015523730227E-01,3.113848035524335E-02,-1.690854231264544E-02,-1.131557299447195E-02,8.206992749302581E-04
2456906.500000000,-4.779549077215205E-01,5.352612544917654E-01,3.491829738009841E-02,-1.515898258579471E-02,-1.357914647001123E-02,6.887095812743286E-04
2456911.500000000,-5.487388714999950E-01,4.622611944871223E-01,3.800270838965480E-02,-1.310760121459174E-02,-1.557224692564501E-02,5.430088876498900E-04
2456916.500000000,-6.085972374910880E-01,3.800571889356819E-01,4.033046370238745E-02,-1.079619125232433E-02,-1.725452647467315E-02,3.865620640780073E-04
2456921.500000000,-6.563458328300820E-01,2.902905897969412E-01,4.185572107371054E-02,-8.271954913555934E-03,-1.859225569197067E-02,2.225554285854123E-04
2456926.500000000,-6.910477696636688E-01,1.947532913387605E-01,4.254897231529953E-02,-5.586412996995693E-03,-1.955905288183355E-02,5.432381319584826E-05
2456931.500000000,-7.120321016971044E-01,9.534957094219793E-02,4.239759693373277E-02,-2.794217327397681E-03,-2.013641861082249E-02,-1.147252976373376E-04
2456936.500000000,-7.189063804081645E-01,-5.944229914963439E-03,4.140603410933674E-02,4.809528003902523E-05,-2.031406388200486E-02,-2.811881753679149E-04
2456941.500000000,-7.115629166481229E-01,-1.071211415190757E-01,3.959557609444489E-02,2.883368357469628E-03,-2.009002889185452E-02,-4.417395005352693E-04
2456946.500000000,-6.901787465029174E-01,-2.061850811096181E-01,3.700379718017727E-02,5.655072670322488E-03,-1.947059749964428E-02,-5.932031518498048E-04
2456951.500000000,-6.552094816681823E-01,-3.011914541312640E-01,3.368364225783931E-02,8.308500112949500E-03,-1.847001978308827E-02,-7.326173002842478E-04
2456956.500000000,-6.073773865123094E-01,-3.902859256532797E-01,2.970220734953970E-02,1.079187454612839E-02,-1.711006105227814E-02,-8.572923076505124E-04
2456961.500000000,-5.476541611228830E-01,-4.717405507257715E-01,2.513925100436490E-02,1.305735501440285E-02,-1.541940065515915E-02,-9.648603429235897E-04
2456966.500000000,-4.772390152963789E-01,-5.439865782690312E-01,2.008547961205078E-02,1.506191388075071E-02,-1.343290707473359E-02,-1.053316139822677E-03
2456971.500000000,-3.975326879951254E-01,-6.056433761501987E-01,1.464065166741522E-02,1.676807909441929E-02,-1.119081556822233E-02,-1.121048621240878E-03
2456976.500000000,-3.101081097221621E-01,-6.555430540810409E-01,8.911547055229403E-03,1.814453402119590E-02,-8.737833964064984E-03,-1.166863274819010E-03
2456981.500000000,-2.166784262001182E-01,-6.927504893482906E-01,3.009847096722343E-03,1.916657332437930E-02,-6.122202111690298E-03,-1.189995550964670E-03
2456986.500000000,-1.190630957319931E-01,-7.165785825655051E-01,-2.950031099937135E-03,1.981641853535570E-02,-3.394727972010462E-03,-1.190115848517123E-03
2456991.500000000,-1.915274580299844E-02,-7.265986766645316E-01,-8.853105556098752E-03,2.008340009908892E-02,-6.078197743182402E-04,-1.167326751167728E-03
2456996.500000000,8.112656446783802E-02,-7.226461609919241E-01,-1.458596862666322E-02,1.996401454044220E-02,2.185469691669309E-03,-1.122153227688215E-03
2457001.500000000,1.798490755562428E-01,-7.048213546545034E-01,-2.003886113862846E-02,1.946186642421013E-02,4.932373780556991E-03,-1.055526526266305E-03
2457006.500000000,2.751245012130216E-01,-6.734858200629765E-01,-2.510765171180005E-02,1.858750500440740E-02,7.581307780738409E-03,-9.687624656638316E-04
2457011.500000000,3.651321419164370E-01,-6.292543006910724E-01,-2.969569487340177E-02,1.735816498321404E-02,1.008272238342785E-02,-8.635347613352419E-04
2457016.500000000,4.481534801544237E-01,-5.729825090352176E-01,-3.371554457211350E-02,1.579741977277315E-02,1.238990934863150E-02,-7.418439467778691E-04
2457021.500000000,5.226028381314354E-01,-5.057510145261946E-01,-3.709050234479264E-02,1.393475424482329E-02,1.445975526751706E-02,-6.059823928931409E-04
2457026.500000000,5.870557100119754E-01,-4.288454992178649E-01,-3.975598171964555E-02,1.180506267023563E-02,1.625344016757519E-02,-4.584958366432677E-04
2457031.500000000,6.402744070834663E-01,-3.437336654664493E-01,-4.166067202681895E-02,9.448076659086684E-03,1.773707744043722E-02,-3.021416414987199E-04
2457036.500000000,6.812306752201148E-01,-2.520390997478135E-01,-4.276748574335610E-02,6.907726602303038E-03,1.888229068069309E-02,-1.398439969247716E-04
2457041.500000000,7.091249584693756E-01,-1.555124200419883E-01,-4.305427480074615E-02,4.231439059206992E-03,1.966672254364841E-02,2.535365072568701E-05
2457046.500000000,7.234019942875896E-01,-5.600006130984032E-02,-4.251430261762212E-02,1.469372447820480E-03,2.007446943248576E-02,1.903387017300033E-04
2457051.500000000,7.237624392701509E-01,4.458890966400515E-02,-4.115645988699811E-02,-1.326405741683883E-03,2.009643345995954E-02,3.519817260081906E-04
2457056.500000000,7.101702458865732E-01,1.443175120638927E-01,-3.900521423118442E-02,-4.102794645920013E-03,1.973058196149743E-02,5.071905069073572E-04
2457061.500000000,6.828555427687492E-01,2.412566158495489E-01,-3.610028631041631E-02,-6.806581735845007E-03,1.898210516152805E-02,6.529653435613911E-04
2457066.500000000,6.423128075948442E-01,3.335212179966278E-01,-3.249604736808748E-02,-9.385402466353499E-03,1.786346109137389E-02,7.864550526954452E-04
2457071.500000000,5.892941707264042E-01,4.193066364154291E-01,-2.826063681639307E-02,-1.178872597550013E-02,1.639429581630425E-02,9.050127806182099E-04
2457076.500000000,5.247977576738643E-01,4.969239707291493E-01,-2.347480348218573E-02,-1.396885091495162E-02,1.460122834727987E-02,1.006250534554149E-03
2457081.500000000,4.500510665346436E-01,5.648341311632898E-01,-1.823047992003528E-02,-1.588189214755818E-02,1.251749177436510E-02,1.088091208127433E-03
2457086.500000000,3.664894809745620E-01,6.216797013280133E-01,-1.262910568535161E-02,-1.748873582937650E-02,1.018242506201628E-02,1.148816732860899E-03
2457091.500000000,2.757301391084801E-01,6.663138823885633E-01,-6.779722604219784E-03,-1.875593754621640E-02,7.640813938801659E-03,1.187110874789267E-03
2457096.500000000,1.795415107782921E-01,6.978257704968954E-01,-7.968726357780679E-04,-1.965653614716107E-02,4.942084360983284E-03,1.202095145666176E-03
2457101.500000000,7.980917518583278E-02,7.155612511689085E-01,5.201663465905199E-03,-2.017075507175078E-02,2.139357909970110E-03,1.193356329384653E-03
2457106.500000000,-2.150156903430265E-02,7.191388569384760E-01,1.109724125434281E-02,-2.028656358656776E-02,-7.116151239639344E-04,1.160964247288558E-03
2457111.500000000,-1.223854962698540E-01,7.084600296705605E-01,1.677278964949943E-02,-2.000007262257703E-02,-3.553622724783911E-03,1.105478606135406E-03
2457116.500000000,-2.208387666241206E-01,6.837133557145810E-01,2.211525311235378E-02,-1.931574390418293E-02,-6.329229831375883E-03,1.027944086986093E-03
2457121.500000000,-3.149007834741758E-01,6.453724975309547E-01,2.701797885038444E-02,-1.824639670576670E-02,-8.982055087733897E-03,9.298732319792770E-04
2457126.500000000,-4.026955593706151E-01,5.941877240576044E-01,3.138298789961951E-02,-1.681300366088811E-02,-1.145804809167987E-02,8.132171547023759E-04
2457131.500000000,-4.824715311717523E-01,5.311711362007219E-01,3.512307034266616E-02,-1.504427534151757E-02,-1.370672741596332E-02,6.803246191389462E-04
2457136.500000000,-5.526387861604996E-01,4.575758827620652E-01,3.816364891891955E-02,-1.297604222285746E-02,-1.568234003487449E-02,5.338905238898722E-04
2457141.500000000,-6.118027244091028E-01,3.748698526881675E-01,4.044436139373900E-02,-1.065045053489995E-02,-1.734490553008600E-02,3.768951785960534E-04
2457146.500000000,-6.587932825855846E-01,2.847045049293999E-01,4.192031990069325E-02,-8.114995577530270E-03,-1.866111154151208E-02,2.125361615184904E-04
2457151.500000000,-6.926889819436465E-01,1.888796537513846E-01,4.256301575098009E-02,-5.421423844564498E-03,-1.960503210981896E-02,4.415506063524650E-05
2457156.500000000,-7.128352339076364E-01,8.930514671679742E-02,4.236085028323989E-02,-2.624540222495372E-03,-2.015864993874120E-02,-1.248384571429989E-04
2457161.500000000,-7.188565251122815E-01,-1.203955578322700E-02,4.131928412173463E-02,2.190407744670892E-04,-2.031217237648161E-02,-2.910429846250388E-04
2457166.500000000,-7.106623011134342E-01,-1.131468569293334E-01,3.946060837426037E-02,3.052160373079219E-03,-2.006413796106295E-02,-4.511398825690409E-04
2457171.500000000,-6.884465596955908E-01,-2.120225184954410E-01,3.682335242455489E-02,5.818360338077842E-03,-1.942131893422238E-02,-6.019637992025531E-04
2457176.500000000,-6.526813438883109E-01,-3.067261842861742E-01,3.346135295603210E-02,8.463072905457759E-03,-1.839843279971383E-02,-7.405673873826773E-04
2457181.500000000,-6.041044854887594E-01,-3.954100222662932E-01,2.944251697339898E-02,1.093472616179388E-02,-1.701768179571771E-02,-8.642787796576697E-04
2457186.500000000,-5.437020840833791E-01,-4.763546814999606E-01,2.484731783480877E-02,1.318574100401494E-02,-1.530814349186019E-02,-9.707507662007578E-04
2457191.500000000,-4.726863103096788E-01,-5.480018835297708E-01,1.976706759398915E-02,1.517340207634496E-02,-1.330503842279106E-02,-1.058001014977387E-03
2457196.500000000,-3.924691944341690E-01,-6.089831006707934E-01,1.430201130620655E-02,1.686059131478720E-02,-1.104890172017789E-02,-1.124443047367994E-03
2457201.500000000,-3.046331033823531E-01,-6.581439080021930E-01,8.559289538545903E-03,1.821637854668392E-02,-8.584685278018032E-03,-1.168908012635254E-03
2457206.500000000,-2.108986240385266E-01,-6.945637248515316E-01,2.650814402850616E-03,1.921646868317375E-02,-5.960815342809496E-03,-1.190657575944414E-03
2457211.500000000,-1.130905621511531E-01,-7.175707799303389E-01,-3.308897679983585E-03,1.984350918725095E-02,-3.228227852843970E-03,-1.189388436746616E-03
2457216.500000000,-1.310273971399098E-02,-7.267522381230525E-01,-9.204896201144482E-03,2.008726451504776E-02,-4.394006677021200E-04,-1.165229116825327E-03
2457221.500000000,8.713776462805226E-02,-7.219595143016476E-01,-1.492393282741556E-02,1.994466595000004E-02,2.352601453619728E-03,-1.118729706841912E-03
2457226.500000000,1.857063321503331E-01,-7.033088719001771E-01,-2.035653034008179E-02,1.941974622612187E-02,5.095055923666702E-03,-1.050845325879001E-03
2457231.500000000,2.807159277133709E-01,-6.711774632450443E-01,-2.539895490349476E-02,1.852346957570170E-02,7.736475187839149E-03,-9.629141270156028E-04
2457236.500000000,3.703511336865835E-01,-6.261950096570725E-01,-2.995506613062844E-02,1.727346722373794E-02,1.022745717417901E-02,-8.566304905727823E-04
2457241.500000000,4.529006407399346E-01,-5.692313448423890E-01,-3.393802198507907E-02,1.569368574607542E-02,1.252148873388120E-02,-7.340138379940691E-04
2457246.500000000,5.267877764002782E-01,-5.013800684711618E-01,-3.727181775190498E-02,1.381395491780043E-02,1.457569739646152E-02,-5.973735179721915E-04
2457251.500000000,5.905986845781750E-01,-4.239385786061871E-01,-3.989264037330922E-02,1.166948115872338E-02,1.635154745147112E-02,-4.492701068983222E-04
2457256.500000000,6.431077961886846E-01,-3.383847709229172E-01,-4.175002073302609E-02,9.300271146530432E-03,1.781547645845381E-02,-2.924733171120025E-04
2457261.500000000,6.833002498958848E-01,-2.463507134836053E-01,-4.280776746658497E-02,6.750488679807144E-03,1.893946772271286E-02,-1.299167528955069E-04
2457266.500000000,7.103909353982200E-01,-1.495936296274237E-01,-4.304466747801620E-02,4.067747251693363E-03,1.970155366625077E-02,3.535008843645068E-05
2457271.500000000,7.238398447281029E-01,-4.996454910153294E-02,-4.245494046725204E-02,1.302341240786199E-03,2.008624402925035E-02,2.002121517301732E-04
2457276.500000000,7.233634338940682E-01,5.062497828077268E-02,-4.104843661775376E-02,-1.493580408089627E-03,2.008487123059732E-02,3.615411776018503E-04
2457281.500000000,7.089417193786193E-01,1.502376694940472E-01,-3.885056809597548E-02,-4.266892961706573E-03,1.969584353217668E-02,5.162497638811172E-04
2457286.500000000,6.808208631718528E-01,2.469463086053761E-01,-3.590196687965672E-02,-6.964420406617987E-03,1.892479541988639E-02,6.613466799035628E-04
2457291.500000000,6.395110393975924E-01,3.388700187381407E-01,-3.225786422017279E-02,-9.533896538986437E-03,1.778462400374305E-02,7.939927705886248E-04
2457296.500000000,5.857794288087506E-01,4.242104078190037E-01,-2.798719087533724E-02,-1.192495040655733E-02,1.629540033259257E-02,9.115565836920607E-04
2457301.500000000,5.206382571881198E-01,5.012869368032931E-01,-2.317140205952690E-02,-1.409010038075480E-02,1.448414552700811E-02,1.011668663745568E-03
2457306.500000000,4.453278812968914E-01,5.685708130582490E-01,-1.790303681993419E-02,-1.598573758951121E-02,1.238446351109707E-02,1.092273265333450E-03
2457311.500000000,3.612950294044273E-01,6.247166757961787E-01,-1.228402808929482E-02,-1.757307685290589E-02,1.003602436148993E-02,1.151676151819473E-03
2457316.500000000,2.701664191522792E-01,6.685913202351507E-01,-6.423786389927758E-03,-1.881905020750745E-02,7.483896703237641E-03,1.188587063906574E-03
2457321.500000000,1.737181123004940E-01,6.992987141255168E-01,-4.370882338226442E-04,-1.969711367404873E-02,4.777733417000023E-03,1.202155084019981E-03
2457326.500000000,7.384111134076198E-02,7.162005957733644E-01,5.558191494802482E-03,-2.018793936003420E-02,1.970820744952594E-03,1.191995485367355E-03
2457331.500000000,-2.749616346518109E-02,7.189320084327697E-01,1.144345765019017E-02,-2.027996686036050E-02,-8.809931321821692E-04,1.158206870581507E-03
2457336.500000000,-1.282877493922433E-01,7.074112206737129E-01,1.710183180727680E-02,-1.996978882781885E-02,-3.720468066060398E-03,1.101377402354866E-03
2457341.500000000,-2.265314842008515E-01,6.818436085864997E-01,2.242059123184520E-02,-1.926234935264598E-02,-6.490211995396508E-03,1.022579260148137E-03
2457346.500000000,-3.202708395499767E-01,6.427192320590488E-01,2.729354972929092E-02,-1.817093977594216E-02,-9.133957264335864E-03,9.233509032080824E-04
2457351.500000000,-4.076362084334730E-01,5.908040164763235E-01,3.162331932455530E-02,-1.671698377950432E-02,-1.159783565585600E-02,8.056671885857031E-04
2457356.500000000,-4.868845893809264E-01,5.271246446165788E-01,3.532339319160374E-02,-1.492961170205231E-02,-1.383161263664453E-02,6.718978845432433E-04
2457361.500000000,-5.564366312741515E-01,4.529474617412970E-01,3.831999419099300E-02,-1.284503260927282E-02,-1.578984138261676E-02,5.247556123288946E-04
2457366.500000000,-6.149100666244265E-01,3.697518893561006E-01,4.055363970595495E-02,-1.050572111919389E-02,-1.743289938342405E-02,3.672347072901396E-04
2457371.500000000,-6.611486659802550E-01,2.791990191708643E-01,4.198038192885627E-02,-7.959443742068540E-03,-1.872787473808122E-02,2.025428786399382E-04
2457376.500000000,-6.942459867525700E-01,1.830962085757132E-01,4.257269291585852E-02,-5.258155965382969E-03,-1.964927538541607E-02,3.402783639000088E-05
2457381.500000000,-7.135633585099702E-01,8.335861441668119E-02,4.231997504662593E-02,-2.456806037086684E-03,-2.017954202463991E-02,-1.348987765367629E-04
2457386.500000000,-7.187417341306299E-01,-1.803132251732029E-02,4.122868937291405E-02,3.879159280605197E-04,-2.030935380113611E-02,-3.008377673531932E-04
2457391.500000000,-7.097072315770718E-01,-1.190653965303338E-01,3.932210609136202E-02,3.218844331772559E-03,-2.003772431626154E-02,-4.604767886216901E-04
2457396.500000000,-6.866703844367483E-01,-2.177511221919341E-01,3.663969248874253E-02,5.979582088461552E-03,-1.937189368850463E-02,-6.106606207681087E-04
2457401.500000000,-6.501193016843522E-01,-3.121521965813125E-01,3.323616360687957E-02,8.615687563801600E-03,-1.832703018737727E-02,-7.484555390674577E-04
2457406.500000000,-6.008070970690668E-01,-4.004270340575514E-01,2.918022872029030E-02,1.107577554026245E-02,-1.692576124665414E-02,-8.712064363172078E-04
2457411.500000000,-5.397340769497061E-01,-4.808645765117002E-01,2.455307245897775E-02,1.331250947443643E-02,-1.519755658343361E-02,-9.765856848733840E-04
2457416.500000000,-4.681252774456707E-01,-5.519167012274806E-01,1.944661399990269E-02,1.528346693914971E-02,-1.317798858796776E-02,-1.062632952176317E-03
2457421.500000000,-3.874040176262083E-01,-6.122266812442375E-01,1.396159051309586E-02,1.695186639983198E-02,-1.090789757688061E-02,-1.127785676775648E-03
2457426.500000000,-2.991621772580436E-01,-6.606532908820830E-01,8.205511387309529E-03,1.828715023613099E-02,-8.432488944757715E-03,-1.170900321437628E-03
2457431.500000000,-2.051279197767036E-01,-6.962902790582743E-01,2.290528572881226E-03,1.926542397679339E-02,-5.800387067040795E-03,-1.191264745832218E-03
2457436.500000000,-1.071315711844430E-01,-7.184810509514390E-01,-3.668733785178130E-03,1.986975561889332E-02,-3.062668204162785E-03,-1.188602216486140E-03
2457441.500000000,-7.070338333916515E-03,-7.268285024026983E-01,-9.557350181003677E-03,2.009034189264432E-02,-2.718916233907035E-04,-1.163067698253696E-03
2457446.500000000,9.312748954824594E-02,-7.212000392918868E-01,-1.526222822618750E-02,1.992455027320162E-02,2.518855168341581E-03,-1.115237145126697E-03
2457451.500000000,1.915382589971989E-01,-7.017278850861799E-01,-2.067417368991625E-02,1.937684650025134E-02,5.256884579660811E-03,-1.046090568476857E-03
2457456.500000000,2.862780427963303E-01,-6.688048343712116E-01,-2.568985697374470E-02,1.845861767313753E-02,7.890801017575812E-03,-9.569896621912024E-04
2457461.500000000,3.755366052262155E-01,-6.230756517216424E-01,-3.021365537980659E-02,1.718790057777524E-02,1.037134959555479E-02,-8.496505725639251E-04
2457466.500000000,4.576097896309441E-01,-5.654243473773970E-01,-3.415934801023206E-02,1.558902353425580E-02,1.265221593581120E-02,-7.261122585551043E-04
2457471.500000000,5.309299135418699E-01,-4.969575845039195E-01,-3.745164248244055E-02,1.369216861783985E-02,1.469077317806042E-02,-5.887009420251478E-04
2457476.500000000,5.940937879600415E-01,-4.189844900650855E-01,-4.002751506149303E-02,1.153285994801036E-02,1.644877299748528E-02,-4.399910834264928E-04
2457481.500000000,6.458880026736448E-01,-3.329931574369983E-01,-4.183734759948961E-02,9.151382423428198E-03,1.789297729432028E-02,-2.827631660210931E-04
2457486.500000000,6.853111378821138E-01,-2.406241472327015E-01,-4.284584583807762E-02,6.592133926598129E-03,1.899572640436592E-02,-1.199584906385987E-04
2457491.500000000,7.115925758380903E-01,-1.436413176434694E-01,-4.303272473579889E-02,3.902913642485903E-03,1.973543795738145E-02,4.536875149000627E-05
2457496.500000000,7.242076020839274E-01,-4.390034817284379E-02,-4.239314812920473E-02,1.134150283836442E-03,2.009702955346191E-02,2.101017620964516E-04
2457501.500000000,7.228885056975309E-01,5.668464557131760E-02,-4.093791162243395E-02,-1.661925982964839E-03,2.007225840406089E-02,3.711135298651382E-04
2457506.500000000,7.076314058379970E-01,1.561759692811794E-01,-3.869335877233374E-02,-4.432164145592703E-03,1.965996879592154E-02,5.253210460907746E-04
2457511.500000000,6.786985568387676E-01,2.526481909350822E-01,-3.570102278551297E-02,-7.123418941066812E-03,1.886623614342470E-02,6.697407707103503E-04
2457516.500000000,6.366159250248549E-01,3.442244197663354E-01,-3.201698928039592E-02,-9.683513715236645E-03,1.770439625759625E-02,8.015446067130410E-04
2457521.500000000,5.821658862382323E-01,4.291124215525925E-01,-2.771097969930214E-02,-1.206222691248834E-02,1.619494881795181E-02,9.181155056853581E-04
2457526.500000000,5.163749642921663E-01,5.056399153774984E-01,-2.286515976953478E-02,-1.421228626797292E-02,1.436532492708592E-02,1.017101651783863E-03
2457531.500000000,4.404966189717696E-01,5.722883507049619E-01,-1.757268313060139E-02,-1.609035127026008E-02,1.224951052977089E-02,1.096467992177992E-03
2457536.500000000,3.559891978125041E-01,6.277244296378176E-01,-1.193598679933430E-02,-1.765796114205352E-02,9.887520517534342E-03,1.154543730475232E-03
2457541.500000000,2.644892868935454E-01,6.708286232680639E-01,-6.064862345510451E-03,-1.888242280864343E-02,7.324722490506420E-03,1.190064295719528E-03
2457546.500000000,1.677808287023517E-01,7.007199383761851E-01,-7.433421515053313E-05,-1.973761143220697E-02,4.611014296328402E-03,1.202206260762418E-03
2457551.500000000,6.776051451013830E-02,7.167762258938059E-01,5.917615798179337E-03,-2.020465540642583E-02,1.799865395956504E-03,1.190613725445799E-03
2457556.500000000,-3.359990209345421E-02,7.186493886654934E-01,1.179243180417246E-02,-2.027247849716147E-02,-1.052761498566960E-03,1.155414813224489E-03
2457561.500000000,-1.342935926849390E-01,7.062749444894204E-01,1.743342243728438E-02,-1.993817425938412E-02,-3.889585606501911E-03,1.097227160521179E-03
2457566.500000000,-2.323200500756614E-01,6.798755304284139E-01,2.272819767961041E-02,-1.920719205166035E-02,-6.653251086678403E-03,1.017151609362978E-03
2457571.500000000,-3.257269113803594E-01,6.399580927617597E-01,2.757104380353879E-02,-1.809331996767210E-02,-9.287603738520582E-03,9.167537417058047E-04
2457576.500000000,-4.126511713820539E-01,5.873046867666194E-01,3.186517570128396E-02,-1.661845746929279E-02,-1.173896398715547E-02,7.980333488862929E-04
2457581.500000000,-4.913587324189699E-01,5.229570014621356E-01,3.552480729209949E-02,-1.481217799892747E-02,-1.395735734498830E-02,6.633823024371449E-04
2457586.500000000,-5.602812568146369E-01,4.481949214592247E-01,3.847698417295459E-02,-1.271108942792014E-02,-1.589766246177031E-02,5.155318080243894E-04
2457591.500000000,-6.180493502598752E-01,3.645096340971214E-01,4.066312945501364E-02,-1.035800975810141E-02,-1.752063918592855E-02,3.574907515784003E-04
2457596.500000000,-6.635212161191616E-01,2.735719637547301E-01,4.204026310683784E-02,-7.800984786432145E-03,-1.879380470283044E-02,1.924770725731600E-04
2457601.500000000,-6.958060680939434E-01,1.771967621770325E-01,4.258186489889666E-02,-5.092179305833350E-03,-1.969213116758759E-02,2.384420400688635E-05
2457606.500000000,-7.142817553548457E-01,7.730429732112737E-02,4.227836212043203E-02,-2.286677136252107E-03,-2.019854628278195E-02,-1.449950532132182E-04
2457611.500000000,-7.186062402242105E-01,-2.412034496998159E-02,4.113723526314437E-02,5.587713065709015E-04,-2.030422655958569E-02,-3.106448266318666E-04
2457616.500000000,-7.087227645048487E-01,-1.250688014804374E-01,3.918274657691445E-02,3.387014669185906E-03,-2.000868130727139E-02,-4.698003609966404E-04
2457621.500000000,-6.848587331819261E-01,-2.235508802864342E-01,3.645530733167685E-02,6.141742043600098E-03,-1.931963358378425E-02,-6.193180232661081E-04
2457626.500000000,-6.475185237089480E-01,-3.176349333107190E-01,3.301050929211027E-02,8.768666049350992E-03,-1.825271158262145E-02,-7.562793446065448E-04
2457631.500000000,-5.974705875266246E-01,-4.054862511927778E-01,2.891785392355741E-02,1.121661846349898E-02,-1.683096980378793E-02,-8.780476820567125E-04
2457636.500000000,-5.357293419579184E-01,-4.854026870049040E-01,2.425921895439260E-02,1.343853506805468E-02,-1.508426362280154E-02,-9.823164773422185E-04
2457641.500000000,-4.635324516841104E-01,-5.558468405391227E-01,1.912710603413646E-02,1.539231265497581E-02,-1.304850343824703E-02,-1.067148487813899E-03
2457646.500000000,-3.823141685836408E-01,-6.154742687392695E-01,1.362271540338419E-02,1.704152737766597E-02,-1.076481549185336E-02,-1.131005737739463E-03
2457651.500000000,-2.936754379839807E-01,-6.631573224384143E-01,7.853893912849850E-03,1.835600944690638E-02,-8.278635868297886E-03,-1.172770263224060E-03
2457656.500000000,-1.993514915211773E-01,-6.980043379445267E-01,1.933001695388801E-03,1.931227414093603E-02,-5.638762341102785E-03,-1.191755977006816E-03
2457661.500000000,-1.011776369881507E-01,-7.193740290595975E-01,-4.025259301544206E-03,1.989381287797992E-02,-2.896386167448511E-03,-1.187712156437784E-03
2457666.500000000,-1.053929263005725E-03,-7.268850292934281E-01,-9.906014662725683E-03,2.009125109789953E-02,-1.041234197732434E-04,-1.160819240212223E-03
2457671.500000000,9.909063510863107E-02,-7.204206243915028E-01,-1.559634838353034E-02,1.990238273856986E-02,2.684937917631067E-03,-1.111677785969837E-03
2457676.500000000,1.973338095321552E-01,-7.001287843651066E-01,-2.098736299353399E-02,1.933209186646206E-02,5.418163663286290E-03,-1.041291308694194E-03
2457681.500000000,2.917951340058055E-01,-6.664176535801122E-01,-2.597613975045525E-02,1.839217050551248E-02,8.044263092224925E-03,-9.510435709989290E-04
2457686.500000000,3.806698199444863E-01,-6.199466990841512E-01,-3.046757276220706E-02,1.710104159234146E-02,1.051413488791458E-02,-8.426709748710408E-04
2457691.500000000,4.622610308196260E-01,-5.616137501613142E-01,-3.437605410954307E-02,1.548339567784515E-02,1.278166396729081E-02,-7.182306588088090E-04
2457696.500000000,5.350101458904926E-01,-4.925381847308340E-01,-3.762698971027283E-02,1.356974851242732E-02,1.480446534805948E-02,-5.800647646655056E-04
2457701.500000000,5.975246259377478E-01,-4.140405357227822E-01,-4.015812770927823E-02,1.139592506950424E-02,1.654457174074128E-02,-4.307612345958382E-04
2457706.500000000,6.486031242958219E-01,-3.276188073356712E-01,-4.192068279500271E-02,9.002474257915314E-03,1.796906138088014E-02,-2.731114285890064E-04
2457711.500000000,6.872575051650053E-01,-2.349218100055348E-01,-4.288024117318542E-02,6.434017610791704E-03,1.905062193808916E-02,-1.100648086295609E-04
2457716.500000000,7.127314461195353E-01,-1.377198463199417E-01,-4.301743210920697E-02,3.738534721870357E-03,1.976804524425961E-02,5.531907876408718E-05
2457721.500000000,7.245153154363794E-01,-3.787310975529885E-02,-4.232835314695745E-02,9.665882429543217E-04,2.010664620697201E-02,2.199210684793716E-04
2457726.500000000,7.223570303716055E-01,6.270180500533358E-02,-4.082473751129327E-02,-1.829508058050083E-03,2.005859778843872E-02,3.806149782474674E-04
2457731.500000000,7.062686231604819E-01,1.620668372575634E-01,-3.853385399513042E-02,-4.596573299790263E-03,1.962317254088805E-02,5.343219348248280E-04
2457736.500000000,6.765282708648330E-01,2.582983476598497E-01,-3.549813200751381E-02,-7.281488567907355E-03,1.880688012374872E-02,6.780658787945162E-04
2457741.500000000,6.336775867817556E-01,3.495234099001277E-01,-3.177450762732504E-02,-9.832161349486262E-03,1.762348959800325E-02,8.090295186925954E-04
2457746.500000000,5.785140265066828E-01,4.339559021047158E-01,-2.743349059162723E-02,-1.219851300056385E-02,1.609392521502616E-02,9.246098556128691E-04
2457751.500000000,5.120783299857642E-01,5.099317400502572E-01,-2.255795659531097E-02,-1.433347391250975E-02,1.424602587691012E-02,1.022472359421119E-03
2457756.500000000,4.356370105750098E-01,5.759425489562194E-01,-1.724167483579848E-02,-1.619396570359540E-02,1.211415976796898E-02,1.100602417547041E-03
2457761.500000000,3.506600152109056E-01,6.306670334225168E-01,-1.158758850141649E-02,-1.774184647702005E-02,9.738688583214868E-03,1.157352473667711E-03
2457766.500000000,2.587938028064237E-01,6.729992926258940E-01,-5.705873081543557E-03,-1.894479398249373E-02,7.165281872184726E-03,1.191483542214824E-03
2457771.500000000,1.618302172065753E-01,7.020733411501956E-01,2.881958975980740E-04,-1.977710002080882E-02,4.444086051775006E-03,1.202199666192444E-03
2457776.500000000,6.167166868974431E-02,7.172831305552423E-01,6.276526550062325E-03,-2.022034789348738E-02,1.628757897423618E-03,1.189173775015868E-03
2457781.500000000,-3.970672154820603E-02,7.182974331391873E-01,1.214059917150882E-02,-2.026394535333150E-02,-1.224620697594141E-03,1.152563564238720E-03
2457786.500000000,-1.402972281180632E-01,7.050690501760947E-01,1.776390687582708E-02,-1.990548833774226E-02,-4.058723271813205E-03,1.093016296299750E-03
2457791.500000000,-2.381009803397905E-01,6.778379391232559E-01,2.303439086340127E-02,-1.915093516817688E-02,-6.816225320255740E-03,1.011661756496432E-03
2457796.500000000,-3.311697868749492E-01,6.371280138403855E-01,2.784681001487049E-02,-1.801457680921052E-02,-9.441082504393242E-03,9.100930046664701E-04
2457801.500000000,-4.176472852235563E-01,5.837375528599458E-01,3.210498385156364E-02,-1.651879602112147E-02,-1.187980271094976E-02,7.903350288377029E-04
2457806.500000000,-4.958083595420192E-01,5.187233450798414E-01,3.572384967069636E-02,-1.469361641550014E-02,-1.408267239261704E-02,6.548019036880572E-04
2457811.500000000,-5.640957966849268E-01,4.433789001154648E-01,3.863127891891721E-02,-1.257605100030077E-02,-1.600489797008242E-02,5.062435496275659E-04
2457816.500000000,-6.211532194483271E-01,3.592072412768969E-01,4.076960450561632E-02,-1.020926817184739E-02,-1.760762558182595E-02,3.476836424026477E-04
2457821.500000000,-6.658534451328867E-01,2.678889721072150E-01,4.209681949486963E-02,-7.641600669098375E-03,-1.885880703019109E-02,1.823506030031649E-04
2457826.500000000,-6.973215613099086E-01,1.712464530382478E-01,4.258741799471894E-02,-4.925429221153787E-03,-1.973388608254607E-02,1.360386946486354E-05
2457831.500000000,-7.149521814261089E-01,7.120503540643192E-02,4.223286047279787E-02,-2.115977172234906E-03,-2.021628685745917E-02,-1.551422110868029E-04
2457836.500000000,-7.184205321592737E-01,-3.024762915362391E-02,4.104165745080859E-02,7.299447766079553E-04,-2.029769435512519E-02,-3.204945444200419E-04
2457841.500000000,-7.076872230070990E-01,-1.311031581484749E-01,3.903907680874111E-02,3.555203900442114E-03,-1.997812600793938E-02,-4.791553437933008E-04
2457846.500000000,-6.829967421363591E-01,-2.293738560611878E-01,3.626649015331825E-02,6.303583826170950E-03,-1.926580117273886E-02,-6.279921348918165E-04
2457851.500000000,-6.448698966737766E-01,-3.231329997634935E-01,3.278038328684456E-02,8.920963205327334E-03,-1.817682123889294E-02,-7.641017867377661E-04
2457856.500000000,-5.940905706732643E-01,-4.105530890391099E-01,2.865106521430337E-02,1.135640548317726E-02,-1.673467932962935E-02,-8.848668257730532E-04
2457861.500000000,-5.316873070450012E-01,-4.899412710391045E-01,2.396111716007788E-02,1.356313620597303E-02,-1.496962464490182E-02,-9.880030119575893E-04
2457866.500000000,-4.589103201665582E-01,-5.597712797391436E-01,1.880362647002040E-02,1.549939120289110E-02,-1.291790868688661E-02,-1.071597770609543E-03
2457871.500000000,-3.772046133518672E-01,-6.187113680565262E-01,1.328025150947209E-02,1.712912521477331E-02,-1.062094058809592E-02,-1.134139358400961E-03
2457876.500000000,-2.881799129605723E-01,-6.656478444855541E-01,7.499163768782753E-03,1.842257627855536E-02,-8.124377841788693E-03,-1.174536848410037E-03
2457881.500000000,-1.935781411999966E-01,-6.997039531562109E-01,1.572912307273540E-03,1.935668633254799E-02,-5.477176799747442E-03,-1.192131298424184E-03
2457886.500000000,-9.523913628984775E-02,-7.202539519498850E-01,-4.383746920230777E-03,1.991538272105266E-02,-2.730624837238896E-03,-1.186698747388694E-03
2457891.500000000,4.934702126529517E-03,-7.269323461735666E-01,-1.025601766697536E-02,2.008972796457728E-02,6.262667562789702E-05,-1.158445687878536E-03
2457896.500000000,1.050142053911629E-01,-7.196383222439849E-01,-1.593118977806180E-02,1.987794671084758E-02,2.849513081206606E-03,-1.107997616381856E-03
2457901.500000000,2.030790766140550E-01,-6.985354940543694E-01,-2.130069254760264E-02,1.928533984134488E-02,5.577478927122113E-03,-1.036381404872761E-03
2457906.500000000,2.972528410623375E-01,-6.640471268442216E-01,-2.626204609813234E-02,1.832409585208297E-02,8.195363163267350E-03,-9.450022569382203E-04
2457911.500000000,3.857366164278723E-01,-6.168470428394216E-01,-3.072068537906444E-02,1.701300890186407E-02,1.065424028232355E-02,-8.356158971935267E-04
2457916.500000000,4.668412574196100E-01,-5.578464418284009E-01,-3.459163432816318E-02,1.537711175056304E-02,1.290821251694955E-02,-7.102965267824604E-04
2457921.500000000,5.390174666574458E-01,-4.881768908184863E-01,-3.780101012562819E-02,1.344723032138782E-02,1.491514947125919E-02,-5.714009651205057E-04
2457926.500000000,6.008834931842707E-01,-4.091697537221016E-01,-4.028733929792246E-02,1.125946488429021E-02,1.663737188079812E-02,-4.215292970712733E-04
2457931.500000000,6.512500616687575E-01,-3.223323503777610E-01,-4.200266898516298E-02,8.854601813424418E-03,1.804227534466587E-02,-2.634823532115230E-04
2457936.500000000,6.891421955085290E-01,-2.293211563824716E-01,-4.291345845400289E-02,6.277460054483872E-03,1.910288960096287E-02,-1.002163744095610E-04
2457941.500000000,7.138176155878724E-01,-1.319123760562820E-01,-4.300123725386676E-02,3.576175218338030E-03,1.979836918858059E-02,6.520498453349892E-05
2457946.500000000,7.247814069148553E-01,-3.197024655846253E-02,-4.226301697688813E-02,8.014229927020135E-04,2.011440896977796E-02,2.296611757449532E-04
2457951.500000000,7.217966569203158E-01,6.858652934100523E-02,-4.071144480113102E-02,-1.994414882502635E-03,2.004357555989763E-02,3.900274531336481E-04
2457956.500000000,7.048907905262455E-01,1.678197770317484E-01,-3.837468906658805E-02,-4.758136873092692E-03,1.958554480755977E-02,5.432292820848927E-04
2457961.500000000,6.743573576539518E-01,2.638077742731400E-01,-3.529604963924568E-02,-7.436653040969416E-03,1.874723464010327E-02,6.862979108574229E-04
2457966.500000000,6.307530705006548E-01,3.546815545088437E-01,-3.153328895366216E-02,-9.977951879219259E-03,1.754282195379034E-02,8.164263944430266E-04
2457971.500000000,5.748899441597218E-01,4.386609812066319E-01,-2.715768363128743E-02,-1.233208970346993E-02,1.599363231726409E-02,9.310251750709754E-04
2457976.500000000,5.078224673356292E-01,5.140899311603779E-01,-2.225280152952950E-02,-1.445218618667971E-02,1.412789229569082E-02,1.027776132863778E-03
2457981.500000000,4.308298209349159E-01,5.794698785274196E-01,-1.691301496212511E-02,-1.629540605462530E-02,1.198033630701954E-02,1.104683842491834E-03
2457986.500000000,3.453932706849101E-01,6.334911385294394E-01,-1.124176753650469E-02,-1.782390364658088E-02,9.591663149358281E-03,1.160122624565556E-03
2457991.500000000,2.531689835316784E-01,6.750610158264505E-01,-5.349619379166867E-03,-1.900570432412160E-02,7.007841670521778E-03,1.192877882667353E-03
2457996.500000000,1.559566525820313E-01,7.033281128549366E-01,6.478968269188157E-04,-1.981549492328841E-02,4.279270370929421E-03,1.202180186622821E-03
2458001.500000000,5.566445629197721E-02,7.177020923460964E-01,6.632568968592223E-03,-2.023529491478974E-02,1.459801825209352E-03,1.187730616765439E-03
2458006.500000000,-4.572898258647625E-02,7.178682589599124E-01,1.248590068603655E-02,-2.025498097190353E-02,-1.394350628220048E-03,1.149716040188357E-03
2458011.500000000,-1.462148427692738E-01,7.037964287267783E-01,1.809155549195404E-02,-1.987264057893258E-02,-4.225799945051347E-03,1.088813259644353E-03
2458016.500000000,-2.437956488716591E-01,6.757436895277537E-01,2.333779221915082E-02,-1.909473506527623E-02,-6.977236571002921E-03,1.006181296016292E-03
2458021.500000000,-3.365271233763769E-01,6.342508155146325E-01,2.811983117707381E-02,-1.793605758423988E-02,-9.592709613320103E-03,9.034413430671575E-04
2458026.500000000,-4.225592969010958E-01,5.801322795447200E-01,3.234208933569666E-02,-1.641947791014348E-02,-1.201889985291492E-02,7.826445201804501E-04
2458031.500000000,-5.001758130197647E-01,5.144600052530505E-01,3.592022545553532E-02,-1.457547682569926E-02,-1.420634401106397E-02,6.462282574521703E-04
2458036.500000000,-5.678304011678734E-01,4.385412036859825E-01,3.878294082662452E-02,-1.244148130307517E-02,-1.611057033277578E-02,4.969623607621165E-04
2458041.500000000,-6.241795630168347E-01,3.538908288509933E-01,4.087348765102627E-02,-1.006101841164304E-02,-1.769310982740721E-02,3.378863072294906E-04
2458046.500000000,-6.681106281393061E-01,2.621993547142016E-01,4.215084602010850E-02,-7.482714071486785E-03,-1.892235160079628E-02,1.722397373386343E-04
2458051.500000000,-6.987644820467346E-01,1.652967201795584E-01,4.259054090599698E-02,-4.759169069257925E-03,-1.977421668955913E-02,3.388353328572736E-06
2458056.500000000,-7.155524433280910E-01,6.511339730483928E-02,4.218508206497133E-02,-1.945749055462375E-03,-2.023263267944767E-02,-1.652524155962370E-04
2458061.500000000,-7.181669567186744E-01,-3.636039456003651E-02,4.094402164764675E-02,9.006725142234831E-04,-2.028979990326391E-02,-3.302936055110888E-04
2458066.500000000,-7.065859648599878E-01,-1.371162814620864E-01,3.889363595841747E-02,3.722979437103762E-03,-1.994624855662716E-02,-4.884465040659308E-04
2458071.500000000,-6.810710127535896E-01,-2.351691042036505E-01,3.607624860934737E-02,6.465048699941661E-03,-1.921069410105208E-02,-6.365919897579777E-04
2458076.500000000,-6.421593159588945E-01,-3.285970891329129E-01,3.254922177635952E-02,9.072923857437768E-03,-1.809970535002433E-02,-7.718436924715586E-04
2458081.500000000,-5.906501786453421E-01,-4.155799318509588E-01,2.838365002164249E-02,1.149589745235262E-02,-1.663720527621010E-02,-8.916036118838773E-04
2458086.500000000,-5.275862750809619E-01,-4.944340162695385E-01,2.366279697691393E-02,1.368747999493383E-02,-1.485382859902416E-02,-9.936092269433976E-04
2458091.500000000,-4.542304048531708E-01,-5.636441182187303E-01,1.848031902575048E-02,1.560623931879815E-02,-1.278616251037701E-02,-1.075971522273316E-03
2458096.500000000,-3.720383975052183E-01,-6.218910768028061E-01,1.293832208692712E-02,1.721650026309927E-02,-1.047589751759058E-02,-1.137203710765222E-03
2458101.500000000,-2.826288786036013E-01,-6.680750503417932E-01,7.145297941076512E-03,1.848890005738006E-02,-7.968914734939218E-03,-1.176240730763881E-03
2458106.500000000,-1.877506200032172E-01,-7.013341025593133E-01,1.213985389024593E-03,1.940079974906878E-02,-5.314334728862071E-03,-1.192449911479079E-03
2458111.500000000,-8.924818246117980E-02,-7.210579843756210E-01,-4.740801237589872E-03,1.993655708787753E-02,-2.563550251473823E-03,-1.185633488986440E-03
2458116.500000000,1.097347653614044E-02,-7.268970765831487E-01,-1.060433717101377E-02,2.008766891206542E-02,2.307395440441103E-04,-1.156023628428411E-03
2458121.500000000,1.109847976804627E-01,-7.187665382371627E-01,-1.626410991648402E-02,1.985279131498174E-02,3.015478711986365E-03,-1.104270561884698E-03
2458126.500000000,2.088672297914253E-01,-6.968457743850539E-01,-2.161186700751545E-02,1.923764721983693E-02,5.738175329673420E-03,-1.031424602154418E-03
2458131.500000000,3.027481177766198E-01,-6.615733917533017E-01,-2.654556011575667E-02,1.825483168657353E-02,8.347784218279995E-03,-9.389127868329808E-04
2458136.500000000,3.908343814475121E-01,-6.136378500455991E-01,-3.097116030364959E-02,1.692352441895972E-02,1.079554506702256E-02,-8.285107876987573E-04
2458141.500000000,4.714445421204617E-01,-5.539640442312140E-01,-3.480432210934621E-02,1.526911761110727E-02,1.303577123216260E-02,-7.023106144372679E-04
2458146.500000000,5.430386910891112E-01,-4.836960739461693E-01,-3.797187656203364E-02,1.332276584787127E-02,1.502658553361665E-02,-5.626845481609753E-04
2458151.500000000,6.042460240395041E-01,-4.041764732258235E-01,-4.041313518365206E-02,1.112086335032215E-02,1.673059978227518E-02,-4.122456542244548E-04
2458156.500000000,6.538895886637183E-01,-3.169221903872418E-01,-4.208098859690885E-02,8.704452589102673E-03,1.811553456725247E-02,-2.538051539120307E-04
2458161.500000000,6.910079103135250E-01,-2.235976268888948E-01,-4.294278463366847E-02,6.118567344727495E-03,1.915477508924085E-02,-9.032688995544769E-05
2458166.500000000,7.148731745428178E-01,-1.259850678224626E-01,-4.298097196698220E-02,3.411512831185670E-03,1.982785766515644E-02,7.512089153464050E-05
2458171.500000000,7.250056585828502E-01,-2.595286707111259E-02,-4.219349645273868E-02,6.340856579048785E-04,2.012088009122392E-02,2.394161923849488E-04
2458176.500000000,7.211841194435774E-01,7.457821178552720E-02,-4.059393880659146E-02,-2.161262799965372E-03,2.002682743856368E-02,3.994360101802833E-04
2458181.500000000,7.034518668080737E-01,1.736700518035227E-01,-3.821138421397111E-02,-4.921314968594468E-03,1.954580345258065E-02,5.521107415813013E-04
2458186.500000000,6.721182766012134E-01,2.694031387261208E-01,-3.509001669430017E-02,-7.593020813748947E-03,1.868515729556894E-02,6.944797981037741E-04
2458191.500000000,6.277555437196294E-01,3.599128656319246E-01,-3.128843369723307E-02,-1.012446650169598E-02,1.745949414522821E-02,8.237477399979997E-04
2458196.500000000,5.711905305206013E-01,4.434255737690345E-01,-2.687868097088191E-02,-1.246586495266897E-02,1.589055710124916E-02,9.373398388259680E-04
2458201.500000000,5.034916429486455E-01,5.182936598016502E-01,-2.194501345570788E-02,-1.457055101752511E-02,1.400697052976430E-02,1.032955917143101E-03
2458206.500000000,4.259507608953690E-01,5.830290391657036E-01,-1.658239363415980E-02,-1.639596110805051E-02,1.184383820522135E-02,1.108621327693447E-03
2458211.500000000,3.400603555805546E-01,6.363342265619065E-01,-1.089474487523893E-02,-1.790457467717572E-02,9.442191447111326E-03,1.162733726168157E-03
2458216.500000000,2.474860489144851E-01,6.771302790502070E-01,-4.992984693100036E-03,-1.906479134362822E-02,6.848286346236191E-03,1.194104065353849E-03
2458221.500000000,1.500350067267172E-01,7.045808572351019E-01,1.007129222609640E-03,-1.985171546207292E-02,4.112755139786256E-03,1.201990236533729E-03
2458226.500000000,4.962069982234253E-02,7.181117010277948E-01,6.987299695940558E-03,-2.024781974578889E-02,1.289623092427906E-03,1.186121880341807E-03
2458231.500000000,-5.177529362926574E-02,7.174248893195881E-01,1.282908993813982E-02,-2.024346076439010E-02,-1.564791309943427E-03,1.146715047400412E-03
2458236.500000000,-1.521436413305808E-01,7.025073580924084E-01,1.841636905222423E-02,-1.983722196392584E-02,-4.393068624168414E-03,1.084475637337177E-03
2458241.500000000,-2.494888515645074E-01,6.736332877513324E-01,2.363774507675910E-02,-1.903606440144304E-02,-7.137943027081246E-03,1.000590886927724E-03
2458246.500000000,-3.418711109419024E-01,6.313601339152598E-01,2.838892485578711E-02,-1.785527153784951E-02,-9.743584185369960E-03,8.967085995887791E-04
2458251.500000000,-4.274473166715948E-01,5.765182601241984E-01,3.257493965766425E-02,-1.631818189824407E-02,-1.215686803776394E-02,7.749042851214173E-04
2458256.500000000,-5.045102444690257E-01,5.101943273379494E-01,3.611217755938567E-02,-1.445571174516604E-02,-1.432859664293060E-02,6.376368795280529E-04
2458261.500000000,-5.715248255700450E-01,4.337087936103590E-01,3.893016819953544E-02,-1.230567856151965E-02,-1.621462789812070E-02,4.876942049373471E-04
2458266.500000000,-6.271605814402422E-01,3.485880671695311E-01,4.097307244166121E-02,-9.911944497077378E-03,-1.777687873389277E-02,3.281297751417913E-04
2458271.500000000,-6.703193797728860E-01,2.565320269409819E-01,4.220083848965930E-02,-7.323406449910311E-03,-1.898417016504656E-02,1.621929281331929E-04
2458276.500000000,-7.001578250590839E-01,1.593777669738674E-01,4.258999665842926E-02,-4.592865751934624E-03,-1.981288914917811E-02,-6.745450959135954E-06
2458281.500000000,-7.161037738119427E-01,5.906052622887257E-02,4.213407667535168E-02,-1.775814756522217E-03,-2.024745056761260E-02,-1.752692520717623E-04
2458286.500000000,-7.178666551088561E-01,-4.242717368508037E-02,4.084364298096706E-02,1.070821267035539E-03,-2.028055136299891E-02,-3.399932508788473E-04
2458291.500000000,-7.054414682070194E-01,-1.430771384638677E-01,3.874595464784650E-02,3.889948824579587E-03,-1.991321590712233E-02,-4.976367732578397E-04
2458296.500000000,-6.791065192696255E-01,-2.409068287213162E-01,3.588426766340724E-02,6.625539777119149E-03,-1.915463963457524E-02,-6.450927552368095E-04
2458301.500000000,-6.394151396270960E-01,-3.339994321502417E-01,3.231680711164161E-02,9.223800004157300E-03,-1.802184632899886E-02,-7.794904766208635E-04
2458306.500000000,-5.871817822584929E-01,-4.205417985498097E-01,2.811544430074838E-02,1.163424530950729E-02,-1.653917973294762E-02,-8.982506567939884E-04
2458311.500000000,-5.234630172653455E-01,-4.988594680301084E-01,2.336411959112251E-02,1.381066282494850E-02,-1.473765342846153E-02,-9.991319579469920E-04
2458316.500000000,-4.495340400620014E-01,-5.674481489498476E-01,1.815705525508113E-02,1.571194242610309E-02,-1.265418540613151E-02,-1.080268429970923E-03
2458321.500000000,-3.668613692543883E-01,-6.250011376459922E-01,1.259680407620604E-02,1.730276822920434E-02,-1.033074473156540E-02,-1.140197756324910E-03
2458326.500000000,-2.770724471810000E-01,-6.704323066992719E-01,6.792179734259632E-03,1.855416577965731E-02,-7.813436491321503E-03,-1.177880321215637E-03
2458331.500000000,-1.819228641743069E-01,-7.028944143789055E-01,8.561141405604250E-04,1.944390591030354E-02,-5.151549158232417E-03,-1.192709448658758E-03
2458336.500000000,-8.326191234095678E-02,-7.217926027049120E-01,-5.096515589964726E-03,1.995677013819015E-02,-2.396586035420787E-03,-1.184513420908798E-03
2458341.500000000,1.700285675086336E-02,-7.267930521776764E-01,-1.095105116392755E-02,2.008468513346686E-02,3.987007212709098E-04,-1.153549980609114E-03
2458346.500000000,1.169414384735404E-01,-7.178268452094358E-01,-1.659517239908422E-02,1.982673552474643E-02,3.181258410686959E-03,-1.100494059431535E-03
2458351.500000000,2.146369623274815E-01,-6.950891574425774E-01,-2.192093977392374E-02,1.918906510544021E-02,5.898652615103623E-03,-1.026419474529246E-03
2458356.500000000,3.082205271422321E-01,-6.590339476056021E-01,-2.682673184298686E-02,1.818467645707862E-02,8.499947708271269E-03,-9.327752879489292E-04
2458361.500000000,3.959047998553024E-01,-6.103643542911986E-01,-3.121905238818000E-02,1.683313817861122E-02,1.093654269066777E-02,-8.213574325512458E-04
2458366.500000000,4.760159358345013E-01,-5.500190353109128E-01,-3.501418491717793E-02,1.516020742680371E-02,1.316295758885776E-02,-6.942761025230240E-04
2458371.500000000,5.470234139254867E-01,-4.791547077919670E-01,-3.813967452422115E-02,1.319737434185750E-02,1.513756605334466E-02,-5.539193928220737E-04
2458376.500000000,6.075674116458620E-01,-3.991251673827814E-01,-4.053561957023216E-02,1.098133463860284E-02,1.682327069709202E-02,-4.029136467969310E-04
2458381.500000000,6.564833731898583E-01,-3.114570785649434E-01,-4.215575734079333E-02,8.553394577444466E-03,1.818811886597077E-02,-2.440807139937790E-04
2458386.500000000,6.928234375056231E-01,-2.178228429920556E-01,-4.296832850152410E-02,5.958810344218510E-03,1.920585474947646E-02,-8.039224564819212E-05
2458391.500000000,7.158744041621690E-01,-1.200108790096159E-01,-4.295670617174119E-02,3.246064261527194E-03,1.985640169339369E-02,8.507870252164156E-05
2458396.500000000,7.251719286098688E-01,-1.989367859748416E-02,-4.211977691218308E-02,4.660808705210790E-04,2.012626765227101E-02,2.492084568348365E-04
2458401.500000000,7.205106548052629E-01,8.060595376240501E-02,-4.047206248081434E-02,-2.328613522628750E-03,2.000886545263996E-02,4.088755704990930E-04
2458406.500000000,7.019500140971922E-01,1.795500304566396E-01,-3.804357307695047E-02,-5.084782911141920E-03,1.950473808950272E-02,5.610153031814245E-04
2458411.500000000,6.698154489964452E-01,2.750213767184410E-01,-3.487938520193646E-02,-7.749418163426366E-03,1.862167820552757E-02,7.026751951091692E-04
2458416.500000000,6.246948630233645E-01,3.651599358903022E-01,-3.103894026124916E-02,-1.027070805523359E-02,1.737473043483666E-02,8.310710748865175E-04
2458421.500000000,5.674301569169949E-01,4.481987702384730E-01,-2.659506372475876E-02,-1.259903109420627E-02,1.578606547122570E-02,9.436426695409865E-04
2458426.500000000,4.991037893325603E-01,5.224990897000545E-01,-2.163270950569503E-02,-1.468795070216792E-02,1.388471557747003E-02,1.038107687254464E-03
2458431.500000000,4.210203956705516E-01,5.865835938435912E-01,-1.624744077664488E-02,-1.649519311151301E-02,1.170616323178947E-02,1.112512891579313E-03
2458436.500000000,3.346836086299512E-01,6.391673793887460E-01,-1.054366631094397E-02,-1.798358468036774E-02,9.291778346315888E-03,1.165280554754147E-03
2458441.500000000,2.417683470307975E-01,6.791856553076305E-01,-4.632659241139975E-03,-1.912192275582033E-02,6.688104643776183E-03,1.195248803121498E-03
2458446.500000000,1.440889742844277E-01,7.058175245123167E-01,1.369607777860682E-03,-1.988575221609280E-02,3.946001441075259E-03,1.201704485488468E-03
2458451.500000000,4.356386886122771E-02,7.185051370432491E-01,7.344770267998153E-03,-2.025801952213943E-02,1.119652994172250E-03,1.184407229491813E-03
2458456.500000000,-5.782291325220907E-02,7.169675953095723E-01,1.317447514389203E-02,-2.022957757127698E-02,-1.734536568283277E-03,1.143603375174332E-03
2458461.500000000,-1.580620752996961E-01,7.012090953236312E-01,1.874282575097568E-02,-1.979951667018302E-02,-4.559139439334466E-03,1.080028609768353E-03
2458466.500000000,-2.551606939790434E-01,6.715209204428845E-01,2.393881037703924E-02,-1.897530189516504E-02,-7.296961105370824E-03,9.948986570965097E-04
2458471.500000000,-3.471840089872590E-01,6.284770757332552E-01,2.865865370900334E-02,-1.777270431716644E-02,-9.892320770334959E-03,8.898877469490503E-04
2458476.500000000,-4.322963403494329E-01,5.729235398489975E-01,3.280803037341423E-02,-1.621552066617201E-02,-1.229231764993078E-02,7.670950633992174E-04
2458481.500000000,-5.088000792561778E-01,5.059613011951487E-01,3.630408207160280E-02,-1.433508421672194E-02,-1.444804435681044E-02,6.289998874260579E-04
2458486.500000000,-5.751717327664834E-01,4.289235413229792E-01,3.907718447166240E-02,-1.216957801617638E-02,-1.631570827413168E-02,4.784065904886387E-04
2458491.500000000,-6.300940795234825E-01,3.433475176978720E-01,4.107241698752653E-02,-9.763169977309635E-03,-1.785762477846758E-02,3.183811000013487E-04
2458496.500000000,-6.724836104253505E-01,2.509418667325000E-01,4.225069764287123E-02,-7.164996809054921E-03,-1.904305124540778E-02,1.521808231798490E-04
2458501.500000000,-7.015125785719472E-01,1.535501872351759E-01,4.258955582004346E-02,-4.428029676657466E-03,-1.984883743522211E-02,-1.681973603011590E-05
2458506.500000000,-7.166251582211347E-01,5.311186725000674E-02,4.208352723344076E-02,-1.607858531413694E-03,-2.025987568096988E-02,-1.852053071362353E-04
2458511.500000000,-7.175474029943169E-01,-4.837882080589977E-02,4.074416731172249E-02,1.238565984795998E-03,-2.026934273730703E-02,-3.495957734594326E-04
2458516.500000000,-7.042908885590133E-01,-1.489143123296804E-01,3.859969069241190E-02,4.054194318662325E-03,-1.987873359439915E-02,-5.067194513845516E-04
2458521.500000000,-6.771501141140976E-01,-2.465150072355658E-01,3.569425514698381E-02,6.783106882611280E-03,-1.909769544170281E-02,-6.534817300691555E-04
2458526.500000000,-6.366939109252221E-01,-3.392692268683720E-01,3.208691748542243E-02,9.371677298397477E-03,-1.794367678590964E-02,-7.870273891376761E-04
2458531.500000000,-5.837512574165864E-01,-4.253709959430916E-01,2.785029649690653E-02,1.176964240609873E-02,-1.644141210028734E-02,-9.047952792120231E-04
2458536.500000000,-5.193920238818043E-01,-5.031548861688269E-01,2.306898360839211E-02,1.393105727957847E-02,-1.462226608265882E-02,-1.004564428858859E-03
2458541.500000000,-4.449032638040438E-01,-5.711272846234725E-01,1.783774570589925E-02,1.581511941919971E-02,-1.252346381022296E-02,-1.084491009707536E-03
2458546.500000000,-3.617617328431786E-01,-6.279935848704773E-01,1.225956639436935E-02,1.738685244185546E-02,-1.018723429103360E-02,-1.143136010373023E-03
2458551.500000000,-2.716033480585918E-01,-6.726809353107678E-01,6.443571629881592E-03,1.861764629724523E-02,-7.659893966727062E-03,-1.179483874238468E-03
2458556.500000000,-1.761903020874991E-01,-7.043563036794058E-01,5.028840213223682E-04,1.948565549641444E-02,-4.990893264325720E-03,-1.192952449999494E-03
2458561.500000000,-7.737653394938927E-02,-7.224397258309941E-01,-5.447551755390409E-03,1.997605911363125E-02,-2.231847148267354E-03,-1.183394692388440E-03
2458566.500000000,2.292776872803460E-02,-7.266127074600883E-01,-1.129313285158056E-02,2.008118967200491E-02,5.644313862939514E-04,-1.151092816586811E-03
2458571.500000000,1.227920037444738E-01,-7.168218331465873E-01,-1.692171569570653E-02,1.980054043569476E-02,3.344879663791531E-03,-1.096745694460714E-03
2458576.500000000,2.203007419070640E-01,-6.932777039521555E-01,-2.222565508660408E-02,1.914066121708691E-02,6.057103869244496E-03,-1.021450234801617E-03
2458581.500000000,3.135885356283433E-01,-6.564493757319086E-01,-2.710373658955323E-02,1.811495257695716E-02,8.650258957447044E-03,-9.266774332626513E-04
2458586.500000000,4.008734637865816E-01,-6.070545085000425E-01,-3.146297715579736E-02,1.674336757096231E-02,1.107588339443275E-02,-8.142437075256203E-04
2458591.500000000,4.804889711787595E-01,-5.460454653338596E-01,-3.522027175147658E-02,1.505202906879463E-02,1.328868390510213E-02,-6.862780462108250E-04
2458596.500000000,5.509135976913518E-01,-4.745916205023620E-01,-3.830386619132681E-02,1.307276931674896E-02,1.524726646105628E-02,-5.451854067787218E-04
2458601.500000000,6.107982221959670E-01,-3.940581540789817E-01,-4.065463832567727E-02,1.084259704006390E-02,1.691481013466388E-02,-3.936067104962397E-04
2458606.500000000,6.589904695492738E-01,-3.059816275515442E-01,-4.222717129156214E-02,8.403096176802721E-03,1.825968018573859E-02,-2.343757167842215E-04
2458611.500000000,6.945559469954441E-01,-2.120426549868676E-01,-4.299060388093336E-02,5.799759348789497E-03,1.925597592474378E-02,-7.047304112511993E-05
2458616.500000000,7.167959898839629E-01,-1.140360090360583E-01,-4.292924441606295E-02,3.081258525320242E-03,1.988400794295437E-02,9.502242153147475E-05
2458621.500000000,7.252616098218917E-01,-1.383853055687255E-02,-4.204293564454816E-02,2.986559727855584E-04,2.013069819837102E-02,2.589844846418885E-04
2458626.500000000,7.197633568837338E-01,8.662475184997620E-02,-4.034715918952021E-02,-2.495440374754052E-03,1.998989435653388E-02,4.182927912045789E-04
2458631.500000000,7.003768287565051E-01,1.854158385360499E-01,-3.787287007678399E-02,-5.247772635529361E-03,1.946258813665097E-02,5.698875679254256E-04
2458636.500000000,6.674435878621992E-01,2.806198036548955E-01,-3.466605472217995E-02,-7.905372463903266E-03,1.855702627157477E-02,7.108253608687012E-04
2458641.500000000,6.215672949457915E-01,3.703811028901126E-01,-3.078700946230525E-02,-1.041653284938868E-02,1.728870299366158E-02,8.383349472231601E-04
2458646.500000000,5.636049304507242E-01,4.529395268179845E-01,-2.630934076212038E-02,-1.273179884134866E-02,1.568022414768108E-02,9.498726079685495E-04
2458651.500000000,4.946530475350664E-01,5.266651329547666E-01,-2.131869275965347E-02,-1.480496111001076E-02,1.376103294239990E-02,1.043175715169980E-03
2458656.500000000,4.160290922791785E-01,5.900914429643984E-01,-1.591121385897622E-02,-1.659403173653047E-02,1.156698921148021E-02,1.116313287354279E-03
2458661.500000000,3.292479389866478E-01,6.419461604018160E-01,-1.019178115756926E-02,-1.806217815582371E-02,9.139798049247968E-03,1.167732052171271E-03
2458666.500000000,2.359939150037887E-01,6.811786551231345E-01,-4.272008932935518E-03,-1.917858885370008E-02,6.526288354397825E-03,1.196296505354708E-03
2458671.500000000,1.380887255604235E-01,7.069834762941473E-01,1.731924977566370E-03,-1.991924295293175E-02,3.777547203839587E-03,1.201321443478559E-03
2458676.500000000,3.745582966973682E-02,7.188192005693985E-01,7.701593586004236E-03,-2.026755557603704E-02,9.479220877402292E-04,1.182595514770511E-03
2458681.500000000,-6.391804388372102E-02,7.164219983112707E-01,1.351872772216151E-02,-2.021487217737922E-02,-1.906090480998740E-03,1.140394495286389E-03
2458686.500000000,-1.640234242174914E-01,6.998134094048628E-01,1.906766148060770E-02,-1.976078805394924E-02,-4.727045078082031E-03,1.075483259149572E-03
2458691.500000000,-2.608697456241635E-01,6.693019595919384E-01,2.423775775595095E-02,-1.891327397947407E-02,-7.457805499951556E-03,9.891057641327125E-04
2458696.500000000,-3.525271102568689E-01,6.254784140402208E-01,2.892575312452448E-02,-1.768859520675267E-02,-1.004282552358719E-02,8.829628015869964E-04
2458701.500000000,-4.371671167088639E-01,5.692046504036039E-01,3.303796125738511E-02,-1.611101863516151E-02,-1.242941376313787E-02,7.591777385192552E-04
2458706.500000000,-5.131016996102806E-01,5.015963302375082E-01,3.649227643768573E-02,-1.421231129489253E-02,-1.456894284524963E-02,6.202509805935404E-04
2458711.500000000,-5.788189627504036E-01,4.239997453539555E-01,3.921992364757165E-02,-1.203104196461679E-02,-1.641796394749245E-02,4.690043814233913E-04
2458716.500000000,-6.330150688015704E-01,3.379634037984661E-01,4.116690899159118E-02,-9.611706263115147E-03,-1.793919082352705E-02,3.085172814891932E-04
2458721.500000000,-6.746213697904480E-01,2.452050864385172E-01,4.229513351686776E-02,-7.003702969107114E-03,-1.910232307974389E-02,1.420561743810921E-04
2458726.500000000,-7.028261143350218E-01,1.475752389185734E-01,4.258314383669808E-02,-4.260194121108077E-03,-1.988468540116121E-02,-2.699987107496228E-05
2458731.500000000,-7.170902396292661E-01,4.701766431800668E-02,4.202650409297040E-02,-1.436885240825632E-03,-2.027166582707881E-02,-1.952356814649747E-04
2458736.500000000,-7.171569477045058E-01,-5.447145354805723E-02,4.063778605678808E-02,1.409234429571303E-03,-2.025694466726021E-02,-3.592758494821892E-04
2458741.500000000,-7.030549653418739E-01,-1.548851488629981E-01,3.844618615505135E-02,4.221152444251572E-03,-1.984251530351675E-02,-5.158577414133314E-04
2458746.500000000,-6.750955745704161E-01,-2.522468736818698E-01,3.549678872893353E-02,6.943058744387327E-03,-1.903850595898778E-02,-6.618997068870160E-04
2458751.500000000,-6.338636707545963E-01,-3.446503407900049E-01,3.184950353990913E-02,9.521503921530552E-03,-1.786281820352081E-02,-7.945629358565669E-04
2458756.500000000,-5.802032569612757E-01,-4.302971427550014E-01,2.757771265033555E-02,1.190646234708873E-02,-1.634060265044021E-02,-9.113056532653563E-04
2458761.500000000,-5.151979059081173E-01,-5.075313919813608E-01,2.276666760453431E-02,1.405227903659395E-02,-1.450359594109267E-02,-1.009928683776728E-03
2458766.500000000,-4.401468104694179E-01,-5.748707539273430E-01,1.751168148391019E-02,1.591848537142554E-02,-1.238934553480376E-02,-1.088611888079438E-03
2458771.500000000,-3.565371034754788E-01,-6.310333800568867E-01,1.191616194599382E-02,1.747047462830570E-02,-1.004034925819956E-02,-1.145941336253008E-03
2458776.500000000,-2.660131587760102E-01,-6.749603798842884E-01,6.089531281672150E-03,1.868003377762680E-02,-7.503135580706786E-03,-1.180927375118811E-03
2458781.500000000,-1.703435910069115E-01,-7.058335966556644E-01,1.450781142235242E-04,1.952573274632313E-02,-4.827308576031270E-03,-1.193013987313459E-03
2458786.500000000,-7.138665574821176E-02,-7.230885643828970E-01,-5.802217097047811E-03,1.999317607590879E-02,-2.064578779763057E-03,-1.182080017559462E-03
2458791.500000000,2.894528003305039E-02,-7.264226221430296E-01,-1.163784376827322E-02,2.007512458716924E-02,7.322020371265079E-04,-1.148432952637652E-03
2458796.500000000,1.287215699464068E-01,-7.157982432798476E-01,-1.724987471039210E-02,1.977149630128505E-02,3.509987517002079E-03,-1.092795986741709E-03
2458801.500000000,2.260288433840039E-01,-6.914417021917848E-01,-2.253099968019624E-02,1.908925644245896E-02,6.216453381511583E-03,-1.016289082091925E-03
2458806.500000000,3.190057531925349E-01,-6.538372514508352E-01,-2.738045058870659E-02,1.804220592876045E-02,8.800875322014803E-03,-9.204046776506062E-04
2458811.500000000,4.058764307230194E-01,-6.037170217085063E-01,-3.170579324774963E-02,1.665067735297266E-02,1.121496092894377E-02,-8.069787114310620E-04
2458816.500000000,4.849822084743887E-01,-5.420468878105226E-01,-3.542456387997570E-02,1.494114744493954E-02,1.341363072016860E-02,-6.781575896882677E-04
2458821.500000000,5.548112110652682E-01,-4.700085624654555E-01,-3.846573112404280E-02,1.294577277777652E-02,1.535574568724952E-02,-5.363614526209337E-04
2458826.500000000,6.140254417489626E-01,-3.889781923865550E-01,-4.077096559412987E-02,1.070185291573264E-02,1.700477807655550E-02,-3.842439799453654E-04
2458831.500000000,6.614850113799302E-01,-3.005017514235296E-01,-4.229570049527545E-02,8.251224886824893E-03,1.832942107929400E-02,-2.246490617579787E-04
2458836.500000000,6.962691754651349E-01,-2.062675473350579E-01,-4.300996836424612E-02,5.639592459046083E-03,1.930413287644806E-02,-6.056461906709653E-05
2458841.500000000,7.176938606216037E-01,-1.080761835704121E-01,-4.289900027988863E-02,2.915793084654567E-03,1.990960956144038E-02,1.049261894959817E-04
2458846.500000000,7.253253759170084E-01,-7.808348403062230E-03,-4.196357510139263E-02,1.310054463903830E-04,2.013317998684227E-02,2.686961150534960E-04
2458851.500000000,7.189900210575403E-01,9.260915758502494E-02,-4.022010775794487E-02,-2.662098609815584E-03,1.996911403895247E-02,4.276269868852125E-04
2458856.500000000,6.987793259348873E-01,1.912386986480961E-01,-3.770046754063195E-02,-5.410252405552264E-03,1.941883447178899E-02,5.786644581491304E-04
2458861.500000000,6.650506881161997E-01,2.861678765713854E-01,-3.445151991182586E-02,-8.060535438577557E-03,1.849102142297821E-02,7.188737418721579E-04
2458866.500000000,6.184232196333276E-01,3.755458340695247E-01,-3.053438869701242E-02,-1.056134665672268E-02,1.720159829425566E-02,8.454955807754519E-04
2458871.500000000,5.597686745444114E-01,4.576191679240889E-01,-2.602343976492259E-02,-1.286339630187422E-02,1.557358801102941E-02,9.560015094693432E-04
2458876.500000000,4.901974060055496E-01,5.307667787433827E-01,-2.100499247822907E-02,-1.492069909067833E-02,1.363682995708292E-02,1.048147281079490E-03
2458881.500000000,4.110393966474554E-01,5.935329411693823E-01,-1.557577127133388E-02,-1.669154797045705E-02,1.142755025861196E-02,1.120023161380371E-03
2458886.500000000,3.238205180021178E-01,6.446578501863286E-01,-9.841116535806967E-03,-1.813944452941207E-02,8.987781684474000E-03,1.170099666822386E-03
2458891.500000000,2.302343006659804E-01,6.831048919564836E-01,-3.912981321912259E-03,-1.923395975695194E-02,6.364634139782530E-03,1.197267243384245E-03
2458896.500000000,1.321096324622886E-01,7.080839045194153E-01,2.092251958621837E-03,-1.995149740051631E-02,3.609421399613692E-03,1.200868331728091E-03
2458901.500000000,3.137494166775791E-02,7.190697339661875E-01,8.056093113577434E-03,-2.027593193434827E-02,7.766551362360633E-04,1.180720391526940E-03
2458906.500000000,-6.998043818451762E-02,7.158154699957080E-01,1.386035543274524E-02,-2.019909348223584E-02,-2.077073250744391E-03,1.137128529490891E-03
2458911.500000000,-1.699468945053627E-01,6.983598639229462E-01,1.938960184169993E-02,-1.972107591366926E-02,-4.894296904566060E-03,1.070886713993204E-03
2458916.500000000,-2.665362226260601E-01,6.670285714504112E-01,2.453356745183599E-02,-1.885035051420392E-02,-7.617933862161742E-03,9.832670469265702E-04
2458921.500000000,-3.578233677249018E-01,6.224290261916667E-01,2.918949795669213E-02,-1.760367276008844E-02,-1.019256815074294E-02,8.759968206383987E-04
2458926.500000000,-4.419871710471879E-01,5.654389362685637E-01,3.326434312132800E-02,-1.600577713008533E-02,-1.256571283434263E-02,7.512235816020060E-04
2458931.500000000,-5.173490659878396E-01,4.971885939874689E-01,3.667674708578304E-02,-1.408886357590300E-02,-1.468901511248546E-02,6.114689612875708E-04
2458936.500000000,-5.824087096025570E-01,4.190373862168166E-01,3.935878224593527E-02,-1.189188798796621E-02,-1.651936468186586E-02,4.595725220460226E-04
2458941.500000000,-6.358756176935493E-01,3.325450798229231E-01,4.125738081452381E-02,-9.459677230304686E-03,-1.801986980136345E-02,2.986272944535477E-04
2458946.500000000,-6.766959931034476E-01,2.394386221034449E-01,4.233542745115570E-02,-6.841896553960800E-03,-1.916067069158919E-02,1.319090278695187E-04
2458951.500000000,-7.040740909311375E-01,1.415753315454330E-01,4.257248709966859E-02,-4.091902922510828E-03,-1.991956671652632E-02,-3.719858754827131E-05
2458956.500000000,-7.174876424626024E-01,4.090345247626705E-02,4.196515379510404E-02,-1.265521607441353E-03,-2.028244174531961E-02,-2.052803576520374E-04
2458961.500000000,-7.166970515705268E-01,-6.057889596127504E-02,4.052701805911890E-02,1.580214880839054E-03,-2.024348059074620E-02,-3.689653283754972E-04
2458966.500000000,-7.017482724508644E-01,-1.608653317838443E-01,3.828826195749140E-02,4.388326895604921E-03,-1.980517784626830E-02,-5.249996257778917E-04
2458971.500000000,-6.729694654589815E-01,-2.579823647523878E-01,3.529490138090414E-02,7.103110565758149E-03,-1.897814819482051E-02,-6.703144228313188E-04
2458976.500000000,-6.309616995364185E-01,-3.500291375979928E-01,3.160770420285123E-02,9.671291262340806E-03,-1.778075384156806E-02,-8.020873730684384E-04
2458981.500000000,-5.765841189008619E-01,-4.352148899153686E-01,2.730082040321008E-02,1.204308034028512E-02,-1.623857003203575E-02,-9.177962072576817E-04
2458986.500000000,-5.109341134367835E-01,-5.118933966944734E-01,2.246016566808085E-02,1.417311399488808E-02,-1.438371384956620E-02,-1.015263651260617E-03
2458991.500000000,-4.353231195749359E-01,-5.785937652611467E-01,1.718160290444542E-02,1.602126050598128E-02,-1.225406320117316E-02,-1.092693309404840E-03
2458996.500000000,-3.512487314848706E-01,-6.340471064811242E-01,1.156896725282729E-02,1.755328784040816E-02,-9.892391755709610E-03,-1.148696367643232E-03
2459001.500000000,-2.603638328373000E-01,-6.772087236918553E-01,5.731980439460702E-03,1.874138754848771E-02,-7.345445377133229E-03,-1.182309202809123E-03
2459006.500000000,-1.644434672781488E-01,-7.072755897028109E-01,-2.159010641076980E-04,1.956455594841550E-02,-4.662984822896902E-03,-1.193002341492458E-03
2459011.500000000,-6.535014997607622E-02,-7.236989984812471E-01,-6.159662193887960E-03,2.000883756581319E-02,-1.896816157625471E-03,-1.180681315871357E-03
2459016.500000000,3.500170867402351E-02,-7.261923753899407E-01,-1.198489062312397E-02,2.006743824877126E-02,9.001736392112915E-04,-1.145679981215677E-03
2459021.500000000,1.346816384208440E-01,-7.147343082690112E-01,-1.757988727475108E-02,1.974071738636966E-02,3.674961848577537E-03,-1.088747005588942E-03
2459026.500000000,2.317786252325358E-01,-6.895669248434877E-01,-2.283769396884371E-02,1.903606973474198E-02,6.375304608077836E-03,-1.011026376257887E-03
2459031.500000000,3.244357819599423E-01,-6.511897928544217E-01,-2.765801031752688E-02,1.796770704537638E-02,8.950611925404096E-03,-9.140327100002103E-04
2459036.500000000,4.108836958682344E-01,-6.003495584235392E-01,-3.194897550433018E-02,1.655634859389522E-02,1.135277643789850E-02,-7.996219864933711E-04
2459041.500000000,4.894720175344521E-01,-5.380255665077279E-01,-3.562879332649915E-02,1.482882837142679E-02,1.353695114337146E-02,-6.699581960706419E-04
2459046.500000000,5.586988907987493E-01,-4.654117278021788E-01,-3.862718118638895E-02,1.281762525203179E-02,1.546227257599314E-02,-5.274763414039515E-04
2459051.500000000,6.172378519224563E-01,-3.838949123174956E-01,-4.088662573794816E-02,1.056032131001430E-02,1.709252644968980E-02,-3.748421400760533E-04
2459056.500000000,6.639618500834427E-01,-2.950301658936136E-01,-4.236342919001237E-02,8.098992677367470E-03,1.839675212747819E-02,-2.149086105882773E-04
2459061.500000000,6.979640602579316E-01,-2.005130669134740E-01,-4.302853119032797E-02,5.479536052799928E-03,1.934978125010264E-02,-5.066976816578448E-05
2459066.500000000,7.185751725677734E-01,-1.021495652701587E-01,-4.286809257879527E-02,2.750933155939157E-03,1.993270523096448E-02,1.147882810589254E-04
2459071.500000000,7.253768538542963E-01,-1.823675738611117E-03,-4.188382860853598E-02,-3.554434363378512E-05,2.013326461887119E-02,2.783386003676642E-04
2459076.500000000,7.182110930213282E-01,9.853656101900757E-02,-4.009308075898628E-02,-2.827185344115855E-03,1.994615101703271E-02,4.368666399580369E-04
2459081.500000000,6.971851684282454E-01,1.969943880822236E-01,-3.752861867226189E-02,-5.570738773500426E-03,1.937321186760262E-02,5.873248886854020E-04
2459086.500000000,6.626720108307212E-01,2.916404030803474E-01,-3.423816621182740E-02,-8.213354604619364E-03,1.842354837673292E-02,7.267884876449299E-04
2459091.500000000,6.153057763568116E-01,3.806288277258423E-01,-3.028364841128072E-02,-1.070355688982090E-02,1.711349506477795E-02,8.525111143948724E-04
2459096.500000000,5.559725022305871E-01,4.622133547498281E-01,-2.574016037266653E-02,-1.299223497785944E-02,1.546646938114050E-02,9.619801358048312E-04
2459101.500000000,4.857957969415526E-01,5.347818974190136E-01,-2.069466462336447E-02,-1.503363530779831E-02,1.351268169772200E-02,1.052969867280002E-03
2459106.500000000,4.061176128540259E-01,5.968895244174738E-01,-1.524442958651393E-02,-1.678633288835121E-02,1.128869852068920E-02,1.123591639754215E-03
2459111.500000000,3.184742616030181E-01,6.472888352176880E-01,-9.495228656457610E-03,-1.821415847074695E-02,8.836855200799441E-03,1.172339243057828E-03
2459116.500000000,2.245679592048953E-01,6.849570234001303E-01,-3.559326767322925E-03,-1.928705491142456E-02,6.204518975893938E-03,1.198128229049140E-03
2459121.500000000,1.262343245666786E-01,7.091188930105207E-01,2.446711010894554E-03,-1.998183472561268E-02,3.443208705813312E-03,1.200327546295912E-03
2459126.500000000,2.540639605993644E-02,7.192651401769452E-01,8.404346825649825E-03,-2.028281068587659E-02,6.075838796973501E-04,1.178782054598941E-03
2459131.500000000,-7.592413135741521E-02,7.151652914104738E-01,1.419548445420409E-02,-2.018227276497418E-02,-2.245677986482275E-03,1.133824640571577E-03
2459136.500000000,-1.757476196836103E-01,6.968748017652365E-01,1.970491612735993E-02,-1.968078789355716E-02,-5.059090042749495E-03,1.066276926097382E-03
2459141.500000000,-2.720782171727785E-01,6.647359584167734E-01,2.482274294385351E-02,-1.878730389191069E-02,-7.775619602463119E-03,9.774379227009730E-04
2459146.500000000,-3.629955908010880E-01,6.193724038192041E-01,2.944670788571511E-02,-1.751904538277665E-02,-1.033997051344098E-02,8.690604225921289E-04
2459151.500000000,-4.466856072344619E-01,5.616772807263617E-01,3.348438062212434E-02,-1.590119724409949E-02,-1.269984537745382E-02,7.433154151291013E-04
2459156.500000000,-5.214789069846714E-01,4.927952000608956E-01,3.685513605281160E-02,-1.396637990774001E-02,-1.480714757153306E-02,6.027453442299907E-04
2459161.500000000,-5.858863602821414E-01,4.140984297255026E-01,3.949187379707367E-02,-1.175392958547952E-02,-1.661908473945292E-02,4.502074664975137E-04
2459166.500000000,-6.386304773931405E-01,3.271578856369166E-01,4.134243293507482E-02,-9.309003762576531E-03,-1.809913887562280E-02,2.888088875891834E-04
2459171.500000000,-6.786719652757016E-01,2.337096719070217E-01,4.237066525053332E-02,-6.681539500103102E-03,-1.921787181009445E-02,1.218353107364012E-04
2459176.500000000,-7.052307787922710E-01,1.356180575900063E-01,4.255714156023316E-02,-3.925099082755187E-03,-1.995354188363707E-02,-4.732405929506375E-05
2459181.500000000,-7.178011968631970E-01,3.483587369662715E-02,4.189947803146524E-02,-1.095640827580525E-03,-2.029251756503955E-02,-2.152530423388942E-04
2459186.500000000,-7.161606480826227E-01,-6.663663608115099E-02,4.041228093427655E-02,1.749745281039241E-03,-2.022948188161711E-02,-3.785842168835165E-04
2459191.500000000,-7.003722079248592E-01,-1.667934644105710E-01,3.812671931186114E-02,4.554098369829420E-03,-1.976742879191053E-02,-5.340716556528172E-04
2459196.500000000,-6.707808762947337E-01,-2.636639693862342E-01,3.508974574810001E-02,7.261808050794092E-03,-1.891746106027313E-02,-6.786586469364206E-04
2459201.500000000,-6.280039146475652E-01,-3.553525297901672E-01,3.136299453326492E-02,9.819764262819370E-03,-1.769840606097083E-02,-8.095387751200851E-04
2459206.500000000,-5.729156699063712E-01,-4.400758680538148E-01,2.702139369668410E-02,1.217840873734901E-02,-1.613627097370795E-02,-9.242091188421007E-04
2459211.500000000,-5.066274314065246E-01,-5.161972991788106E-01,2.215153260464348E-02,1.429266740478077E-02,-1.426356233707640E-02,-1.020514718375082E-03
2459216.500000000,-4.304629546302067E-01,-5.822572939996898E-01,1.684983008320400E-02,1.612274940454310E-02,-1.211849676625730E-02,-1.096683852705586E-03
2459221.500000000,-3.459303417399244E-01,-6.369998804550445E-01,1.122054941530151E-02,1.763480446481538E-02,-9.744129893313551E-03,-1.151354022524212E-03
2459226.500000000,-2.546909960120054E-01,-6.793945395602099E-01,5.373706298048235E-03,1.880143592519112E-02,-7.187429478579714E-03,-1.183588838319987E-03
2459231.500000000,-1.585263688803783E-01,-7.086533774475476E-01,-5.770857741018705E-04,1.960207132557022E-02,-4.498316460733326E-03,-1.192886250927239E-03
2459236.500000000,-5.930319918674591E-02,-7.242434665630014E-01,-6.516790864966730E-03,2.002319609774767E-02,-1.728694764053555E-03,-1.179178726161629E-03
2459241.500000000,4.106208999742818E-02,-7.258943448455306E-01,-1.233110810263167E-02,2.005845829714064E-02,1.068512691274547E-03,-1.142826046850116E-03
2459246.500000000,1.406392146232560E-01,-7.136007408085030E-01,-1.790857623686463E-02,1.970865347432932E-02,3.840307470888927E-03,-1.084601453668724E-03
2459251.500000000,2.375194981644424E-01,-6.876206576811327E-01,-2.314259386817245E-02,1.898159967698874E-02,6.534526771183997E-03,-1.005671912775410E-03
2459256.500000000,3.298504631915937E-01,-6.484690011654354E-01,-2.793332801558475E-02,1.789191344077188E-02,9.100713784387916E-03,-9.075732961371666E-04
2459261.500000000,4.158690749503018E-01,-5.969069678994399E-01,-3.218948698822845E-02,1.646069585001312E-02,1.149094234734881E-02,-7.921809877846424E-04
2459266.500000000,4.939332046219225E-01,-5.339274342079026E-01,-3.582993568867818E-02,1.471513541373674E-02,1.366059139967372E-02,-6.616763262926208E-04
2459271.500000000,5.625509122055858E-01,-4.607366072015762E-01,-3.878513369658484E-02,1.268803404393418E-02,1.556906495192897E-02,-5.185093481128378E-04
2459276.500000000,6.204071785237543E-01,-3.787322195765146E-01,-4.099837863370752E-02,1.041726149844529E-02,1.718045408341646E-02,-3.653582092529064E-04
2459281.500000000,6.663877391309002E-01,-2.894785666422217E-01,-4.242683891837822E-02,7.945142266535959E-03,1.846413740014564E-02,-2.050855600428341E-04
2459286.500000000,6.995996902295814E-01,-1.946787039362343E-01,-4.304236126384919E-02,5.317777949859598E-03,1.939531550473886E-02,-4.069210571051970E-05
2459291.500000000,7.193885508993367E-01,-9.614414903817339E-02,-4.283203942650719E-02,2.584307865209791E-03,1.995547378091745E-02,1.247324132620181E-04
2459296.500000000,7.253514800153495E-01,4.237536769049798E-03,-4.179853195767336E-02,-2.038891241053470E-04,2.013276635635559E-02,2.880605498212412E-04
2459301.500000000,7.173463633177007E-01,1.045368719554896E-01,-3.996011823876641E-02,-2.994047609420974E-03,1.992231263398475E-02,4.461804425541544E-04
2459306.500000000,6.954965095325616E-01,2.028178218248026E-01,-3.735048407030656E-02,-5.732917919671663E-03,1.932639646107849E-02,5.960506147159379E-04
2459311.500000000,6.601907276192391E-01,2.971738954813450E-01,-3.401823071708478E-02,-8.367709861904587E-03,1.835455704757308E-02,7.347556790387985E-04
2459316.500000000,6.120786032695337E-01,3.857644032798139E-01,-3.002610473284078E-02,-1.084706723405373E-02,1.702356037245351E-02,8.595621776250070E-04
2459321.500000000,5.520608543436163E-01,4.668502497819061E-01,-2.544995019525398E-02,-1.312205911106685E-02,1.535724027000401E-02,9.679736036918349E-04
2459326.500000000,4.812747237999065E-01,5.388285865089222E-01,-2.037739021163416E-02,-1.514717033018960E-02,1.338619989122975E-02,1.057783465436615E-03
2459331.500000000,4.010744652902604E-01,6.002656077599967E-01,-1.490625072920054E-02,-1.688127022290972E-02,1.114736647816782E-02,1.127125069547672E-03
2459336.500000000,3.130070873930115E-01,6.499267436884407E-01,-9.142746469942014E-03,-1.828853636695506E-02,8.683395135168564E-03,1.174516663556858E-03
2459341.500000000,2.187836465011423E-01,6.868034958881630E-01,-3.199455867155546E-03,-1.933930643165380E-02,6.041922819913597E-03,1.198900394052802E-03
2459346.500000000,1.202465229584904E-01,7.101361825624771E-01,2.806879603509439E-03,-2.001082822677640E-02,3.274679874495234E-03,1.199673338137782E-03
2459351.500000000,1.933325823619997E-02,7.194319115755865E-01,8.757688759936801E-03,-2.028788093661602E-02,4.364723696531375E-04,1.176709350492396E-03
2459356.500000000,-8.196233854554356E-02,7.144771809928026E-01,1.453498786472230E-02,-2.016324194744316E-02,-2.415945553311310E-03,1.130370541560917E-03
2459361.500000000,-1.816309821831400E-01,6.953446179715330E-01,2.002382695245292E-02,-1.963797566533286E-02,-5.225083894624567E-03,1.061507323252129E-03
2459366.500000000,-2.776896620016155E-01,6.623935099136586E-01,2.511470635567489E-02,-1.872152574986101E-02,-7.933981980093350E-03,9.714463734269607E-04
2459371.500000000,-3.682233360519783E-01,6.162639519071516E-01,2.970590237874170E-02,-1.743159897410177E-02,-1.048749043957733E-02,8.619663408514803E-04
2459376.500000000,-4.514255136604023E-01,5.578646232338136E-01,3.370564138863116E-02,-1.579383673678855E-02,-1.283353096057279E-02,7.352616003208441E-04
2459381.500000000,-5.256366722693051E-01,4.883544039285889E-01,3.703406439056305E-02,-1.384127874589320E-02,-1.492429389704462E-02,5.938948676789210E-04
2459386.500000000,-5.893794988153357E-01,4.091182397854505E-01,3.962492942465048E-02,-1.161363205458776E-02,-1.671733505452973E-02,4.407399662787744E-04
2459391.500000000,-6.413900326534370E-01,3.217378499688652E-01,4.142700667555489E-02,-9.156366848293421E-03,-1.817653637631645E-02,2.789164635942579E-04
2459396.500000000,-6.806439125060718E-01,2.279580350686668E-01,4.240513067215695E-02,-6.519667550348696E-03,-1.927290063847086E-02,1.117182363250786E-04
2459401.500000000,-7.063770874959808E-01,1.296494759897506E-01,4.254088486413431E-02,-3.757273411687538E-03,-1.998515725328430E-02,-5.746175077828237E-05
2459406.500000000,-7.181005331302819E-01,2.876900870012491E-02,4.183290559180810E-02,-9.252463948051270E-04,-2.030016436010637E-02,-2.252080675463219E-04
2459411.500000000,-7.156087068099342E-01,-7.268158733086025E-02,4.029680437091251E-02,1.919294335605678E-03,-2.021310092254618E-02,-3.881584854442298E-04
2459416.500000000,-6.989816734163109E-01,-1.726972388654316E-01,3.796471889667991E-02,4.719432553660564E-03,-1.972745091827105E-02,-5.430764691000850E-04
2459421.500000000,-6.685810202876745E-01,-2.693106489928452E-01,3.488451372569758E-02,7.419673282183349E-03,-1.885478959237387E-02,-6.869185106804256E-04
2459426.500000000,-6.250398533719461E-01,-3.606318382911384E-01,3.111866057571922E-02,9.967087171782095E-03,-1.761438903229454E-02,-8.168947281361997E-04
2459431.500000000,-5.692473108639921E-01,-4.448853077740749E-01,2.674283485411453E-02,1.231235542811912E-02,-1.603266518952336E-02,-9.305216171721341E-04
2459436.500000000,-5.023281431164935E-01,-5.204440902557879E-01,2.184426990699163E-02,1.441069542065532E-02,-1.414249040301287E-02,-1.025666079995807E-03
2459441.500000000,-4.256179953324099E-01,-5.858600828079250E-01,1.651991421171273E-02,1.622265199432835E-02,-1.198239793980724E-02,-1.100580169573284E-03
2459446.500000000,-3.406350879467225E-01,-6.398901899737579E-01,1.087443825966529E-02,1.771474628821467E-02,-9.595706302056414E-03,-1.153926493891912E-03
2459451.500000000,-2.490490145122216E-01,-6.815179428414876E-01,5.018137258230222E-03,1.885997997158430E-02,-7.029589410403779E-03,-1.184794545219808E-03
2459456.500000000,-1.526473758140794E-01,-7.099703833604311E-01,-9.352260358172140E-04,1.963819721261183E-02,-4.334116213867946E-03,-1.192708407598907E-03
2459461.500000000,-5.330094848648401E-02,-7.247301139626555E-01,-6.870596696765327E-03,2.003631009659325E-02,-1.561280383333982E-03,-1.177626445009169E-03
2459466.500000000,4.707194870345993E-02,-7.255425078625500E-01,-1.267378284057197E-02,2.004839564652362E-02,1.235962486199146E-03,-1.139933665781610E-03
2459471.500000000,1.465412723794140E-01,-7.124181541336168E-01,-1.823355588303940E-02,1.967567397463089E-02,4.004636103272307E-03,-1.080427503530573E-03
2459476.500000000,2.432006864622760E-01,-6.856306736604806E-01,-2.344366485613112E-02,1.892637755400605E-02,6.692652365598683E-03,-1.000297790790732E-03
2459481.500000000,3.352020889461279E-01,-6.457100885968097E-01,-2.820473764400703E-02,1.781552151231189E-02,9.249679921368267E-03,-9.011016614976409E-04
2459486.500000000,4.207887620546218E-01,-5.934319629561327E-01,-3.242604518216401E-02,1.636458409773470E-02,1.162796624583471E-02,-7.847339021714087E-04
2459491.500000000,4.983267162549292E-01,-5.298025591240755E-01,-3.602710688065840E-02,1.460110487490059E-02,1.378310854243228E-02,-6.533931650561941E-04
2459496.500000000,5.663338324963358E-01,-4.560402750490919E-01,-3.893911774719253E-02,1.255820673868562E-02,1.567477006025956E-02,-5.095445106296652E-04
2459501.500000000,6.235064346267585E-01,-3.735536427186396E-01,-4.110617986573310E-02,1.027404669592409E-02,1.726733872135651E-02,-3.558786564883292E-04
2459506.500000000,6.687429455682599E-01,-2.839161850230317E-01,-4.248632239364328E-02,7.791199087446157E-03,1.853052446631882E-02,-1.952681673430803E-04
2459511.500000000,7.011642961486336E-01,-1.888384488144472E-01,-4.305229525991536E-02,5.155973820640664E-03,1.943989046046172E-02,-3.072078456366663E-05
2459516.500000000,7.201307683835226E-01,-9.013756093512001E-02,-4.279212299013913E-02,2.417672533466880E-03,1.997731149570440E-02,1.346697877972095E-04
2459521.500000000,7.252549730043150E-01,1.029531103624777E-02,-4.170940687132348E-02,-3.722131756399273E-04,2.013135256594839E-02,2.977752869222732E-04
2459526.500000000,7.164106811817601E-01,1.105291760272404E-01,-3.982336510037716E-02,-3.160857696958612E-03,1.989756001080520E-02,4.554862519821023E-04
2459531.500000000,6.937372504176477E-01,2.086286528845780E-01,-3.716860201263451E-02,-5.895006729522341E-03,1.927865494377133E-02,6.047669369075913E-04
2459536.500000000,6.576394166889812E-01,3.026901026150775E-01,-3.379460023386292E-02,-8.521923829873688E-03,1.828461744331817E-02,7.427111025484702E-04
2459541.500000000,6.087822735490391E-01,3.908778849362931E-01,-2.976493334274291E-02,-1.099036696749331E-02,1.693265024621517E-02,8.665978735031963E-04
2459546.500000000,5.480813225063998E-01,4.714601096549203E-01,-2.515620106237051E-02,-1.325158079840251E-02,1.524701129273343E-02,9.739466938509546E-04
2459551.500000000,4.766875589217777E-01,5.428432031267559E-01,-2.005669427715315E-02,-1.526028693687637E-02,1.325870583569931E-02,1.062570235232487E-03
2459556.500000000,3.959676550035308E-01,6.036045692771862E-01,-1.456480333828081E-02,-1.697565103705272E-02,1.100503128268314E-02,1.130623941723760E-03
2459561.500000000,3.074794154298316E-01,6.525225990346674E-01,-8.787190044663865E-03,-1.836220238340972E-02,8.528971538306288E-03,1.176650765816455E-03
2459566.500000000,2.129428089981596E-01,6.886032771118222E-01,-2.836751120356668E-03,-1.939067929034114E-02,5.878442279507688E-03,1.199619579093950E-03
2459571.500000000,1.142070170552229E-01,7.111026558168737E-01,3.169591392377890E-03,-2.003877227545281E-02,3.105394160567203E-03,1.198955749478125E-03
2459576.500000000,1.321408013633863E-02,7.195445158754600E-01,9.113230079577999E-03,-2.029173702818098E-02,2.647871539647547E-04,1.174562479024878E-03
2459581.500000000,-8.804013938760374E-02,7.137326165930999E-01,1.487629311176971E-02,-2.014285088941044E-02,-2.586544206170486E-03,1.126831686819953E-03
2459586.500000000,-1.875468372252008E-01,6.937570530540871E-01,2.034409139841663E-02,-1.959368994855265E-02,-5.391108326259381E-03,1.056643464851661E-03
2459591.500000000,-2.833260454905835E-01,6.599943854193054E-01,2.540753293527904E-02,-1.865420880743358E-02,-8.092024358193018E-03,9.653534103139159E-04
2459596.500000000,-3.734682909708048E-01,6.131013797577211E-01,2.996544277789816E-02,-1.734261149233301E-02,-1.063430340573115E-02,8.547675403976529E-04
2459601.500000000,-4.561750763665861E-01,5.540023895851706E-01,3.392672704283664E-02,-1.568500979468884E-02,-1.296610460225416E-02,7.271050919567954E-04
2459606.500000000,-5.297971293974340E-01,4.838706006325059E-01,3.721232239798494E-02,-1.371487352528265E-02,-1.503992717551394E-02,5.849501189351194E-04
2459611.500000000,-5.928694089360221E-01,4.041035575994761E-01,3.975687859245947E-02,-1.147228613047061E-02,-1.681369919013528E-02,4.311934171390950E-04
2459616.500000000,-6.441419489226459E-01,3.162935803000694E-01,4.151013050539182E-02,-9.003028789901522E-03,-1.825172774313965E-02,2.689667375624663E-04
2459621.500000000,-6.826057566416294E-01,2.221938369859861E-01,4.243792597963834E-02,-6.357523505175007E-03,-1.932548147711603E-02,1.015712076818192E-04
2459626.500000000,-7.075131439194848E-01,1.236809733680794E-01,4.252288563079645E-02,-3.589669069204190E-03,-2.001418273328894E-02,-6.759790954424521E-05
2459631.500000000,-7.183920471487316E-01,2.271528737796113E-02,4.176468230542236E-02,-7.556070963063494E-04,-2.030519551299106E-02,-2.351277125849679E-04
2459636.500000000,-7.150540844662747E-01,-7.870051233886355E-02,4.017993984669536E-02,2.087542585238696E-03,-2.019420380441493E-02,-3.976630606801071E-04
2459641.500000000,-6.975962940482372E-01,-1.785629196137575E-01,3.780176220804568E-02,4.882938634355964E-03,-1.968518306581941E-02,-5.519786897899550E-04
2459646.500000000,-6.663966839681883E-01,-2.749086046429166E-01,3.467891427217596E-02,7.575231229424234E-03,-1.879017535309771E-02,-6.950461201254953E-04
2459651.500000000,-6.221038926153641E-01,-3.658538068383408E-01,3.087468453266709E-02,1.011170000239934E-02,-1.752888507112014E-02,-8.240937707998747E-04
2459656.500000000,-5.656214025041777E-01,-4.496313029024828E-01,2.646546676411188E-02,1.244329092129434E-02,-1.592811729639240E-02,-9.366590834920588E-04
2459661.500000000,-4.980868649083559E-01,-5.246242250691285E-01,2.153910279536024E-02,1.452553230209973E-02,-1.402108391252126E-02,-1.030631857674002E-03
2459666.500000000,-4.208471760563973E-01,-5.893961353781018E-01,1.619303150971818E-02,1.631931643789450E-02,-1.184660441318343E-02,-1.104288386731667E-03
2459671.500000000,-3.354299978912922E-01,-6.427168968588078E-01,1.053229035636770E-02,1.779153937364834E-02,-9.448228274626483E-03,-1.156316333374713E-03
2459676.500000000,-2.435124399209813E-01,-6.835840142307916E-01,4.667415212178276E-03,1.891559675090102E-02,-6.873304481657736E-03,-1.185830572135120E-03
2459681.500000000,-1.468876176280794E-01,-7.112392390633469E-01,-1.287717264259016E-03,1.967173801834501E-02,-4.172021423090835E-03,-1.192380435816108E-03
2459686.500000000,-4.742978311108961E-02,-7.251803435521275E-01,-7.218063209786251E-03,2.004728445607126E-02,-1.396437647109836E-03,-1.175948952721506E-03
2459691.500000000,5.294131042734636E-02,-7.251680631092687E-01,-1.300956286358059E-02,2.003671923640021E-02,1.400478654677242E-03,-1.136944845790984E-03
2459696.500000000,1.522961966311508E-01,-7.112282881067390E-01,-1.855123556962032E-02,1.964166017318659E-02,4.165787595868280E-03,-1.076188138816577E-03
2459701.500000000,2.487310757823578E-01,-6.836496425164807E-01,-2.373718817836493E-02,1.887072520630919E-02,6.847483508768730E-03,-9.948899989047082E-04
2459706.500000000,3.404022718640095E-01,-6.429766297822206E-01,-2.846850941704452E-02,1.773929926296879E-02,9.395360887913711E-03,-8.946273860106107E-04
2459711.500000000,4.255592955226332E-01,-5.899985628845871E-01,-3.265502585580957E-02,1.626921117637323E-02,1.176183387509760E-02,-7.773131426461566E-04
2459716.500000000,5.025760833829469E-01,-5.257345227077338E-01,-3.621689805941010E-02,1.448832847598515E-02,1.390270483333094E-02,-6.451620543910074E-04
2459721.500000000,5.699800191837118E-01,-4.514146080402766E-01,-3.908603781975854E-02,1.243007622130317E-02,1.577787857439939E-02,-5.006532797649340E-04
2459726.500000000,6.264783692392627E-01,-3.684577572232237E-01,-4.120732912481956E-02,1.013288457602409E-02,1.735201888748726E-02,-3.464894614976201E-04
2459731.500000000,6.709817852443323E-01,-2.784464392572412E-01,-4.253963693079028E-02,7.639568692641272E-03,1.859514351817795E-02,-1.855527762744112E-04
2459736.500000000,7.026245433161609E-01,-1.830985336431356E-01,-4.305658901094477E-02,4.996643765655763E-03,1.948315279685665E-02,-2.085815358270100E-05
2459741.500000000,7.207812017411064E-01,-8.423674534237642E-02,-4.274711731032579E-02,2.253577919743168E-03,1.999828582802931E-02,1.444960986562209E-04
2459746.500000000,7.250793740051962E-01,1.624406468211814E-02,-4.161574651889609E-02,-5.380139805476069E-04,2.012949668470646E-02,3.073799795900237E-04
2459751.500000000,7.154083315617827E-01,1.164112114152647E-01,-3.968261917697238E-02,-3.325231421858883E-03,1.987274159487783E-02,4.646854274077191E-04
2459756.500000000,6.919231758533194E-01,2.143297100159834E-01,-3.698324873214209E-02,-6.054798269193905E-03,1.923116687694272E-02,6.133814145651756E-04
2459761.500000000,6.550443548606377E-01,3.080984687174991E-01,-3.356799475357659E-02,-8.674013276220747E-03,1.821518660005478E-02,7.505698677472123E-04
2459766.500000000,6.054523490891308E-01,3.958865707691916E-01,-2.950125818537403E-02,-1.113172966104603E-02,1.684243864970894E-02,8.735415771468111E-04
2459771.500000000,5.440774155846571E-01,4.759690097457801E-01,-2.486039904773335E-02,-1.337934978999476E-02,1.513760833469661E-02,9.798311542934287E-04
2459776.500000000,4.720843562588878E-01,5.467611929056579E-01,-1.973438380732103E-02,-1.537181734302192E-02,1.313211067994655E-02,1.067269992000848E-03
2459781.500000000,3.908523788834537E-01,6.068514871502106E-01,-1.422217615044766E-02,-1.706858395997095E-02,1.086362417592441E-02,1.134035657219503E-03
2459786.500000000,3.019502408726551E-01,6.550310552489931E-01,-8.430892964550995E-03,-1.843452524053326E-02,8.375473261980258E-03,1.178696195452330E-03
2459791.500000000,2.071069934298296E-01,6.903202320212124E-01,-2.473754227554819E-03,-1.944078016791440E-02,5.715862667089231E-03,1.200248031596714E-03
2459796.500000000,1.081787769285636E-01,7.119907158793943E-01,3.532137515271080E-03,-2.006548648314560E-02,2.936970868734881E-03,1.198145975368255E-03
2459801.500000000,7.112258409149240E-03,7.195829019863477E-01,9.468144825797453E-03,-2.029438385265142E-02,9.391611966155223E-05,1.172323845244288E-03
2459806.500000000,-9.409456075065840E-02,7.129177682148564E-01,1.521652005859419E-02,-2.012125850857415E-02,-2.756384496653476E-03,1.123204466262531E-03
2459811.500000000,-1.934333160246773E-01,6.921028435382560E-01,2.066285146069755E-02,-1.954820678109247E-02,-5.556436201226377E-03,1.051698112159114E-03
2459816.500000000,-2.889270784379175E-01,6.575319364338233E-01,2.569847135199187E-02,-1.858570019999698E-02,-8.249435607665804E-03,9.591888382434788E-04
2459821.500000000,-3.786719589884890E-01,6.098784733093132E-01,3.022276536549644E-02,-1.725244153465375E-02,-1.078055126839492E-02,8.475085936053517E-04
2459826.500000000,-4.608774630514015E-01,5.500824867292884E-01,3.414532237527634E-02,-1.557500897774610E-02,-1.309817657488516E-02,7.188994883357223E-04
2459831.500000000,-5.339045461483262E-01,4.793314911694043E-01,3.738786786797076E-02,-1.358729418208818E-02,-1.515511528654194E-02,5.759650903595368E-04
2459836.500000000,-5.963003725811775E-01,3.990356797215078E-01,3.988592909064460E-02,-1.132974844957946E-02,-1.690966149963730E-02,4.216121008232867E-04
2459841.500000000,-6.468288704125734E-01,3.107980577935336E-01,4.159018811982228E-02,-8.848459427000396E-03,-1.832653953987982E-02,2.589841711441410E-04
2459846.500000000,-6.844963059530877E-01,2.163802891930462E-01,4.246748866339137E-02,-6.194087591456524E-03,-1.937767484657256E-02,9.138994808835812E-05
2459851.500000000,-7.085712613669859E-01,1.176651574599886E-01,4.250147341825789E-02,-3.420697124323226E-03,-2.004277399504745E-02,-7.777235424958777E-05
2459856.500000000,-7.185985814179620E-01,1.661663477935633E-02,4.169284059405889E-02,-5.845192236649598E-04,-2.030970004407689E-02,-2.450914581457699E-04
2459861.500000000,-7.144070503071095E-01,-8.476140156697753E-02,4.005922019339293E-02,2.257312561680846E-03,-2.017463807486148E-02,-4.072182332617251E-04
2459866.500000000,-6.961107561853140E-01,-1.844667622887313E-01,3.763468198730464E-02,5.048016444377940E-03,-1.964205483041894E-02,-5.609374839370644E-04
2459871.500000000,-6.641042844429744E-01,-2.805398449053718E-01,3.446889687737314E-02,7.732371386802220E-03,-1.872446366449667E-02,-7.032345289228263E-04
2459876.500000000,-6.190520435511883E-01,-3.711029030826436E-01,3.062598177869869E-02,1.025785022877507E-02,-1.744201092794345E-02,-8.313549579274406E-04
2459881.500000000,-5.618721716719591E-01,-4.543968457653575E-01,2.618306559013447E-02,1.257565033157934E-02,-1.582190560263506E-02,-9.428562714571555E-04
2459886.500000000,-4.937155889229892E-01,-5.288148464747469E-01,2.122861890203248E-02,1.464160199856381E-02,-1.389771823082713E-02,-1.035650661376799E-03
2459891.500000000,-4.159408411413171E-01,-5.929321769893330E-01,1.586059273355991E-02,1.641694181569539E-02,-1.170857625944864E-02,-1.108038585560411E-03
2459896.500000000,-3.300854305225693E-01,-6.455318148118474E-01,1.018441259482345E-02,1.786894382767487E-02,-9.298282600282691E-03,-1.158733075640499E-03
2459901.500000000,-2.378343507827506E-01,-6.856255049151858E-01,4.310873798847781E-03,1.897140663297306E-02,-6.714382844186895E-03,-1.186874987865828E-03
2459906.500000000,-1.409865424276500E-01,-7.124700777296915E-01,-1.646017834213895E-03,1.970499902129879E-02,-4.007204147329223E-03,-1.192039705705476E-03
2459911.500000000,-4.141996107626278E-02,-7.255789335179554E-01,-7.571218929227614E-03,2.005747037537800E-02,-1.228886050361155E-03,-1.174236023443073E-03
2459916.500000000,5.894408522292267E-02,-7.247286974871608E-01,-1.335079778473260E-02,2.002373416262900E-02,1.567579444936441E-03,-1.133897871213975E-03
2459921.500000000,1.581767182540407E-01,-7.099611277177239E-01,-1.887402559596421E-02,1.960583391034049E-02,4.329284857201908E-03,-1.071869502419854E-03
2459926.500000000,2.543768288022834E-01,-6.815804175398845E-01,-2.403537881546482E-02,1.881280167071159E-02,7.004310982849082E-03,-9.893848901744281E-04
2459931.500000000,3.457054598873513E-01,-6.401460787895829E-01,-2.873642555100388E-02,1.766041874306523E-02,9.542589674807428E-03,-8.880420557756500E-04
2459936.500000000,4.304187678181089E-01,-5.864616259389492E-01,-3.288757219805984E-02,1.617088744174253E-02,1.189671990214843E-02,-7.697729225146521E-04
2459941.500000000,5.068991355489942E-01,-5.215593057272206E-01,-3.640964916705018E-02,1.437242136705376E-02,1.402273288678911E-02,-6.368091695147615E-04
2459946.500000000,5.736840462075438E-01,-4.466811354249785E-01,-3.923531665568307E-02,1.229876002983745E-02,1.588080297930209E-02,-4.916444472448063E-04
2459951.500000000,6.294923496494538E-01,-3.632565296109165E-01,-4.131027300568849E-02,9.988612046581741E-03,1.743590068872245E-02,-3.369932452633485E-04
2459956.500000000,6.732475741579611E-01,-2.728768159677253E-01,-4.259424973035622E-02,7.485030678642071E-03,1.865838323285872E-02,-1.757467556784551E-04
2459961.500000000,7.040979550467327E-01,-1.772669640057472E-01,-4.306177902257694E-02,4.834725604326749E-03,1.952451812259613E-02,-1.092603263926794E-05
2459966.500000000,7.214328677518095E-01,-7.825487316127276E-02,-4.270272053512050E-02,2.087313201920912E-03,2.001693476935714E-02,1.543674414956022E-04
2459971.500000000,7.248953627388830E-01,2.226140122232311E-02,-4.152253491956664E-02,-7.054924806471200E-04,2.012499619033458E-02,3.170035601897264E-04
2459976.500000000,7.143905155378233E-01,1.223480606450636E-01,-3.954229328562534E-02,-3.490743748525136E-03,1.984508112227275E-02,4.738773408173635E-04
2459981.500000000,6.900893319205925E-01,2.200711413164238E-01,-3.679841411886810E-02,-6.215171963631807E-03,1.918076616105383E-02,6.219640989094960E-04
2459986.500000000,6.524279850958116E-01,3.135327297980464E-01,-3.334212206093284E-02,-8.826140385284141E-03,1.814289684218781E-02,7.583754087327201E-04
2459991.500000000,6.021022115751765E-01,4.009072327438062E-01,-2.923862657709637E-02,-1.127262567575138E-02,1.674953633341470E-02,8.804150363892519E-04
2459996.500000000,5.400567580706382E-01,4.804770615660240E-01,-2.456602307838717E-02,-1.350621321045867E-02,1.502578103199987E-02,9.856338419129880E-04
2460001.500000000,4.674698549505413E-01,5.506670429725220E-01,-1.941392454774381E-02,-1.548208778188986E-02,1.300343399778512E-02,1.071882463398031E-03
2460006.500000000,3.857327925131109E-01,6.100768273366983E-01,-1.388183806857694E-02,-1.715999786261249E-02,1.072052988311253E-02,1.137360435876782E-03
2460011.500000000,2.964247932167558E-01,6.575105442997575E-01,-8.077307710098776E-03,-1.850516861065571E-02,8.220708853926948E-03,1.180660278145032E-03
2460016.500000000,2.012835030012390E-01,6.920029542331061E-01,-2.113852737656607E-03,-1.948913659313467E-02,5.552441859884403E-03,1.200805020043070E-03
2460021.500000000,1.021715632448368E-01,7.128413699781926E-01,3.891262248655832E-03,-2.009047809696285E-02,2.768115335759784E-03,1.197277657569859E-03
2460026.500000000,1.039865473160934E-03,7.195826793230433E-01,9.819381304436317E-03,-2.029540318575744E-02,-7.701025669225912E-05,1.170041129207854E-03
2460031.500000000,-1.001117740391230E-01,7.120648871489106E-01,1.555288477076263E-02,-2.009818964241139E-02,-2.925947063929081E-03,1.119547620486995E-03
2460036.500000000,-1.992756623592951E-01,6.904127169092092E-01,2.097763485107986E-02,-1.950143487924892E-02,-5.721204488964901E-03,1.046736321593072E-03
2460041.500000000,-2.944780468720408E-01,6.550369598378246E-01,2.598537989669950E-02,-1.851610928140041E-02,-8.406059753036793E-03,9.530190821958512E-04
2460046.500000000,-3.838206780995626E-01,6.066274312408881E-01,3.047605611833738E-02,-1.716139982984474E-02,-1.092583813117073E-02,8.402537353251320E-04
2460051.500000000,-4.655210571501653E-01,5.461395831817786E-01,3.435992596113149E-02,-1.546434075589970E-02,-1.322916344266542E-02,7.107055929812542E-04
2460056.500000000,-5.379503188241956E-01,4.747750235441278E-01,3.755949653492442E-02,-1.345923920491138E-02,-1.526913830277499E-02,5.669981521611459E-04
2460061.500000000,-5.996677605584749E-01,3.939563899675188E-01,4.001116710740340E-02,-1.118691089904742E-02,-1.700441598109553E-02,4.120542682679832E-04
2460066.500000000,-6.494511189739610E-01,3.052972058061204E-01,4.166656227688149E-02,-8.693747895436848E-03,-1.840013053913686E-02,2.490295861492267E-04
2460071.500000000,-6.863218259629689E-01,2.105675003220994E-01,4.249351729510862E-02,-6.030648087419675E-03,-1.942865676647064E-02,8.124033861595982E-05
2460076.500000000,-7.095646385179110E-01,1.116561011985627E-01,4.247669306431620E-02,-3.251841346281720E-03,-2.007017840458522E-02,-8.791218818354165E-05
2460081.500000000,-7.187412198708971E-01,1.053059452550964E-02,4.161781008848989E-02,-4.136504126857024E-04,-2.031305144845592E-02,-2.550181422888201E-04
2460086.500000000,-7.136974436950514E-01,-9.080400802465954E-02,3.993550247920057E-02,2.426774258184022E-03,-2.015395790990802E-02,-4.167342199196213E-04
2460091.500000000,-6.945643874558459E-01,-1.903468530697287E-01,3.746480436108142E-02,5.212707505418022E-03,-1.959785375112118E-02,-5.698552527647247E-04
2460096.500000000,-6.617531654162858E-01,-2.861420764890524E-01,3.425629114457328E-02,7.889055041909607E-03,-1.865772223410635E-02,-7.113803871098412E-04
2460101.500000000,-6.159439176342318E-01,-3.763179501433314E-01,3.037490670488587E-02,1.040348077676443E-02,-1.735415024600194E-02,-8.385723173691283E-04
2460106.500000000,-5.580694118957883E-01,-4.591235134356492E-01,2.589851423818843E-02,1.270743060964486E-02,-1.571474994549741E-02,-9.490084231498878E-04
2460111.500000000,-4.892938266110992E-01,-5.329619789986826E-01,2.091621332348094E-02,1.475703359563699E-02,-1.377345117465334E-02,-1.040623057032050E-03
2460116.500000000,-4.109873624510681E-01,-5.964203331787696E-01,1.552646852435104E-02,1.651386765454205E-02,-1.156969146514949E-02,-1.111740607137720E-03
2460121.500000000,-3.246973797667132E-01,-6.482946862683928E-01,9.835095910312775E-03,1.794558282153066E-02,-9.147530295296030E-03,-1.161099281331230E-03
2460126.500000000,-2.321167810619564E-01,-6.876110581321954E-01,3.953153443241585E-03,1.902638002713356E-02,-6.554713136640091E-03,-1.187865839385920E-03
2460131.500000000,-1.350503559402449E-01,-7.136414088183320E-01,-2.005220732948267E-03,1.973734822310017E-02,-3.841709156237511E-03,-1.191641816241056E-03
2460136.500000000,-3.537978002438363E-02,-7.259148348224790E-01,-7.924981382793784E-03,2.006666708377714E-02,-1.060742694570965E-03,-1.172461967432126E-03
2460141.500000000,6.497208117495382E-02,-7.242239402675938E-01,-1.369232335983324E-02,2.000968369516434E-02,1.735165876646802E-03,-1.130785555888106E-03
2460146.500000000,1.640769545556365E-01,-7.086264642737294E-01,-1.919676865556266E-02,1.956887189279380E-02,4.493136439960314E-03,-1.067481137807491E-03
2460151.500000000,2.600364656504752E-01,-6.794423076576432E-01,-2.433316275813893E-02,1.875368420943856E-02,7.161331568023389E-03,-9.838056301928950E-04
2460156.500000000,3.510164570020047E-01,-6.372461487767611E-01,-2.900355357371738E-02,1.758030635805552E-02,9.689817367802714E-03,-8.813783774083430E-04
2460161.500000000,4.352798538573968E-01,-5.828558707917550E-01,-3.311892943918442E-02,1.607132303203843E-02,1.203137729801350E-02,-7.621508097078760E-04
2460166.500000000,5.112176530096617E-01,-5.173170461774741E-01,-3.660079539555674E-02,1.425530249966685E-02,1.414227482697199E-02,-6.283721524240085E-04
2460171.500000000,5.773776446324445E-01,-4.418837434804093E-01,-3.938256878896910E-02,1.216630610352138E-02,1.598296126358189E-02,-4.825514853058156E-04
2460176.500000000,6.324905037777274E-01,-3.579959399243931E-01,-4.141077645591555E-02,9.843327263753688E-03,1.751872491273958E-02,-3.274163495009702E-04
2460181.500000000,6.754929075269379E-01,-2.672538436895114E-01,-4.264603682114829E-02,7.329663181654632E-03,1.872027731120144E-02,-1.658681620090392E-04
2460186.500000000,7.055473476860356E-01,-1.713894519726713E-01,-4.306381190608897E-02,4.672221778098809E-03,1.956427183699200E-02,-9.348385847562527E-07
2460191.500000000,7.220583220712750E-01,-7.223569660797470E-02,-4.265491633051859E-02,1.920766732163440E-03,2.003374900394755E-02,1.642789747549233E-04
2460196.500000000,7.246846037537544E-01,2.830643855584262E-02,-4.142577211386844E-02,-8.728956784287024E-04,2.011850107878259E-02,3.266437692793128E-04
2460201.500000000,7.133473085203185E-01,1.283024028245589E-01,-3.939839951333535E-02,-3.655783276380453E-03,1.981534681023276E-02,4.830588284197588E-04
2460206.500000000,6.882335065704512E-01,2.258196911790191E-01,-3.661013598649540E-02,-6.374652504549160E-03,1.912830589534390E-02,6.305072505247161E-04
2460211.500000000,6.497951584974683E-01,3.189640567314703E-01,-3.311307758550618E-02,-8.976952478023045E-03,1.806866267998538E-02,7.661118516538456E-04
2460216.500000000,5.987432063516431E-01,4.059157404215120E-01,-2.897324036725811E-02,-1.141180669808627E-02,1.665490724535293E-02,8.871910678378093E-04
2460221.500000000,5.360367173638756E-01,4.849650744690617E-01,-2.426944479362728E-02,-1.363100740474466E-02,1.491254212683529E-02,9.913136541403510E-04
2460226.500000000,4.628670635843534E-01,5.545467659866439E-01,-1.909193210231393E-02,-1.559000343437361E-02,1.287374663734213E-02,1.076351007313452E-03
2460231.500000000,3.806372225432170E-01,6.132721350725305E-01,-1.354072746648857E-02,-1.724886021361128E-02,1.057689360556386E-02,1.140525908965629E-03
2460236.500000000,2.909363973716755E-01,6.599585608563246E-01,-7.723771373153976E-03,-1.857316762999772E-02,8.065915682876963E-03,1.182456232513288E-03
2460241.500000000,1.955102844132365E-01,6.936553862046074E-01,-1.754848373802938E-03,-1.953486846937428E-02,5.389523377286342E-03,1.201192024768322E-03
2460246.500000000,9.622745624518673E-02,7.136655581574746E-01,4.248649811386397E-03,-2.011297910364988E-02,2.600283243921573E-03,1.196244438522399E-03
2460251.500000000,-4.957531315887794E-03,7.195623391717467E-01,1.016808254756633E-02,-2.029417471359625E-02,-2.464289845208414E-04,1.167605125868846E-03
2460256.500000000,-1.060435655667454E-01,7.112005141816546E-01,1.588598913225199E-02,-2.007321339034263E-02,-3.093579143738103E-03,1.115754906240358E-03
2460261.500000000,-2.050240742534700E-01,6.887216399576267E-01,2.128853224141761E-02,-1.945317716747251E-02,-5.883701941011109E-03,1.041660819106247E-03
2460266.500000000,-2.999288345198137E-01,6.525530336744626E-01,2.626789645323704E-02,-1.844551339758604E-02,-8.560172134747145E-03,9.467610534268680E-04
2460271.500000000,-3.888654676605334E-01,6.034003718505145E-01,3.072458088825007E-02,-1.706986670115055E-02,-1.106848282202209E-02,8.329376949208127E-04
2460276.500000000,-4.700595644076516E-01,5.422339614136089E-01,3.456952592130326E-02,-1.535369961742637E-02,-1.335749167761762E-02,7.024777206954491E-04
2460281.500000000,-5.418923972335500E-01,4.702689422744089E-01,3.772601731082951E-02,-1.333170858221554E-02,-1.538059560182302E-02,5.580231659702978E-04
2460286.500000000,-6.029352306650247E-01,3.889398750192073E-01,4.013131690079268E-02,-1.104505036262995E-02,-1.709679598382786E-02,4.025118545244467E-04
2460291.500000000,-6.519793364118504E-01,2.998703475806431E-01,4.173797705771221E-02,-8.540401999225315E-03,-1.847162060237061E-02,2.391104921837854E-04
2460296.500000000,-6.880609530324719E-01,2.048383912446416E-01,4.251480585947142E-02,-5.868884168994747E-03,-1.947787382657181E-02,7.114225118154360E-05
2460301.500000000,-7.104805937409173E-01,1.057386203778066E-01,4.244746129080678E-02,-3.084883319731322E-03,-2.009619413932984E-02,-9.798881349913784E-05
2460306.500000000,-7.188162914797123E-01,4.542093362545745E-03,4.153866449997846E-02,-2.448108837488216E-04,-2.031540686156296E-02,-2.648741798154450E-04
2460311.500000000,-7.129305624725462E-01,-9.674506844308307E-02,3.980803349130234E-02,2.594162250655212E-03,-2.013266811267015E-02,-4.261759044097586E-04
2460316.500000000,-6.929710589394584E-01,-1.961232639865977E-01,3.729154961250526E-02,5.375358276015023E-03,-1.955340287431656E-02,-5.786980955154667E-04
2460321.500000000,-6.593650677938163E-01,-2.916401930256297E-01,3.404067984078628E-02,8.043795866385503E-03,-1.859104840085723E-02,-7.194528310877474E-04
2460326.500000000,-6.128081809054798E-01,-3.814299045165020E-01,3.012118656813070E-02,1.054731351597308E-02,-1.726662145677443E-02,-8.457190267932415E-04
2460331.500000000,-5.542476017505819E-01,-4.637492872457903E-01,2.561166308902091E-02,1.283758801481000E-02,-1.560813199059834E-02,-9.550931258123812E-04
2460336.500000000,-4.848606619240401E-01,-5.370112970422239E-01,2.060183774174831E-02,1.487102946714526E-02,-1.364986847348677E-02,-1.045530864861358E-03
2460341.500000000,-4.060291981620970E-01,-5.998143458912492E-01,1.519069214804725E-02,1.660954047364829E-02,-1.143158190741408E-02,-1.115379857840275E-03
2460346.500000000,-3.193104887683615E-01,-6.509674146207327E-01,9.484439522948309E-03,1.802113244590232E-02,-8.997595655455513E-03,-1.163402990089755E-03
2460351.500000000,-2.264054703599757E-01,-6.895105824653233E-01,3.594408734402301E-03,1.908039731899199E-02,-6.395866376683234E-03,-1.188792775403276E-03
2460356.500000000,-1.291249519170306E-01,-7.147307872280273E-01,-2.365121759486932E-03,1.976883775198774E-02,-3.677018928992958E-03,-1.191177150534644E-03
2460361.500000000,-2.935451882367180E-02,-7.261727373905734E-01,-8.279098931974314E-03,2.007506220078682E-02,-8.933753303678607E-04,-1.170617384012839E-03
2460366.500000000,7.098121805740568E-02,-7.236449899037533E-01,-1.403384156551545E-02,1.999485338170227E-02,1.902005413183093E-03,-1.127598834362057E-03
2460371.500000000,1.699544192799876E-01,-7.072212829736746E-01,-1.951912410305560E-02,1.953111987662617E-02,4.656263166426805E-03,-1.063015305052524E-03
2460376.500000000,2.656693006971567E-01,-6.772372724523241E-01,-2.463016778350915E-02,1.869374099771636E-02,7.317637884285297E-03,-9.781477196622035E-04
2460381.500000000,3.562963952287553E-01,-6.342828650677488E-01,-2.926951234346150E-02,1.749931462258520E-02,9.836328591485631E-03,-8.746377750279628E-04
2460386.500000000,4.401053294202426E-01,-5.791903740582085E-01,-3.334874460480340E-02,1.597081657397302E-02,1.216530466078913E-02,-7.544571248756843E-04
2460391.500000000,5.154956906541317E-01,-5.130187469309928E-01,-3.679006278264877E-02,1.413717856723416E-02,1.426106495947462E-02,-6.198725612819393E-04
2460396.500000000,5.810255936829163E-01,-4.370341367836903E-01,-3.952765770625389E-02,1.203279105095133E-02,1.608434063447882E-02,-4.734076808570732E-04
2460401.500000000,6.354375860452303E-01,-3.526871071058744E-01,-4.150889444457152E-02,9.696936705046458E-03,1.760073856777924E-02,-3.178014195490043E-04
2460406.500000000,6.776815547810846E-01,-2.615867728986981E-01,-4.269527906912837E-02,7.173157791323451E-03,1.878132276126256E-02,-1.559635883622272E-04
2460411.500000000,7.069343085949112E-01,-1.654722003023678E-01,-4.306319593516678E-02,4.508559382329259E-03,1.960312851120443E-02,9.072410208116019E-06
2460416.500000000,7.226155216991490E-01,-6.618141711874234E-02,-4.260440211898611E-02,1.753051343239935E-03,2.004960269996308E-02,1.741993841289209E-04
2460421.500000000,7.243997415628850E-01,3.438157786008366E-02,-4.132626720015244E-02,-1.041467457969065E-03,2.011096261176660E-02,3.362883573589587E-04
2460426.500000000,7.122241821137382E-01,1.342813775599081E-01,-3.925174825681740E-02,-3.821978327306151E-03,1.978446431969808E-02,4.922424087284082E-04
2460431.500000000,6.862920499195161E-01,2.315868240247302E-01,-3.641909207666454E-02,-6.535259163836253E-03,1.907457037567113E-02,6.390518525151789E-04
2460436.500000000,6.470711875613325E-01,3.244072294631460E-01,-3.288125942807637E-02,-9.128839485289987E-03,1.799300568930752E-02,7.738501110511535E-04
2460441.500000000,5.952878690095644E-01,4.109285735948439E-01,-2.870506992581016E-02,-1.155198237719447E-02,1.655869031891528E-02,8.939694505618163E-04
2460446.500000000,5.319156486754032E-01,4.894490349177203E-01,-2.397007063929108E-02,-1.375667825852925E-02,1.479753859508520E-02,9.969955630984705E-04
2460451.500000000,4.581592502681728E-01,5.584131644433068E-01,-1.876713714015866E-02,-1.569863178560223E-02,1.274211570589557E-02,1.080819794613426E-03
2460456.500000000,3.754335836862646E-01,6.164439726616577E-01,-1.319682209813030E-02,-1.733821978266258E-02,1.043114568919476E-02,1.143687659602640E-03
2460461.500000000,2.853380964128073E-01,6.623721796272881E-01,-7.367473646412049E-03,-1.864139511980169E-02,7.908868724587445E-03,1.184242165877327E-03
2460466.500000000,1.896267970688373E-01,6.952618796436837E-01,-1.393153282402672E-03,-1.958050931449035E-02,5.224250636324568E-03,1.201560420989578E-03
2460471.500000000,9.017442775481871E-02,7.144319010830182E-01,4.608609342980839E-03,-2.013502573916583E-02,2.430053448197700E-03,1.195182031074572E-03
2460476.500000000,-1.106059884468611E-02,7.194722020439662E-01,1.051918024987950E-02,-2.029209610535379E-02,-4.182177708975713E-04,1.165127933434371E-03
2460481.500000000,-1.120757496434716E-01,7.102547339728090E-01,1.622125260435593E-02,-2.004697481955017E-02,-3.263470605566880E-03,1.111908428133083E-03
2460486.500000000,-2.108655394024297E-01,6.869383243562183E-01,2.160128924642118E-02,-1.940324847848325E-02,-6.048257010698463E-03,1.036519461237935E-03
2460491.500000000,-3.054633490237226E-01,6.499672800698776E-01,2.655191642233238E-02,-1.837286438779046E-02,-8.716046998273252E-03,9.404267912590418E-04
2460496.500000000,-3.939828644339934E-01,6.000635980320644E-01,3.097420785605366E-02,-1.697594938286636E-02,-1.121250566737076E-02,8.255379863093869E-04
2460501.500000000,-4.746580809242063E-01,5.382128612384864E-01,3.477979926837463E-02,-1.524041768794149E-02,-1.348673561814252E-02,6.941627313755423E-04
2460506.500000000,-5.458808325609404E-01,4.656440905533870E-01,3.789277710710345E-02,-1.320137497429309E-02,-1.549244571123804E-02,5.489623996091431E-04
2460511.500000000,-6.062348630355574E-01,3.838040163774923E-01,4.025129111493464E-02,-1.090033416280449E-02,-1.718900833034856E-02,3.928902877794383E-04
2460516.500000000,-6.545255524034788E-01,2.943264140936999E-01,4.180884845760419E-02,-8.384266507117067E-03,-1.854237143795759E-02,2.291243378587427E-04
2460521.500000000,-6.898045492748625E-01,1.989973015234943E-01,4.253525706278980E-02,-5.704518205715334E-03,-1.952579766296555E-02,6.099447385281620E-05
2460526.500000000,-7.113887225183591E-01,9.971691761769522E-02,4.241719698197542E-02,-2.915627782029145E-03,-2.012040997742892E-02,-1.080931311291262E-04
2460531.500000000,-7.188730310990805E-01,-1.540516443102393E-03,4.145841036456460E-02,-7.408246878921980E-05,-2.031553172584689E-02,-2.747324831114461E-04
2460536.500000000,-7.121371049226687E-01,-1.027682126633618E-01,3.967951238970557E-02,2.762947295364289E-03,-2.010881728492736E-02,-4.355925833049779E-04
2460541.500000000,-6.913455229100287E-01,-2.019683692891289E-01,3.711743662609709E-02,5.538857357221746E-03,-1.950617786152101E-02,-5.874885074747561E-04
2460546.500000000,-6.569419570612551E-01,-2.971928641281043E-01,3.382453824964177E-02,8.198808498983455E-03,-1.852151434156978E-02,-7.274469032399771E-04
2460551.500000000,-6.096375145101111E-01,-3.865821662712193E-01,2.986738692801817E-02,1.069084399408376E-02,-1.717627524191791E-02,-8.527644078139519E-04
2460556.500000000,-5.503937471310639E-01,-4.684016467027063E-01,2.532528772016820E-02,1.296690142210192E-02,-1.549886236946414E-02,-9.610578703366894E-04
2460561.500000000,-4.804009064824571E-01,-5.410745891278931E-01,2.028857297024279E-02,1.498370011173312E-02,-1.352390965157017E-02,-1.050305638450144E-03
2460566.500000000,-4.010521001745520E-01,-6.032113339814081E-01,1.485671096062098E-02,1.670349151180116E-02,-1.129146217186439E-02,-1.118879540871776E-03
2460571.500000000,-3.139140536976204E-01,-6.536341256276168E-01,9.136277863130763E-03,1.809466615546804E-02,-8.846082914246857E-03,-1.165567633130485E-03
2460576.500000000,-2.206951970586656E-01,-6.913973659771095E-01,3.238838283852651E-03,1.913221712679387E-02,-6.235912452030341E-03,-1.189588081696929E-03
2460581.500000000,-1.232117868181134E-01,-7.158030945433428E-01,-2.721222260251418E-03,1.979806308627714E-02,-3.511703271031052E-03,-1.190594576406380E-03
2460586.500000000,-2.335275356745956E-02,-7.264116186034235E-01,-8.628871843423515E-03,2.008123625387117E-02,-7.258486525421468E-04,-1.168673826734057E-03
2460591.500000000,7.695607029555401E-02,-7.230473108070523E-01,-1.437057592518373E-02,1.997794392848593E-02,2.068576692902020E-03,-1.124335916982129E-03
2460596.500000000,1.757877351785638E-01,-7.057996678194213E-01,-1.983637670917669E-02,1.949151363403074E-02,4.818750922589067E-03,-1.058498302061573E-03
2460601.500000000,2.712494149150633E-01,-6.750197817135816E-01,-2.492187809315222E-02,1.863223203663155E-02,7.473004215135432E-03,-9.724641628101105E-04
2460606.500000000,3.615165965806814E-01,-6.313124195920943E-01,-2.953010967051963E-02,1.741708723787061E-02,9.981675254216690E-03,-8.678957739681896E-04
2460611.500000000,4.448657584606996E-01,-5.755239393389323E-01,-3.357324631554223E-02,1.586942308231769E-02,1.229791950364483E-02,-7.467834576897017E-04
2460616.500000000,5.197051152222333E-01,-5.087262934019159E-01,-3.697416252237457E-02,1.401851284375013E-02,1.437846510460881E-02,-6.114106040360690E-04
2460621.500000000,5.846030426942828E-01,-4.321973913019829E-01,-3.966780284542602E-02,1.189905826328243E-02,1.618431293550806E-02,-4.643151489894508E-04
2460626.500000000,6.383138211898822E-01,-3.473981084479829E-01,-4.160235153682661E-02,9.550618609810643E-03,1.768137743540122E-02,-3.082478218407581E-04
2460631.500000000,6.798003569119699E-01,-2.559462469702343E-01,-4.274018589411682E-02,7.016973384523337E-03,1.884106423756223E-02,-1.461274240364025E-04
2460636.500000000,7.082535570086215E-01,-1.595877765134897E-01,-4.305859912686691E-02,4.345421489817035E-03,1.964077962793517E-02,1.900659567986690E-05
2460641.500000000,7.231080467245481E-01,-6.016571045902071E-02,-4.255027989166261E-02,1.586019361109727E-03,2.006436584573539E-02,1.840440135388117E-04
2460646.500000000,7.240539318160871E-01,4.041299430585264E-02,-4.122353673874000E-02,-1.209238320141701E-03,2.010245498086278E-02,3.458559565587808E-04
2460651.500000000,7.110443306079565E-01,1.402120843570470E-01,-3.910225699974253E-02,-3.987290704449182E-03,1.975273204742435E-02,5.013489158569669E-04
2460656.500000000,6.842984244992428E-01,2.373017225489572E-01,-3.622559207311307E-02,-6.694930176180110E-03,1.902009634564577E-02,6.475200659528712E-04
2460661.500000000,6.442998114183816E-01,3.297947291621096E-01,-3.264736436728138E-02,-9.279759839984735E-03,1.791670953859963E-02,7.815131427865868E-04
2460666.500000000,5.917900031240871E-01,4.158827581050306E-01,-2.843519521316302E-02,-1.169117620606594E-02,1.646191999033987E-02,9.006740410336218E-04
2460671.500000000,5.277569759508680E-01,4.938717654229731E-01,-2.366935729024593E-02,-1.388136248101478E-02,1.468205371439912E-02,1.002605242743817E-03
2460676.500000000,4.534187654737982E-01,5.622160792960551E-01,-1.844136025242647E-02,-1.580627428004959E-02,1.261006264179427E-02,1.085217883057661E-03
2460681.500000000,3.702021977596150E-01,6.195503406731504E-01,-1.285228488241113E-02,-1.742659524635467E-02,1.028502391479735E-02,1.146780027556492E-03
2460686.500000000,2.797169702339918E-01,6.647185631581510E-01,-7.010888437301590E-03,-1.870863716774515E-02,7.751488392448149E-03,1.185959665783793E-03
2460691.500000000,1.837254273193948E-01,6.967995640633442E-01,-1.031511412570292E-03,-1.962515729140471E-02,5.058681613435681E-03,1.201860896000352E-03
2460696.500000000,8.410851519525116E-02,7.151280489640085E-01,4.968176457101755E-03,-2.015606466035315E-02,2.259566259836074E-03,1.194051802581091E-03
2460701.500000000,-1.717145976151001E-02,7.193106930629390E-01,1.086954589771499E-02,-2.028898782733485E-02,-5.902184690255476E-04,1.162582643347395E-03
2460706.500000000,-1.181105108427157E-01,7.092366560339254E-01,1.655544201733656E-02,-2.001967849744121E-02,-3.433518654224036E-03,1.107993179422504E-03
2460711.500000000,-2.167042130528977E-01,6.850820922446812E-01,2.191262587352139E-02,-1.935222959050677E-02,-6.212900554614142E-03,1.031308291835841E-03
2460716.500000000,-3.109895370088653E-01,6.473083722912937E-01,2.683416379050624E-02,-1.829909181673939E-02,-8.871925250706365E-03,9.340214248781069E-04
2460721.500000000,-3.990862418705673E-01,5.966539090078723E-01,3.122170335690384E-02,-1.688087987832811E-02,-1.135642575903323E-02,8.180658554530954E-04
2460726.500000000,-4.792367698108020E-01,5.341196737022612E-01,3.498757626026206E-02,-1.512596744665353E-02,-1.361574717779316E-02,6.857742829310878E-04
2460731.500000000,-5.498436015550715E-01,4.609486868134148E-01,3.805667184526769E-02,-1.306987861749160E-02,-1.560391027161301E-02,5.398277361176515E-04
2460736.500000000,-6.095030925622974E-01,3.785999611333098E-01,4.036803148880656E-02,-1.075449212711403E-02,-1.728066087202144E-02,3.831952780589289E-04
2460741.500000000,-6.570349114597273E-01,2.887175541062882E-01,4.187612237695677E-02,-8.227082714326400E-03,-1.861237179767944E-02,2.190664038839350E-04
2460746.500000000,-6.915063412240559E-01,1.930955361700585E-01,4.255175938590228E-02,-5.539230344044405E-03,-1.957277070913727E-02,5.077824128717152E-05
2460751.500000000,-7.122508673137291E-01,9.363979707405036E-02,4.238265449530091E-02,-2.745631796407418E-03,-2.014347431851531E-02,-1.182602595016798E-04
2460756.500000000,-7.188806586311919E-01,-7.672306367342611E-03,4.137358451186055E-02,9.714707892875330E-05,-2.031431617565975E-02,-2.846447913000333E-04
2460761.500000000,-7.112927462088814E-01,-1.088334158099550E-01,3.954617967740223E-02,2.931937839623417E-03,-2.008346438558288E-02,-4.450505059748011E-04
2460766.500000000,-6.896689030094354E-01,-2.078477092193507E-01,3.693834675553501E-02,5.702216553641294E-03,-1.945733425411456E-02,-5.963030619881137E-04
2460771.500000000,-6.544694075834903E-01,-3.027715133502898E-01,3.360335045243137E-02,8.353297881224122E-03,-1.845030816003033E-02,-7.354439426507347E-04
2460776.500000000,-6.064210327626461E-01,-3.917520721468460E-01,2.960858595810161E-02,1.083344636052718E-02,-1.708428164986645E-02,-8.597884616075102E-04
2460781.500000000,-5.464997377322923E-01,-4.730636590783090E-01,2.503408221563283E-02,1.309488019883574E-02,-1.538805906156199E-02,-9.669753194651947E-04
2460786.500000000,-4.759086489202424E-01,-5.451403452192526E-01,1.997077989514352E-02,1.509464947676215E-02,-1.339662468685761E-02,-1.055007106530029E-03
2460791.500000000,-3.960519897542523E-01,-6.066048685502025E-01,1.451862994037690E-02,1.679537692304963E-02,-1.115031661966951E-02,-1.122281562597215E-03
2460796.500000000,-3.085056637033212E-01,-6.562931849823681E-01,8.784558841747815E-03,1.816585529824786E-02,-8.693929932597868E-03,-1.167613655643817E-03
2460801.500000000,-2.149852113085943E-01,-6.932744112009264E-01,2.880345916710504E-03,1.918150068616810E-02,-6.075774219544286E-03,-1.190248766372068E-03
2460806.500000000,-1.173118543296179E-01,-7.168659888003936E-01,-3.079544085630494E-03,1.982466524448668E-02,-3.346708094922033E-03,-1.189867470443256E-03
2460811.500000000,-1.737731403139241E-02,-7.266440047104121E-01,-8.980132599505697E-03,2.008481612165833E-02,-5.591701939435745E-04,-1.166582559891998E-03
2460816.500000000,8.289194855781139E-02,-7.224486923348044E-01,-1.470806606103024E-02,1.995858933774389E-02,2.233777126474204E-03,-1.120929026883373E-03
2460821.500000000,1.815704696555395E-01,-7.043852103461257E-01,-2.015368859215186E-02,1.944972848629190E-02,4.979378562619993E-03,-1.053847746302283E-03
2460826.500000000,2.767689459698186E-01,-6.728198522526344E-01,-2.521301878840257E-02,1.856891811519968E-02,7.626081376272924E-03,-9.666635425534732E-04
2460831.500000000,3.666683206440054E-01,-6.283718826474455E-01,-2.978960411768313E-02,1.733352088721116E-02,1.012438805844569E-02,-8.610582733504548E-04
2460836.500000000,4.495523328328230E-01,-5.719012304668299E-01,-3.379622965528867E-02,1.576722736454790E-02,1.242766001104522E-02,-7.390395904620264E-04
2460841.500000000,5.238381154674653E-01,-5.044922943642567E-01,-3.715646099384586E-02,1.389962667565095E-02,1.449286863939851E-02,-6.029059100410522E-04
2460846.500000000,5.881044602650674E-01,-4.274341287029608E-01,-3.980600307183126E-02,1.176570339435401E-02,1.628129152946559E-02,-4.552078423479076E-04
2460851.500000000,6.411173902004562E-01,-3.421972935311686E-01,-4.169385780822660E-02,9.405264247575073E-03,1.775914994538101E-02,-2.987063370350144E-04
2460856.500000000,6.818526976207123E-01,-2.504076731051849E-01,-4.278326491172520E-02,6.862298232334465E-03,1.889818314725627E-02,-1.363278555130512E-04
2460861.500000000,7.095151229809997E-01,-1.538175909157349E-01,-4.305241165919776E-02,4.184273210160289E-03,1.967615455865851E-02,2.888317509226515E-05
2460866.500000000,7.235538634448212E-01,-5.427457688638428E-02,-4.249489863840385E-02,1.421371732516208E-03,2.007728356503658E-02,1.938143877599328E-04
2460871.500000000,7.236741152179372E-01,4.631182260707011E-02,-4.111994974871153E-02,-1.374330671388885E-03,2.009259515970281E-02,3.553376915329594E-04
2460876.500000000,7.098443724376446E-01,1.460047585228638E-01,-3.895235642257801E-02,-4.149740274691360E-03,1.972017816141338E-02,5.103632934457657E-04
2460881.500000000,6.822992323421799E-01,2.428758337957558E-01,-3.603214826109456E-02,-6.851666597657622E-03,1.896534151091555E-02,6.558950129634380E-04
2460886.500000000,6.415374946347069E-01,3.350413613233483E-01,-3.241398523018876E-02,-9.427781545763446E-03,1.784065740983326E-02,7.890862167473154E-04
2460891.500000000,5.883153953650315E-01,4.206985311097715E-01,-2.816627036794396E-02,-1.182760417292735E-02,1.636587999838457E-02,9.072955217794919E-04
2460896.500000000,5.236348845300669E-01,4.981608374684703E-01,-2.336998668426986E-02,-1.400349554399070E-02,1.456772906990303E-02,1.008141226236113E-03
2460901.500000000,4.487269431967187E-01,5.658920687933622E-01,-1.811726759785898E-02,-1.591164458213786E-02,1.247953015015256E-02,1.089553246006595E-03
2460906.500000000,3.650300402121137E-01,6.225381260070207E-01,-1.250971676542543E-02,-1.751302236977520E-02,1.014070525465938E-02,1.149821181896558E-03
2460911.500000000,2.741639486575486E-01,6.669559173959454E-01,-6.656500306253716E-03,-1.877427953341963E-02,7.596112855455199E-03,1.187637043541990E-03
2460916.500000000,1.778992742094566E-01,6.982385828406916E-01,-6.722419464291814E-04,-1.966855943926602E-02,4.895240699571319E-03,1.202131096883699E-03
2460921.500000000,7.812318673587147E-02,7.157363306434457E-01,5.325240646266099E-03,-2.017619899915179E-02,2.091259806024229E-03,1.192899296434695E-03
2460926.500000000,-2.319801300169901E-02,7.190722265479652E-01,1.121731280299471E-02,-2.028528923992777E-02,-7.600452612596313E-04,1.160020946964496E-03
2460931.500000000,-1.240587231241359E-01,7.081523747210245E-01,1.688696101176105E-02,-1.999206924678727E-02,-3.601445329914014E-03,1.104065344959060E-03
2460936.500000000,-2.224553786109720E-01,6.831700646775598E-01,2.222123501132708E-02,-1.930113260206659E-02,-6.375506293176027E-03,1.026086631661174E-03
2460941.500000000,-3.164283207786339E-01,6.446036102648679E-01,2.711363386787417E-02,-1.822543150391694E-02,-9.025866679003420E-03,9.276064904901014E-04
2460946.500000000,-4.041031616450768E-01,5.932077836629879E-01,3.146637497746516E-02,-1.678606978217287E-02,-1.149851554560211E-02,8.105846582017772E-04
2460951.500000000,-4.837305826864362E-01,5.299989419609676E-01,3.519248610857648E-02,-1.501188429529313E-02,-1.374303085361678E-02,6.773777604116839E-04
2460956.500000000,-5.537235271348597E-01,4.562341438001798E-01,3.821766448614788E-02,-1.293882307639826E-02,-1.571373856889824E-02,5.306875053667003E-04
2460961.500000000,-6.126908084983882E-01,3.733847474518647E-01,4.048185326852814E-02,-1.060913718413169E-02,-1.737075504793142E-02,3.734997315769856E-04
2460966.500000000,-6.594662627007153E-01,2.831051588516790E-01,4.194049425301107E-02,-8.070411014429969E-03,-1.868087961947352E-02,2.090161930803781E-04
2460971.500000000,-6.931327118990469E-01,1.871975488058604E-01,4.256542583368210E-02,-5.374462322149185E-03,-1.961831044168380E-02,4.058125525405301E-05
2460976.500000000,-7.130401769308680E-01,8.757347480243341E-02,4.234540657617346E-02,-2.576147937959913E-03,-2.016516425352878E-02,-1.283941565250369E-04
2460981.500000000,-7.188179628743918E-01,-1.378658091530868E-02,4.128625663959287E-02,2.678861481697019E-04,-2.031178899854657E-02,-2.945089731850853E-04
2460986.500000000,-7.103804377738023E-01,-1.148747117063597E-01,3.941062101886859E-02,3.100471140767085E-03,-2.005686686600736E-02,-4.544464686841383E-04
2460991.500000000,-6.879265174986382E-01,-2.136970884383709E-01,3.675736959308684E-02,5.865160588814989E-03,-1.940731345776001E-02,-6.050447239140608E-04
2460996.500000000,-6.519330501848043E-01,-3.083144731036939E-01,3.338065874022818E-02,8.507420046135130E-03,-1.837798598773886E-02,-7.433612624724709E-04
2461001.500000000,-6.031424539406429E-01,-3.968808340630078E-01,2.934868747670905E-02,1.097573159357926E-02,-1.699121927755316E-02,-8.667303900534048E-04
2461006.500000000,-5.425450964677115E-01,-4.776792586923725E-01,2.474218748642042E-02,1.322258902592772E-02,-1.527621296379490E-02,-9.728121574844432E-04
2461011.500000000,-4.713570100706399E-01,-5.491544854870790E-01,1.965269059793039E-02,1.520536624183562E-02,-1.326829666665380E-02,-1.059632364125309E-03
2461016.500000000,-3.909936042294861E-01,-6.099415133753178E-01,1.418061907376224E-02,1.688704859611702E-02,-1.100810003316268E-02,-1.125613410855797E-03
2461021.500000000,-3.030400764859533E-01,-6.588898764314882E-01,8.433244679769202E-03,1.823682157410566E-02,-8.540653049870905E-03,-1.169595940261074E-03
2461026.500000000,-2.092192407038587E-01,-6.950832982139359E-01,2.522562179057157E-03,1.923051538489181E-02,-5.914441676189921E-03,-1.190851501242012E-03
2461031.500000000,-1.113574856618961E-01,-7.178545613003734E-01,-3.436879221281603E-03,1.985090920748221E-02,-3.180441833367321E-03,-1.189086814075127E-03
2461036.500000000,-1.134954891223834E-02,-7.267955337726257E-01,-9.330146182867453E-03,2.008790220319050E-02,-3.911511188876881E-04,-1.164440327871040E-03
2461041.500000000,8.887724961635655E-02,-7.217623823170807E-01,-1.504405657506193E-02,1.993856018796796E-02,2.400365892738597E-03,-1.117471796465281E-03
2461046.500000000,1.873987168827752E-01,-7.028760727768193E-01,-2.046924677440888E-02,1.940704777834963E-02,5.141406118724089E-03,-1.049145608026679E-03
2461051.500000000,2.823288912424382E-01,-6.705183147074296E-01,-2.550214147777996E-02,1.850445597970513E-02,7.780520505550897E-03,-9.608085739646247E-04
2461056.500000000,3.718540433709791E-01,-6.253231485235710E-01,-3.004679995825694E-02,1.724853466636314E-02,1.026836343313139E-02,-8.541628167960577E-04
2461061.500000000,4.542651196396172E-01,-5.681644048126078E-01,-3.401661567752706E-02,1.566333838099816E-02,1.255849368315719E-02,-7.312343095091827E-04
2461066.500000000,5.279882127884259E-01,-5.001392885268460E-01,-3.733584872184943E-02,1.377879249899006E-02,1.460812291747911E-02,-5.943375398093124E-04
2461071.500000000,5.916126761103417E-01,-4.225483590009833E-01,-3.994097276006655E-02,1.163018527532134E-02,1.637880835983134E-02,-4.460367184938995E-04
2461076.500000000,6.439165220250974E-01,-3.368721925154414E-01,-4.178182005734048E-02,9.257590254344779E-03,1.783708651629695E-02,-2.891038253470735E-04
2461081.500000000,6.838887667494913E-01,-2.447450321098736E-01,-4.282250912684665E-02,6.705222840939716E-03,1.895504373576314E-02,-1.264736458992987E-04
2461086.500000000,7.107483989209448E-01,-1.479257534063464E-01,-4.304214052495143E-02,4.020733671032881E-03,1.971081831530225E-02,3.880395735049096E-05
2461091.500000000,7.239596615703338E-01,-4.826650348458965E-02,-4.243524768753815E-02,1.254440976586448E-03,2.008902802080960E-02,2.036142580649455E-04
2461096.500000000,7.232433492741079E-01,5.232059482042338E-02,-4.101199106057098E-02,-1.541495067361639E-03,2.008111481248416E-02,3.648300729722414E-04
2461101.500000000,7.085838424200611E-01,1.518982343035637E-01,-3.879808569499273E-02,-4.313950717497305E-03,1.968559668987466E-02,5.193658740349687E-04
2461106.500000000,6.802316331834615E-01,2.485397213166267E-01,-3.583445515473475E-02,-7.009762299873577E-03,1.890821686548146E-02,6.642330698922867E-04
2461111.500000000,6.387011372130116E-01,3.403652415897978E-01,-3.217660718028884E-02,-9.576686711417400E-03,1.776197984135907E-02,7.965959110407723E-04
2461116.500000000,5.847636339690965E-01,4.255779990221211E-01,-2.789372997605390E-02,-1.196438712803184E-02,1.626706256215208E-02,9.138271650523509E-04
2461121.500000000,5.194352480918375E-01,5.024995749916976E-01,-2.306751298005254E-02,-1.412542790329221E-02,1.445058985309431E-02,1.013562451229144E-03
2461126.500000000,4.439599732960746E-01,5.696038074599958E-01,-1.779070187918067E-02,-1.601625913671258E-02,1.234626572185801E-02,1.093751989272734E-03
2461131.500000000,3.597878458908002E-01,6.255484542511277E-01,-1.216540418937401E-02,-1.759816822209364E-02,9.993855131039732E-03,1.152708384512037E-03
2461136.500000000,2.685484957338319E-01,6.692038875821178E-01,-6.301168899984591E-03,-1.883817287768415E-02,7.438514897998544E-03,1.189148962998384E-03
2461141.500000000,1.720204353376902E-01,6.996780725668321E-01,-3.128712639520655E-04,-1.970982816577702E-02,4.729977486099956E-03,1.202231122664444E-03
2461146.500000000,7.209658785300098E-02,7.163371158100077E-01,5.681558566354322E-03,-2.019391921695829E-02,1.921597395277279E-03,1.191579201851515E-03
2461151.500000000,-2.925330499581156E-02,7.188207347363619E-01,1.156351714513167E-02,-2.027901207216798E-02,-9.307236933502367E-04,1.157301495047054E-03
2461156.500000000,-1.300226212365019E-01,7.070520954591517E-01,1.721616734364153E-02,-1.996183743459345E-02,-3.769710335167253E-03,1.099996272416695E-03
2461161.500000000,-2.282092529974682E-01,6.812415959970264E-01,2.252687877752644E-02,-1.924748624625902E-02,-6.537956493778060E-03,1.020745981539011E-03
2461166.500000000,-3.218574750058351E-01,6.418843292072282E-01,2.738960873717998E-02,-1.814940178068523E-02,-9.179204443838514E-03,9.210992150640104E-04
2461171.500000000,-4.090992462800487E-01,5.897511401809524E-01,3.170716238117809E-02,-1.668916013939745E-02,-1.163962153963624E-02,8.030404996498901E-04
2461176.500000000,-4.881938838948366E-01,5.258733881618448E-01,3.539327251262511E-02,-1.489603936035956E-02,-1.386903492442142E-02,6.689484805309274E-04
2461181.500000000,-5.575650711412937E-01,4.515217230337356E-01,3.837444344032428E-02,-1.280638634817184E-02,-1.582208457295974E-02,5.215435897615530E-04
2461186.500000000,-6.158342298975025E-01,3.681793778056261E-01,4.059150988822949E-02,-1.046279912782260E-02,-1.745925809890415E-02,3.638266643917037E-04
2461191.500000000,-6.618493915822062E-01,2.775106513873688E-01,4.200086999584404E-02,-7.913148626007281E-03,-1.874777470498744E-02,1.990102993027252E-04
2461196.500000000,-6.947088398544730E-01,1.813254083140079E-01,4.257536153954204E-02,-5.209471433223868E-03,-1.966229040517321E-02,3.044519462536449E-05
2461201.500000000,-7.137789710001567E-01,8.154054143365476E-02,4.230476260333657E-02,-2.406770465121015E-03,-2.018540528092470E-02,-1.384560000554689E-04
2461206.500000000,-7.187060077749701E-01,-1.986058552605480E-02,4.119591014833879E-02,4.382377298282433E-04,-2.030796341455180E-02,-3.042950016105985E-04
2461211.500000000,-7.094213991922833E-01,-1.208696715538754E-01,3.927244111945469E-02,3.268389377892584E-03,-2.002914367848518E-02,-4.637622030817224E-04
2461216.500000000,-6.861409326469015E-01,-2.194949529329277E-01,3.657417146933521E-02,6.027316210511351E-03,-1.935634696831537E-02,-6.137068596200447E-04
2461221.500000000,-6.493577626724469E-01,-3.138016317914757E-01,3.315613844706451E-02,8.660630781324147E-03,-1.830489336533998E-02,-7.512013281635334E-04
2461226.500000000,-5.998297187776417E-01,-4.019503547170081E-01,2.908733957543111E-02,1.111702509138467E-02,-1.689754862198118E-02,-8.735979496149907E-04
2461231.500000000,-5.385613871239641E-01,-4.822329454635460E-01,2.444920782140525E-02,1.334925903380378E-02,-1.516390349912014E-02,-9.785775517327548E-04
2461236.500000000,-4.667815625439042E-01,-5.531047205224798E-01,1.933386659551894E-02,1.531502147797069E-02,-1.313963205039726E-02,-1.064188941453800E-03
2461241.500000000,-3.859167375850687E-01,-6.132128498238232E-01,1.384221042971432E-02,1.697765305287029E-02,-1.086565589486638E-02,-1.128879126773291E-03
2461246.500000000,-2.975613352382009E-01,-6.614203593061228E-01,8.081857642379434E-03,1.830672547841109E-02,-8.387241001409309E-03,-1.171514335499079E-03
2461251.500000000,-2.034454047960444E-01,-6.968255008572574E-01,2.165020266474328E-03,1.927847733595918E-02,-5.753051792453960E-03,-1.191392165904615E-03
2461256.500000000,-1.054004901778215E-01,-7.187763329506370E-01,-3.793665686708925E-03,1.987611026069428E-02,-3.014184764507225E-03,-1.188245403596426E-03
2461261.500000000,-5.324352163479821E-03,-7.268804584606334E-01,-9.679309568071733E-03,2.008995253405587E-02,-2.232006186473876E-04,-1.162238161710142E-03
2461266.500000000,9.485481380585614E-02,-7.210099525687813E-01,-1.537889839814916E-02,1.991749879454106E-02,2.566829499902362E-03,-1.113955044795608E-03
2461271.500000000,1.932140682001565E-01,-7.013015841974241E-01,-2.078335904755289E-02,1.936333530070182E-02,5.303250891385740E-03,-1.044384060951280E-03
2461276.500000000,2.878707794596596E-01,-6.681524922941281E-01,-2.578952101634729E-02,1.843896107524146E-02,7.934715027374936E-03,-9.548940854707179E-04
2461281.500000000,3.770165436035390E-01,-6.222115208599504E-01,-3.030195442243683E-02,1.716251534884097E-02,1.041202555376301E-02,-8.472075692098912E-04
2461286.500000000,4.589495236328495E-01,-5.643664418632628E-01,-3.423466053491146E-02,1.555841911179779E-02,1.268893644906223E-02,-7.233689090207178E-04
2461291.500000000,5.321047948344536E-01,-4.957273160276054E-01,-3.751259415938587E-02,1.365693693120122E-02,1.472289799054476E-02,-5.857088942299907E-04
2461296.500000000,5.950823120354637E-01,-4.176062626025230E-01,-4.007299935998143E-02,1.149366479535677E-02,1.647574661178384E-02,-4.368056580632592E-04
2461301.500000000,6.466721409524491E-01,-3.314939272647179E-01,-4.186654188849957E-02,9.108948550510997E-03,1.791433519781138E-02,-2.794424539086339E-04
2461306.500000000,6.858766153457008E-01,-2.390329555854233E-01,-4.285822307275160E-02,6.547236271286411E-03,1.901109981098840E-02,-1.165625006652600E-04
2461311.500000000,7.119290965592098E-01,-1.419888022542982E-01,-4.302806107786419E-02,3.856367276977280E-03,1.974455769037711E-02,4.877887432415330E-05
2461316.500000000,7.243090253069836E-01,-4.221823550170402E-02,-4.237152664579041E-02,1.086800496234254E-03,2.009972995221300E-02,2.134645404285499E-04
2461321.500000000,7.227529703676510E-01,5.836406721113319E-02,-4.089972183024850E-02,-1.709214492655364E-03,2.006848091195432E-02,3.743680008531970E-04
2461326.500000000,7.072613984458568E-01,1.578203921569187E-01,-3.863929204229381E-02,-4.478519118585964E-03,1.964976453870840E-02,5.284075549130924E-04
2461331.500000000,6.781009173402478E-01,2.542258405409376E-01,-3.563206401317527E-02,-7.167973519844275E-03,1.884976746648334E-02,6.726016751694650E-04
2461336.500000000,6.358017845119631E-01,3.457046129561779E-01,-3.193440509819131E-02,-9.725420829682929E-03,1.768193740731109E-02,8.041249798977234E-04
2461341.500000000,5.811505289676687E-01,4.304661260502406E-01,-2.761630281953054E-02,-1.210067509638803E-02,1.616688578979737E-02,9.203640128548601E-04
2461346.500000000,5.151776083189074E-01,5.068403058175611E-01,-2.276016818690061E-02,-1.424651624191991E-02,1.433215413715060E-02,1.018971739015467E-03
2461351.500000000,4.391401140706165E-01,5.733113537108290E-01,-1.745937270530147E-02,-1.611967228460238E-02,1.221183562824518E-02,1.097919310314283E-03
2461356.500000000,3.544996435622864E-01,6.285492463418854E-01,-1.181653668953407E-02,-1.768176660003909E-02,9.846046329779643E-03,1.155543528193000E-03
2461361.500000000,2.628955729459203E-01,6.714382114878001E-01,-5.941593875961129E-03,-1.890020590449902E-02,7.280244785084280E-03,1.190588645681276E-03
2461366.500000000,1.661140973899707E-01,7.011014327303232E-01,5.033577122005411E-05,-1.974898024813864E-02,4.564405295763274E-03,1.202241006408629E-03
2461371.500000000,6.605355367187112E-02,7.169212766106280E-01,6.041225302096057E-03,-2.020934549861095E-02,1.752055928632581E-03,1.190155021009274E-03
2461376.500000000,-3.531332156156394E-02,7.185544050547694E-01,1.191252590980437E-02,-2.027036242162123E-02,-1.100802136042234E-03,1.154469357153427E-03
2461381.500000000,-1.359794192390085E-01,7.059412333717541E-01,1.754760614078198E-02,-1.992926800183241E-02,-3.936871462408489E-03,1.095812201517515E-03
2461386.500000000,-2.339446777652981E-01,6.793093220589023E-01,2.283418817150719E-02,-1.919165806559926E-02,-6.698802685529186E-03,1.015294716305595E-03
2461391.500000000,-3.272579118364589E-01,6.391704485666355E-01,2.766672091143991E-02,-1.807146632989729E-02,-9.330472148447917E-03,9.144922866818766E-04
2461396.500000000,-4.140580102814083E-01,5.863112858581992E-01,3.194862889828552E-02,-1.659073237594573E-02,-1.177825503603025E-02,7.954136460269439E-04
2461401.500000000,-4.926134457279508E-01,5.217778089563294E-01,3.559437762836547E-02,-1.477915923083908E-02,-1.399225440240485E-02,6.604584638192182E-04
2461406.500000000,-5.613590637336355E-01,4.468537489122199E-01,3.853130012758718E-02,-1.267346983589737E-02,-1.592744675486050E-02,5.123644729935471E-04
2461411.500000000,-6.189291867105124E-01,3.630336051412443E-01,4.070113611019063E-02,-1.031658012092712E-02,-1.754470728722329E-02,3.541456671858886E-04
2461416.500000000,-6.641861761862221E-01,2.719909011640012E-01,4.206124371252503E-02,-7.756614071843151E-03,-1.881168235948486E-02,1.890234786451147E-04
2461421.500000000,-6.962437403653893E-01,1.755425157415482E-01,4.258545408635719E-02,-5.045792507528793E-03,-1.970348311102160E-02,2.035312597249438E-05
2461426.500000000,-7.144844446972577E-01,7.561003334594101E-02,4.226455052698547E-02,-2.239231818572042E-03,-2.020318171574025E-02,-1.484525225244282E-04
2461431.500000000,-7.185710714652509E-01,-2.582087038413001E-02,4.110636566194274E-02,6.063086201851956E-04,-2.030210015928957E-02,-3.139991968543007E-04
2461436.500000000,-7.084516696416648E-01,-1.267419632281448E-01,3.913550190355236E-02,3.433691330673454E-03,-1.999988989080208E-02,-4.729853050941786E-04
2461441.500000000,-6.843583281730015E-01,-2.251638780865420E-01,3.639269132734852E-02,6.186640452167080E-03,-1.930440871336424E-02,-6.222717556003866E-04
2461446.500000000,-6.467998858072904E-01,-3.191564395109066E-01,3.293382089664965E-02,8.810922071202005E-03,-1.823140871821918E-02,-7.589457322015569E-04
2461451.500000000,-5.965489491543292E-01,-4.068869986542208E-01,2.882865679338722E-02,1.125543638596227E-02,-1.680405548072851E-02,-8.803770985108968E-04
2461456.500000000,-5.346237173563685E-01,-4.866559909728376E-01,2.415930711222133E-02,1.347319970840727E-02,-1.505230197020220E-02,-9.842665113987685E-04
2461461.500000000,-4.622652085634639E-01,-5.569290516808646E-01,1.901846628937296E-02,1.542219927187768E-02,-1.301214208967850E-02,-1.068684516480727E-03
2461466.500000000,-3.809105560152782E-01,-6.163651542243488E-01,1.350748737720602E-02,1.706610921955700E-02,-1.072477096025219E-02,-1.132101305450981E-03
2461471.500000000,-2.921630826581100E-01,-6.638403737066999E-01,7.734328661850025E-03,1.837486288422228E-02,-8.235678951163575E-03,-1.173407268546985E-03
2461476.500000000,-1.977598737816924E-01,-6.984670068120513E-01,1.811419788731892E-03,1.932508170200910E-02,-5.593704139482875E-03,-1.191924715154674E-03
2461481.500000000,-9.953755559071202E-02,-7.196078963889416E-01,-4.146509714134657E-03,1.990036487711442E-02,-2.850065125191098E-03,-1.187411294345591E-03
2461486.500000000,6.030404887319667E-04,-7.268859110117559E-01,-1.002459960566061E-02,2.009144677418917E-02,-5.739308629113462E-05,-1.160055767012421E-03
2461491.500000000,1.007326879825359E-01,-7.201886161636318E-01,-1.570998932099021E-02,1.989623089649893E-02,2.731221296201654E-03,-1.110466842843655E-03
2461496.500000000,1.989294571036113E-01,-6.996682436804946E-01,-2.109387673513023E-02,1.931971017726934E-02,5.463153658783981E-03,-1.039655817175417E-03
2461501.500000000,2.933137441741912E-01,-6.657371202331882E-01,-2.607347617848632E-02,1.837378337463550E-02,8.087135200270571E-03,-9.490137597846804E-04
2461506.500000000,3.820821430624065E-01,-6.190587557031563E-01,-3.055385022880911E-02,1.707697700252802E-02,1.055409848119696E-02,-8.402839318481563E-04
2461511.500000000,4.635397080704576E-01,-5.605348226972928E-01,-3.444959263579001E-02,1.545408125814586E-02,1.281797435763415E-02,-7.155298827666337E-04
2461516.500000000,5.361301959019295E-01,-4.912882826462793E-01,-3.768634172163204E-02,1.353570671784436E-02,1.483643581104537E-02,-5.770996161527590E-04
2461521.500000000,5.984639044539551E-01,-4.126429324302048E-01,-4.020210570822004E-02,1.135776718136798E-02,1.657158538707549E-02,-4.275862622283906E-04
2461526.500000000,6.493427504492143E-01,-3.260996615933258E-01,-4.194838338474916E-02,8.960892988509248E-03,1.799058291923089E-02,-2.697855829517798E-04
2461531.500000000,6.877822466097127E-01,-2.333097285858803E-01,-4.289106481933494E-02,6.389777948183967E-03,1.906620939391218E-02,-1.066505147097494E-04
2461536.500000000,7.130300525795926E-01,-1.360453890017467E-01,-4.301109782185913E-02,3.692462355449921E-03,1.977736114423049E-02,5.875702408046681E-05
2461541.500000000,7.245807881687578E-01,-3.616824229162033E-02,-4.230490736262962E-02,9.195556333926668E-04,2.010946701779766E-02,2.233166909159738E-04
2461546.500000000,7.221868181959956E-01,6.440429961785483E-02,-4.078455700390804E-02,-1.876596979910905E-03,2.005482120687517E-02,3.839023157073711E-04
2461551.500000000,7.058647393216249E-01,1.637339794304624E-01,-3.847764279178428E-02,-4.642799538912479E-03,1.961282300024603E-02,5.374362569135387E-04
2461556.500000000,6.758973244571209E-01,2.598976045355866E-01,-3.542691204231994E-02,-7.325935872837648E-03,1.879011225257787E-02,6.809449724758248E-04
2461561.500000000,6.328307214091811E-01,3.510233494819037E-01,-3.168960281321399E-02,-9.873935490267599E-03,1.760058899600775E-02,8.116150352944339E-04
2461566.500000000,5.774667599209933E-01,4.353268438305835E-01,-2.733650403987010E-02,-1.223676188758178E-02,1.606530621498415E-02,9.268486886165111E-04
2461571.500000000,5.108502943200722E-01,5.111463857549017E-01,-2.245074123443120E-02,-1.436740700003980E-02,1.421222584443367E-02,1.024317872292728E-03
2461576.500000000,4.342515989278489E-01,5.769765765463915E-01,-1.712629843473929E-02,-1.622287207450897E-02,1.207583003264779E-02,1.102015475596509E-03
2461581.500000000,3.491439403374239E-01,6.314996387152214E-01,-1.146629369877644E-02,-1.776511196845180E-02,9.696582829354551E-03,1.158302424098270E-03
2461586.500000000,2.571765727251253E-01,6.736136663043484E-01,-5.581032674383399E-03,-1.896191717057779E-02,7.120241688526472E-03,1.191949109124913E-03
2461591.500000000,1.601435358265763E-01,7.024570656450413E-01,4.141276566881761E-04,-1.978770604149439E-02,4.397023387865289E-03,1.202169636013712E-03
2461596.500000000,5.994877470536399E-02,7.174284824625118E-01,6.401065428732430E-03,-2.022419920627118E-02,1.580634937696535E-03,1.188647416532675E-03
2461601.500000000,-4.143176086487428E-02,7.182015800124185E-01,1.226128384434760E-02,-2.026094895569404E-02,-1.272813544526920E-03,1.151550771974424E-03
2461606.500000000,-1.419902496154239E-01,7.047341339620552E-01,1.787835182372945E-02,-1.989569909641842E-02,-4.105990589925790E-03,1.091537451184921E-03
2461611.500000000,-2.397284640456531E-01,6.772710420315144E-01,2.314033786322465E-02,-1.913455499394887E-02,-6.861590357010436E-03,1.009747302353332E-03
2461616.500000000,-3.326995802719588E-01,6.363410066442755E-01,2.794217684458667E-02,-1.799194958746169E-02,-9.483610354952616E-03,9.077827661436549E-04
2461621.500000000,-4.190492923621607E-01,5.827468305177161E-01,3.218790907749003E-02,-1.649039874571314E-02,-1.191862209273164E-02,7.876773385714328E-04
2461626.500000000,-4.970551780035593E-01,5.175494576166551E-01,3.579273266567521E-02,-1.466004728072957E-02,-1.411699579425382E-02,6.518525586666349E-04
2461631.500000000,-5.651632875186130E-01,4.420460869440592E-01,3.868481402784078E-02,-1.253801441266963E-02,-1.603403998809543E-02,5.030644961386959E-04
2461636.500000000,-6.220209934235984E-01,3.577428810647432E-01,4.080680792148143E-02,-1.016755624710111E-02,-1.763101813944344E-02,3.443413980060264E-04
2461641.500000000,-6.665052489176321E-01,2.663229659806320E-01,4.211704793619141E-02,-7.597071987815753E-03,-1.887601080109405E-02,1.789145748301808E-04
2461646.500000000,-6.977455547160971E-01,1.696105606897283E-01,4.259037879050734E-02,-4.878986812845808E-03,-1.974459781717397E-02,1.014459266086448E-05
2461651.500000000,-7.151411056864504E-01,6.953218570921754E-02,4.221861261279363E-02,-2.068547100498173E-03,-2.022034224177324E-02,-1.585549186754204E-04
2461656.500000000,-7.183717741154928E-01,-3.192403097725943E-02,4.101060335789791E-02,7.774335821106812E-04,-2.029506658537538E-02,-3.237934270522998E-04
2461661.500000000,-7.074027816382416E-01,-1.327499060015082E-01,3.899194525200565E-02,3.601838572754678E-03,-1.996892027474287E-02,-4.822773634879753E-04
2461666.500000000,-6.824831037522827E-01,-2.309585807901607E-01,3.620431197197254E-02,6.348485035797245E-03,-1.925024521131945E-02,-6.308796444052139E-04
2461671.500000000,-6.441378285959725E-01,-3.246247526651354E-01,3.270446277983820E-02,8.963300116801638E-03,-1.815525344098000E-02,-7.667031054726196E-04
2461676.500000000,-5.931548476503760E-01,-4.119228647014876E-01,2.856294966506744E-02,1.139540771941096E-02,-1.670753666882798E-02,-8.871364672098727E-04
2461681.500000000,-5.305663846758739E-01,-4.911624717795943E-01,2.386256546407970E-02,1.359810316116304E-02,-1.493743144420807E-02,-9.899018476793246E-04
2461686.500000000,-4.576259673232627E-01,-5.608201260861888E-01,1.869657685760921E-02,1.552969922522672E-02,-1.288126623714145E-02,-1.073093232137929E-03
2461691.500000000,-3.757815126815350E-01,-6.195672589968219E-01,1.316678816127624E-02,1.715423331505252E-02,-1.058051739704816E-02,-1.135205677495378E-03
2461696.500000000,-2.866452349160404E-01,-6.662936700762460E-01,7.381482112077652E-03,1.844203114079990E-02,-8.080900300198037E-03,-1.175155349065103E-03
2461701.500000000,-1.919610933290995E-01,-7.001263611643750E-01,1.453282706266027E-03,1.937012727155774E-02,-5.431420094225707E-03,-1.192290737720331E-03
2461706.500000000,-9.357048761895401E-02,-7.204435690037763E-01,-4.503017048653863E-03,1.992254662418827E-02,-2.683403750838650E-03,-1.186395573755616E-03
2461711.500000000,6.623120154967444E-03,-7.268839515313261E-01,-1.037262252361294E-02,2.009045362268495E-02,1.104675559748676E-04,-1.157684094140111E-03
2461716.500000000,1.066900176056869E-01,-7.193509713588482E-01,-1.604286378747915E-02,1.987217842343175E-02,2.897109590097406E-03,-1.106789494067377E-03
2461721.500000000,2.047099006484768E-01,-6.980125899772127E-01,-2.140524883518836E-02,1.927313106259192E-02,5.623958078037097E-03,-1.034746346805702E-03
2461726.500000000,2.988068424089442E-01,-6.632964345566903E-01,-2.635741501588533E-02,1.830561282401196E-02,8.239855362163878E-03,-9.429675524182521E-04
2461731.500000000,3.871830795301523E-01,-6.158806378867748E-01,-3.080495273479558E-02,1.698853325871854E-02,1.069589338331005E-02,-8.332164042710328E-04
2461736.500000000,4.681511652845672E-01,-5.566805846234233E-01,-3.466307855627332E-02,1.534704120318468E-02,1.294620741957776E-02,-7.075743733817758E-04
2461741.500000000,5.401640778702039E-01,-4.868318202750224E-01,-3.785813752892245E-02,1.341207687443446E-02,1.494871667711828E-02,-5.684050800456638E-04
2461746.500000000,6.018429035751452E-01,-4.076693971021255E-01,-4.032891659615286E-02,1.121985051483654E-02,1.666580837316042E-02,-4.183148089367237E-04
2461751.500000000,6.520017384519576E-01,-3.207039482080242E-01,-4.202775254793734E-02,8.811251757121724E-03,1.806496173402549E-02,-2.601098539462621E-04
2461756.500000000,6.896694705226841E-01,-2.275948005989894E-01,-4.292141928714239E-02,6.231192959069889E-03,1.911930761045346E-02,-9.675093820224710E-05
2461761.500000000,7.141081194162507E-01,-1.301204621259449E-01,-4.299178037129398E-02,3.527889296447924E-03,1.980811829868884E-02,6.869505564602737E-05
2461766.500000000,7.248274242857773E-01,-3.014684764270409E-02,-4.223619401330262E-02,7.520785055614084E-04,2.011722077876471E-02,2.331057846663264E-04
2461771.500000000,7.215953868956194E-01,7.040635266341345E-02,-4.066765916783763E-02,-2.043816087115278E-03,2.003932511031212E-02,3.933562509447449E-04
2461776.500000000,7.044444982440708E-01,1.696007150104589E-01,-3.831469318417632E-02,-4.806574179689866E-03,1.957425836032690E-02,5.463732887395673E-04
2461781.500000000,6.736734074514319E-01,2.655150351754112E-01,-3.522093395106174E-02,-7.483111561795073E-03,1.872909340623810E-02,6.891911743483116E-04
2461786.500000000,6.298438343342827E-01,3.562816396679258E-01,-3.144446266680163E-02,-1.002144764599868E-02,1.751816147394753E-02,8.190076272817071E-04
2461791.500000000,5.737725847694514E-01,4.401224456945735E-01,-2.705684753088269E-02,-1.237169442957658E-02,1.596293729162454E-02,9.332392736835462E-04
2461796.500000000,5.065185994284297E-01,5.153841069450837E-01,-2.214191351995750E-02,-1.448705133883435E-02,1.409178678723031E-02,1.029575585616436E-03
2461801.500000000,4.293650539828119E-01,5.805715378693695E-01,-1.679424867679359E-02,-1.632478593970684E-02,1.193956965706211E-02,1.106030080308867E-03
2461806.500000000,3.437966424517893E-01,6.343790758517717E-01,-1.111746476312844E-02,-1.784717567787100E-02,9.547091430162627E-03,1.160987101156750E-03
2461811.500000000,2.514723029516932E-01,6.757185268809521E-01,-5.222238080516078E-03,-1.902238485944259E-02,6.960405406714462E-03,1.193242758035618E-03
2461816.500000000,1.541937753649005E-01,7.037433565359643E-01,7.758370466789694E-04,-1.982525035796693E-02,4.229970106381899E-03,1.202038678592734E-03
2461821.500000000,5.387051657107226E-02,7.178683272398517E-01,6.758542433951734E-03,-2.023794819183773E-02,1.409672584891302E-03,1.187087066160230E-03
2461826.500000000,-4.751836186643029E-02,7.177839510095485E-01,1.260743082868507E-02,-2.025051358391655E-02,-1.444265237297123E-03,1.148585686585510E-03
2461831.500000000,-1.479643382049607E-01,7.034652298848734E-01,1.820626813507375E-02,-1.986119003820109E-02,-4.274473331279385E-03,1.087221701691772E-03
2461836.500000000,-2.454710003949601E-01,6.751742907959878E-01,2.344346531681269E-02,-1.907658755758961E-02,-7.023683625851705E-03,1.004163617211630E-03
2461841.500000000,-3.380958496251056E-01,6.334566830916314E-01,2.821443956406107E-02,-1.791163616440203E-02,-9.636008775095869E-03,9.010410247532307E-04
2461846.500000000,-4.239913444872255E-01,5.791312891797841E-01,3.242384385904841E-02,-1.638932820652429E-02,-1.205821161960165E-02,7.799122847013633E-04
2461851.500000000,-5.014441303979986E-01,5.132739935213433E-01,3.598760604249583E-02,-1.454025115064059E-02,-1.424092576494316E-02,6.432207920821979E-04
2461856.500000000,-5.689114288500581E-01,4.371954527090623E-01,3.883472292347119E-02,-1.240192114699208E-02,-1.613978821607782E-02,4.937409553018274E-04
2461861.500000000,-6.250536335776410E-01,3.524134988863105E-01,4.090876176167185E-02,-1.001793599501559E-02,-1.771644767473789E-02,3.345154622593468E-04
2461866.500000000,-6.687622730897294E-01,2.606208797724371E-01,4.216903028160983E-02,-7.436973638354214E-03,-1.893941680533890E-02,1.687857762754606E-04
2461871.500000000,-6.991826456149689E-01,1.636491816332027E-01,4.259138680000842E-02,-4.711668426065822E-03,-1.978474318391774E-02,-8.193059768893385E-08
2461876.500000000,-7.157306052884593E-01,6.342988928330054E-02,4.216867350818154E-02,-1.897401700401732E-03,-2.023648127180342E-02,-1.686730495267219E-04
2461881.500000000,-7.181031680414197E-01,-3.804639509911106E-02,4.091076787672049E-02,9.489543105607022E-04,-2.028695608190991E-02,-3.336006183859714E-04
2461886.500000000,-7.062828025159821E-01,-1.387715277915414E-01,3.884425892234583E-02,3.770299915357177E-03,-1.993681804155701E-02,-4.915789339432869E-04
2461891.500000000,-6.805354633375784E-01,-2.367611670886427E-01,3.601176575249596E-02,6.510541827100288E-03,-1.919489719200154E-02,-6.394927357592857E-04
2461896.500000000,-6.414025970063340E-01,-3.300949148029420E-01,3.247092472062083E-02,9.115765208908833E-03,-1.807787087817983E-02,-7.744603153941369E-04
2461901.500000000,-5.896875024183585E-01,-4.169543679690053E-01,2.829307936835937E-02,1.153531534328343E-02,-1.660976374549208E-02,-8.938890719585414E-04
2461906.500000000,-5.264365591069791E-01,-4.956583008048543E-01,2.356171375007193E-02,1.372276559069674E-02,-1.482130421677146E-02,-9.955224811317217E-04
2461911.500000000,-4.529159347807843E-01,-5.646943261411740E-01,1.837067351076250E-02,1.563675562348369E-02,-1.274916433743384E-02,-1.077477974172802E-03
2461916.500000000,-3.705844471372145E-01,-6.227465209845733E-01,1.282222066821107E-02,1.724169035629064E-02,-1.043511005817100E-02,-1.138275576960062E-03
2461921.500000000,-2.810632890695783E-01,-6.687186347261972E-01,7.024968079403554E-03,1.850829536107571E-02,-7.925088292292560E-03,-1.176857439320399E-03
2461926.500000000,-1.861033357829459E-01,-7.017526263408792E-01,1.091738346367559E-03,1.941402906500259E-02,-5.268275341040422E-03,-1.192598603073496E-03
2461931.500000000,-8.755074135671734E-02,-7.212423929956340E-01,-4.862610273859971E-03,1.994335571674790E-02,-2.516108360591519E-03,-1.185309533170586E-03
2461936.500000000,1.268849569862716E-02,-7.268426524480187E-01,-1.072335134367753E-02,2.008788622509172E-02,2.786817974201625E-04,-1.155231046852358E-03
2461941.500000000,1.126843597871707E-01,-7.184730254087184E-01,-1.637801467400258E-02,1.984639614359013E-02,3.063021168900303E-03,-1.103022276121958E-03
2461946.500000000,2.105184497426501E-01,-6.963174322191508E-01,-2.171843467969269E-02,1.922473110320761E-02,5.784414603053402E-03,-1.029742416935863E-03
2461951.500000000,3.043188777194489E-01,-6.608189714350970E-01,-2.664269373221684E-02,1.823560999074003E-02,8.391829730372563E-03,-9.368271129009364E-04
2461956.500000000,3.922939481571844E-01,-6.126704883521746E-01,-3.105693551170708E-02,1.689833526227580E-02,1.083653604562144E-02,-8.260601694465949E-04
2461961.500000000,4.727641733318265E-01,-5.528010709376424E-01,-3.487702634726691E-02,1.523841850416411E-02,1.307289417626829E-02,-6.995411089675762E-04
2461966.500000000,5.441922191172139E-01,-4.823587315917277E-01,-3.803004477766161E-02,1.328712794477891E-02,1.505909175627290E-02,-5.596489615491668E-04
2461971.500000000,6.052104041108459E-01,-4.026895494805747E-01,-4.045558130193814E-02,1.108096299374604E-02,1.675782277458352E-02,-4.090025952143623E-04
2461976.500000000,6.546453969355124E-01,-3.153135653389905E-01,-4.210683171258236E-02,8.661059563988020E-03,1.813690646748008E-02,-2.504178732315680E-04
2461981.500000000,6.915397750654370E-01,-2.218977430898726E-01,-4.295146903208479E-02,6.072530049337823E-03,1.916984090970545E-02,-8.686199655326801E-05
2461986.500000000,7.151701278951200E-01,-1.242263360732580E-01,-4.297228066079261E-02,3.363741472611629E-03,1.983628680827466E-02,7.859473538012190E-05
2461991.500000000,7.250614001444694E-01,-2.416902072655465E-02,-4.216755809393249E-02,5.855337942660472E-04,2.012247544270279E-02,2.428296261716726E-04
2461996.500000000,7.209971830149695E-01,7.635280159326358E-02,-4.055122759670581E-02,-2.209618585312240E-03,2.002153184284940E-02,4.027204255959000E-04
2462001.500000000,7.030256815571160E-01,1.754010859480777E-01,-3.815271229845275E-02,-4.968496786645595E-03,1.953370315365442E-02,5.551998316571676E-04
2462006.500000000,6.714611184855619E-01,2.710571078607064E-01,-3.501651880081445E-02,-7.638071491972552E-03,1.866648151724776E-02,6.973110768091194E-04
2462011.500000000,6.268803776412769E-01,3.614577547752323E-01,-3.120154460907603E-02,-1.016647114229220E-02,1.743461027702829E-02,8.262638775166426E-04
2462016.500000000,5.701147476441896E-01,4.448315336553141E-01,-2.678010675258044E-02,-1.250397119506692E-02,1.585996244524354E-02,9.394898423236941E-04
2462021.500000000,5.022367004400515E-01,5.195336304481757E-01,-2.183669695946064E-02,-1.460398784444197E-02,1.397128146667309E-02,1.034696244459121E-03
2462026.500000000,4.245417313191626E-01,5.840793122455010E-01,-1.646647466757470E-02,-1.642405607207029E-02,1.180377647143991E-02,1.109916890086293E-03
2462031.500000000,3.385253959722170E-01,6.371749316674765E-01,-1.077351587296926E-02,-1.792676863846522E-02,9.398567488899588E-03,1.163558670135381E-03
2462036.500000000,2.458558040477651E-01,6.777457808459255E-01,-4.868843134689896E-03,-1.908064997523476E-02,6.801980465318919E-03,1.194442290676130E-03
2462041.500000000,1.483419635907847E-01,7.049600545798956E-01,1.131730325823580E-03,-1.986093723746072E-02,4.064697267345251E-03,1.201835651836315E-03
2462046.500000000,4.789851112555715E-02,7.182482231052502E-01,7.109901951792752E-03,-2.025024033813807E-02,1.240771937154667E-03,1.185478404151955E-03
2462051.500000000,-5.349249902727118E-02,7.173171874403483E-01,1.294727911949082E-02,-2.023905389163214E-02,-1.613469016142351E-03,1.145596368757059E-03
2462056.500000000,-1.538219437504476E-01,7.021586956119172E-01,1.852782292205053E-02,-1.982609692490588E-02,-4.440617988823258E-03,1.082904777748492E-03
2462061.500000000,-2.510952067599899E-01,6.730516343867904E-01,2.374027869289238E-02,-1.901846109315470E-02,-7.183439312035234E-03,9.985996433294559E-04
2462066.500000000,-3.433739873399467E-01,6.305579724162038E-01,2.848053284593875E-02,-1.783155391814127E-02,-9.786149611184259E-03,8.943368755950341E-04
2462071.500000000,-4.288172954547192E-01,5.755123120232833E-01,3.265383462891636E-02,-1.628882945998621E-02,-1.219568737403088E-02,7.721992029201257E-04
2462076.500000000,-5.057205704232405E-01,5.090052037013933E-01,3.617682363603687E-02,-1.442130843516151E-02,-1.436293157236055E-02,6.346517487601557E-04
2462081.500000000,-5.725518985730120E-01,4.323605782946507E-01,3.897930930702075E-02,-1.226690033386203E-02,-1.624382951458413E-02,4.844874549224303E-04
2462086.500000000,-6.279843839419901E-01,3.471078431285192E-01,4.100575514975809E-02,-9.869546189898168E-03,-1.780039786738027E-02,3.247638469213849E-04
2462091.500000000,-6.709238372083316E-01,2.549493553492035E-01,4.221642923391720E-02,-7.278208088111781E-03,-1.900156602852093E-02,1.587331332393474E-04
2462096.500000000,-7.005310961369396E-01,1.577241262422660E-01,4.258819312155597E-02,-4.545738130145751E-03,-1.982383678440916E-02,-1.023213379145735E-05
2462101.500000000,-7.162384658088196E-01,5.736871690142940E-02,4.211491291276309E-02,-1.727663776243527E-03,-2.025174693151759E-02,-1.787154741054349E-04
2462106.500000000,-7.177599576723004E-01,-4.412364908196584E-02,4.080748797769209E-02,1.119071396972422E-03,-2.027811910970714E-02,-3.433325998189972E-04
2462111.500000000,-7.050952025163246E-01,-1.447447079855664E-01,3.869350456828068E-02,3.937372491213121E-03,-1.990410465043332E-02,-5.008049834902352E-04
2462116.500000000,-6.785271033358496E-01,-2.425124848268993E-01,3.581653225186957E-02,6.671226635480433E-03,-1.913902525214146E-02,-6.480288471079155E-04
2462121.500000000,-6.386134702630338E-01,-3.355113572205512E-01,3.223509049223008E-02,9.266871665594444E-03,-1.800002827752130E-02,-7.821378582264882E-04
2462126.500000000,-5.861730335400511E-01,-4.219299712719685E-01,2.802132035955172E-02,1.167387202149708E-02,-1.651157604770169E-02,-9.005581915221288E-04
2462131.500000000,-5.222663563982697E-01,-5.000962390071205E-01,2.325940206687371E-02,1.384607972175995E-02,-1.470479345379970E-02,-1.001055013059701E-03
2462136.500000000,-4.481722646215092E-01,-5.685087747117142E-01,1.804376274838392E-02,1.574246460920664E-02,-1.261670042687255E-02,-1.081769839450629E-03
2462141.500000000,-3.653604729717792E-01,-6.258642622706359E-01,1.247712071750994E-02,1.732780424149693E-02,-1.028935634349455E-02,-1.141248581574434E-03
2462146.500000000,-2.754611227151916E-01,-6.710803793078204E-01,6.668412633398135E-03,1.857322927118888E-02,-7.768942594894804E-03,-1.178460376480136E-03
2462151.500000000,-1.802319534075757E-01,-7.033140314862000E-01,7.306488141771848E-04,1.945662483233130E-02,-5.104808067834398E-03,-1.192807586074139E-03
2462156.500000000,-8.152381772682306E-02,-7.219747689899901E-01,-5.221260731499652E-03,1.996289319710976E-02,-2.348499949974732E-03,-1.184127641857956E-03
2462161.500000000,1.875478789998081E-02,-7.267333585425868E-01,-1.107267067963144E-02,2.008408630210410E-02,4.472023049231128E-04,-1.152687470669196E-03
2462166.500000000,1.186735481720284E-01,-7.175255627908704E-01,-1.671131960665691E-02,1.981941686383697E-02,3.229235803692286E-03,-1.099171109112005E-03
2462171.500000000,2.163159249279979E-01,-6.945512445673748E-01,-2.202937170060759E-02,1.917515738833970E-02,5.945173596894071E-03,-1.024661217206506E-03
2462176.500000000,3.098139892417073E-01,-6.582689680288586E-01,-2.692535238838474E-02,1.816443727854567E-02,8.544105259359069E-03,-9.306152498692497E-04
2462181.500000000,3.973820043889565E-01,-6.093863078086876E-01,-3.130595283357877E-02,1.680694754966049E-02,1.097747220860660E-02,-8.188369302209453E-04
2462186.500000000,4.773483186309957E-01,-5.488461046797279E-01,-3.508768117329066E-02,1.512856127247405E-02,1.319985311089082E-02,-6.914435513272939E-04
2462191.500000000,5.481851637224391E-01,-4.778089266942598E-01,-3.819834075176098E-02,1.316087641043912E-02,1.516969572516262E-02,-5.508295377097914E-04
2462196.500000000,6.085359848157995E-01,-3.976320118522425E-01,-4.057831755037092E-02,1.094068630628136E-02,1.684999189780155E-02,-3.996266140145149E-04
2462201.500000000,6.572399505116217E-01,-3.098449851354926E-01,-4.218166057315573E-02,8.509381834897325E-03,1.820889218545092E-02,-2.406608608176027E-04
2462206.500000000,6.933533094456448E-01,-2.161226620649747E-01,-4.297694022981634E-02,5.912288330755014E-03,1.922025582183437E-02,-7.690689563041370E-05
2462211.500000000,7.161672740418807E-01,-1.182552751386609E-01,-4.294787091004684E-02,3.197939967442755E-03,1.986413057709757E-02,8.856059240879923E-05
2462216.500000000,7.252221256134741E-01,-1.811649023833627E-02,-4.209368513794726E-02,4.172944446262137E-04,2.012715564095341E-02,2.526176979544770E-04
2462221.500000000,7.203172511848274E-01,8.237038178092862E-02,-4.042924814186699E-02,-2.377108277535345E-03,2.000287913789341E-02,4.121442126620290E-04
2462226.500000000,7.015168444924965E-01,1.812675272979187E-01,-3.798490365480183E-02,-5.132038069210751E-03,1.949198037446053E-02,5.640781315403068E-04
2462231.500000000,6.691510330474942E-01,2.766586230133687E-01,-3.480604430351764E-02,-7.794510782699748E-03,1.860238619093712E-02,7.054712269117882E-04
2462236.500000000,6.238122344260443E-01,3.666851239453653E-01,-3.095240264483538E-02,-1.031275837460902E-02,1.734927068078677E-02,8.335450824317355E-04
2462241.500000000,5.663466049778704E-01,4.495822333017403E-01,-2.649706300590413E-02,-1.263721929589122E-02,1.575492616823436E-02,9.457465282504046E-04
2462246.500000000,4.978405208003301E-01,5.237138824857707E-01,-2.152520027033100E-02,-1.472153196969153E-02,1.384849489906769E-02,1.039801225839898E-03
2462251.500000000,4.196021263065296E-01,5.876060075266155E-01,-1.613255781683290E-02,-1.652351066954954E-02,1.166555512303118E-02,1.113764225964601E-03
2462256.500000000,3.331380941668068E-01,6.399773833643412E-01,-1.042368287335481E-02,-1.800608106269724E-02,9.247557685104496E-03,1.166066204592602E-03
2462261.500000000,2.401258617430858E-01,6.797672650642557E-01,-4.509944688509088E-03,-1.913814948999889E-02,6.641112553815518E-03,1.195553831997662E-03
2462266.500000000,1.423817452803554E-01,7.061590962070758E-01,1.492631163250820E-03,-1.989537782749682E-02,3.897130586391281E-03,1.201522694061941E-03
2462271.500000000,4.182547496188222E-02,7.185995873540061E-01,7.465671371769861E-03,-2.026083563359943E-02,1.069832290039927E-03,1.183741296446744E-03
2462276.500000000,-5.955816741040448E-02,7.168125424017830E-01,1.329085845991942E-02,-2.022550265799852E-02,-1.784358210886921E-03,1.142464853837899E-03
2462281.500000000,-1.597597983735116E-01,7.008069176849249E-01,1.885237552065904E-02,-1.978859772372825E-02,-4.608009439914543E-03,1.078437820079103E-03
2462286.500000000,-2.567870515770383E-01,6.708787363833786E-01,2.403933391747231E-02,-1.895771461597813E-02,-7.343938679332652E-03,9.928844600572146E-04
2462291.500000000,-3.487063646205351E-01,6.276066451972042E-01,2.874812327706805E-02,-1.774875181604016E-02,-9.936492769481772E-03,8.874871872203335E-04
2462296.500000000,-4.336838856676094E-01,5.718410848693664E-01,3.288462289779625E-02,-1.618563040950417E-02,-1.233281519547359E-02,7.643528671752203E-04
2462301.500000000,-5.100244437845299E-01,5.046872423578896E-01,3.636621594483860E-02,-1.429980283003239E-02,-1.448405971378830E-02,6.259677868544649E-04
2462306.500000000,-5.762075618092440E-01,4.274821501783295E-01,3.912355252957275E-02,-1.212956371808490E-02,-1.634651153972506E-02,4.751424752151020E-04
2462311.500000000,-6.309195679498814E-01,3.417664869230703E-01,4.110201482464210E-02,-9.719182467607008E-03,-1.788258002867876E-02,3.149480006689573E-04
2462316.500000000,-6.730809791485927E-01,2.492518018748251E-01,4.226284643985244E-02,-7.117884434035666E-03,-1.906163165560011E-02,1.486457356450163E-04
2462321.500000000,-7.018684800029954E-01,1.517840268958152E-01,4.258391896420052E-02,-4.378713896869110E-03,-1.986063864851221E-02,-2.038714732046802E-05
2462326.500000000,-7.167309983834684E-01,5.130424221689433E-02,4.206012030160187E-02,-1.557316248479067E-03,-2.026462681498809E-02,-1.887340581300881E-04
2462331.500000000,-7.173995711620441E-01,-5.019227774098366E-02,4.070336119100994E-02,1.289321743501012E-03,-2.026691516636586E-02,-3.530149689083673E-04
2462336.500000000,-7.038908854104555E-01,-1.506976949257815E-01,3.854220733440345E-02,4.104135772187406E-03,-1.986914738088175E-02,-5.099598291491917E-04
2462341.500000000,-6.765045677063506E-01,-2.482328881572598E-01,3.562115533866492E-02,6.831214866502480E-03,-1.908112220814025E-02,-6.564772893502342E-04
2462346.500000000,-6.358144731959506E-01,-3.408874135959825E-01,3.199958053414691E-02,9.416965452007748E-03,-1.792043821666800E-02,-7.897169794849942E-04
2462351.500000000,-5.826543804845989E-01,-4.268572682410900E-01,2.775039224236545E-02,1.181118086077640E-02,-1.641197410710086E-02,-9.071240688369780E-04
2462356.500000000,-5.180986215334253E-01,-5.044796942107433E-01,2.295843755649866E-02,1.396799474324601E-02,-1.458722896176052E-02,-1.006485174667382E-03
2462361.500000000,-4.434382677722928E-01,-5.722643885850477E-01,1.771869839246991E-02,1.584670317341157E-02,-1.248354871592778E-02,-1.085965102043678E-03
2462366.500000000,-3.601535540688762E-01,-6.289206179780835E-01,1.213432794143575E-02,1.741244632444263E-02,-1.014326613903133E-02,-1.144134358628188E-03
2462371.500000000,-2.698832548267507E-01,-6.733798726188697E-01,6.314572366999833E-03,1.863674567961901E-02,-7.612780910205068E-03,-1.179987568736939E-03
2462376.500000000,-1.743917342573978E-01,-7.048138218647679E-01,3.726226465577700E-04,1.949789770519253E-02,-4.941603902143880E-03,-1.192953076487462E-03
2462381.500000000,-7.553437707424539E-02,-7.226474466965831E-01,-5.576560761200510E-03,1.998122913159577E-02,-2.181387007566188E-03,-1.182894328997300E-03
2462386.500000000,2.477792714121048E-02,-7.265673240143962E-01,-1.141841114004696E-02,2.007922166539789E-02,6.150431944604174E-04,-1.150103775695131E-03
2462391.500000000,1.246146160700233E-01,-7.165251206657134E-01,-1.704087110461728E-02,1.979151552652165E-02,3.394633006487221E-03,-1.095290040603835E-03
2462396.500000000,2.220610225435294E-01,-6.927364214365003E-01,-2.233642878511423E-02,1.912480191288167E-02,6.105018777609978E-03,-1.019559109349953E-03
2462401.500000000,3.152531480460836E-01,-6.556750659096258E-01,-2.720404644459529E-02,1.809261440473549E-02,8.695404961806378E-03,-9.243902248530402E-04
2462406.500000000,4.024111600372023E-01,-6.060632062579295E-01,-3.155095663428643E-02,1.671502851968942E-02,1.111739681570999E-02,-8.116070986432807E-04
2462411.500000000,4.818711739340591E-01,-5.448573246493995E-01,-3.529430374210769E-02,1.501827716850893E-02,1.332578317301124E-02,-6.833449305785151E-04
2462416.500000000,5.521149153630560E-01,-4.732304701444183E-01,-3.836261107272719E-02,1.303428829177090E-02,1.527926516991054E-02,-5.420136785700874E-04
2462421.500000000,6.117968884486279E-01,-3.925509954216581E-01,-4.069705588139551E-02,1.080015061041744E-02,1.694112704912085E-02,-3.902580406635180E-04
2462426.500000000,6.597687035804872E-01,-3.043580898090367E-01,-4.225253672752797E-02,8.357512213413826E-03,1.827984642952757E-02,-2.309144208112274E-04
2462431.500000000,6.951002350287792E-01,-2.103344192649506E-01,-4.299851830546507E-02,5.751914180404874E-03,1.926964040980483E-02,-6.696497717330735E-05
2462436.500000000,7.170972884434375E-01,-1.122762087427459E-01,-4.291963967653185E-02,3.032061367185960E-03,1.989094135952119E-02,9.851101496102686E-05
2462441.500000000,7.253154715881873E-01,-1.206113641970693E-02,-4.201607325930620E-02,2.490334929881974E-04,2.013079509250775E-02,2.623881693944409E-04
2462446.500000000,7.195699791345180E-01,8.838555172448906E-02,-4.030362356185730E-02,-2.544559590987188E-03,1.998317304143941E-02,4.215480240118913E-04
2462451.500000000,6.999410247523699E-01,1.871262531441823E-01,-3.781355653655495E-02,-5.295473220546414E-03,1.944918867654042E-02,5.729336741535211E-04
2462456.500000000,6.667746850299257E-01,2.822470402129252E-01,-3.459215293436731E-02,-7.950766414405192E-03,1.853720731474027E-02,7.136054300210049E-04
2462461.500000000,6.206789636339346E-01,3.718939505918619E-01,-3.069998232840397E-02,-1.045877331437884E-02,1.726283796971119E-02,8.407967519478806E-04
2462466.500000000,5.625149433368889E-01,4.543089187280431E-01,-2.621089866955856E-02,-1.277009405557573E-02,1.564879618209643E-02,9.519695310496928E-04
2462471.500000000,4.933829698930891E-01,5.278646780867026E-01,-2.121076337112088E-02,-1.483858801581792E-02,1.372462800262582E-02,1.044867595207477E-03
2462476.500000000,4.146039058984811E-01,5.910979198680650E-01,-1.579590796052443E-02,-1.662234885823835E-02,1.152628759802932E-02,1.117567147946266E-03
2462481.500000000,3.276956039686456E-01,6.427399643755348E-01,-1.007135516285033E-02,-1.808463755179070E-02,9.095564362392497E-03,1.168522709448779E-03
2462486.500000000,2.343448744458964E-01,6.817441914301714E-01,-4.148824668893726E-03,-1.919474697197257E-02,6.479359917516063E-03,1.196607046551370E-03
2462491.500000000,1.363753592464714E-01,7.073094914752172E-01,1.855442552793201E-03,-1.992877012540261E-02,3.728820868220135E-03,1.201143578344817E-03
2462496.500000000,3.571186412844422E-02,7.188990436984071E-01,7.823000194177714E-03,-2.027024398081599E-02,8.983394145408812E-04,1.181929850645576E-03
2462501.500000000,-6.565816190105839E-02,7.162538042098466E-01,1.363560498558772E-02,-2.021064260711180E-02,-1.955559631261202E-03,1.139250841743311E-03
